Building for debugging...
[Computing dependencies]
[1 / 43]
Build complete! (0.37 sec)
Test Suite 'All tests' started at 2026-10-05 12:26:21.621.
Test Suite 'All tests' passed at 2026-10-05 12:26:21.624.
	 Executed 0 tests, with 0 failures (0 unexpected) in 0.000 (0.002) seconds
Test Suite 'All tests' started at 2026-10-05 12:26:21.693.
Test Suite 'All tests' passed at 2026-10-05 12:26:21.694.
	 Executed 0 tests, with 0 failures (0 unexpected) in 0.000 (0.001) seconds
Test Suite 'All tests' started at 2026-10-05 12:26:21.765.
Test Suite 'All tests' passed at 2026-10-05 12:26:21.766.
	 Executed 0 tests, with 0 failures (0 unexpected) in 0.000 (0.001) seconds
◇ Test run started.
↳ Testing Library Version: 2084
↳ Target Platform: arm64e-apple-macos14.0
➜ Test appleRelayRecoversOfflineDraftsAndDeferredComposition() skipped.
◇ Test transportCapacityFailureRetainsHistoryForExportRestartAndRetry() started.
◇ Test standaloneDraftCreatesReopensAndUndoesWithoutTransport() started.
◇ Test oldDraftUpgradesWithoutResetAndIncompatibleRecoveryIsRetainedOnDisk() started.
◇ Test pendingRecoverySurvivesDraftRestartExportAndExplicitRepair() started.
◇ Test corruptDraftIsNotSilentlyReplaced() started.
◇ Test draftRestoresExclusiveAuthorHistoryAndPreservesRemoteChanges() started.
◇ Test standaloneOpenDoesNotReplaceAnExistingRelayDraft() started.
✔ Test corruptDraftIsNotSilentlyReplaced() passed after 0.003 seconds.
✔ Test standaloneOpenDoesNotReplaceAnExistingRelayDraft() passed after 0.003 seconds.
✔ Test oldDraftUpgradesWithoutResetAndIncompatibleRecoveryIsRetainedOnDisk() passed after 0.004 seconds.
✔ Test draftRestoresExclusiveAuthorHistoryAndPreservesRemoteChanges() passed after 0.011 seconds.
✔ Test standaloneDraftCreatesReopensAndUndoesWithoutTransport() passed after 0.012 seconds.
✔ Test pendingRecoverySurvivesDraftRestartExportAndExplicitRepair() passed after 0.025 seconds.
✔ Test transportCapacityFailureRetainsHistoryForExportRestartAndRetry() passed after 0.032 seconds.
✔ Test run with 8 tests in 0 suites passed after 0.032 seconds.
◇ Test run started.
↳ Testing Library Version: 2084
↳ Target Platform: arm64e-apple-macos14.0
◇ Suite ModernSchemaConversionTests started.
◇ Test writingSessionReferenceInteriorSelectionFollowsSplitAndDeletion() started.
◇ Suite ModernInlineCommandsTests started.
◇ Test concurrentFormattingPreservesRemoteInsertionAndIndependentMarks() started.
◇ Suite ModernAsyncBridgeTests started.
◇ Test documentMigrationCorpusRetainsEveryFieldAndRejectsInvalidKnownShapes() started.
◇ Test schemaProjectedPeerParagraphSupportsEnterMoveUndoAndReopen(baseline:) started.
◇ Suite ModernListRoleTests started.
◇ Test writingSessionSplitFollowsRemoteTextMarksSelectionsAndOneUndo() started.
◇ Suite ModernBridgeTests started.
◇ Test knownPriorElementsMustHaveTheReferencedKindAndField() started.
◇ Test v5RejectsMixedVersionsAndUnknownVersionsWithoutAdmission() started.
◇ Test writingSessionCausalGapRecoveryPersistsSeparatelyAndReplaysOnRejoin() started.
◇ Test schemaSoleEmptyListExitKeepsRootIdentityAndRemoteReopenedUndo() started.
◇ Suite ModernCommandTargetsTests started.
◇ Test externalNormalizationFallbackKeepsVisibleNestedOrderAndAllowedRichNodes() started.
◇ Test clipboardMarkdownDividerRoundTripsWithFreshIdentityAndPolicy() started.
◇ Test schemaRetainedPeerSupportsConversionShortcutAndMerge(command:) started.
◇ Suite ModernDocumentTests started.
◇ Test generatedOfflineTextAndFormattingConverge(seed:) started.
◇ Suite ModernStructureTests started.
◇ Suite ModernProjectionTests started.
◇ Test requiredContentRepairAdmitsFailedAuthorUndoWithoutDroppingRemoteMetadata() started.
◇ Suite ModernBlockCommandsTests started.
◇ Test sharedRecoveryBridgeFixture() started.
◇ Suite ModernAsyncCommandsTests started.
◇ Test writingSessionRecoveryRepairUndoPreservesRemoteCutAndFailureProposal() started.
◇ Test v4TextRepairCompletesRequiredUndoAndPreservesAdditionalPeerMetadata(actor:) started.
◇ Test collectionTableConcurrentRowsCellsReorderRemoveAndReopenedUndo() started.
◇ Suite ModernColumnTests started.
◇ Suite ModernStructuralBridgeTests started.
◇ Suite ModernListStructureTests started.
◇ Suite ModernDuplicationTests started.
◇ Suite WritingByteRootBoundaryTests started.
◇ Suite ModernSplitMergeTests started.
◇ Test schemaConcurrentUnobservedPeerAndRetirementCanRetainRole(undoActor:) started.
◇ Test v4RepairGuardsPreserveAcceptedAndPendingHistories() started.
◇ Test writingSessionConcurrentDifferentCutsPreserveSegmentOrder(swap:) started.
◇ Test nestedPositionsRespectAtomicReferencesAndDoNotChangeSavedState() started.
◇ Test v4ObservedRichPrefixSelectionReplacementRetainsReferencesFormattingAndPeerUndo(list:actor:) started.
◇ Test schemaPeerListStyleSurvivesWrapperUndoAsMetadataAndRedoUsesPeerStyle() started.
◇ Test unicodeRangesAndRoundTrip() started.
◇ Test schemaV4CannotEnterV3SessionAndRestrictionsRemainAtomic() started.
◇ Test schemaRetirementBeforePeerBirthCannotForgeExposure() started.
◇ Suite ModernSessionTests started.
◇ Test recoveryTextEditsRetainUnicodeMarksAndAtomicReferences() started.
◇ Test writingSessionReentrantCompositionQueueRetainsNewPacketsDuringDrain() started.
◇ Test pasteSpliceExplicitGroupKeepsConcurrentCutsInBoundaryOrder(pasteActor:pasteCut:) started.
◇ Test writingPrototypeSplitRetainsConcurrentTypingFormattingAndAtomOrigins() started.
◇ Test retainedPasteEndpointRoleKeepsOpaqueIdentityThroughHistory(actor:) started.
◇ Test v4ScalarMetadataIsAtomicAndCannotReplaceSchemaRichTextOrConversionAttributes() started.
◇ Test schemaBaselineItemMoveUndoAndRedoKeepIdentityAndSubtree() started.
◇ Test v5SplicePreservesForeignMovedImportedContainerAndUnseenChildThroughAuthorUndoAndReopen() started.
◇ Test nestedReceiveHoldsKeepReceiptsPendingAndDrainAfterInvalidBatch() started.
◇ Test v4SoftBreakAfterInsertedRunSurvivesTransferredAndJoinedHistory(splitFirst:) started.
◇ Test heldProtocolFailureDoesNotStopLaterNestedChangesOrAcknowledgeTheFailure() started.
◇ Test writingSessionCutoverPreservesDocumentIDRequiresReconciliationAndArchivesUndo() started.
◇ Test retiredSplitHeadPositionPreservesV3AndRejectsUnrelatedDeletion() started.
◇ Test retainedPasteCannotRankFromGloballyKnownButUnobservedSourceAnchor() started.
◇ Test retainedPasteInsideObservedInsertedToggleKeepsNestedInitialProofs(actor:) started.
◇ Test crossPasteMixedRetainsWholeImportsAndObservedSuffixOneUndo(actor:reversed:) started.
◇ Test pasteSpliceRejectsDuplicateOwnershipEvenWhenAuthorUndoRetainsMalformedEdit(inactive:) started.
◇ Test exitRolesWithRankedAndFallbackOriginsKeepOneStableOrder() started.
◇ Test externalNormalizationRejectsVersionDepthAndUnknownKindWithoutMutatingSource() started.
◇ Test writingSessionCompositionDefersReceiptsCapturesSelectionAndReleasesOnce() started.
◇ Test emptyNestedListItemOutdentsWithoutChangingIdentity() started.
◇ Test writingSessionRejectsOldEpochProtocolAndMalformedBirthWithoutAcknowledging() started.
◇ Test case passing 1 argument baseline → true to schemaProjectedPeerParagraphSupportsEnterMoveUndoAndReopen(baseline:) started.
◇ Test case passing 1 argument baseline → false to schemaProjectedPeerParagraphSupportsEnterMoveUndoAndReopen(baseline:) started.
◇ Test sharedBridgeFixture() started.
◇ Test sameTransactionCreationSeedsRemainValid(version:) started.
◇ Test formattingAndStructureRedoPreserveUnrelatedRemoteChanges() started.
◇ Test retainedPasteAcceptsObservedRoleSourceAndRejectsErasedRoleCohort(actor:) started.
◇ Test retainedPasteKeepsBothOpaqueOwnersAndOneAuthorUndo(actor:reversed:) started.
◇ Test schemaConcurrentListConversionsKeepRecoverableUnionAndEitherAuthorCanRepair(reverseActors:repairFirst:) started.
◇ Test schemaListTextSemanticsCannotBeSpoofedIntoV3BatchOrRestore(exit:) started.
◇ Test v3NewBlockCommandsLeaveAcceptedStateUntouched() started.
◇ Test writingPrototypeMergeRetainsBothNamespacesAndRemoteTextThroughUndo() started.
◇ Test reusedChildIDsRemainIndependentlyEditable() started.
◇ Test localHistorySurvivesRestartWithoutRevertingRemoteWork() started.
◇ Test authoringRestrictionsDoNotDestroySavedBlocks() started.
◇ Test mixedPasteAdjacentInlineFieldsKeepTheirExplicitBreak(actor:emptyLeading:) started.
◇ Test seedAnchorsPreserveUnicodeReferencesAndTombstones(version:) started.
◇ Test rejectedRepairsAndMalformedPayloadsLeaveThePendingUnionAndReceiptsIntact() started.
◇ Test collectionNestedChecklistMovesPreserveReferencesCheckedAndScopedLabels() started.
◇ Test recoveryRepairPreservesBothAuthorsAndSurvivesRestartAndRemoteUndo() started.
◇ Test retainedPasteSupersededEndpointContainerDoesNotClaimOldSourceGroup(actor:) started.
◇ Test clipboardMixedCopyUsesVisibleOrderAfterRemoteMove() started.
◇ Test undoOfMissingEditRemainsValidUntilItsCausalTargetArrives(version:) started.
◇ Test mixedPasteRejectsPolicyAndOldEpochBeforeAnyAcceptedMutation() started.
◇ Test schemaConversionAndOldOriginEditConvergeUnderReversedActorAndDeliveryOrder(converter:) started.
◇ Test concurrentCyclesAndCollidingMovesFallBackWithoutChangingIDs() started.
◇ Test schemaMalformedRoleAnchorAndHiddenFirstItemRejectAtomically(fault:) started.
◇ Test markdownHeadingConsumesPrefixInOneUndoAndRespectsPolicyAndComposition() started.
◇ Test sameChangeTextAnchorsCannotNamePlacementsOrAnotherField(version:) started.
◇ Test retainedPasteAtZeroUsesOriginalEndpointAndNoBlankPrefix(actor:) started.
◇ Test v4SplitKeepsObservedInsertedPrefixAndPeerUndo(list:) started.
◇ Test bridgeRoutesExplicitV5AndRejectsUnknownCreateAndRestoreVersions() started.
◇ Test schemaRetiredListStyleStillRejectsMalformedWireAttribute() started.
◇ Test writingBatchMoveKeepsNestedOriginsAndRemoteAuthorWork() started.
◇ Test clipboardRichPastePreservesReferencePayloadAndPeerUndoAcrossReopen() started.
◇ Test textPositionsWaitForMissingCausalAnchorsAndRejectOtherDocuments() started.
◇ Test incrementalLocalEditsMatchFullReplayAfterEveryAction() started.
◇ Test crossPasteInlineUsesOneAuthorJoinAndPreservesPeerAtoms(actor:reversed:) started.
◇ Test retainedPasteAfterOrdinarySourceMoveUsesLiveOrderNotRgaAfterAncestry(actor:) started.
◇ Test externalUnknownWholeNodeFallbackKeepsRecognizedVisibleFieldsOnly() started.
◇ Test mixedPasteZeroReplacementRetainsSuffixOriginWithConcurrentSplit(actor:upper:) started.
◇ Test schemaListConversionKeepsRootIdentityRichAtomsMetadataAndRemoteUndo(style:) started.
◇ Test v4ConcurrentTextRepairsRetainBothAuthorsAndRecoverAfterBothUndos(actor:) started.
◇ Test writingSessionStoppedAuthorReorderedUndoRedoRestoresWinningHistory() started.
◇ Test retainedPasteDifferentLaterSourceKeepsEarlierImportedMember(actor:concurrentCut:) started.
◇ Test schemaConcurrentPartitionsThatExhaustAnOwnerRetainRecoveryAndEitherAuthorCanRepair(actor:repairOther:) started.
◇ Test schemaRoleCohortExcludesUnobservedConcurrentRedo(redoActor:) started.
◇ Test externalNormalizationFreshensSchemaLabelsWithoutChangingOpaqueReferenceData() started.
◇ Test v5SpliceOnExposedPeerParagraphPreservesRoleAcrossWrapperUndoAndReopen(wrapperActor:) started.
◇ Test simultaneousRepairsConvergeAndUndoKeepsTheOtherRepair() started.
◇ Test pasteBlocksPublicCommandRetainsWholeMetadataAndConcurrentCutGroups(actor:cut:) started.
◇ Test partialReferenceEditBecomesPlainText() started.
◇ Test retainedPasteConcurrentHeadingPreservesEndpointSchemaAndUndo(actor:) started.
◇ Test rootCountLimitUnionRepairsIntoAnExistingContainerWithoutDroppingBlocks() started.
◇ Test retainedPasteCannotClaimGloballyKnownButUnobservedEndpointAtom() started.
◇ Test schemaFirstExitKeepsInsertedOwnerAndFollowingInsertedRootOrdinal() started.
◇ Test protocolCutoverPreservesDocumentAndRejectsMixedVersionsAtomically() started.
◇ Test nestedMovesRetainScopedIdentityTextMarksReferencesAndSelections() started.
◇ Test writingSessionSequentialCutsKeepObservedSiblingOrder(offset:) started.
◇ Test invalidBatchIsAtomic() started.
◇ Test preservesUnknownFieldsAndNestedContent() started.
◇ Test writingBatchRetainedFieldEndFollowsRemoteSuffix(range:) started.
◇ Test writingSessionEmptyCodeHasNoSyntheticInlineRecord() started.
◇ Test legacySeedNamespaceFollowsTheTextActuallyInitialized(initialized:) started.
◇ Test writingSharedBridgeFixture(name:) started.
◇ Test v5RequiredUndoExportsRestartsAndRepairsWithoutLosingPeerMetadata() started.
◇ Test schemaInactiveRoleRestoresExactItemAndSupportsLaterListCommands() started.
◇ Test pasteBlocksSequentialSameBoundaryKeepsCapturedBeforeImportedGroup() started.
◇ Test v4SequentialInsertionKeepsObservedRunOrderAndPeerUndo(list:actor:) started.
◇ Test v4InsertionAfterReferenceNeighborRetainsAtomicPayloadAndMarks() started.
◇ Test schemaRetainedRoleAnchorsKeepMultiplePeerParagraphOrderAndWrapperRedo() started.
◇ Test hierarchicalPasteKeepsOriginalCollectionsAndWholeImportedMetadata(actor:reversed:) started.
◇ Test schemaEmptyRootItemExitPreservesBothIdentitiesAndRemoteHistory(index:actor:) started.
◇ Test nestedListIndentOutdentAndTableCollectionsUseSharedCommands() started.
◇ Test writingPrototypeEmptyMergedFieldKeepsItsVirtualBoundaryAcrossUndo() started.
◇ Test writingBatchRejectsOverlapAndCompositionWithoutMutation() started.
◇ Test schemaRichCodeRejectionAndRemoteRichUnionPreserveAcceptedState() started.
◇ Test concurrentFormattingAndDeletion() started.
◇ Test schemaSoleEmptyItemExitRetainsChildrenAndReorderedPeerChildEdits(existing:actor:) started.
◇ Test inactiveMovesStillRejectKnownAnchorsFromAnotherCollection(editedAnchor:) started.
◇ Test schemaConvertedMergeDestinationPreservesTypeIdentityAndBothAuthorUndo(type:) started.
◇ Test collectionInsertAfterMiddleExitKeepsRoleAnchorAcrossRemoteUndo() started.
◇ Test oversizedDocumentAndCapacityErrorsKeepEveryUnappliedChangeRecoverable() started.
◇ Test concurrentTypingAndAuthorUndo() started.
◇ Test hierarchicalPasteNestedImportsAndParentEnterKeepIndependentCollections(actor:reversedDelivery:) started.
◇ Test v4CausalSplitPinsEarlierDestinationAndJoinedPrefix(joinFirst:) started.
◇ Test bridgeReportsErrorsAndReleasesSessions() started.
◇ Test sequentialSpliceBeforeFirstImportedMemberMustPrecedeWholeEarlierGroup() started.
◇ Test inlineReconciliationKeepsFormattingOperationsSeparateFromText() started.
◇ Test schemaRoleDeltaBeforeDependenciesRetainsRecoveryAndReopens() started.
◇ Test mixedPasteAtZeroKeepsOriginalSuffixOwnerWithoutAnIncidentalBlankHead() started.
◇ Test invalidKnownShapesAreRejectedWithoutChangingTheDocument() started.
◇ Test retainedPasteLaterEndpointMoveStaysAuthoritativeThroughOwnUndo(actor:acrossContainer:) started.
◇ Test retainedPasteSequentialReuseKeepsOneStepHistory(actor:) started.
◇ Test writingSessionRepairReconcilesRetainedOwnUndoBeforeSaveRestore() started.
◇ Test schemaCodeShortcutAndEncodingRoundTripRetainIdentityAndBothOrigins() started.
◇ Test legacyStoppedAuthorReorderedUndoRedoKeepsWinningAvailability(version:) started.
◇ Test schemaConcurrentFirstAndLastExitsConvergeAndKeepSourceOrdinal(actor:inserted:) started.
◇ Test duplicateAndReorderedDelivery() started.
◇ Test v4RetiredSplitHeadTraversesLongValidatedBirthChainWithoutRecursion() started.
◇ Test writingBatchCapturesBackwardRootAndNestedRanges() started.
◇ Test mixedPasteConcurrentCutsOrderCompleteGroupsAndFollowBoundaryPrefix(actor:cut:) started.
◇ Test independentTextAcceptanceRestoredAuthorUndoPreservesRemoteMarksAndReference(version:) started.
◇ Test schemaConversionAndOldParagraphSplitUseRetainedOriginWithAuthorUndo(type:reverseActors:) started.
◇ Test schemaOrdinaryConversionCannotBeSpoofedIntoV3BatchOrRestore() started.
◇ Test schemaConvertedMergeSourceRetainsUnionForEitherAuthorRepair(type:repairConversion:) started.
◇ Test knownCreationSeedsValidateWhileTheirParentIsMissing() started.
◇ Test writingSessionConcurrentMergeSplitFollowsBoundary(swap:side:) started.
◇ Test externalNormalizationPreservesRichReferenceAndPeerUndo(version:) started.
◇ Test retainedPasteCannotRankFromUnobservedSourcePinEvenWithBaselineEdge() started.
◇ Test crossPasteMetadataEndpointRejectsWithoutAcceptedMutation() started.
◇ Test writingBatchMixedDeletionPreservesRemoteTextAndReopenUndo() started.
◇ Test externalNormalizationDoesNotRelaxLiveHostPolicy() started.
◇ Test recoveryAccumulatesReorderedAdditionalEditsWithoutAcknowledgingThem() started.
◇ Test writingBatchDuplicateSkipsLabelsRetainedAcrossEpochReset() started.
◇ Test hierarchicalPasteSingleInlineKeepsBothOpaqueBoundaries(actor:) started.
◇ Test concurrentJoinedSourceConversionRetainsUnionForAuthorReconciliation(reverseActors:repairMerge:) started.
◇ Test concurrentDestinationConversionAndParagraphMergePreserveIdentityAndAuthorUndo() started.
◇ Test observerSeesCommittedHistory() started.
◇ Test writingBatchDuplicateCopiesRichDescendantsWithFreshOrigins() started.
◇ Test writingSessionReplacementAndSoftBreakAreAtomicAndCompositionGuarded() started.
◇ Test writingBatchRetainedRangeFollowsRemoteSplitAndPreservesItOnUndo() started.
◇ Test writingSessionDeletionCannotCollapseDifferentCutRanks(swap:) started.
◇ Test case passing 1 argument command → "heading" to schemaRetainedPeerSupportsConversionShortcutAndMerge(command:) started.
◇ Test v4ConcurrentCutPreservesUnobservedInsertedPrefixInEarlierTail(actor:) started.
◇ Test undoInsertionPreservesRemoteContentAndConcurrentDescendantsSurviveDelete() started.
◇ Test undoKeepsRemoteDescendants() started.
◇ Test impossibleSameChangeNodePathsAndInitialAnchorsRejectAtomically(deferredParent:) started.
◇ Test sharedStructureBridgeFixture() started.
◇ Test collectionInsertAfterProjectedPeerRetainsRoleProofAndUndo(baseline:) started.
◇ Test schemaConversionRejectsReservedUnknownFieldCollisionsWithoutMutation(key:) started.
◇ Test case passing 1 argument command → "code" to schemaRetainedPeerSupportsConversionShortcutAndMerge(command:) started.
◇ Test case passing 1 argument seed → 1 to generatedOfflineTextAndFormattingConverge(seed:) started.
◇ Test schemaMalformedRetainedRoleDoesNotChangeAcceptedSaveOrReachV3(fault:) started.
◇ Test v2StructuralReplayPreservesTheMigrationCorpus() started.
◇ Test writingSessionMergeKeepsEmptySourceRemoteInputAndRestoresOrigins() started.
◇ Test externalNormalizationRequiresExplicitSafeAssetMetadata() started.
◇ Test dependentPlacementChainsPreserveExistingContentUntilTheirAnchorArrives(nested:) started.
◇ Test writingSessionEmptyTextExtensionsSurviveAuthoringAndUndo() started.
◇ Test externalNormalizationResultPolicyArraysHaveDeterministicWireOrder() started.
◇ Test case passing 1 argument command → "list" to schemaRetainedPeerSupportsConversionShortcutAndMerge(command:) started.
◇ Test writingMathThresholdUnionAt10001RetainsProposalAndRepairsWithoutLosingPeerAtoms(version:actor:) started.
◇ Test retainedPasteOverlappingEndpointExportsAndEitherAuthorRepairs(actor:repairPeer:) started.
◇ Test case passing 1 argument seed → 7 to generatedOfflineTextAndFormattingConverge(seed:) started.
◇ Test aMoveIntoAnUnanchoredCausalOwnerKeepsItsPreviousPlacement() started.
◇ Test cachedWritingOrderMatchesCanonicalIdentityOrder() started.
◇ Test writingSessionUnicodeReferenceAndUnknownPayloadSurviveSplitReopen() started.
◇ Test insertedDescendantInitialPlacementsAndCausalReorderingRemainValid() started.
◇ Test emptyLastRootItemExitsAndUndoRetainsConcurrentRemoteInput() started.
◇ Test pasteBlocksRejectsUnsupportedPolicyCompositionAndOldEpochWithoutAcceptedMutation() started.
◇ Test crossPasteConcurrentBoundarySplitsPreserveCutOwners(actor:scenario:) started.
◇ Test listContinuationKeepsMarksReferencesChildrenAndRemoteSuffix() started.
◇ Test case passing 1 argument command → "shortcut" to schemaRetainedPeerSupportsConversionShortcutAndMerge(command:) started.
◇ Test clipboardCollectionFreshensOnlySchemaIDsAndUndoesOnceWithRemoteChildren() started.
◇ Test case passing 1 argument seed → 42 to generatedOfflineTextAndFormattingConverge(seed:) started.
◇ Test receiveHoldBoundsQueuedMessagesWithoutAcknowledgingThem() started.
◇ Test clipboardPoliciesRejectUnsafeOrRestrictedImportsWithoutChangingHistory() started.
◇ Test v5InheritsV4ObservedUnicodeAuthorUndoAndRestart() started.
◇ Test v4ConcurrentCutsKeepEachObservedPrefixPartition(actor:) started.
◇ Test writingBatchCrossCollectionRangeKeepsBoundaryAncestorsAndUnselectedChildren() started.
◇ Test schemaInlineConversionDoesNotOverwriteUnknownReservedMetadata(version:key:) started.
◇ Test case passing 1 argument seed → 255 to generatedOfflineTextAndFormattingConverge(seed:) started.
◇ Test case passing 1 argument command → "mergeLeft" to schemaRetainedPeerSupportsConversionShortcutAndMerge(command:) started.
◇ Test schemaMalformedV4ObservedFrontierLeavesAcceptedSaveUnchanged(fault:) started.
◇ Test pasteSpliceRejectsUnobservedSameEditOuterNeighborWhenActiveOrUndone(inactive:) started.
◇ Test markdownDialectAndUnknownProtocol() started.
◇ Test ordinarySplitBeforeFirstImportedMemberMustPrecedeWholeExistingGroup() started.
◇ Test nestedReceiveHoldsPreserveCompositionAnchorsAndPreparationCallbacks() started.
◇ Test textPositionsFollowRemoteEditsDeletionUndoAndRestore() started.
◇ Test schemaOverlappingOwnerRepairRoutesBothHistoricalHeadsAndOriginalAtomOrigin(actor:repairOther:) started.
◇ Test writingMathThresholdUnionAt10000PreservesBothAuthorsAndUndo(version:actor:) started.
◇ Test retainedPasteBaselineRoleRequiresObservedRetirement(actor:) started.
◇ Test case passing 1 argument seed → 65537 to generatedOfflineTextAndFormattingConverge(seed:) started.
◇ Test case passing 1 argument command → "mergeRight" to schemaRetainedPeerSupportsConversionShortcutAndMerge(command:) started.
◇ Test writingPrototypeCyclesAndIncompleteHistoriesFailExplicitly() started.
◇ Test allDeliveryPermutationsConverge() started.
◇ Test schemaEmptyNestedOutdentKeepsChildrenAndUndo() started.
◇ Test hierarchicalPasteDeletesOnlyObservedIntermediateSubtrees(actor:) started.
◇ Test codeUsesCharacterMergingToo() started.
◇ Test case passing 1 argument seed → 20260930 to generatedOfflineTextAndFormattingConverge(seed:) started.
◇ Test v4RequiredUndoPersistsAndExplicitRedoRetainsEveryHistory(actor:) started.
◇ Test reservedSeedReferencesRejectAtomically(version:) started.
◇ Test undoNodeInsertionRemovesItsTextButRetainsRemoteAtoms() started.
◇ Test pasteBlocksAtZeroPreservesOriginalSuffixIdentityAndOpaqueBoundaryMetadata() started.
◇ Test generatedRecoveryCollisionsRetainAllCollectionKinds(seed:kind:) started.
◇ Test duplicateRecursivelyRespectsAuthoringPolicyWithoutChangingAcceptedHistory() started.
◇ Test case passing 1 argument seed → 999983 to generatedOfflineTextAndFormattingConverge(seed:) started.
◇ Test retainedPasteDoesNotUpgradeOrAdmitMixedEpochs() started.
◇ Test createdListDescendantsRetainOpaqueTypeMetadata(metadataType:) started.
◇ Test clipboardPlainTextNormalizesLineEndingsInOneUndoAction() started.
◇ Test hierarchicalPasteForeignMovedImportRetainsPeerWorkThroughAuthorUndo(actor:acrossContainer:) started.
◇ Test writingSessionObserverSeesFinalUndoAndRedoHistory() started.
◇ Test retainedPasteRichReferenceCannotFlattenThroughConcurrentCode(actor:) started.
◇ Test sameChangePlacementCyclesAreRejectedWithoutAcknowledgmentOrContentLoss() started.
◇ Test hierarchicalPasteBoundaryAncestorKeepsChildrenAndForeignDescendants(actor:) started.
◇ Test case passing 1 argument seed → 4294967295 to generatedOfflineTextAndFormattingConverge(seed:) started.
◇ Test writingPrototypeBoundaryAffinityFollowsTheAdjacentContent() started.
◇ Test retainedPasteNewWireCannotBeSpoofedIntoFiveOrMissingCohortAdmitted() started.
◇ Test blockConversionKeepsIdentityRichContentAndAuthorUndoAfterReopen() started.
◇ Test concurrentMovesAndDeletesConverge() started.
◇ Test receivePreparationOnlyRunsForValidatedStateChanges() started.
◇ Test schemaConversionUndoProjectsPeerItemWithSameIdentityAndSuffix() started.
◇ Test v4EmptySplitHeadPositionFollowsNestedRetiredBirthsWithoutChangingEndSentinels() started.
◇ Test writingDepthBoundaryKeepsOriginsAndPeerAtomsThroughExplicitRecovery(version:scenario:) started.
◇ Test schemaEmptyExitRejectsVisibleAndRetainedRootLabelCollisionAtomically(retired:) started.
◇ Test knownUndoTargetsMustBeEdits(version:) started.
◇ Test depthLimitUnionCanBeRepairedWithoutChangingExistingIDsOrContent(levels:) started.
◇ Test externalNormalizationDoesNotCommitOrReleaseComposition() started.
◇ Test mixedPasteAbsorbsOnlyExplicitInlineBoundariesAndFreshensWholeSchemaNodes(actor:) started.
◇ Test v4ScalarMetadataPreservesOpaqueCompositeValuesAndRejectsActiveComposition() started.
◇ Test structuralPasteAtFieldStartMustRetainCompleteFirstNodeAndAvoidIncidentalBlankPrefix() started.
◇ Test schemaInactiveConversionAllowsEitherAuthorToRepairPriorSortedMetadataConflict(repairConversion:) started.
◇ Test v4EmptySplitHeadPositionFollowsRetainedBoundaryAcrossPeerEditsUndoReopenAndRedo(list:actor:) started.
◇ Test hierarchicalPasteOldEpochAndIncompatibleKindRejectAtomically() started.
◇ Test sameChangeMovesCannotHideExistingContentInAnAnchorCycle(version:) started.
◇ Test crossPastePreservesUnseenIntermediateChildAndBoundaryText(actor:) started.
◇ Test invalidNestedOperationsRejectAtomicallyAndDoNotRewriteIDs() started.
◇ Test hierarchicalPasteConcurrentImportsUseRetainedRankInSameChildCollection(actor:reversedDelivery:) started.
◇ Test independentTextAcceptanceUndoDoesNotResurrectAnotherAuthorsDeletion(version:) started.
◇ Test schemaUndoKeepsPeerSubtreeIdentityMarksReferencesAndOpaqueChildren() started.
◇ Test case passing 1 argument actor → "a" to v4TextRepairCompletesRequiredUndoAndPreservesAdditionalPeerMetadata(actor:) started.
◇ Test receivePreparationCannotOverwriteReentrantLocalChanges() started.
◇ Test spliceDuplicateDescriptorMustRemainMalformedWhenAuthorUndone(inactive:) started.
◇ Test collectionToggleCreationUndoRedoRetainsRemoteDescendants() started.
◇ Test impossiblePriorCreationPathsRejectAtomically(delivery:) started.
◇ Test writingSessionConcurrentSameCutRetainsBothBreaksAndUndo() started.
◇ Test schemaOverlappingMovedItemConversionOriginsNeverDependOnDictionaryOrder() started.
◇ Test v4PendingReceiveBlocksHistoryEvenWhenNeitherStackHasAnEntry() started.
◇ Test writingSessionUndoEmptySplitRetainsIndependentRemoteParagraph() started.
◇ Test retainedPasteConcurrentSplitsOrderRetainedEndpointGroup(actor:scenario:) started.
◇ Test siblingInsertionConflictDoesNotAcknowledgeOrPersistRemoteChanges() started.
◇ Test generatedStructuralCollectionsOfflineEditsAndHistoryConverge(seed:kind:) started.
◇ Test concurrentConversionAndParagraphSplitConvergeWithRemotePreservingUndo() started.
◇ Test v4InlineEnterPreservesSourceAttributesRichSuffixAndAuthorUndo(type:) started.
◇ Test case passing 1 argument actor → "z" to v4TextRepairCompletesRequiredUndoAndPreservesAdditionalPeerMetadata(actor:) started.
◇ Test writingSessionNestedSplitKeepsContainerIDsReferencesAndUndo() started.
◇ Test collectionCreationRejectsInvalidScopePolicyCompositionAndLegacyAtomically() started.
◇ Test retainedPasteCanReuseObservedOrdinarySplitTail(actor:) started.
◇ Test writingSessionNewLinksRejectUnsafeSchemesWithoutChangingLegacyBaseline() started.
◇ Test writingPrototypeAtomicReferencesMoveWithoutReplacement() started.
◇ Test case passing 1 argument undoActor → "a" to schemaConcurrentUnobservedPeerAndRetirementCanRetainRole(undoActor:) started.
◇ Test listConversionPreservesAtomsCaretPeerReplacementAndChecklistStateThroughUndo() started.
◇ Test codeFieldPacketArrivingBeforeBaselineAliasBirthRetainsThenResolvesRecovery() started.
◇ Test codeBirthTextCanBecomeRichParagraphWithoutLosingOriginalOriginsOrOpaqueLanguage() started.
◇ Test case passing 1 argument undoActor → "z" to schemaConcurrentUnobservedPeerAndRetirementCanRetainRole(undoActor:) started.
◇ Test concurrentListConversionsRetainRecoveryUntilOwnUndoKeepsPeerBranch() started.
◇ Test forgedTextUsesOfRetiredContentAliasRejectEvenWhenInactive() started.
◇ Test case passing 1 argument swap → false to writingSessionConcurrentDifferentCutsPreserveSegmentOrder(swap:) started.
◇ Test soleEmptyChecklistEnterPreservesOwnerChildOriginsAndPeerTextThroughUndoReopen() started.
◇ Test laterSchemaConversionRetainsTextCreatedInItsBirthsOwnCompoundPacket() started.
◇ Test undoListConversionExposesPeerSplitAsRetainedParagraphInsteadOfDroppingIt() started.
◇ Test futureJoinCannotJustifyForgedAnchorInEarlierCapturedField() started.
◇ Test invalidSemanticTargetsAndRolesRejectAtomically(fault:) started.
◇ Test codeAndListConversionsInsideColumnsKeepLogicalOwnersAcrossFlattenAndUndo() started.
◇ Test splitNoncollapsedCapturedRangeStillDeletesOnlyObservedAtomsAfterSchemaRoundTrip() started.
◇ Test concurrentCodeConversionsConvergeAndEachUndoKeepsPeerHead() started.
◇ Test case passing 1 argument swap → true to writingSessionConcurrentDifferentCutsPreserveSegmentOrder(swap:) started.
◇ Test textAuthoredAtConvertedCodeBirthFollowsConversionUndoAndCapturedReplacementAliases() started.
◇ Test richCodeConversionAndOpaqueFieldCollisionsRejectWithoutChangingSavedHistory() started.
◇ Test blockDefaultsFollowScopedMovementAndSchemaConversionWithoutCopyingText() started.
◇ Test opaqueContentOnCodeBlocksCannotBeDiscardedByLocalOrInactiveRemoteListConversion() started.
◇ Test defaultOnExposedPeerParagraphSurvivesOriginalListCreationRedoAndOwnUndo() started.
◇ Test localCompositionAndCommandPoliciesPreserveRemoteDefaultsAndLinkHistory() started.
◇ Test codeConversionRetainsCapturedCaretPeerTextAndFieldAliasesThroughUndoRedoAndReopen() started.
◇ Test codeFormattingAndTitleConversionRejectWithoutHistoryOrReceiptChanges() started.
◇ Test capturedBackwardTextInkAndPeerFillKeepPeerInsertionsOutsideFormatting() started.
◇ Test explicitLabelInsertionUsesCapturedCaretInheritedMarksAndOneAuthorStep() started.
◇ Test malformedInactiveSchemaConversionRejectsBeforeMissingPredecessorAndKeepsReceipt() started.
◇ Test checkedBridgeReportsSemanticStateLinkResultsPolicyAndUnchangedInvalidArguments() started.
◇ Test soleListItemCollapseRetainsCheckedMetadataChildOriginsPeerTextAndUndo() started.
◇ Test concurrentDeletionKeepsDefaultsForRestorationWithoutResurrectingContent() started.
◇ Test sameDefaultRegisterConvergesAndAuthorUndoRevealsPeerRole() started.
◇ Test inlineRolesAndLinksKeepWholeAtomicReferencesAndInheritedListDefaults() started.
◇ Test multiBlockDefaultsPreservePeerTextOpaqueDataCaretAndOneUndoReopen() started.
◇ Test case passing 2 arguments list → false, actor → "a" to v4ObservedRichPrefixSelectionReplacementRetainsReferencesFormattingAndPeerUndo(list:actor:) started.
◇ Test insertedDefaultIncrementalPacketRecoversAfterItsValidBirthArrives() started.
◇ Test invalidLabelsLiteralFieldsAndStaleLinkCapturesRejectUnchanged() started.
◇ Test malformedSemanticPacketsRejectEvenInactiveWithoutReceiptOrRecovery(fault:) started.
◇ Test semanticCaretAndAlreadyMatchingMarksDoNotCreateHistory() started.
◇ Test resetsRemoveOnlyOverridesAndMixedStateIncludesInheritedDefaults() started.
◇ Test policyCompositionCancelFailureAndReopenPreserveProviderRecordsWithoutAutomaticCompletion() started.
◇ Test capturedMarksAndStateFollowAllActualFieldsAfterPeerSplitAndReopen() started.
◇ Test invalidLinksNeverMutateStateOrStripExistingMarks(href:) started.
◇ Test checkedCompletionReturnsNoFocusAndRequestStateIsSeparateFromAcceptedSave() started.
◇ Test rangeLinksPreserveCapturedAtomsPeerTextBackwardSelectionAndUndoReopen() started.
◇ Test acceptedACC15SwitchRetainsResultWithoutReplacementMutationOrOriginAcknowledgment() started.
◇ Test case passing 2 arguments list → false, actor → "z" to v4ObservedRichPrefixSelectionReplacementRetainsReferencesFormattingAndPeerUndo(list:actor:) started.
◇ Test case passing 2 arguments list → true, actor → "a" to v4ObservedRichPrefixSelectionReplacementRetainsReferencesFormattingAndPeerUndo(list:actor:) started.
◇ Test case passing 2 arguments list → true, actor → "z" to v4ObservedRichPrefixSelectionReplacementRetainsReferencesFormattingAndPeerUndo(list:actor:) started.
◇ Test case passing 2 arguments pasteActor → "a", pasteCut → 1 to pasteSpliceExplicitGroupKeepsConcurrentCutsInBoundaryOrder(pasteActor:pasteCut:) started.
◇ Test case passing 2 arguments pasteActor → "a", pasteCut → 2 to pasteSpliceExplicitGroupKeepsConcurrentCutsInBoundaryOrder(pasteActor:pasteCut:) started.
◇ Test case passing 2 arguments pasteActor → "z", pasteCut → 1 to pasteSpliceExplicitGroupKeepsConcurrentCutsInBoundaryOrder(pasteActor:pasteCut:) started.
◇ Test case passing 1 argument actor → "a" to retainedPasteEndpointRoleKeepsOpaqueIdentityThroughHistory(actor:) started.
◇ Test case passing 1 argument actor → "z" to retainedPasteEndpointRoleKeepsOpaqueIdentityThroughHistory(actor:) started.
◇ Test case passing 2 arguments pasteActor → "z", pasteCut → 2 to pasteSpliceExplicitGroupKeepsConcurrentCutsInBoundaryOrder(pasteActor:pasteCut:) started.
◇ Test case passing 1 argument splitFirst → false to v4SoftBreakAfterInsertedRunSurvivesTransferredAndJoinedHistory(splitFirst:) started.
◇ Test case passing 1 argument splitFirst → true to v4SoftBreakAfterInsertedRunSurvivesTransferredAndJoinedHistory(splitFirst:) started.
◇ Test case passing 1 argument actor → "a" to retainedPasteInsideObservedInsertedToggleKeepsNestedInitialProofs(actor:) started.
◇ Test case passing 1 argument actor → "z" to retainedPasteInsideObservedInsertedToggleKeepsNestedInitialProofs(actor:) started.
◇ Test case passing 2 arguments actor → "a", reversed → false to crossPasteMixedRetainsWholeImportsAndObservedSuffixOneUndo(actor:reversed:) started.
◇ Test case passing 1 argument inactive → false to pasteSpliceRejectsDuplicateOwnershipEvenWhenAuthorUndoRetainsMalformedEdit(inactive:) started.
◇ Test case passing 1 argument inactive → true to pasteSpliceRejectsDuplicateOwnershipEvenWhenAuthorUndoRetainsMalformedEdit(inactive:) started.
◇ Test case passing 2 arguments actor → "a", reversed → true to crossPasteMixedRetainsWholeImportsAndObservedSuffixOneUndo(actor:reversed:) started.
◇ Test case passing 2 arguments actor → "z", reversed → false to crossPasteMixedRetainsWholeImportsAndObservedSuffixOneUndo(actor:reversed:) started.
◇ Test case passing 2 arguments actor → "z", reversed → true to crossPasteMixedRetainsWholeImportsAndObservedSuffixOneUndo(actor:reversed:) started.
◇ Test forgedParagraphRolesRejectAtomicallyIncludingDisabledEdits(fault:) started.
◇ Test exhaustedConcurrentPartitionsRemainRecoverableUntilAuthorRepair() started.
◇ Test codeBornCaretCanSplitAfterParagraphConversion() started.
◇ Test concurrentFirstAndLastExitsConvergeWithRetainedOrdinals(actor:) started.
◇ Test nestedEmptyOutdentRetainsMetadataDescendantsCapturedCaretAndUndo() started.
◇ Test case passing 1 argument version → 1 to sameTransactionCreationSeedsRemainValid(version:) started.
◇ Test retainedPeerParagraphSupportsModernCommandsAndReopenedHistory(command:) started.
◇ Test capturedEmptyItemWithObservedPeerTypingSplitsWithoutReinterpretingAsExit() started.
◇ Test emptyRootExitKeepsOwnerItemChildrenPeerTextAndReopenedUndo(index:actor:) started.
◇ Test forgedEmptyEnterPlansRejectWithoutAcknowledgment(fault:) started.
◇ Test case passing 1 argument version → 2 to sameTransactionCreationSeedsRemainValid(version:) started.
◇ Test activeExitWhosePeerRestoresColumnsRetainsRecoveryAndAuthorCanRepair() started.
◇ Test retainedRoleSurvivesOriginalCreationRedoAndUndoAndKeepsFollowingAnchor() started.
◇ Test case passing 1 argument exit → false to schemaListTextSemanticsCannotBeSpoofedIntoV3BatchOrRestore(exit:) started.
◇ Test case passing 2 arguments actor → "a", reversed → false to retainedPasteKeepsBothOpaqueOwnersAndOneAuthorUndo(actor:reversed:) started.
◇ Test case passing 2 arguments reverseActors → false, repairFirst → false to schemaConcurrentListConversionsKeepRecoverableUnionAndEitherAuthorCanRepair(reverseActors:repairFirst:) started.
◇ Test case passing 1 argument exit → true to schemaListTextSemanticsCannotBeSpoofedIntoV3BatchOrRestore(exit:) started.
◇ Test emptyExitAfterColumnFlattenRetainsLogicalPlacementPeerTextAndUndo() started.
◇ Test case passing 1 argument actor → "a" to retainedPasteAcceptsObservedRoleSourceAndRejectsErasedRoleCohort(actor:) started.
◇ Test case passing 2 arguments actor → "a", reversed → true to retainedPasteKeepsBothOpaqueOwnersAndOneAuthorUndo(actor:reversed:) started.
◇ Test case passing 2 arguments reverseActors → false, repairFirst → true to schemaConcurrentListConversionsKeepRecoverableUnionAndEitherAuthorCanRepair(reverseActors:repairFirst:) started.
◇ Test case passing 2 arguments reverseActors → true, repairFirst → false to schemaConcurrentListConversionsKeepRecoverableUnionAndEitherAuthorCanRepair(reverseActors:repairFirst:) started.
◇ Test case passing 2 arguments actor → "z", reversed → false to retainedPasteKeepsBothOpaqueOwnersAndOneAuthorUndo(actor:reversed:) started.
◇ Test case passing 1 argument actor → "z" to retainedPasteAcceptsObservedRoleSourceAndRejectsErasedRoleCohort(actor:) started.
◇ Test case passing 2 arguments reverseActors → true, repairFirst → true to schemaConcurrentListConversionsKeepRecoverableUnionAndEitherAuthorCanRepair(reverseActors:repairFirst:) started.
◇ Test case passing 2 arguments actor → "z", reversed → true to retainedPasteKeepsBothOpaqueOwnersAndOneAuthorUndo(actor:reversed:) started.
◇ Test case passing 1 argument version → 1 to seedAnchorsPreserveUnicodeReferencesAndTombstones(version:) started.
◇ Test case passing 1 argument version → 2 to seedAnchorsPreserveUnicodeReferencesAndTombstones(version:) started.
◇ Test case passing 2 arguments actor → "a", emptyLeading → false to mixedPasteAdjacentInlineFieldsKeepTheirExplicitBreak(actor:emptyLeading:) started.
◇ Test case passing 2 arguments actor → "a", emptyLeading → true to mixedPasteAdjacentInlineFieldsKeepTheirExplicitBreak(actor:emptyLeading:) started.
◇ Test case passing 2 arguments actor → "z", emptyLeading → false to mixedPasteAdjacentInlineFieldsKeepTheirExplicitBreak(actor:emptyLeading:) started.
◇ Test case passing 1 argument actor → "a" to retainedPasteSupersededEndpointContainerDoesNotClaimOldSourceGroup(actor:) started.
◇ Test case passing 2 arguments actor → "z", emptyLeading → true to mixedPasteAdjacentInlineFieldsKeepTheirExplicitBreak(actor:emptyLeading:) started.
◇ Test case passing 1 argument actor → "z" to retainedPasteSupersededEndpointContainerDoesNotClaimOldSourceGroup(actor:) started.
◇ Test case passing 1 argument version → 1 to undoOfMissingEditRemainsValidUntilItsCausalTargetArrives(version:) started.
◇ Test heldPacketsExportRestoreAndReleaseWithoutPrematureReceipts() started.
◇ Test case passing 1 argument version → 2 to undoOfMissingEditRemainsValidUntilItsCausalTargetArrives(version:) started.
◇ Test case passing 1 argument fault → "negative" to schemaMalformedRoleAnchorAndHiddenFirstItemRejectAtomically(fault:) started.
◇ Test case passing 1 argument fault → "zero" to schemaMalformedRoleAnchorAndHiddenFirstItemRejectAtomically(fault:) started.
◇ Test localPolicyAndCompositionReturnUnchangedUnavailableAndPreservePeerRichContent() started.
◇ Test case passing 1 argument converter → "a" to schemaConversionAndOldOriginEditConvergeUnderReversedActorAndDeliveryOrder(converter:) started.
◇ Test case passing 1 argument fault → "future" to schemaMalformedRoleAnchorAndHiddenFirstItemRejectAtomically(fault:) started.
◇ Test case passing 1 argument converter → "z" to schemaConversionAndOldOriginEditConvergeUnderReversedActorAndDeliveryOrder(converter:) started.
◇ Test explicitModernEndpointsReturnCheckedTransactionsFocusAndSavedAuthorHistory() started.
◇ Test case passing 1 argument fault → "actor" to schemaMalformedRoleAnchorAndHiddenFirstItemRejectAtomically(fault:) started.
◇ Test capturedBackwardReplacementPreservesPeerInsertionThroughTheBridge() started.
◇ Test legacyEntryPointsHandleCollisionsAndMalformedModernRequestsDoNotPromoteOrMutate() started.
◇ Test case passing 1 argument fault → "firstItem" to schemaMalformedRoleAnchorAndHiddenFirstItemRejectAtomically(fault:) started.
◇ Test case passing 1 argument version → 1 to sameChangeTextAnchorsCannotNamePlacementsOrAnotherField(version:) started.
◇ Test case passing 1 argument actor → "a" to retainedPasteAtZeroUsesOriginalEndpointAndNoBlankPrefix(actor:) started.
◇ Test case passing 1 argument version → 2 to sameChangeTextAnchorsCannotNamePlacementsOrAnotherField(version:) started.
◇ Test case passing 1 argument actor → "z" to retainedPasteAtZeroUsesOriginalEndpointAndNoBlankPrefix(actor:) started.
◇ Test capturedFormattingPreservesDirectionAndLeavesUnobservedPeerAtomsUnformatted() started.
◇ Test case passing 1 argument list → false to v4SplitKeepsObservedInsertedPrefixAndPeerUndo(list:) started.
◇ Test case passing 1 argument list → true to v4SplitKeepsObservedInsertedPrefixAndPeerUndo(list:) started.
◇ Test case passing 2 arguments actor → "a", reversed → false to crossPasteInlineUsesOneAuthorJoinAndPreservesPeerAtoms(actor:reversed:) started.
◇ Test case passing 1 argument actor → "a" to retainedPasteAfterOrdinarySourceMoveUsesLiveOrderNotRgaAfterAncestry(actor:) started.
◇ Test case passing 1 argument actor → "z" to retainedPasteAfterOrdinarySourceMoveUsesLiveOrderNotRgaAfterAncestry(actor:) started.
◇ Test case passing 2 arguments actor → "a", reversed → true to crossPasteInlineUsesOneAuthorJoinAndPreservesPeerAtoms(actor:reversed:) started.
◇ Test case passing 2 arguments actor → "z", reversed → false to crossPasteInlineUsesOneAuthorJoinAndPreservesPeerAtoms(actor:reversed:) started.
◇ Test case passing 1 argument style → "ordered" to schemaListConversionKeepsRootIdentityRichAtomsMetadataAndRemoteUndo(style:) started.
◇ Test case passing 1 argument actor → "a" to v4ConcurrentTextRepairsRetainBothAuthorsAndRecoverAfterBothUndos(actor:) started.
◇ Test case passing 1 argument style → "unordered" to schemaListConversionKeepsRootIdentityRichAtomsMetadataAndRemoteUndo(style:) started.
◇ Test case passing 1 argument actor → "z" to v4ConcurrentTextRepairsRetainBothAuthorsAndRecoverAfterBothUndos(actor:) started.
◇ Test case passing 2 arguments actor → "z", reversed → true to crossPasteInlineUsesOneAuthorJoinAndPreservesPeerAtoms(actor:reversed:) started.
◇ Test case passing 1 argument style → "todo" to schemaListConversionKeepsRootIdentityRichAtomsMetadataAndRemoteUndo(style:) started.
◇ Test case passing 2 arguments actor → "a", upper → 2 to mixedPasteZeroReplacementRetainsSuffixOriginWithConcurrentSplit(actor:upper:) started.
◇ Test case passing 2 arguments actor → "a", upper → 4 to mixedPasteZeroReplacementRetainsSuffixOriginWithConcurrentSplit(actor:upper:) started.
◇ Test case passing 2 arguments actor → "z", upper → 2 to mixedPasteZeroReplacementRetainsSuffixOriginWithConcurrentSplit(actor:upper:) started.
◇ Test case passing 2 arguments actor → "z", upper → 4 to mixedPasteZeroReplacementRetainsSuffixOriginWithConcurrentSplit(actor:upper:) started.
◇ Test case passing 2 arguments actor → "a", concurrentCut → false to retainedPasteDifferentLaterSourceKeepsEarlierImportedMember(actor:concurrentCut:) started.
◇ Test case passing 2 arguments actor → "a", repairOther → false to schemaConcurrentPartitionsThatExhaustAnOwnerRetainRecoveryAndEitherAuthorCanRepair(actor:repairOther:) started.
◇ Test case passing 2 arguments actor → "a", concurrentCut → true to retainedPasteDifferentLaterSourceKeepsEarlierImportedMember(actor:concurrentCut:) started.
◇ Test case passing 2 arguments actor → "a", repairOther → true to schemaConcurrentPartitionsThatExhaustAnOwnerRetainRecoveryAndEitherAuthorCanRepair(actor:repairOther:) started.
◇ Test case passing 2 arguments actor → "z", repairOther → false to schemaConcurrentPartitionsThatExhaustAnOwnerRetainRecoveryAndEitherAuthorCanRepair(actor:repairOther:) started.
◇ Test case passing 2 arguments actor → "z", repairOther → true to schemaConcurrentPartitionsThatExhaustAnOwnerRetainRecoveryAndEitherAuthorCanRepair(actor:repairOther:) started.
◇ Test case passing 2 arguments actor → "a", cut → 1 to pasteBlocksPublicCommandRetainsWholeMetadataAndConcurrentCutGroups(actor:cut:) started.
◇ Test case passing 2 arguments actor → "a", cut → 2 to pasteBlocksPublicCommandRetainsWholeMetadataAndConcurrentCutGroups(actor:cut:) started.
◇ Test case passing 2 arguments actor → "z", cut → 1 to pasteBlocksPublicCommandRetainsWholeMetadataAndConcurrentCutGroups(actor:cut:) started.
◇ Test case passing 2 arguments actor → "z", concurrentCut → false to retainedPasteDifferentLaterSourceKeepsEarlierImportedMember(actor:concurrentCut:) started.
◇ Test case passing 2 arguments actor → "z", cut → 2 to pasteBlocksPublicCommandRetainsWholeMetadataAndConcurrentCutGroups(actor:cut:) started.
◇ Test case passing 1 argument wrapperActor → "a" to v5SpliceOnExposedPeerParagraphPreservesRoleAcrossWrapperUndoAndReopen(wrapperActor:) started.
◇ Test case passing 1 argument wrapperActor → "z" to v5SpliceOnExposedPeerParagraphPreservesRoleAcrossWrapperUndoAndReopen(wrapperActor:) started.
◇ Test case passing 2 arguments actor → "z", concurrentCut → true to retainedPasteDifferentLaterSourceKeepsEarlierImportedMember(actor:concurrentCut:) started.
◇ Test case passing 1 argument actor → "a" to retainedPasteConcurrentHeadingPreservesEndpointSchemaAndUndo(actor:) started.
◇ Test case passing 1 argument actor → "z" to retainedPasteConcurrentHeadingPreservesEndpointSchemaAndUndo(actor:) started.
◇ Test case passing 1 argument redoActor → "a" to schemaRoleCohortExcludesUnobservedConcurrentRedo(redoActor:) started.
◇ Test case passing 1 argument redoActor → "z" to schemaRoleCohortExcludesUnobservedConcurrentRedo(redoActor:) started.
◇ Test case passing 1 argument offset → 0 to writingSessionSequentialCutsKeepObservedSiblingOrder(offset:) started.
◇ Test case passing 1 argument offset → 1 to writingSessionSequentialCutsKeepObservedSiblingOrder(offset:) started.
◇ Test case passing 1 argument range → 0 ..< 4 to writingBatchRetainedFieldEndFollowsRemoteSuffix(range:) started.
◇ Test case passing 1 argument range → 1 ..< 4 to writingBatchRetainedFieldEndFollowsRemoteSuffix(range:) started.
◇ Test case passing 1 argument range → 4 ..< 4 to writingBatchRetainedFieldEndFollowsRemoteSuffix(range:) started.
◇ Test case passing 1 argument initialized → false to legacySeedNamespaceFollowsTheTextActuallyInitialized(initialized:) started.
◇ Test case passing 1 argument name → "writing" to writingSharedBridgeFixture(name:) started.
◇ Test case passing 1 argument initialized → true to legacySeedNamespaceFollowsTheTextActuallyInitialized(initialized:) started.
◇ Test case passing 1 argument name → "blockCommands" to writingSharedBridgeFixture(name:) started.
◇ Test case passing 1 argument name → "schemaCommands" to writingSharedBridgeFixture(name:) started.
◇ Test case passing 1 argument name → "roleCommands" to writingSharedBridgeFixture(name:) started.
◇ Test case passing 1 argument name → "collectionCommands" to writingSharedBridgeFixture(name:) started.
◇ Test case passing 1 argument name → "exitCommands" to writingSharedBridgeFixture(name:) started.
◇ Test case passing 1 argument name → "pinCommands" to writingSharedBridgeFixture(name:) started.
◇ Test case passing 1 argument name → "boundaryCommands" to writingSharedBridgeFixture(name:) started.
◇ Test case passing 1 argument name → "undoRecoveryCommands" to writingSharedBridgeFixture(name:) started.
◇ Test case passing 1 argument name → "clipboardCommands" to writingSharedBridgeFixture(name:) started.
◇ Test case passing 2 arguments list → false, actor → "a" to v4SequentialInsertionKeepsObservedRunOrderAndPeerUndo(list:actor:) started.
◇ Test case passing 1 argument name → "spliceCommands" to writingSharedBridgeFixture(name:) started.
◇ Test case passing 1 argument name → "thresholdCommands" to writingSharedBridgeFixture(name:) started.
◇ Test case passing 1 argument name → "depthCommands" to writingSharedBridgeFixture(name:) started.
◇ Test case passing 2 arguments list → false, actor → "z" to v4SequentialInsertionKeepsObservedRunOrderAndPeerUndo(list:actor:) started.
◇ Test case passing 1 argument name → "importCommands" to writingSharedBridgeFixture(name:) started.
◇ Test case passing 1 argument name → "paste6Commands" to writingSharedBridgeFixture(name:) started.
◇ Test case passing 2 arguments list → true, actor → "a" to v4SequentialInsertionKeepsObservedRunOrderAndPeerUndo(list:actor:) started.
◇ Test case passing 2 arguments actor → "a", reversed → false to hierarchicalPasteKeepsOriginalCollectionsAndWholeImportedMetadata(actor:reversed:) started.
◇ Test case passing 2 arguments list → true, actor → "z" to v4SequentialInsertionKeepsObservedRunOrderAndPeerUndo(list:actor:) started.
◇ Test case passing 2 arguments actor → "a", reversed → true to hierarchicalPasteKeepsOriginalCollectionsAndWholeImportedMetadata(actor:reversed:) started.
◇ Test case passing 2 arguments index → 0, actor → "a" to schemaEmptyRootItemExitPreservesBothIdentitiesAndRemoteHistory(index:actor:) started.
◇ Test case passing 2 arguments actor → "z", reversed → false to hierarchicalPasteKeepsOriginalCollectionsAndWholeImportedMetadata(actor:reversed:) started.
◇ Test case passing 2 arguments actor → "z", reversed → true to hierarchicalPasteKeepsOriginalCollectionsAndWholeImportedMetadata(actor:reversed:) started.
◇ Test case passing 2 arguments index → 0, actor → "z" to schemaEmptyRootItemExitPreservesBothIdentitiesAndRemoteHistory(index:actor:) started.
◇ Test case passing 2 arguments index → 1, actor → "a" to schemaEmptyRootItemExitPreservesBothIdentitiesAndRemoteHistory(index:actor:) started.
◇ Test case passing 2 arguments index → 1, actor → "z" to schemaEmptyRootItemExitPreservesBothIdentitiesAndRemoteHistory(index:actor:) started.
◇ Test case passing 2 arguments existing → false, actor → "a" to schemaSoleEmptyItemExitRetainsChildrenAndReorderedPeerChildEdits(existing:actor:) started.
◇ Test case passing 1 argument editedAnchor → false to inactiveMovesStillRejectKnownAnchorsFromAnotherCollection(editedAnchor:) started.
◇ Test case passing 1 argument editedAnchor → true to inactiveMovesStillRejectKnownAnchorsFromAnotherCollection(editedAnchor:) started.
◇ Test case passing 2 arguments existing → false, actor → "z" to schemaSoleEmptyItemExitRetainsChildrenAndReorderedPeerChildEdits(existing:actor:) started.
◇ Test case passing 1 argument type → "list" to schemaConvertedMergeDestinationPreservesTypeIdentityAndBothAuthorUndo(type:) started.
◇ Test case passing 1 argument type → "code" to schemaConvertedMergeDestinationPreservesTypeIdentityAndBothAuthorUndo(type:) started.
◇ Test case passing 2 arguments index → 2, actor → "a" to schemaEmptyRootItemExitPreservesBothIdentitiesAndRemoteHistory(index:actor:) started.
◇ Test insertChoosesFirstEditableNestedFieldOrWholeNodeAndUndoesOnce() started.
◇ Test case passing 2 arguments existing → true, actor → "a" to schemaSoleEmptyItemExitRetainsChildrenAndReorderedPeerChildEdits(existing:actor:) started.
◇ Test case passing 2 arguments existing → true, actor → "z" to schemaSoleEmptyItemExitRetainsChildrenAndReorderedPeerChildEdits(existing:actor:) started.
◇ Test ancestorOverlapMetadataAndDeletedColumnDestinationReject() started.
◇ Test case passing 2 arguments index → 2, actor → "z" to schemaEmptyRootItemExitPreservesBothIdentitiesAndRemoteHistory(index:actor:) started.
◇ Test deleteReturnsFollowingThenPrecedingTextOrEmptyInsertionWithoutPlaceholder() started.
◇ Test capturedRootBoundarySurvivesAnchorMoveAndDeletionWithoutRetargeting() started.
◇ Test staleSelectionScopeForgedBoundaryWrongOrderAndForeignCaretRejectAtomically() started.
◇ Test mixedDeletePreservesLaterPeerAtomsAndIndependentTextWithOneUndo() started.
◇ Test readOnlyBodyFallbackUsesTitleAndCoveredRangesDoNotDuplicateDeletion() started.
◇ Test authoredRichBlockMarksUseTextPolicyWithoutReinterpretingOpaqueMetadata() started.
◇ Test multiMovePreservesCapturedOrderCaretAndPeerTextAsOneUndo() started.
◇ Test case passing 2 arguments actor → "a", reversedDelivery → false to hierarchicalPasteNestedImportsAndParentEnterKeepIndependentCollections(actor:reversedDelivery:) started.
◇ Test case passing 2 arguments actor → "a", reversedDelivery → true to hierarchicalPasteNestedImportsAndParentEnterKeepIndependentCollections(actor:reversedDelivery:) started.
◇ Test case passing 2 arguments actor → "z", reversedDelivery → false to hierarchicalPasteNestedImportsAndParentEnterKeepIndependentCollections(actor:reversedDelivery:) started.
◇ Test case passing 1 argument joinFirst → false to v4CausalSplitPinsEarlierDestinationAndJoinedPrefix(joinFirst:) started.
◇ Test case passing 2 arguments actor → "z", reversedDelivery → true to hierarchicalPasteNestedImportsAndParentEnterKeepIndependentCollections(actor:reversedDelivery:) started.
◇ Test case passing 1 argument joinFirst → true to v4CausalSplitPinsEarlierDestinationAndJoinedPrefix(joinFirst:) started.
◇ Test case passing 1 argument actor → "a" to retainedPasteSequentialReuseKeepsOneStepHistory(actor:) started.
◇ Test case passing 1 argument actor → "z" to retainedPasteSequentialReuseKeepsOneStepHistory(actor:) started.
◇ Test case passing 2 arguments actor → "a", acrossContainer → false to retainedPasteLaterEndpointMoveStaysAuthoritativeThroughOwnUndo(actor:acrossContainer:) started.
◇ Test case passing 2 arguments actor → "a", acrossContainer → true to retainedPasteLaterEndpointMoveStaysAuthoritativeThroughOwnUndo(actor:acrossContainer:) started.
◇ Test case passing 2 arguments actor → "z", acrossContainer → false to retainedPasteLaterEndpointMoveStaysAuthoritativeThroughOwnUndo(actor:acrossContainer:) started.
◇ Test case passing 2 arguments actor → "z", acrossContainer → true to retainedPasteLaterEndpointMoveStaysAuthoritativeThroughOwnUndo(actor:acrossContainer:) started.
◇ Test case passing 1 argument version → 1 to legacyStoppedAuthorReorderedUndoRedoKeepsWinningAvailability(version:) started.
◇ Test case passing 1 argument version → 2 to legacyStoppedAuthorReorderedUndoRedoKeepsWinningAvailability(version:) started.
◇ Test case passing 2 arguments actor → "a", inserted → false to schemaConcurrentFirstAndLastExitsConvergeAndKeepSourceOrdinal(actor:inserted:) started.
◇ Test case passing 2 arguments actor → "a", inserted → true to schemaConcurrentFirstAndLastExitsConvergeAndKeepSourceOrdinal(actor:inserted:) started.
◇ Test case passing 2 arguments actor → "z", inserted → false to schemaConcurrentFirstAndLastExitsConvergeAndKeepSourceOrdinal(actor:inserted:) started.
◇ Test case passing 2 arguments actor → "z", inserted → true to schemaConcurrentFirstAndLastExitsConvergeAndKeepSourceOrdinal(actor:inserted:) started.
◇ Test case passing 2 arguments actor → "a", cut → 1 to mixedPasteConcurrentCutsOrderCompleteGroupsAndFollowBoundaryPrefix(actor:cut:) started.
◇ Test case passing 2 arguments actor → "a", cut → 2 to mixedPasteConcurrentCutsOrderCompleteGroupsAndFollowBoundaryPrefix(actor:cut:) started.
◇ Test case passing 2 arguments actor → "z", cut → 1 to mixedPasteConcurrentCutsOrderCompleteGroupsAndFollowBoundaryPrefix(actor:cut:) started.
◇ Test case passing 2 arguments actor → "z", cut → 2 to mixedPasteConcurrentCutsOrderCompleteGroupsAndFollowBoundaryPrefix(actor:cut:) started.
◇ Test case passing 1 argument version → 1 to independentTextAcceptanceRestoredAuthorUndoPreservesRemoteMarksAndReference(version:) started.
◇ Test case passing 2 arguments type → "list", reverseActors → false to schemaConversionAndOldParagraphSplitUseRetainedOriginWithAuthorUndo(type:reverseActors:) started.
◇ Test case passing 1 argument version → 2 to independentTextAcceptanceRestoredAuthorUndoPreservesRemoteMarksAndReference(version:) started.
◇ Test case passing 2 arguments type → "list", reverseActors → true to schemaConversionAndOldParagraphSplitUseRetainedOriginWithAuthorUndo(type:reverseActors:) started.
◇ Test case passing 2 arguments type → "code", reverseActors → false to schemaConversionAndOldParagraphSplitUseRetainedOriginWithAuthorUndo(type:reverseActors:) started.
◇ Test case passing 2 arguments type → "code", reverseActors → true to schemaConversionAndOldParagraphSplitUseRetainedOriginWithAuthorUndo(type:reverseActors:) started.
◇ Test case passing 2 arguments type → "list", repairConversion → false to schemaConvertedMergeSourceRetainsUnionForEitherAuthorRepair(type:repairConversion:) started.
◇ Test case passing 2 arguments type → "list", repairConversion → true to schemaConvertedMergeSourceRetainsUnionForEitherAuthorRepair(type:repairConversion:) started.
◇ Test case passing 2 arguments type → "code", repairConversion → false to schemaConvertedMergeSourceRetainsUnionForEitherAuthorRepair(type:repairConversion:) started.
◇ Test case passing 2 arguments type → "code", repairConversion → true to schemaConvertedMergeSourceRetainsUnionForEitherAuthorRepair(type:repairConversion:) started.
◇ Test case passing 2 arguments swap → false, side → "left" to writingSessionConcurrentMergeSplitFollowsBoundary(swap:side:) started.
◇ Test case passing 2 arguments swap → false, side → "right" to writingSessionConcurrentMergeSplitFollowsBoundary(swap:side:) started.
◇ Test case passing 2 arguments swap → true, side → "left" to writingSessionConcurrentMergeSplitFollowsBoundary(swap:side:) started.
◇ Test case passing 2 arguments swap → true, side → "right" to writingSessionConcurrentMergeSplitFollowsBoundary(swap:side:) started.
◇ Test case passing 1 argument version → 4 to externalNormalizationPreservesRichReferenceAndPeerUndo(version:) started.
◇ Test case passing 1 argument version → 5 to externalNormalizationPreservesRichReferenceAndPeerUndo(version:) started.
◇ Test existingLimitsAndOpaqueMetadataArePreserved() started.
◇ Test titleRejectsLineBreaksWithoutConsumingBody(_:) started.
◇ Test case passing 1 argument actor → "a" to hierarchicalPasteSingleInlineKeepsBothOpaqueBoundaries(actor:) started.
◇ Test case passing 1 argument actor → "z" to hierarchicalPasteSingleInlineKeepsBothOpaqueBoundaries(actor:) started.
◇ Test independentSnapshotsRetainEveryAdmittedFieldAndCanonicalRoundTrip() started.
◇ Test case passing 2 arguments reverseActors → false, repairMerge → false to concurrentJoinedSourceConversionRetainsUnionForAuthorReconciliation(reverseActors:repairMerge:) started.
◇ Test duplicateRawKeysIncludingEscapedKeysRejectBeforeSemanticAdmission() started.
◇ Test case passing 2 arguments reverseActors → false, repairMerge → true to concurrentJoinedSourceConversionRetainsUnionForAuthorReconciliation(reverseActors:repairMerge:) started.
◇ Test appearanceAndPaletteRejectUnrecognizedPresetsAndRoles() started.
◇ Test modernSnapshotDoesNotBroadenLegacyMarkOrSessionAdmission() started.
◇ Test case passing 2 arguments reverseActors → true, repairMerge → false to concurrentJoinedSourceConversionRetainsUnionForAuthorReconciliation(reverseActors:repairMerge:) started.
◇ Test case passing 2 arguments reverseActors → true, repairMerge → true to concurrentJoinedSourceConversionRetainsUnionForAuthorReconciliation(reverseActors:repairMerge:) started.
◇ Test nestedColumnsRejectEvenThroughToggleDescendantsButIndependentLayoutsRemainValid() started.
◇ Test exactNumericRoundTripsAllowCanonicalDecimalSpelling(_:) started.
◇ Test case passing 1 argument swap → false to writingSessionDeletionCannotCollapseDifferentCutRanks(swap:) started.
◇ Test case passing 1 argument swap → true to writingSessionDeletionCannotCollapseDifferentCutRanks(swap:) started.
◇ Test splitRejectsInvalidBoundsAndNonintegerValues(_:) started.
◇ Test case passing 1 argument actor → "a" to v4ConcurrentCutPreservesUnobservedInsertedPrefixInEarlierTail(actor:) started.
◇ Test case passing 1 argument actor → "z" to v4ConcurrentCutPreservesUnobservedInsertedPrefixInEarlierTail(actor:) started.
◇ Test opaqueNumbersCannotSilentlyRoundDuringAdmission(_:) started.
◇ Test exactTwoContainersAndScopedIdentitiesAreRequired() started.
◇ Test explicitNewDocumentDefaultsDoNotSilentlyUpgradeMissingWireFields() started.
◇ Test case passing 1 argument deferredParent → false to impossibleSameChangeNodePathsAndInitialAnchorsRejectAtomically(deferredParent:) started.
◇ Test case passing 1 argument deferredParent → true to impossibleSameChangeNodePathsAndInitialAnchorsRejectAtomically(deferredParent:) started.
◇ Test case passing 1 argument baseline → false to collectionInsertAfterProjectedPeerRetainsRoleProofAndUndo(baseline:) started.
◇ Test case passing 1 argument baseline → true to collectionInsertAfterProjectedPeerRetainsRoleProofAndUndo(baseline:) started.
◇ Test case passing 1 argument key → "style" to schemaConversionRejectsReservedUnknownFieldCollisionsWithoutMutation(key:) started.
◇ Test case passing 1 argument key → "items" to schemaConversionRejectsReservedUnknownFieldCollisionsWithoutMutation(key:) started.
◇ Test case passing 1 argument key → "code" to schemaConversionRejectsReservedUnknownFieldCollisionsWithoutMutation(key:) started.
✔ Test externalNormalizationFallbackKeepsVisibleNestedOrderAndAllowedRichNodes() passed after 5.058 seconds.
✔ Test concurrentFormattingPreservesRemoteInsertionAndIndependentMarks() passed after 5.058 seconds.
◇ Test case passing 1 argument fault → "retirement" to schemaMalformedRetainedRoleDoesNotChangeAcceptedSaveOrReachV3(fault:) started.
◇ Test case passing 1 argument fault → "owner" to schemaMalformedRetainedRoleDoesNotChangeAcceptedSaveOrReachV3(fault:) started.
◇ Test case passing 1 argument fault → "anchor" to schemaMalformedRetainedRoleDoesNotChangeAcceptedSaveOrReachV3(fault:) started.
◇ Test case passing 1 argument nested → false to dependentPlacementChainsPreserveExistingContentUntilTheirAnchorArrives(nested:) started.
◇ Test case passing 1 argument nested → true to dependentPlacementChainsPreserveExistingContentUntilTheirAnchorArrives(nested:) started.
◇ Test insertionUndoWithoutPeerWorkHidesBirthButDoesNotReuseOrigin() started.
◇ Test independentInsertionsAndMovesConvergeInEitherReceiveOrder() started.
◇ Test insertedBodyFieldsShareTitleHistoryPeerUndoAndReopen() started.
◇ Test legacyStructuralProtocolRejectsDocumentOriginMutationAtomically() started.
✔ Test writingSessionReferenceInteriorSelectionFollowsSplitAndDeletion() passed after 5.120 seconds.
◇ Test concurrentScopedLabelConflictRetainsUnionAndAuthorRepairKeepsPeerBirth() started.
◇ Test case passing 2 arguments version → 4, actor → "a" to writingMathThresholdUnionAt10001RetainsProposalAndRepairsWithoutLosingPeerAtoms(version:actor:) started.
◇ Test case passing 2 arguments version → 4, actor → "z" to writingMathThresholdUnionAt10001RetainsProposalAndRepairsWithoutLosingPeerAtoms(version:actor:) started.
◇ Test case passing 2 arguments version → 5, actor → "a" to writingMathThresholdUnionAt10001RetainsProposalAndRepairsWithoutLosingPeerAtoms(version:actor:) started.
◇ Test case passing 2 arguments version → 5, actor → "z" to writingMathThresholdUnionAt10001RetainsProposalAndRepairsWithoutLosingPeerAtoms(version:actor:) started.
◇ Test case passing 2 arguments actor → "a", repairPeer → false to retainedPasteOverlappingEndpointExportsAndEitherAuthorRepairs(actor:repairPeer:) started.
◇ Test case passing 2 arguments actor → "a", repairPeer → true to retainedPasteOverlappingEndpointExportsAndEitherAuthorRepairs(actor:repairPeer:) started.
◇ Test case passing 2 arguments actor → "z", repairPeer → false to retainedPasteOverlappingEndpointExportsAndEitherAuthorRepairs(actor:repairPeer:) started.
◇ Test case passing 2 arguments actor → "z", repairPeer → true to retainedPasteOverlappingEndpointExportsAndEitherAuthorRepairs(actor:repairPeer:) started.
◇ Test allIndependentModernSnapshotsKeepExactJSONThroughSharedProjection() started.
✔ Test writingSessionCausalGapRecoveryPersistsSeparatelyAndReplaysOnRejoin() passed after 6.958 seconds.
◇ Test titleReplayAndAuthorDeactivationKeepPeerTextAndBodyIndependent() started.
◇ Test semanticInsertionsAndObservedSubtreeDeletionRetainNestedOriginsThroughUndo() started.
◇ Test legacyWritingProtocolsRejectDocumentOriginsWithoutAcknowledging(_:) started.
◇ Test twoColumnsKeepScopedChildOriginsAndLogicalAddressOrder() started.
◇ Test documentTitleHasAnExplicitOriginOutsideBodyAndConsumerIDs() started.
◇ Test invalidStructuralCommandsAreAtomicAndPolicyDoesNotStripPeerContent() started.
◇ Test case passing 2 arguments actor → "a", scenario → "source-before" to crossPasteConcurrentBoundarySplitsPreserveCutOwners(actor:scenario:) started.
◇ Test case passing 2 arguments actor → "a", scenario → "source-after" to crossPasteConcurrentBoundarySplitsPreserveCutOwners(actor:scenario:) started.
◇ Test case passing 2 arguments actor → "a", scenario → "endpoint-before" to crossPasteConcurrentBoundarySplitsPreserveCutOwners(actor:scenario:) started.
◇ Test case passing 2 arguments actor → "a", scenario → "endpoint-after" to crossPasteConcurrentBoundarySplitsPreserveCutOwners(actor:scenario:) started.
◇ Test case passing 2 arguments actor → "z", scenario → "source-before" to crossPasteConcurrentBoundarySplitsPreserveCutOwners(actor:scenario:) started.
◇ Test case passing 2 arguments actor → "z", scenario → "source-after" to crossPasteConcurrentBoundarySplitsPreserveCutOwners(actor:scenario:) started.
◇ Test case passing 2 arguments actor → "z", scenario → "endpoint-before" to crossPasteConcurrentBoundarySplitsPreserveCutOwners(actor:scenario:) started.
◇ Test case passing 2 arguments actor → "z", scenario → "endpoint-after" to crossPasteConcurrentBoundarySplitsPreserveCutOwners(actor:scenario:) started.
◇ Test deletionRetainsPeerHistoryAndStaleTargetsCannotHitReusedLabels() started.
✔ Test schemaSoleEmptyListExitKeepsRootIdentityAndRemoteReopenedUndo() passed after 7.482 seconds.
◇ Test incrementalInsertedFieldPacketBeforeBirthRetainsRecoveryThenConverges() started.
✔ Test writingSessionSplitFollowsRemoteTextMarksSelectionsAndOneUndo() passed after 7.514 seconds.
◇ Test forgedStructuralAndUnobservedInsertedTextPacketsNeverAcknowledge() started.
◇ Test columnMovesKeepScopedOriginsCaretPeerTextAndOneAuthorUndo() started.
◇ Test case passing 1 argument actor → "a" to v4ConcurrentCutsKeepEachObservedPrefixPartition(actor:) started.
◇ Test case passing 1 argument actor → "z" to v4ConcurrentCutsKeepEachObservedPrefixPartition(actor:) started.
◇ Test case passing 2 arguments version → 3, key → "level" to schemaInlineConversionDoesNotOverwriteUnknownReservedMetadata(version:key:) started.
◇ Test case passing 2 arguments version → 3, key → "variant" to schemaInlineConversionDoesNotOverwriteUnknownReservedMetadata(version:key:) started.
◇ Test case passing 2 arguments version → 4, key → "level" to schemaInlineConversionDoesNotOverwriteUnknownReservedMetadata(version:key:) started.
◇ Test case passing 2 arguments version → 4, key → "variant" to schemaInlineConversionDoesNotOverwriteUnknownReservedMetadata(version:key:) started.
✔ Test knownPriorElementsMustHaveTheReferencedKindAndField() passed after 7.572 seconds.
✔ Test clipboardMarkdownDividerRoundTripsWithFreshIdentityAndPolicy() passed after 7.571 seconds.
◇ Test case passing 1 argument fault → "absent" to schemaMalformedV4ObservedFrontierLeavesAcceptedSaveUnchanged(fault:) started.
◇ Test case passing 1 argument fault → "duplicateActor" to schemaMalformedV4ObservedFrontierLeavesAcceptedSaveUnchanged(fault:) started.
◇ Test case passing 1 argument fault → "unsorted" to schemaMalformedV4ObservedFrontierLeavesAcceptedSaveUnchanged(fault:) started.
◇ Test case passing 1 argument fault → "future" to schemaMalformedV4ObservedFrontierLeavesAcceptedSaveUnchanged(fault:) started.
◇ Test case passing 1 argument fault → "zero" to schemaMalformedV4ObservedFrontierLeavesAcceptedSaveUnchanged(fault:) started.
◇ Test case passing 1 argument inactive → false to pasteSpliceRejectsUnobservedSameEditOuterNeighborWhenActiveOrUndone(inactive:) started.
◇ Test case passing 1 argument inactive → true to pasteSpliceRejectsUnobservedSameEditOuterNeighborWhenActiveOrUndone(inactive:) started.
◇ Test case passing 2 arguments actor → "a", repairOther → false to schemaOverlappingOwnerRepairRoutesBothHistoricalHeadsAndOriginalAtomOrigin(actor:repairOther:) started.
◇ Test case passing 2 arguments actor → "a", repairOther → true to schemaOverlappingOwnerRepairRoutesBothHistoricalHeadsAndOriginalAtomOrigin(actor:repairOther:) started.
◇ Test case passing 2 arguments actor → "z", repairOther → false to schemaOverlappingOwnerRepairRoutesBothHistoricalHeadsAndOriginalAtomOrigin(actor:repairOther:) started.
◇ Test case passing 2 arguments actor → "z", repairOther → true to schemaOverlappingOwnerRepairRoutesBothHistoricalHeadsAndOriginalAtomOrigin(actor:repairOther:) started.
◇ Test case passing 2 arguments version → 4, actor → "a" to writingMathThresholdUnionAt10000PreservesBothAuthorsAndUndo(version:actor:) started.
◇ Test case passing 2 arguments version → 4, actor → "z" to writingMathThresholdUnionAt10000PreservesBothAuthorsAndUndo(version:actor:) started.
◇ Test case passing 2 arguments version → 5, actor → "a" to writingMathThresholdUnionAt10000PreservesBothAuthorsAndUndo(version:actor:) started.
◇ Test case passing 2 arguments version → 5, actor → "z" to writingMathThresholdUnionAt10000PreservesBothAuthorsAndUndo(version:actor:) started.
◇ Test sameContentConversionMatchesIndependentConcurrentSuffixFixturesThroughUndoReopenAndDuplicatePackets() started.
◇ Test case passing 1 argument actor → "a" to retainedPasteBaselineRoleRequiresObservedRetirement(actor:) started.
◇ Test case passing 1 argument actor → "z" to retainedPasteBaselineRoleRequiresObservedRetirement(actor:) started.
✔ Test schemaRetainedPeerSupportsConversionShortcutAndMerge(command:) with 6 test cases passed after 12.558 seconds.
◇ Test softBreakMatchesIndependentFixtureAndSharesOneUndoWithPeerSafeCapturedReplacement() started.
◇ Test malformedInactiveConversionRejectsBeforeMissingCausalRecovery() started.
◇ Test concurrentHeadingRegisterUndoRevealsPeerValueInsteadOfOverwritingIt() started.
◇ Test distinctCommandPolicyCompositionAndTitleRejectWithoutMutatingHistory() started.
✔ Test schemaProjectedPeerParagraphSupportsEnterMoveUndoAndReopen(baseline:) with 2 test cases passed after 12.599 seconds.
◇ Test unchangedConversionAndLossyOrInvalidTargetsDoNotChangeSavedHistory() started.
◇ Test case passing 1 argument actor → "a" to hierarchicalPasteDeletesOnlyObservedIntermediateSubtrees(actor:) started.
◇ Test case passing 1 argument actor → "z" to hierarchicalPasteDeletesOnlyObservedIntermediateSubtrees(actor:) started.
◇ Test conversionPreservesRichReferenceOpaqueFieldsAndCaretInsideAtomicLabel() started.
◇ Test listStyleConversionKeepsNestedChecklistOriginsStateAndFieldCaret() started.
◇ Test case passing 1 argument actor → "a" to v4RequiredUndoPersistsAndExplicitRedoRetainsEveryHistory(actor:) started.
◇ Test case passing 1 argument actor → "z" to v4RequiredUndoPersistsAndExplicitRedoRetainsEveryHistory(actor:) started.
◇ Test completionPreservesPeerCaptionOpaqueMetadataAndOriginalOriginThroughMoveUndoReopen() started.
◇ Test case passing 1 argument version → 1 to reservedSeedReferencesRejectAtomically(version:) started.
◇ Test case passing 1 argument version → 2 to reservedSeedReferencesRejectAtomically(version:) started.
◇ Test invalidMetadataNeverChangesAcceptedHistoryOrRequestRecord(_:) started.
◇ Test previewOnlyUpdatesDescriptiveMetadataAndExplicitNullRemovesOptionalValues() started.
◇ Test concurrentDeletionPreventsValidPeerCompletionFromRecreatingContent() started.
◇ Test completionPublicationPreservesAnotherRequestFailureFromTheHostCallback() started.
◇ Test acceptedReplacementDocumentAndEpochRejectLateResultWithOriginReceiptStillPending() started.
◇ Test case passing 2 arguments seed → 1, kind → .root to generatedRecoveryCollisionsRetainAllCollectionKinds(seed:kind:) started.
◇ Test case passing 2 arguments seed → 1, kind → .toggleChildren to generatedRecoveryCollisionsRetainAllCollectionKinds(seed:kind:) started.
◇ Test case passing 2 arguments seed → 1, kind → .listItems to generatedRecoveryCollisionsRetainAllCollectionKinds(seed:kind:) started.
◇ Test case passing 2 arguments seed → 1, kind → .tableRows to generatedRecoveryCollisionsRetainAllCollectionKinds(seed:kind:) started.
◇ Test case passing 2 arguments seed → 1, kind → .tableCells to generatedRecoveryCollisionsRetainAllCollectionKinds(seed:kind:) started.
◇ Test case passing 2 arguments seed → 7, kind → .root to generatedRecoveryCollisionsRetainAllCollectionKinds(seed:kind:) started.
◇ Test case passing 2 arguments seed → 7, kind → .toggleChildren to generatedRecoveryCollisionsRetainAllCollectionKinds(seed:kind:) started.
◇ Test case passing 2 arguments seed → 7, kind → .listItems to generatedRecoveryCollisionsRetainAllCollectionKinds(seed:kind:) started.
◇ Test case passing 2 arguments seed → 7, kind → .tableRows to generatedRecoveryCollisionsRetainAllCollectionKinds(seed:kind:) started.
◇ Test case passing 2 arguments seed → 7, kind → .tableCells to generatedRecoveryCollisionsRetainAllCollectionKinds(seed:kind:) started.
◇ Test case passing 2 arguments seed → 42, kind → .root to generatedRecoveryCollisionsRetainAllCollectionKinds(seed:kind:) started.
◇ Test case passing 2 arguments seed → 42, kind → .toggleChildren to generatedRecoveryCollisionsRetainAllCollectionKinds(seed:kind:) started.
◇ Test case passing 2 arguments seed → 42, kind → .listItems to generatedRecoveryCollisionsRetainAllCollectionKinds(seed:kind:) started.
◇ Test case passing 2 arguments seed → 42, kind → .tableRows to generatedRecoveryCollisionsRetainAllCollectionKinds(seed:kind:) started.
◇ Test case passing 2 arguments seed → 42, kind → .tableCells to generatedRecoveryCollisionsRetainAllCollectionKinds(seed:kind:) started.
◇ Test case passing 2 arguments seed → 255, kind → .root to generatedRecoveryCollisionsRetainAllCollectionKinds(seed:kind:) started.
◇ Test case passing 2 arguments seed → 255, kind → .toggleChildren to generatedRecoveryCollisionsRetainAllCollectionKinds(seed:kind:) started.
◇ Test case passing 2 arguments seed → 255, kind → .listItems to generatedRecoveryCollisionsRetainAllCollectionKinds(seed:kind:) started.
◇ Test case passing 2 arguments seed → 255, kind → .tableRows to generatedRecoveryCollisionsRetainAllCollectionKinds(seed:kind:) started.
◇ Test case passing 2 arguments seed → 255, kind → .tableCells to generatedRecoveryCollisionsRetainAllCollectionKinds(seed:kind:) started.
◇ Test forgedAppliedLocalReceiptCannotAcknowledgePendingOriginAfterReopen() started.
◇ Test forgedSharedMetadataAndWrongSourceProofRejectEvenWhenInactive() started.
◇ Test fileInsertionAndCompletionAreSeparateStepsAndKeepConsumerPendingMetadata() started.
◇ Test deletedOrReusedLabelNeverReceivesCompletionAndExplicitRetryAfterDeletionUndoIsPossible() started.
◇ Test sourceChangeRetainsOldResultAndFreshTargetCompletesWithoutOverwritingNewPreviewURL() started.
✔ Test v5RejectsMixedVersionsAndUnknownVersionsWithoutAdmission() passed after 13.551 seconds.
✔ Test documentMigrationCorpusRetainsEveryFieldAndRejectsInvalidKnownShapes() passed after 13.551 seconds.
◇ Test case passing 1 argument metadataType → "host-metadata" to createdListDescendantsRetainOpaqueTypeMetadata(metadataType:) started.
◇ Test case passing 1 argument metadataType → "math" to createdListDescendantsRetainOpaqueTypeMetadata(metadataType:) started.
◇ Test case passing 1 argument metadataType → "toggle" to createdListDescendantsRetainOpaqueTypeMetadata(metadataType:) started.
◇ Test localArchiveAndGenerationValidationAreAtomicAndCapacityNeedsExplicitForget() started.
◇ Test case passing 2 arguments actor → "a", acrossContainer → false to hierarchicalPasteForeignMovedImportRetainsPeerWorkThroughAuthorUndo(actor:acrossContainer:) started.
◇ Test case passing 2 arguments actor → "a", acrossContainer → true to hierarchicalPasteForeignMovedImportRetainsPeerWorkThroughAuthorUndo(actor:acrossContainer:) started.
◇ Test case passing 2 arguments actor → "z", acrossContainer → false to hierarchicalPasteForeignMovedImportRetainsPeerWorkThroughAuthorUndo(actor:acrossContainer:) started.
◇ Test case passing 2 arguments actor → "z", acrossContainer → true to hierarchicalPasteForeignMovedImportRetainsPeerWorkThroughAuthorUndo(actor:acrossContainer:) started.
◇ Test nearFullArchiveReservesFailureAndCancellationWithoutLosingAcceptedLocalState() started.
◇ Test cancellationSupersededGenerationAndReusedRequestIDCannotApplyLateResult() started.
◇ Test unchangedResultAndRepeatedDeliveryHaveNoHistoryAndNoAutomaticRedo() started.
◇ Test policyAndCompositionRetainInertResultForExplicitResubmissionAndDoNotChangeHistory() started.
◇ Test failureAndInterruptedReopenPreserveLocalPendingErrorResultWithoutSharedMutation() started.
◇ Test modernFileValidationDoesNotReinterpretLegacyOpaqueFiles() started.
◇ Test case passing 1 argument actor → "a" to retainedPasteRichReferenceCannotFlattenThroughConcurrentCode(actor:) started.
◇ Test case passing 1 argument actor → "z" to retainedPasteRichReferenceCannotFlattenThroughConcurrentCode(actor:) started.
◇ Test independentConcurrentMetadataRegistersComposeAndAuthorUndoRevealsPeerWinner() started.
◇ Test case passing 1 argument actor → "a" to hierarchicalPasteBoundaryAncestorKeepsChildrenAndForeignDescendants(actor:) started.
◇ Test case passing 1 argument actor → "z" to hierarchicalPasteBoundaryAncestorKeepsChildrenAndForeignDescendants(actor:) started.
◇ Test case passing 2 arguments version → 4, scenario → ("a", 15) to writingDepthBoundaryKeepsOriginsAndPeerAtomsThroughExplicitRecovery(version:scenario:) started.
◇ Test case passing 2 arguments version → 4, scenario → ("a", 16) to writingDepthBoundaryKeepsOriginsAndPeerAtomsThroughExplicitRecovery(version:scenario:) started.
◇ Test case passing 2 arguments version → 4, scenario → ("z", 15) to writingDepthBoundaryKeepsOriginsAndPeerAtomsThroughExplicitRecovery(version:scenario:) started.
◇ Test case passing 2 arguments version → 4, scenario → ("z", 16) to writingDepthBoundaryKeepsOriginsAndPeerAtomsThroughExplicitRecovery(version:scenario:) started.
◇ Test case passing 2 arguments version → 5, scenario → ("a", 15) to writingDepthBoundaryKeepsOriginsAndPeerAtomsThroughExplicitRecovery(version:scenario:) started.
◇ Test case passing 2 arguments version → 5, scenario → ("a", 16) to writingDepthBoundaryKeepsOriginsAndPeerAtomsThroughExplicitRecovery(version:scenario:) started.
◇ Test case passing 2 arguments version → 5, scenario → ("z", 15) to writingDepthBoundaryKeepsOriginsAndPeerAtomsThroughExplicitRecovery(version:scenario:) started.
◇ Test case passing 2 arguments version → 5, scenario → ("z", 16) to writingDepthBoundaryKeepsOriginsAndPeerAtomsThroughExplicitRecovery(version:scenario:) started.
◇ Test case passing 1 argument retired → false to schemaEmptyExitRejectsVisibleAndRetainedRootLabelCollisionAtomically(retired:) started.
◇ Test case passing 1 argument retired → true to schemaEmptyExitRejectsVisibleAndRetainedRootLabelCollisionAtomically(retired:) started.
◇ Test case passing 1 argument version → 1 to knownUndoTargetsMustBeEdits(version:) started.
◇ Test case passing 1 argument version → 2 to knownUndoTargetsMustBeEdits(version:) started.
◇ Test case passing 1 argument levels → 17 to depthLimitUnionCanBeRepairedWithoutChangingExistingIDsOrContent(levels:) started.
◇ Test case passing 1 argument levels → 20 to depthLimitUnionCanBeRepairedWithoutChangingExistingIDsOrContent(levels:) started.
◇ Test case passing 1 argument levels → 24 to depthLimitUnionCanBeRepairedWithoutChangingExistingIDsOrContent(levels:) started.
✔ Test writingSessionRecoveryRepairUndoPreservesRemoteCutAndFailureProposal() passed after 17.670 seconds.
◇ Test case passing 1 argument actor → "a" to mixedPasteAbsorbsOnlyExplicitInlineBoundariesAndFreshensWholeSchemaNodes(actor:) started.
◇ Test case passing 1 argument actor → "z" to mixedPasteAbsorbsOnlyExplicitInlineBoundariesAndFreshensWholeSchemaNodes(actor:) started.
◇ Test case passing 1 argument repairConversion → false to schemaInactiveConversionAllowsEitherAuthorToRepairPriorSortedMetadataConflict(repairConversion:) started.
◇ Test case passing 1 argument repairConversion → true to schemaInactiveConversionAllowsEitherAuthorToRepairPriorSortedMetadataConflict(repairConversion:) started.
◇ Test case passing 2 arguments list → false, actor → "a" to v4EmptySplitHeadPositionFollowsRetainedBoundaryAcrossPeerEditsUndoReopenAndRedo(list:actor:) started.
◇ Test case passing 2 arguments list → false, actor → "z" to v4EmptySplitHeadPositionFollowsRetainedBoundaryAcrossPeerEditsUndoReopenAndRedo(list:actor:) started.
◇ Test case passing 2 arguments list → true, actor → "a" to v4EmptySplitHeadPositionFollowsRetainedBoundaryAcrossPeerEditsUndoReopenAndRedo(list:actor:) started.
◇ Test case passing 2 arguments list → true, actor → "z" to v4EmptySplitHeadPositionFollowsRetainedBoundaryAcrossPeerEditsUndoReopenAndRedo(list:actor:) started.
◇ Test case passing 1 argument version → 1 to sameChangeMovesCannotHideExistingContentInAnAnchorCycle(version:) started.
◇ Test case passing 1 argument version → 2 to sameChangeMovesCannotHideExistingContentInAnAnchorCycle(version:) started.
◇ Test case passing 1 argument actor → "a" to crossPastePreservesUnseenIntermediateChildAndBoundaryText(actor:) started.
◇ Test case passing 1 argument actor → "z" to crossPastePreservesUnseenIntermediateChildAndBoundaryText(actor:) started.
◇ Test case passing 2 arguments actor → "a", reversedDelivery → false to hierarchicalPasteConcurrentImportsUseRetainedRankInSameChildCollection(actor:reversedDelivery:) started.
◇ Test case passing 2 arguments actor → "a", reversedDelivery → true to hierarchicalPasteConcurrentImportsUseRetainedRankInSameChildCollection(actor:reversedDelivery:) started.
◇ Test case passing 2 arguments actor → "z", reversedDelivery → false to hierarchicalPasteConcurrentImportsUseRetainedRankInSameChildCollection(actor:reversedDelivery:) started.
◇ Test case passing 2 arguments actor → "z", reversedDelivery → true to hierarchicalPasteConcurrentImportsUseRetainedRankInSameChildCollection(actor:reversedDelivery:) started.
◇ Test case passing 1 argument version → 1 to independentTextAcceptanceUndoDoesNotResurrectAnotherAuthorsDeletion(version:) started.
◇ Test case passing 1 argument version → 2 to independentTextAcceptanceUndoDoesNotResurrectAnotherAuthorsDeletion(version:) started.
✔ Test requiredContentRepairAdmitsFailedAuthorUndoWithoutDroppingRemoteMetadata() passed after 18.160 seconds.
◇ Test emptyRemovalReturnsUsableInsertionBoundaryAtFormerLayoutPosition() started.
◇ Test case passing 1 argument inactive → false to spliceDuplicateDescriptorMustRemainMalformedWhenAuthorUndone(inactive:) started.
◇ Test case passing 1 argument inactive → true to spliceDuplicateDescriptorMustRemainMalformedWhenAuthorUndone(inactive:) started.
◇ Test case passing 1 argument delivery → 0 to impossiblePriorCreationPathsRejectAtomically(delivery:) started.
◇ Test case passing 1 argument delivery → 1 to impossiblePriorCreationPathsRejectAtomically(delivery:) started.
◇ Test case passing 1 argument delivery → 2 to impossiblePriorCreationPathsRejectAtomically(delivery:) started.
◇ Test malformedInactiveColumnOperationAndCausallyRemovedTargetsReject() started.
◇ Test checkedInsertFocusAndWholeBodyDeleteInsertionTargetAreUsableAndAtomic() started.
◇ Test conflictingFlattenedLabelsRetainUnionUntilAuthorRepairInsteadOfLosingPeerChild() started.
◇ Test independentNestedMoveFixtureKeepsSelectionOriginAndSingleUndoReopen() started.
◇ Test emptyCreationHasNoPlaceholderAndAllowsOutsideLayoutNestedBoundaries() started.
◇ Test removalDoesNotOverrideIndependentPeerMoveAndConcurrentRemovalsNeverDuplicate() started.
◇ Test creationUndoFlattensPeerChildrenAfterRestoredSelectionAndRetainsHistoricalAnchors() started.
◇ Test modernColumnRoutesRejectAtEveryLegacyProtocolWithoutReceiptOrSaveChanges() started.
◇ Test creationMatchesIndependentFixtureAndKeepsCaretOriginsOneUndoAndReopen() started.
◇ Test malformedTargetsAndPoliciesCompositionAndScopeLeaveStateUnchanged() started.
◇ Test reorderBetweenListsPreservesOriginsCheckedStatePeerTextAndNoopHistory() started.
◇ Test removalMatchesFlattenedFixtureRestoresSplitAndCaretAndRoutesLatePeerPackets() started.
◇ Test invalidNestedAndNoncontiguousCreationAndSplitDoNotChangeSavedHistory() started.
◇ Test case passing 2 arguments actor → "a", scenario → "source-before" to retainedPasteConcurrentSplitsOrderRetainedEndpointGroup(actor:scenario:) started.
◇ Test case passing 2 arguments actor → "a", scenario → "source-after" to retainedPasteConcurrentSplitsOrderRetainedEndpointGroup(actor:scenario:) started.
◇ Test case passing 2 arguments actor → "a", scenario → "endpoint-before" to retainedPasteConcurrentSplitsOrderRetainedEndpointGroup(actor:scenario:) started.
◇ Test case passing 2 arguments actor → "a", scenario → "endpoint-after" to retainedPasteConcurrentSplitsOrderRetainedEndpointGroup(actor:scenario:) started.
◇ Test case passing 2 arguments actor → "z", scenario → "source-before" to retainedPasteConcurrentSplitsOrderRetainedEndpointGroup(actor:scenario:) started.
◇ Test case passing 2 arguments actor → "z", scenario → "source-after" to retainedPasteConcurrentSplitsOrderRetainedEndpointGroup(actor:scenario:) started.
◇ Test case passing 2 arguments actor → "z", scenario → "endpoint-before" to retainedPasteConcurrentSplitsOrderRetainedEndpointGroup(actor:scenario:) started.
◇ Test case passing 2 arguments actor → "z", scenario → "endpoint-after" to retainedPasteConcurrentSplitsOrderRetainedEndpointGroup(actor:scenario:) started.
◇ Test inactiveInlineConversionDoesNotConflictWithPeerCodeShape() started.
◇ Test synchronizedResizeLWWAuthorUndoReopenAndNoopMatchIndependentSnapshots() started.
◇ Test capturedItemsFollowObservedPeerMovesBeforeStyleAndChecklistCommands() started.
◇ Test removalUndoKeepsInsertionsAnchoredAfterPreviouslyFlattenedChildOutsideLayout() started.
◇ Test case passing 2 arguments seed → 1, kind → .root to generatedStructuralCollectionsOfflineEditsAndHistoryConverge(seed:kind:) started.
◇ Test case passing 2 arguments seed → 1, kind → .toggleChildren to generatedStructuralCollectionsOfflineEditsAndHistoryConverge(seed:kind:) started.
◇ Test case passing 2 arguments seed → 1, kind → .listItems to generatedStructuralCollectionsOfflineEditsAndHistoryConverge(seed:kind:) started.
◇ Test case passing 2 arguments seed → 1, kind → .tableRows to generatedStructuralCollectionsOfflineEditsAndHistoryConverge(seed:kind:) started.
◇ Test case passing 2 arguments seed → 1, kind → .tableCells to generatedStructuralCollectionsOfflineEditsAndHistoryConverge(seed:kind:) started.
◇ Test case passing 2 arguments seed → 7, kind → .root to generatedStructuralCollectionsOfflineEditsAndHistoryConverge(seed:kind:) started.
◇ Test case passing 2 arguments seed → 7, kind → .toggleChildren to generatedStructuralCollectionsOfflineEditsAndHistoryConverge(seed:kind:) started.
◇ Test case passing 2 arguments seed → 7, kind → .listItems to generatedStructuralCollectionsOfflineEditsAndHistoryConverge(seed:kind:) started.
◇ Test case passing 2 arguments seed → 7, kind → .tableRows to generatedStructuralCollectionsOfflineEditsAndHistoryConverge(seed:kind:) started.
◇ Test case passing 2 arguments seed → 7, kind → .tableCells to generatedStructuralCollectionsOfflineEditsAndHistoryConverge(seed:kind:) started.
◇ Test case passing 2 arguments seed → 42, kind → .root to generatedStructuralCollectionsOfflineEditsAndHistoryConverge(seed:kind:) started.
◇ Test case passing 2 arguments seed → 42, kind → .toggleChildren to generatedStructuralCollectionsOfflineEditsAndHistoryConverge(seed:kind:) started.
◇ Test case passing 2 arguments seed → 42, kind → .listItems to generatedStructuralCollectionsOfflineEditsAndHistoryConverge(seed:kind:) started.
◇ Test case passing 2 arguments seed → 42, kind → .tableRows to generatedStructuralCollectionsOfflineEditsAndHistoryConverge(seed:kind:) started.
◇ Test case passing 2 arguments seed → 42, kind → .tableCells to generatedStructuralCollectionsOfflineEditsAndHistoryConverge(seed:kind:) started.
◇ Test case passing 2 arguments seed → 255, kind → .root to generatedStructuralCollectionsOfflineEditsAndHistoryConverge(seed:kind:) started.
◇ Test case passing 2 arguments seed → 255, kind → .toggleChildren to generatedStructuralCollectionsOfflineEditsAndHistoryConverge(seed:kind:) started.
◇ Test case passing 2 arguments seed → 255, kind → .listItems to generatedStructuralCollectionsOfflineEditsAndHistoryConverge(seed:kind:) started.
◇ Test case passing 2 arguments seed → 255, kind → .tableRows to generatedStructuralCollectionsOfflineEditsAndHistoryConverge(seed:kind:) started.
◇ Test case passing 2 arguments seed → 255, kind → .tableCells to generatedStructuralCollectionsOfflineEditsAndHistoryConverge(seed:kind:) started.
◇ Test case passing 2 arguments seed → 65537, kind → .root to generatedStructuralCollectionsOfflineEditsAndHistoryConverge(seed:kind:) started.
◇ Test case passing 2 arguments seed → 65537, kind → .toggleChildren to generatedStructuralCollectionsOfflineEditsAndHistoryConverge(seed:kind:) started.
◇ Test case passing 2 arguments seed → 65537, kind → .listItems to generatedStructuralCollectionsOfflineEditsAndHistoryConverge(seed:kind:) started.
◇ Test case passing 2 arguments seed → 65537, kind → .tableRows to generatedStructuralCollectionsOfflineEditsAndHistoryConverge(seed:kind:) started.
◇ Test case passing 2 arguments seed → 65537, kind → .tableCells to generatedStructuralCollectionsOfflineEditsAndHistoryConverge(seed:kind:) started.
◇ Test case passing 2 arguments seed → 20260930, kind → .root to generatedStructuralCollectionsOfflineEditsAndHistoryConverge(seed:kind:) started.
◇ Test case passing 2 arguments seed → 20260930, kind → .toggleChildren to generatedStructuralCollectionsOfflineEditsAndHistoryConverge(seed:kind:) started.
◇ Test case passing 2 arguments seed → 20260930, kind → .listItems to generatedStructuralCollectionsOfflineEditsAndHistoryConverge(seed:kind:) started.
◇ Test case passing 2 arguments seed → 20260930, kind → .tableRows to generatedStructuralCollectionsOfflineEditsAndHistoryConverge(seed:kind:) started.
◇ Test case passing 2 arguments seed → 20260930, kind → .tableCells to generatedStructuralCollectionsOfflineEditsAndHistoryConverge(seed:kind:) started.
◇ Test case passing 2 arguments seed → 999983, kind → .root to generatedStructuralCollectionsOfflineEditsAndHistoryConverge(seed:kind:) started.
◇ Test case passing 2 arguments seed → 999983, kind → .toggleChildren to generatedStructuralCollectionsOfflineEditsAndHistoryConverge(seed:kind:) started.
◇ Test case passing 2 arguments seed → 999983, kind → .listItems to generatedStructuralCollectionsOfflineEditsAndHistoryConverge(seed:kind:) started.
◇ Test case passing 2 arguments seed → 999983, kind → .tableRows to generatedStructuralCollectionsOfflineEditsAndHistoryConverge(seed:kind:) started.
◇ Test case passing 2 arguments seed → 999983, kind → .tableCells to generatedStructuralCollectionsOfflineEditsAndHistoryConverge(seed:kind:) started.
◇ Test case passing 2 arguments seed → 4294967295, kind → .root to generatedStructuralCollectionsOfflineEditsAndHistoryConverge(seed:kind:) started.
◇ Test case passing 2 arguments seed → 4294967295, kind → .toggleChildren to generatedStructuralCollectionsOfflineEditsAndHistoryConverge(seed:kind:) started.
◇ Test case passing 2 arguments seed → 4294967295, kind → .listItems to generatedStructuralCollectionsOfflineEditsAndHistoryConverge(seed:kind:) started.
◇ Test case passing 2 arguments seed → 4294967295, kind → .tableRows to generatedStructuralCollectionsOfflineEditsAndHistoryConverge(seed:kind:) started.
◇ Test case passing 2 arguments seed → 4294967295, kind → .tableCells to generatedStructuralCollectionsOfflineEditsAndHistoryConverge(seed:kind:) started.
◇ Test resizePacketBeforeLayoutBirthRetainsRecoveryThenConvergesWithoutPromotingReceipt() started.
◇ Test genericBlockCommandsKeepItemTableAndDocumentBoundariesClosed() started.
◇ Test deletedSourceAndOwnerReusedLabelsScopeAndPolicyRejectUnchanged() started.
◇ Test concurrentListStylesConvergeAndUndoRevealsPeerWinner() started.
◇ Test capturedOrderSurvivesPeerMovesAndHistoricalDeletedBoundaryRemainsUsable() started.
◇ Test case passing 1 argument type → "heading" to v4InlineEnterPreservesSourceAttributesRichSuffixAndAuthorUndo(type:) started.
◇ Test case passing 1 argument type → "quote" to v4InlineEnterPreservesSourceAttributesRichSuffixAndAuthorUndo(type:) started.
◇ Test case passing 1 argument type → "callout" to v4InlineEnterPreservesSourceAttributesRichSuffixAndAuthorUndo(type:) started.
◇ Test multiItemOutdentKeepsUnselectedChildrenAndReopenedPeerEdits() started.
◇ Test nestedListsTablesColumnsFreshenOnlySchemaIDsAndRetainLiteralRichAndOpaqueFields() started.
◇ Test compositionAndReducedActionPolicyRejectLocalStyleButPreserveRemoteStyleAndChecks() started.
◇ Test forgedCopyPayloadAndInvisibleMalformedPacketsRejectAtomically() started.
◇ Test directListStyleConversionPreservesPeerStyleAfterCreatorUndo() started.
◇ Test actual32MBUnionRetainsRejectedHistoryAndPeerMetadata(version:excess:) started.
◇ Test styleChangesDeduplicateContainingOwnersAndPreserveCheckedRichAndOpaqueFields() started.
◇ Test copiedExposedPeerParagraphAndFollowingAnchorSurviveOriginalListRedo() started.
◇ Test concurrentNestedMovesPreserveBothAuthorsAndUndoUsesRemainingPlacement() started.
◇ Test duplicateFromPeerSplitCopiesOnlyCurrentVisibleContentNotBirthPayload() started.
◇ Test case passing 1 argument actor → "a" to retainedPasteCanReuseObservedOrdinarySplitTail(actor:) started.
◇ Test case passing 1 argument actor → "z" to retainedPasteCanReuseObservedOrdinarySplitTail(actor:) started.
◇ Test admissionCopiesObservedTextButLaterOriginalPeerEditsAndUndoRemainIndependent() started.
◇ Test multiItemIndentPreservesRichMetadataChildrenPeerTextCaretAndSingleUndo(actor:) started.
◇ Test opaqueBlockIsCopiedVerbatimWithItsOnlyKnownSchemaIDFreshened() started.
◇ Test copiedChildPeersRemainRecoverableAcrossAuthorUndoRedoAndReopen() started.
◇ Test checklistUpdatesOnlyChangedItemsAndOneUndoRetainsDisjointPeerWrites() started.
◇ Test acceptedDuplicateLiteralSelectsCopyAndFocusesItsFirstInputOneStep() started.
◇ Test peerStyleAndChecklistHistorySurviveListCreationUndoAndRedo() started.
◇ Test columnDestinationAdmitsOrdinaryCopiesAndRejectsNestedLayoutOrDeletedOwner() started.
◇ Test activeInlineCodeUnionRetainsAcceptedStateUntilAuthorRepair() started.
◇ Test concurrentColumnCutsRemainReachableAfterFlatteningUndoAndRejoin() started.
◇ Test concurrentCutsPartitionSuffixInTextOrderAndEachAuthorUndoRetainsOtherCut() started.
◇ Test nativeJSONEnvelopeChecksListArgumentsPolicyCapturesAndFocus() started.
◇ Test splitKeepsHeadingSourceMetadataRichReferencesAndAtomicBoundaries() started.
◇ Test hierarchyHistoryRetainsLateBirthRecoveryUntilCreatorPacketArrives() started.
◇ Test forgedListPlansRejectEvenWhenDisabledWithoutAcknowledgment(fault:) started.
◇ Test incompatibleMergePolicyTitleAndForgedCutProofRejectWithoutHistoryChanges() started.
◇ Test nestedEmptyChecklistEnterOutdentsAndRetainsHistory() started.
◇ Test invalidHierarchyTargetsRejectWithoutStateHistoryOrReceiptChanges(fault:) started.
◇ Test nestedChecklistSplitRetainsParentChildrenAndResetsNewItemCheckedState() started.
◇ Test emptyHeadTraversesMultipleRetiredSplitsButExplicitDeletionDoesNotRetarget() started.
◇ Test capturedCaretRebasesThroughObservedPeerCutBeforeSecondSplit() started.
◇ Test mergeRetainsRightPeerAtomsAndAnchorsAcrossUndoReopen() started.
◇ Test splitAfterColumnRemovalAndUndoKeepsLogicalOriginRoutes() started.
◇ Test retainedSuffixCaretAndPeerReplacementFollowSplitUndoRedoAndReopen() started.
◇ Test emptySplitHeadReturnsToExactRetainedBoundaryOnUndoIncludingPeerPrefixAndReopen() started.
◇ Test joinedSourceInputUsesCapturedAtomsAndRejectsUnrelatedFieldAnchor() started.
✔ Test schemaConcurrentUnobservedPeerAndRetirementCanRetainRole(undoActor:) with 2 test cases passed after 71.848 seconds.
✔ Test nestedPositionsRespectAtomicReferencesAndDoNotChangeSavedState() passed after 71.917 seconds.
✔ Test v4RepairGuardsPreserveAcceptedAndPendingHistories() passed after 71.947 seconds.
✔ Test writingSessionConcurrentDifferentCutsPreserveSegmentOrder(swap:) with 2 test cases passed after 71.976 seconds.
◇ Test case passing 1 argument fault → "none" to invalidSemanticTargetsAndRolesRejectAtomically(fault:) started.
◇ Test case passing 1 argument fault → "both" to invalidSemanticTargetsAndRolesRejectAtomically(fault:) started.
◇ Test case passing 1 argument fault → "wrongCaret" to invalidSemanticTargetsAndRolesRejectAtomically(fault:) started.
◇ Test case passing 1 argument fault → "unknown" to invalidSemanticTargetsAndRolesRejectAtomically(fault:) started.
◇ Test case passing 1 argument fault → "item" to invalidSemanticTargetsAndRolesRejectAtomically(fault:) started.
◇ Test case passing 1 argument fault → "deleted" to invalidSemanticTargetsAndRolesRejectAtomically(fault:) started.
◇ Test case passing 1 argument fault → "scope" to invalidSemanticTargetsAndRolesRejectAtomically(fault:) started.
◇ Test case passing 1 argument fault → "role" to invalidSemanticTargetsAndRolesRejectAtomically(fault:) started.
◇ Test case passing 1 argument fault → "codeRange" to invalidSemanticTargetsAndRolesRejectAtomically(fault:) started.
◇ Test case passing 1 argument fault → "titleRange" to invalidSemanticTargetsAndRolesRejectAtomically(fault:) started.
✔ Test collectionTableConcurrentRowsCellsReorderRemoveAndReopenedUndo() passed after 72.209 seconds.
✔ Test unicodeRangesAndRoundTrip() passed after 72.323 seconds.
✔ Test schemaPeerListStyleSurvivesWrapperUndoAsMetadataAndRedoUsesPeerStyle() passed after 72.535 seconds.
◇ Test case passing 1 argument fault → "role" to malformedSemanticPacketsRejectEvenInactiveWithoutReceiptOrRecovery(fault:) started.
◇ Test case passing 1 argument fault → "document" to malformedSemanticPacketsRejectEvenInactiveWithoutReceiptOrRecovery(fault:) started.
◇ Test case passing 1 argument fault → "unknown" to malformedSemanticPacketsRejectEvenInactiveWithoutReceiptOrRecovery(fault:) started.
◇ Test case passing 1 argument fault → "item" to malformedSemanticPacketsRejectEvenInactiveWithoutReceiptOrRecovery(fault:) started.
◇ Test case passing 1 argument fault → "duplicate" to malformedSemanticPacketsRejectEvenInactiveWithoutReceiptOrRecovery(fault:) started.
◇ Test case passing 1 argument fault → "future" to malformedSemanticPacketsRejectEvenInactiveWithoutReceiptOrRecovery(fault:) started.
✔ Test schemaV4CannotEnterV3SessionAndRestrictionsRemainAtomic() passed after 72.599 seconds.
◇ Test case passing 1 argument href → "javascript:alert(1)" to invalidLinksNeverMutateStateOrStripExistingMarks(href:) started.
◇ Test case passing 1 argument href → "data:text/html,test" to invalidLinksNeverMutateStateOrStripExistingMarks(href:) started.
◇ Test case passing 1 argument href → "file:///tmp/file" to invalidLinksNeverMutateStateOrStripExistingMarks(href:) started.
◇ Test case passing 1 argument href → "https://" to invalidLinksNeverMutateStateOrStripExistingMarks(href:) started.
◇ Test case passing 1 argument href → "relative" to invalidLinksNeverMutateStateOrStripExistingMarks(href:) started.
◇ Test case passing 1 argument href → "https://example.com/space here" to invalidLinksNeverMutateStateOrStripExistingMarks(href:) started.
◇ Test case passing 1 argument href → "https://example.com/
" to invalidLinksNeverMutateStateOrStripExistingMarks(href:) started.
◇ Test case passing 1 argument href → "mailto:" to invalidLinksNeverMutateStateOrStripExistingMarks(href:) started.
◇ Test packetCountRawBytesAndHeldBytesUseIndependentLimitsWithoutReceipt() started.
◇ Test noopsAndFailedCommandsPreserveAcceptedHistoryAndCompositionEndsTypingGroup() started.
◇ Test unobservedReferencesDuplicateBirthsCrossFieldRoutesAndForeignUndoReject() started.
◇ Test invalidDeferredPacketRemainsExportableAndQueueLimitDoesNotAcknowledge() started.
◇ Test missingCausalPacketIsSeparatelyRecoverableWithoutReceiptThenAcceptsUnion() started.
◇ Test callbacksObserveFinalHistoryAndCannotReenterPublication() started.
◇ Test unknownWireFieldsAndMalformedSavedHistoryRejectRatherThanDisappear() started.
◇ Test independentAppearanceRegistersAndSameFieldWinsConvergeAcrossOrder(_:) started.
◇ Test typingGroupUndoRetainsPeerAtomsAndHistoryOrderAcrossReopen() started.
◇ Test malformedOperationWithMissingDependencyRejectsInsteadOfCreatingRecovery() started.
◇ Test schemaUnionRecoveryRetainsBothAuthorsAndRepairDisablesOnlyOwnEdit() started.
◇ Test mismatchedScopeUnsupportedFormatDuplicateKeysAndLossyNumbersRejectUnchanged() started.
◇ Test compositionHoldPreservesLocalDraftBoundaryQueuesNoReceiptAndReleasesOnce() started.
◇ Test malformedPlainTitleAndInactiveTransactionsNeverAcknowledge(_:) started.
✔ Test schemaRetirementBeforePeerBirthCannotForgeExposure() passed after 72.802 seconds.
◇ Test independentTitleAppearanceFixturesPassSharedSessionPeerUndoRedoAndReopen() started.
◇ Test bodyFieldsInsideColumnsRemainDistinctAndLiteralAtomsRejectRichMarks() started.
◇ Test anchoredBackwardRangeRetainsUnobservedPeerTextAndUnicodeCaret() started.
✔ Test recoveryTextEditsRetainUnicodeMarksAndAtomicReferences() passed after 72.802 seconds.
✔ Test v4TextRepairCompletesRequiredUndoAndPreservesAdditionalPeerMetadata(actor:) with 2 test cases passed after 72.803 seconds.
✔ Test v4ObservedRichPrefixSelectionReplacementRetainsReferencesFormattingAndPeerUndo(list:actor:) with 4 test cases passed after 72.803 seconds.
✔ Test writingSessionReentrantCompositionQueueRetainsNewPacketsDuringDrain() passed after 72.803 seconds.
✔ Test writingPrototypeSplitRetainsConcurrentTypingFormattingAndAtomOrigins() passed after 72.803 seconds.
✔ Test v4ScalarMetadataIsAtomicAndCannotReplaceSchemaRichTextOrConversionAttributes() passed after 72.803 seconds.
✔ Test schemaBaselineItemMoveUndoAndRedoKeepIdentityAndSubtree() passed after 72.803 seconds.
✔ Test retainedPasteEndpointRoleKeepsOpaqueIdentityThroughHistory(actor:) with 2 test cases passed after 72.803 seconds.
✔ Test pasteSpliceExplicitGroupKeepsConcurrentCutsInBoundaryOrder(pasteActor:pasteCut:) with 4 test cases passed after 72.803 seconds.
✔ Test nestedReceiveHoldsKeepReceiptsPendingAndDrainAfterInvalidBatch() passed after 72.803 seconds.
✔ Test v5SplicePreservesForeignMovedImportedContainerAndUnseenChildThroughAuthorUndoAndReopen() passed after 72.803 seconds.
✔ Test heldProtocolFailureDoesNotStopLaterNestedChangesOrAcknowledgeTheFailure() passed after 72.803 seconds.
✔ Test v4SoftBreakAfterInsertedRunSurvivesTransferredAndJoinedHistory(splitFirst:) with 2 test cases passed after 72.803 seconds.
✔ Test writingSessionCutoverPreservesDocumentIDRequiresReconciliationAndArchivesUndo() passed after 72.803 seconds.
✔ Test retainedPasteCannotRankFromGloballyKnownButUnobservedSourceAnchor() passed after 72.803 seconds.
✔ Test retiredSplitHeadPositionPreservesV3AndRejectsUnrelatedDeletion() passed after 72.803 seconds.
✔ Test pasteSpliceRejectsDuplicateOwnershipEvenWhenAuthorUndoRetainsMalformedEdit(inactive:) with 2 test cases passed after 72.803 seconds.
✔ Test externalNormalizationRejectsVersionDepthAndUnknownKindWithoutMutatingSource() passed after 72.803 seconds.
✔ Test exitRolesWithRankedAndFallbackOriginsKeepOneStableOrder() passed after 72.803 seconds.
✔ Test crossPasteMixedRetainsWholeImportsAndObservedSuffixOneUndo(actor:reversed:) with 4 test cases passed after 72.803 seconds.
◇ Test case passing 1 argument fault → "late" to forgedParagraphRolesRejectAtomicallyIncludingDisabledEdits(fault:) started.
◇ Test case passing 1 argument fault → "duplicate" to forgedParagraphRolesRejectAtomicallyIncludingDisabledEdits(fault:) started.
◇ Test case passing 1 argument fault → "wrongNode" to forgedParagraphRolesRejectAtomicallyIncludingDisabledEdits(fault:) started.
◇ Test case passing 1 argument fault → "wrongOwner" to forgedParagraphRolesRejectAtomicallyIncludingDisabledEdits(fault:) started.
◇ Test case passing 1 argument fault → "wrongRetirement" to forgedParagraphRolesRejectAtomicallyIncludingDisabledEdits(fault:) started.
◇ Test case passing 1 argument fault → "emptyExposure" to forgedParagraphRolesRejectAtomicallyIncludingDisabledEdits(fault:) started.
◇ Test case passing 1 argument fault → "oldExposure" to forgedParagraphRolesRejectAtomicallyIncludingDisabledEdits(fault:) started.
◇ Test case passing 1 argument fault → "selfAnchor" to forgedParagraphRolesRejectAtomicallyIncludingDisabledEdits(fault:) started.
◇ Test case passing 1 argument fault → "futureRetirement" to forgedParagraphRolesRejectAtomicallyIncludingDisabledEdits(fault:) started.
◇ Test case passing 1 argument fault → "forgedAnchor" to forgedParagraphRolesRejectAtomicallyIncludingDisabledEdits(fault:) started.
◇ Test case passing 1 argument fault → "currentAnchor" to forgedParagraphRolesRejectAtomicallyIncludingDisabledEdits(fault:) started.
✔ Test writingSessionCompositionDefersReceiptsCapturesSelectionAndReleasesOnce() passed after 73.040 seconds.
✔ Test emptyNestedListItemOutdentsWithoutChangingIdentity() passed after 73.040 seconds.
✔ Test writingSessionRejectsOldEpochProtocolAndMalformedBirthWithoutAcknowledging() passed after 73.063 seconds.
✔ Test sharedBridgeFixture() passed after 73.063 seconds.
◇ Test case passing 1 argument actor → "a" to concurrentFirstAndLastExitsConvergeWithRetainedOrdinals(actor:) started.
◇ Test case passing 1 argument actor → "z" to concurrentFirstAndLastExitsConvergeWithRetainedOrdinals(actor:) started.
✔ Test sameTransactionCreationSeedsRemainValid(version:) with 2 test cases passed after 73.167 seconds.
◇ Test case passing 1 argument command → "heading" to retainedPeerParagraphSupportsModernCommandsAndReopenedHistory(command:) started.
◇ Test case passing 1 argument command → "code" to retainedPeerParagraphSupportsModernCommandsAndReopenedHistory(command:) started.
◇ Test case passing 1 argument command → "list" to retainedPeerParagraphSupportsModernCommandsAndReopenedHistory(command:) started.
◇ Test case passing 1 argument command → "split" to retainedPeerParagraphSupportsModernCommandsAndReopenedHistory(command:) started.
◇ Test case passing 1 argument command → "move" to retainedPeerParagraphSupportsModernCommandsAndReopenedHistory(command:) started.
◇ Test case passing 1 argument command → "delete" to retainedPeerParagraphSupportsModernCommandsAndReopenedHistory(command:) started.
◇ Test case passing 1 argument command → "insert" to retainedPeerParagraphSupportsModernCommandsAndReopenedHistory(command:) started.
◇ Test case passing 1 argument command → "columns" to retainedPeerParagraphSupportsModernCommandsAndReopenedHistory(command:) started.
✔ Test formattingAndStructureRedoPreserveUnrelatedRemoteChanges() passed after 73.357 seconds.
◇ Test case passing 2 arguments index → 0, actor → "a" to emptyRootExitKeepsOwnerItemChildrenPeerTextAndReopenedUndo(index:actor:) started.
◇ Test case passing 2 arguments index → 0, actor → "z" to emptyRootExitKeepsOwnerItemChildrenPeerTextAndReopenedUndo(index:actor:) started.
◇ Test case passing 2 arguments index → 1, actor → "a" to emptyRootExitKeepsOwnerItemChildrenPeerTextAndReopenedUndo(index:actor:) started.
◇ Test case passing 2 arguments index → 1, actor → "z" to emptyRootExitKeepsOwnerItemChildrenPeerTextAndReopenedUndo(index:actor:) started.
◇ Test case passing 2 arguments index → 2, actor → "a" to emptyRootExitKeepsOwnerItemChildrenPeerTextAndReopenedUndo(index:actor:) started.
◇ Test case passing 2 arguments index → 2, actor → "z" to emptyRootExitKeepsOwnerItemChildrenPeerTextAndReopenedUndo(index:actor:) started.
✔ Test retainedPasteInsideObservedInsertedToggleKeepsNestedInitialProofs(actor:) with 2 test cases passed after 73.584 seconds.
◇ Test case passing 1 argument fault → "extraDelete" to forgedEmptyEnterPlansRejectWithoutAcknowledgment(fault:) started.
◇ Test case passing 1 argument fault → "wrongTail" to forgedEmptyEnterPlansRejectWithoutAcknowledgment(fault:) started.
◇ Test case passing 1 argument fault → "wrongRange" to forgedEmptyEnterPlansRejectWithoutAcknowledgment(fault:) started.
◇ Test case passing 1 argument fault → "nonempty" to forgedEmptyEnterPlansRejectWithoutAcknowledgment(fault:) started.
◇ Test case passing 1 argument fault → "wrongPlacement" to forgedEmptyEnterPlansRejectWithoutAcknowledgment(fault:) started.
◇ Test case passing 1 argument fault → "wrongScope" to forgedEmptyEnterPlansRejectWithoutAcknowledgment(fault:) started.
✔ Test schemaListTextSemanticsCannotBeSpoofedIntoV3BatchOrRestore(exit:) with 2 test cases passed after 73.701 seconds.
✔ Test schemaConcurrentListConversionsKeepRecoverableUnionAndEitherAuthorCanRepair(reverseActors:repairFirst:) with 4 test cases passed after 73.720 seconds.
✔ Test v3NewBlockCommandsLeaveAcceptedStateUntouched() passed after 73.720 seconds.
✔ Test retainedPasteKeepsBothOpaqueOwnersAndOneAuthorUndo(actor:reversed:) with 4 test cases passed after 73.721 seconds.
✔ Test writingPrototypeMergeRetainsBothNamespacesAndRemoteTextThroughUndo() passed after 73.720 seconds.
✔ Test localHistorySurvivesRestartWithoutRevertingRemoteWork() passed after 73.721 seconds.
✔ Test authoringRestrictionsDoNotDestroySavedBlocks() passed after 73.721 seconds.
✔ Test seedAnchorsPreserveUnicodeReferencesAndTombstones(version:) with 2 test cases passed after 73.721 seconds.
✔ Test retainedPasteAcceptsObservedRoleSourceAndRejectsErasedRoleCohort(actor:) with 2 test cases passed after 73.721 seconds.
✔ Test rejectedRepairsAndMalformedPayloadsLeaveThePendingUnionAndReceiptsIntact() passed after 73.721 seconds.
✔ Test mixedPasteAdjacentInlineFieldsKeepTheirExplicitBreak(actor:emptyLeading:) with 4 test cases passed after 73.721 seconds.
✔ Test reusedChildIDsRemainIndependentlyEditable() passed after 73.721 seconds.
✔ Test clipboardMixedCopyUsesVisibleOrderAfterRemoteMove() passed after 73.721 seconds.
✔ Test collectionNestedChecklistMovesPreserveReferencesCheckedAndScopedLabels() passed after 73.721 seconds.
✔ Test recoveryRepairPreservesBothAuthorsAndSurvivesRestartAndRemoteUndo() passed after 73.721 seconds.
✔ Test mixedPasteRejectsPolicyAndOldEpochBeforeAnyAcceptedMutation() passed after 73.721 seconds.
✔ Test undoOfMissingEditRemainsValidUntilItsCausalTargetArrives(version:) with 2 test cases passed after 73.721 seconds.
✔ Test concurrentCyclesAndCollidingMovesFallBackWithoutChangingIDs() passed after 73.803 seconds.
✔ Test schemaMalformedRoleAnchorAndHiddenFirstItemRejectAtomically(fault:) with 5 test cases passed after 73.813 seconds.
✔ Test schemaConversionAndOldOriginEditConvergeUnderReversedActorAndDeliveryOrder(converter:) with 2 test cases passed after 73.813 seconds.
✔ Test markdownHeadingConsumesPrefixInOneUndoAndRespectsPolicyAndComposition() passed after 73.813 seconds.
✔ Test sameChangeTextAnchorsCannotNamePlacementsOrAnotherField(version:) with 2 test cases passed after 73.862 seconds.
✔ Test retainedPasteSupersededEndpointContainerDoesNotClaimOldSourceGroup(actor:) with 2 test cases passed after 73.863 seconds.
✔ Test bridgeRoutesExplicitV5AndRejectsUnknownCreateAndRestoreVersions() passed after 73.884 seconds.
✔ Test v4SplitKeepsObservedInsertedPrefixAndPeerUndo(list:) with 2 test cases passed after 73.884 seconds.
✔ Test schemaRetiredListStyleStillRejectsMalformedWireAttribute() passed after 73.884 seconds.
✔ Test textPositionsWaitForMissingCausalAnchorsAndRejectOtherDocuments() passed after 73.884 seconds.
✔ Test writingBatchMoveKeepsNestedOriginsAndRemoteAuthorWork() passed after 73.884 seconds.
✔ Test retainedPasteAtZeroUsesOriginalEndpointAndNoBlankPrefix(actor:) with 2 test cases passed after 73.884 seconds.
✔ Test externalUnknownWholeNodeFallbackKeepsRecognizedVisibleFieldsOnly() passed after 73.884 seconds.
✔ Test clipboardRichPastePreservesReferencePayloadAndPeerUndoAcrossReopen() passed after 73.884 seconds.
✔ Test crossPasteInlineUsesOneAuthorJoinAndPreservesPeerAtoms(actor:reversed:) with 4 test cases passed after 73.884 seconds.
✔ Test retainedPasteAfterOrdinarySourceMoveUsesLiveOrderNotRgaAfterAncestry(actor:) with 2 test cases passed after 73.884 seconds.
✔ Test schemaListConversionKeepsRootIdentityRichAtomsMetadataAndRemoteUndo(style:) with 3 test cases passed after 73.884 seconds.
✔ Test mixedPasteZeroReplacementRetainsSuffixOriginWithConcurrentSplit(actor:upper:) with 4 test cases passed after 73.884 seconds.
✔ Test writingSessionStoppedAuthorReorderedUndoRedoRestoresWinningHistory() passed after 73.884 seconds.
✔ Test externalNormalizationFreshensSchemaLabelsWithoutChangingOpaqueReferenceData() passed after 73.884 seconds.
✔ Test schemaConcurrentPartitionsThatExhaustAnOwnerRetainRecoveryAndEitherAuthorCanRepair(actor:repairOther:) with 4 test cases passed after 73.884 seconds.
✔ Test retainedPasteDifferentLaterSourceKeepsEarlierImportedMember(actor:concurrentCut:) with 4 test cases passed after 73.884 seconds.
✔ Test v4ConcurrentTextRepairsRetainBothAuthorsAndRecoverAfterBothUndos(actor:) with 2 test cases passed after 73.884 seconds.
✔ Test simultaneousRepairsConvergeAndUndoKeepsTheOtherRepair() passed after 73.884 seconds.
✔ Test pasteBlocksPublicCommandRetainsWholeMetadataAndConcurrentCutGroups(actor:cut:) with 4 test cases passed after 73.884 seconds.
✔ Test partialReferenceEditBecomesPlainText() passed after 73.884 seconds.
✔ Test v5SpliceOnExposedPeerParagraphPreservesRoleAcrossWrapperUndoAndReopen(wrapperActor:) with 2 test cases passed after 73.884 seconds.
✔ Test retainedPasteCannotClaimGloballyKnownButUnobservedEndpointAtom() passed after 73.884 seconds.
✔ Test retainedPasteConcurrentHeadingPreservesEndpointSchemaAndUndo(actor:) with 2 test cases passed after 73.884 seconds.
✔ Test schemaFirstExitKeepsInsertedOwnerAndFollowingInsertedRootOrdinal() passed after 73.884 seconds.
✔ Test protocolCutoverPreservesDocumentAndRejectsMixedVersionsAtomically() passed after 73.884 seconds.
✔ Test nestedMovesRetainScopedIdentityTextMarksReferencesAndSelections() passed after 73.884 seconds.
✔ Test invalidBatchIsAtomic() passed after 73.884 seconds.
✔ Test schemaRoleCohortExcludesUnobservedConcurrentRedo(redoActor:) with 2 test cases passed after 73.885 seconds.
✔ Test writingSessionSequentialCutsKeepObservedSiblingOrder(offset:) with 2 test cases passed after 73.884 seconds.
✔ Test writingSessionEmptyCodeHasNoSyntheticInlineRecord() passed after 73.884 seconds.
✔ Test writingBatchRetainedFieldEndFollowsRemoteSuffix(range:) with 3 test cases passed after 73.884 seconds.
✔ Test preservesUnknownFieldsAndNestedContent() passed after 73.884 seconds.
✔ Test legacySeedNamespaceFollowsTheTextActuallyInitialized(initialized:) with 2 test cases passed after 73.884 seconds.
✔ Test writingSharedBridgeFixture(name:) with 15 test cases passed after 73.884 seconds.
✔ Test v5RequiredUndoExportsRestartsAndRepairsWithoutLosingPeerMetadata() passed after 73.884 seconds.
✔ Test pasteBlocksSequentialSameBoundaryKeepsCapturedBeforeImportedGroup() passed after 73.884 seconds.
✔ Test schemaInactiveRoleRestoresExactItemAndSupportsLaterListCommands() passed after 73.884 seconds.
✔ Test generatedOfflineTextAndFormattingConverge(seed:) with 8 test cases passed after 73.886 seconds.
✔ Test v4InsertionAfterReferenceNeighborRetainsAtomicPayloadAndMarks() passed after 73.884 seconds.
✔ Test v4SequentialInsertionKeepsObservedRunOrderAndPeerUndo(list:actor:) with 4 test cases passed after 73.884 seconds.
✔ Test schemaRetainedRoleAnchorsKeepMultiplePeerParagraphOrderAndWrapperRedo() passed after 73.884 seconds.
✔ Test nestedListIndentOutdentAndTableCollectionsUseSharedCommands() passed after 73.884 seconds.
✔ Test hierarchicalPasteKeepsOriginalCollectionsAndWholeImportedMetadata(actor:reversed:) with 4 test cases passed after 73.884 seconds.
✔ Test schemaEmptyRootItemExitPreservesBothIdentitiesAndRemoteHistory(index:actor:) with 6 test cases passed after 73.884 seconds.
✔ Test writingPrototypeEmptyMergedFieldKeepsItsVirtualBoundaryAcrossUndo() passed after 73.884 seconds.
✔ Test writingBatchRejectsOverlapAndCompositionWithoutMutation() passed after 73.884 seconds.
✔ Test schemaRichCodeRejectionAndRemoteRichUnionPreserveAcceptedState() passed after 73.885 seconds.
✔ Test concurrentFormattingAndDeletion() passed after 73.884 seconds.
✔ Test schemaSoleEmptyItemExitRetainsChildrenAndReorderedPeerChildEdits(existing:actor:) with 4 test cases passed after 73.884 seconds.
✔ Test inactiveMovesStillRejectKnownAnchorsFromAnotherCollection(editedAnchor:) with 2 test cases passed after 73.884 seconds.
✔ Test schemaConvertedMergeDestinationPreservesTypeIdentityAndBothAuthorUndo(type:) with 2 test cases passed after 73.885 seconds.
✔ Test concurrentTypingAndAuthorUndo() passed after 73.947 seconds.
✔ Test collectionInsertAfterMiddleExitKeepsRoleAnchorAcrossRemoteUndo() passed after 73.947 seconds.
✔ Test hierarchicalPasteNestedImportsAndParentEnterKeepIndependentCollections(actor:reversedDelivery:) with 4 test cases passed after 73.947 seconds.
✔ Test v4CausalSplitPinsEarlierDestinationAndJoinedPrefix(joinFirst:) with 2 test cases passed after 73.947 seconds.
✔ Test bridgeReportsErrorsAndReleasesSessions() passed after 73.947 seconds.
✔ Test inlineReconciliationKeepsFormattingOperationsSeparateFromText() passed after 73.947 seconds.
✔ Test mixedPasteAtZeroKeepsOriginalSuffixOwnerWithoutAnIncidentalBlankHead() passed after 73.947 seconds.
✔ Test invalidKnownShapesAreRejectedWithoutChangingTheDocument() passed after 73.947 seconds.
✔ Test schemaRoleDeltaBeforeDependenciesRetainsRecoveryAndReopens() passed after 73.947 seconds.
✔ Test sequentialSpliceBeforeFirstImportedMemberMustPrecedeWholeEarlierGroup() passed after 73.948 seconds.
✔ Test retainedPasteLaterEndpointMoveStaysAuthoritativeThroughOwnUndo(actor:acrossContainer:) with 4 test cases passed after 73.947 seconds.
✔ Test retainedPasteSequentialReuseKeepsOneStepHistory(actor:) with 2 test cases passed after 73.947 seconds.
✔ Test writingSessionRepairReconcilesRetainedOwnUndoBeforeSaveRestore() passed after 73.947 seconds.
✔ Test schemaCodeShortcutAndEncodingRoundTripRetainIdentityAndBothOrigins() passed after 73.947 seconds.
✔ Test legacyStoppedAuthorReorderedUndoRedoKeepsWinningAvailability(version:) with 2 test cases passed after 73.947 seconds.
✔ Test duplicateAndReorderedDelivery() passed after 73.947 seconds.
✔ Test schemaConcurrentFirstAndLastExitsConvergeAndKeepSourceOrdinal(actor:inserted:) with 4 test cases passed after 73.948 seconds.
✔ Test writingBatchCapturesBackwardRootAndNestedRanges() passed after 73.947 seconds.
✔ Test mixedPasteConcurrentCutsOrderCompleteGroupsAndFollowBoundaryPrefix(actor:cut:) with 4 test cases passed after 73.947 seconds.
✔ Test independentTextAcceptanceRestoredAuthorUndoPreservesRemoteMarksAndReference(version:) with 2 test cases passed after 73.947 seconds.
✔ Test schemaConversionAndOldParagraphSplitUseRetainedOriginWithAuthorUndo(type:reverseActors:) with 4 test cases passed after 73.947 seconds.
✔ Test schemaOrdinaryConversionCannotBeSpoofedIntoV3BatchOrRestore() passed after 73.947 seconds.
✔ Test knownCreationSeedsValidateWhileTheirParentIsMissing() passed after 73.948 seconds.
✔ Test schemaConvertedMergeSourceRetainsUnionForEitherAuthorRepair(type:repairConversion:) with 4 test cases passed after 73.948 seconds.
✔ Test writingSessionConcurrentMergeSplitFollowsBoundary(swap:side:) with 4 test cases passed after 73.948 seconds.
✔ Test crossPasteMetadataEndpointRejectsWithoutAcceptedMutation() passed after 73.948 seconds.
✔ Test externalNormalizationDoesNotRelaxLiveHostPolicy() passed after 73.951 seconds.
✔ Test recoveryAccumulatesReorderedAdditionalEditsWithoutAcknowledgingThem() passed after 73.951 seconds.
◇ Test case passing 1 argument title → "a
b" to titleRejectsLineBreaksWithoutConsumingBody(_:) started.
◇ Test case passing 1 argument title → "ab" to titleRejectsLineBreaksWithoutConsumingBody(_:) started.
◇ Test case passing 1 argument title → "a
b" to titleRejectsLineBreaksWithoutConsumingBody(_:) started.
◇ Test case passing 1 argument title → "a b" to titleRejectsLineBreaksWithoutConsumingBody(_:) started.
◇ Test case passing 1 argument title → "a b" to titleRejectsLineBreaksWithoutConsumingBody(_:) started.
✔ Test retainedPasteCannotRankFromUnobservedSourcePinEvenWithBaselineEdge() passed after 73.957 seconds.
✔ Test writingBatchDuplicateSkipsLabelsRetainedAcrossEpochReset() passed after 73.957 seconds.
✔ Test externalNormalizationPreservesRichReferenceAndPeerUndo(version:) with 2 test cases passed after 73.957 seconds.
✔ Test concurrentJoinedSourceConversionRetainsUnionForAuthorReconciliation(reverseActors:repairMerge:) with 4 test cases passed after 73.957 seconds.
✔ Test writingBatchMixedDeletionPreservesRemoteTextAndReopenUndo() passed after 73.958 seconds.
✔ Test concurrentDestinationConversionAndParagraphMergePreserveIdentityAndAuthorUndo() passed after 73.962 seconds.
✔ Test hierarchicalPasteSingleInlineKeepsBothOpaqueBoundaries(actor:) with 2 test cases passed after 73.962 seconds.
✔ Test observerSeesCommittedHistory() passed after 73.991 seconds.
◇ Test case passing 1 argument literal → "9007199254740992" to exactNumericRoundTripsAllowCanonicalDecimalSpelling(_:) started.
◇ Test case passing 1 argument literal → "0.1" to exactNumericRoundTripsAllowCanonicalDecimalSpelling(_:) started.
◇ Test case passing 1 argument literal → "100e-2" to exactNumericRoundTripsAllowCanonicalDecimalSpelling(_:) started.
◇ Test case passing 1 argument literal → "1.00" to exactNumericRoundTripsAllowCanonicalDecimalSpelling(_:) started.
◇ Test case passing 1 argument literal → "-0.0" to exactNumericRoundTripsAllowCanonicalDecimalSpelling(_:) started.
✔ Test writingSessionReplacementAndSoftBreakAreAtomicAndCompositionGuarded() passed after 73.995 seconds.
◇ Test case passing 1 argument split → 999.0 to splitRejectsInvalidBoundsAndNonintegerValues(_:) started.
◇ Test case passing 1 argument split → 9001.0 to splitRejectsInvalidBoundsAndNonintegerValues(_:) started.
◇ Test case passing 1 argument split → 5000.5 to splitRejectsInvalidBoundsAndNonintegerValues(_:) started.
◇ Test case passing 1 argument split → inf to splitRejectsInvalidBoundsAndNonintegerValues(_:) started.
◇ Test case passing 1 argument split → nan to splitRejectsInvalidBoundsAndNonintegerValues(_:) started.
✔ Test writingSessionDeletionCannotCollapseDifferentCutRanks(swap:) with 2 test cases passed after 74.069 seconds.
◇ Test case passing 1 argument literal → "9007199254740993" to opaqueNumbersCannotSilentlyRoundDuringAdmission(_:) started.
◇ Test case passing 1 argument literal → "1.000000000000000000001" to opaqueNumbersCannotSilentlyRoundDuringAdmission(_:) started.
◇ Test case passing 1 argument literal → "1e-400" to opaqueNumbersCannotSilentlyRoundDuringAdmission(_:) started.
✔ Test writingBatchRetainedRangeFollowsRemoteSplitAndPreservesItOnUndo() passed after 74.098 seconds.
✔ Test undoKeepsRemoteDescendants() passed after 74.098 seconds.
✔ Test impossibleSameChangeNodePathsAndInitialAnchorsRejectAtomically(deferredParent:) with 2 test cases passed after 74.098 seconds.
✔ Test v4ConcurrentCutPreservesUnobservedInsertedPrefixInEarlierTail(actor:) with 2 test cases passed after 74.098 seconds.
✔ Test undoInsertionPreservesRemoteContentAndConcurrentDescendantsSurviveDelete() passed after 74.098 seconds.
✔ Test schemaConversionRejectsReservedUnknownFieldCollisionsWithoutMutation(key:) with 3 test cases passed after 74.098 seconds.
✔ Test writingBatchDuplicateCopiesRichDescendantsWithFreshOrigins() passed after 74.098 seconds.
✔ Test collectionInsertAfterProjectedPeerRetainsRoleProofAndUndo(baseline:) with 2 test cases passed after 74.098 seconds.
✔ Test writingSessionMergeKeepsEmptySourceRemoteInputAndRestoresOrigins() passed after 74.096 seconds.
✔ Test externalNormalizationRequiresExplicitSafeAssetMetadata() passed after 74.097 seconds.
✔ Test schemaMalformedRetainedRoleDoesNotChangeAcceptedSaveOrReachV3(fault:) with 3 test cases passed after 74.097 seconds.
✔ Test writingSessionEmptyTextExtensionsSurviveAuthoringAndUndo() passed after 74.097 seconds.
✔ Test externalNormalizationResultPolicyArraysHaveDeterministicWireOrder() passed after 74.123 seconds.
✔ Test dependentPlacementChainsPreserveExistingContentUntilTheirAnchorArrives(nested:) with 2 test cases passed after 74.143 seconds.
✔ Test v2StructuralReplayPreservesTheMigrationCorpus() passed after 74.143 seconds.
✔ Test retainedPasteOverlappingEndpointExportsAndEitherAuthorRepairs(actor:repairPeer:) with 4 test cases passed after 74.135 seconds.
✔ Test oversizedDocumentAndCapacityErrorsKeepEveryUnappliedChangeRecoverable() passed after 74.147 seconds.
✔ Test aMoveIntoAnUnanchoredCausalOwnerKeepsItsPreviousPlacement() passed after 74.134 seconds.
✔ Test writingSessionUnicodeReferenceAndUnknownPayloadSurviveSplitReopen() passed after 74.134 seconds.
✔ Test insertedDescendantInitialPlacementsAndCausalReorderingRemainValid() passed after 74.135 seconds.
◇ Test case passing 1 argument version → 3 to legacyWritingProtocolsRejectDocumentOriginsWithoutAcknowledging(_:) started.
◇ Test case passing 1 argument version → 4 to legacyWritingProtocolsRejectDocumentOriginsWithoutAcknowledging(_:) started.
◇ Test case passing 1 argument version → 5 to legacyWritingProtocolsRejectDocumentOriginsWithoutAcknowledging(_:) started.
◇ Test case passing 1 argument version → 6 to legacyWritingProtocolsRejectDocumentOriginsWithoutAcknowledging(_:) started.
✔ Test emptyLastRootItemExitsAndUndoRetainsConcurrentRemoteInput() passed after 74.159 seconds.
✔ Test pasteBlocksRejectsUnsupportedPolicyCompositionAndOldEpochWithoutAcceptedMutation() passed after 74.180 seconds.
✔ Test cachedWritingOrderMatchesCanonicalIdentityOrder() passed after 74.180 seconds.
✔ Test crossPasteConcurrentBoundarySplitsPreserveCutOwners(actor:scenario:) with 8 test cases passed after 74.180 seconds.
✔ Test listContinuationKeepsMarksReferencesChildrenAndRemoteSuffix() passed after 74.185 seconds.
✔ Test receiveHoldBoundsQueuedMessagesWithoutAcknowledgingThem() passed after 74.186 seconds.
✔ Test clipboardPoliciesRejectUnsafeOrRestrictedImportsWithoutChangingHistory() passed after 74.191 seconds.
✔ Test clipboardCollectionFreshensOnlySchemaIDsAndUndoesOnceWithRemoteChildren() passed after 74.193 seconds.
✔ Test v4ConcurrentCutsKeepEachObservedPrefixPartition(actor:) with 2 test cases passed after 74.202 seconds.
✔ Test writingBatchCrossCollectionRangeKeepsBoundaryAncestorsAndUnselectedChildren() passed after 74.202 seconds.
✔ Test v5InheritsV4ObservedUnicodeAuthorUndoAndRestart() passed after 74.202 seconds.
✔ Test schemaInlineConversionDoesNotOverwriteUnknownReservedMetadata(version:key:) with 4 test cases passed after 74.202 seconds.
✔ Test schemaMalformedV4ObservedFrontierLeavesAcceptedSaveUnchanged(fault:) with 5 test cases passed after 74.175 seconds.
✔ Test pasteSpliceRejectsUnobservedSameEditOuterNeighborWhenActiveOrUndone(inactive:) with 2 test cases passed after 74.176 seconds.
✔ Test markdownDialectAndUnknownProtocol() passed after 74.176 seconds.
✔ Test nestedReceiveHoldsPreserveCompositionAnchorsAndPreparationCallbacks() passed after 74.176 seconds.
✔ Test textPositionsFollowRemoteEditsDeletionUndoAndRestore() passed after 74.176 seconds.
✔ Test ordinarySplitBeforeFirstImportedMemberMustPrecedeWholeExistingGroup() passed after 74.176 seconds.
✔ Test schemaOverlappingOwnerRepairRoutesBothHistoricalHeadsAndOriginalAtomOrigin(actor:repairOther:) with 4 test cases passed after 74.176 seconds.
✔ Test writingMathThresholdUnionAt10000PreservesBothAuthorsAndUndo(version:actor:) with 4 test cases passed after 74.176 seconds.
✔ Test retainedPasteBaselineRoleRequiresObservedRetirement(actor:) with 2 test cases passed after 74.228 seconds.
✔ Test writingPrototypeCyclesAndIncompleteHistoriesFailExplicitly() passed after 74.346 seconds.
✔ Test allDeliveryPermutationsConverge() passed after 74.346 seconds.
✔ Test schemaEmptyNestedOutdentKeepsChildrenAndUndo() passed after 74.346 seconds.
✔ Test hierarchicalPasteDeletesOnlyObservedIntermediateSubtrees(actor:) with 2 test cases passed after 74.380 seconds.
✔ Test codeUsesCharacterMergingToo() passed after 74.423 seconds.
✔ Test v4RequiredUndoPersistsAndExplicitRedoRetainsEveryHistory(actor:) with 2 test cases passed after 74.419 seconds.
✔ Test reservedSeedReferencesRejectAtomically(version:) with 2 test cases passed after 74.432 seconds.
✔ Test undoNodeInsertionRemovesItsTextButRetainsRemoteAtoms() passed after 74.432 seconds.
✔ Test pasteBlocksAtZeroPreservesOriginalSuffixIdentityAndOpaqueBoundaryMetadata() passed after 74.432 seconds.
◇ Test case passing 1 argument metadata → [:] to invalidMetadataNeverChangesAcceptedHistoryOrRequestRecord(_:) started.
◇ Test case passing 1 argument metadata → ["id": BlockEditorCore.JSONValue.string("new")] to invalidMetadataNeverChangesAcceptedHistoryOrRequestRecord(_:) started.
◇ Test case passing 1 argument metadata → ["caption": BlockEditorCore.JSONValue.array([])] to invalidMetadataNeverChangesAcceptedHistoryOrRequestRecord(_:) started.
◇ Test case passing 1 argument metadata → ["consumer": BlockEditorCore.JSONValue.object([:])] to invalidMetadataNeverChangesAcceptedHistoryOrRequestRecord(_:) started.
◇ Test case passing 1 argument metadata → ["src": BlockEditorCore.JSONValue.null] to invalidMetadataNeverChangesAcceptedHistoryOrRequestRecord(_:) started.
◇ Test case passing 1 argument metadata → ["width": BlockEditorCore.JSONValue.number(-1.0)] to invalidMetadataNeverChangesAcceptedHistoryOrRequestRecord(_:) started.
◇ Test case passing 1 argument metadata → ["alt": BlockEditorCore.JSONValue.number(5.0)] to invalidMetadataNeverChangesAcceptedHistoryOrRequestRecord(_:) started.
◇ Test case passing 1 argument metadata → ["height": BlockEditorCore.JSONValue.number(1.5)] to invalidMetadataNeverChangesAcceptedHistoryOrRequestRecord(_:) started.
✔ Test generatedRecoveryCollisionsRetainAllCollectionKinds(seed:kind:) with 20 test cases passed after 74.767 seconds.
✔ Test duplicateRecursivelyRespectsAuthoringPolicyWithoutChangingAcceptedHistory() passed after 75.038 seconds.
✔ Test retainedPasteDoesNotUpgradeOrAdmitMixedEpochs() passed after 75.026 seconds.
✔ Test createdListDescendantsRetainOpaqueTypeMetadata(metadataType:) with 3 test cases passed after 75.026 seconds.
✔ Test clipboardPlainTextNormalizesLineEndingsInOneUndoAction() passed after 75.026 seconds.
✔ Test hierarchicalPasteForeignMovedImportRetainsPeerWorkThroughAuthorUndo(actor:acrossContainer:) with 4 test cases passed after 75.044 seconds.
✔ Test writingSessionObserverSeesFinalUndoAndRedoHistory() passed after 75.300 seconds.
✔ Test retainedPasteRichReferenceCannotFlattenThroughConcurrentCode(actor:) with 2 test cases passed after 75.301 seconds.
✔ Test sameChangePlacementCyclesAreRejectedWithoutAcknowledgmentOrContentLoss() passed after 75.301 seconds.
✔ Test hierarchicalPasteBoundaryAncestorKeepsChildrenAndForeignDescendants(actor:) with 2 test cases passed after 75.787 seconds.
✔ Test writingPrototypeBoundaryAffinityFollowsTheAdjacentContent() passed after 75.786 seconds.
✔ Test blockConversionKeepsIdentityRichContentAndAuthorUndoAfterReopen() passed after 75.786 seconds.
✔ Test concurrentMovesAndDeletesConverge() passed after 75.786 seconds.
✔ Test receivePreparationOnlyRunsForValidatedStateChanges() passed after 75.786 seconds.
✔ Test schemaConversionUndoProjectsPeerItemWithSameIdentityAndSuffix() passed after 75.786 seconds.
✔ Test v4EmptySplitHeadPositionFollowsNestedRetiredBirthsWithoutChangingEndSentinels() passed after 75.786 seconds.
✔ Test retainedPasteNewWireCannotBeSpoofedIntoFiveOrMissingCohortAdmitted() passed after 75.787 seconds.
✔ Test sharedRecoveryBridgeFixture() passed after 75.878 seconds.
✔ Test writingDepthBoundaryKeepsOriginsAndPeerAtomsThroughExplicitRecovery(version:scenario:) with 8 test cases passed after 75.787 seconds.
✔ Test writingMathThresholdUnionAt10001RetainsProposalAndRepairsWithoutLosingPeerAtoms(version:actor:) with 4 test cases passed after 75.866 seconds.
✔ Test schemaEmptyExitRejectsVisibleAndRetainedRootLabelCollisionAtomically(retired:) with 2 test cases passed after 75.786 seconds.
✔ Test knownUndoTargetsMustBeEdits(version:) with 2 test cases passed after 75.786 seconds.
✔ Test depthLimitUnionCanBeRepairedWithoutChangingExistingIDsOrContent(levels:) with 3 test cases passed after 75.786 seconds.
✔ Test externalNormalizationDoesNotCommitOrReleaseComposition() passed after 75.786 seconds.
✔ Test mixedPasteAbsorbsOnlyExplicitInlineBoundariesAndFreshensWholeSchemaNodes(actor:) with 2 test cases passed after 75.782 seconds.
✔ Test v4ScalarMetadataPreservesOpaqueCompositeValuesAndRejectsActiveComposition() passed after 75.782 seconds.
✔ Test structuralPasteAtFieldStartMustRetainCompleteFirstNodeAndAvoidIncidentalBlankPrefix() passed after 75.782 seconds.
✔ Test schemaInactiveConversionAllowsEitherAuthorToRepairPriorSortedMetadataConflict(repairConversion:) with 2 test cases passed after 75.782 seconds.
✔ Test v4EmptySplitHeadPositionFollowsRetainedBoundaryAcrossPeerEditsUndoReopenAndRedo(list:actor:) with 4 test cases passed after 75.782 seconds.
✔ Test sameChangeMovesCannotHideExistingContentInAnAnchorCycle(version:) with 2 test cases passed after 75.782 seconds.
✔ Test hierarchicalPasteOldEpochAndIncompatibleKindRejectAtomically() passed after 75.782 seconds.
✔ Test invalidNestedOperationsRejectAtomicallyAndDoNotRewriteIDs() passed after 75.782 seconds.
✔ Test hierarchicalPasteConcurrentImportsUseRetainedRankInSameChildCollection(actor:reversedDelivery:) with 4 test cases passed after 75.782 seconds.
✔ Test crossPastePreservesUnseenIntermediateChildAndBoundaryText(actor:) with 2 test cases passed after 75.782 seconds.
✔ Test independentTextAcceptanceUndoDoesNotResurrectAnotherAuthorsDeletion(version:) with 2 test cases passed after 75.782 seconds.
✔ Test receivePreparationCannotOverwriteReentrantLocalChanges() passed after 75.776 seconds.
✔ Test spliceDuplicateDescriptorMustRemainMalformedWhenAuthorUndone(inactive:) with 2 test cases passed after 75.849 seconds.
✔ Test impossiblePriorCreationPathsRejectAtomically(delivery:) with 3 test cases passed after 75.849 seconds.
✔ Test collectionToggleCreationUndoRedoRetainsRemoteDescendants() passed after 75.849 seconds.
✔ Test writingSessionConcurrentSameCutRetainsBothBreaksAndUndo() passed after 76.023 seconds.
✔ Test writingSessionUndoEmptySplitRetainsIndependentRemoteParagraph() passed after 76.231 seconds.
✔ Test schemaUndoKeepsPeerSubtreeIdentityMarksReferencesAndOpaqueChildren() passed after 76.376 seconds.
✔ Test schemaOverlappingMovedItemConversionOriginsNeverDependOnDictionaryOrder() passed after 76.369 seconds.
✔ Test v4PendingReceiveBlocksHistoryEvenWhenNeitherStackHasAnEntry() passed after 76.369 seconds.
✔ Test retainedPasteConcurrentSplitsOrderRetainedEndpointGroup(actor:scenario:) with 8 test cases passed after 76.369 seconds.
✔ Test siblingInsertionConflictDoesNotAcknowledgeOrPersistRemoteChanges() passed after 76.603 seconds.
✔ Test v4RetiredSplitHeadTraversesLongValidatedBirthChainWithoutRecursion() passed after 76.703 seconds.
✔ Test rootCountLimitUnionRepairsIntoAnExistingContainerWithoutDroppingBlocks() passed after 76.704 seconds.
✔ Test sharedStructureBridgeFixture() passed after 76.702 seconds.
✔ Test concurrentConversionAndParagraphSplitConvergeWithRemotePreservingUndo() passed after 76.802 seconds.
✔ Test v4InlineEnterPreservesSourceAttributesRichSuffixAndAuthorUndo(type:) with 3 test cases passed after 76.802 seconds.
✔ Test writingSessionNestedSplitKeepsContainerIDsReferencesAndUndo() passed after 77.024 seconds.
✔ Test collectionCreationRejectsInvalidScopePolicyCompositionAndLegacyAtomically() passed after 77.024 seconds.
◇ Test case passing 2 arguments version → 4, excess → 0 to actual32MBUnionRetainsRejectedHistoryAndPeerMetadata(version:excess:) started.
✔ Test retainedPasteCanReuseObservedOrdinarySplitTail(actor:) with 2 test cases passed after 77.413 seconds.
✔ Test writingSessionNewLinksRejectUnsafeSchemesWithoutChangingLegacyBaseline() passed after 77.413 seconds.
◇ Test case passing 1 argument actor → "a" to multiItemIndentPreservesRichMetadataChildrenPeerTextCaretAndSingleUndo(actor:) started.
◇ Test case passing 1 argument actor → "z" to multiItemIndentPreservesRichMetadataChildrenPeerTextCaretAndSingleUndo(actor:) started.
◇ Test case passing 1 argument fault → "delete" to forgedListPlansRejectEvenWhenDisabledWithoutAcknowledgment(fault:) started.
◇ Test case passing 1 argument fault → "rootMove" to forgedListPlansRejectEvenWhenDisabledWithoutAcknowledgment(fault:) started.
◇ Test case passing 1 argument fault → "wrongPlacement" to forgedListPlansRejectEvenWhenDisabledWithoutAcknowledgment(fault:) started.
◇ Test case passing 1 argument fault → "wrongAnchor" to forgedListPlansRejectEvenWhenDisabledWithoutAcknowledgment(fault:) started.
◇ Test case passing 1 argument fault → "extraSetter" to forgedListPlansRejectEvenWhenDisabledWithoutAcknowledgment(fault:) started.
◇ Test case passing 1 argument fault → "duplicate" to forgedListPlansRejectEvenWhenDisabledWithoutAcknowledgment(fault:) started.
◇ Test case passing 1 argument fault → "empty" to forgedListPlansRejectEvenWhenDisabledWithoutAcknowledgment(fault:) started.
◇ Test case passing 1 argument fault → "wrongScope" to forgedListPlansRejectEvenWhenDisabledWithoutAcknowledgment(fault:) started.
◇ Test case passing 1 argument fault → "futureCapture" to forgedListPlansRejectEvenWhenDisabledWithoutAcknowledgment(fault:) started.
◇ Test case passing 1 argument fault → "futureCaret" to forgedListPlansRejectEvenWhenDisabledWithoutAcknowledgment(fault:) started.
◇ Test case passing 1 argument fault → "first" to invalidHierarchyTargetsRejectWithoutStateHistoryOrReceiptChanges(fault:) started.
◇ Test case passing 1 argument fault → "rootOutdent" to invalidHierarchyTargetsRejectWithoutStateHistoryOrReceiptChanges(fault:) started.
◇ Test case passing 1 argument fault → "noncontiguous" to invalidHierarchyTargetsRejectWithoutStateHistoryOrReceiptChanges(fault:) started.
◇ Test case passing 1 argument fault → "reverse" to invalidHierarchyTargetsRejectWithoutStateHistoryOrReceiptChanges(fault:) started.
◇ Test case passing 1 argument fault → "ancestor" to invalidHierarchyTargetsRejectWithoutStateHistoryOrReceiptChanges(fault:) started.
◇ Test case passing 1 argument fault → "wrongCaret" to invalidHierarchyTargetsRejectWithoutStateHistoryOrReceiptChanges(fault:) started.
◇ Test case passing 1 argument fault → "crossList" to invalidHierarchyTargetsRejectWithoutStateHistoryOrReceiptChanges(fault:) started.
◇ Test case passing 1 argument fault → "collision" to invalidHierarchyTargetsRejectWithoutStateHistoryOrReceiptChanges(fault:) started.
✔ Test writingPrototypeAtomicReferencesMoveWithoutReplacement() passed after 78.552 seconds.
✔ Test listConversionPreservesAtomsCaretPeerReplacementAndChecklistStateThroughUndo() passed after 78.556 seconds.
✔ Test codeBirthTextCanBecomeRichParagraphWithoutLosingOriginalOriginsOrOpaqueLanguage() passed after 78.554 seconds.
✔ Test codeFieldPacketArrivingBeforeBaselineAliasBirthRetainsThenResolvesRecovery() passed after 78.554 seconds.
✔ Test forgedTextUsesOfRetiredContentAliasRejectEvenWhenInactive() passed after 78.547 seconds.
✔ Test concurrentListConversionsRetainRecoveryUntilOwnUndoKeepsPeerBranch() passed after 78.547 seconds.
✔ Test laterSchemaConversionRetainsTextCreatedInItsBirthsOwnCompoundPacket() passed after 78.537 seconds.
✔ Test futureJoinCannotJustifyForgedAnchorInEarlierCapturedField() passed after 78.537 seconds.
✔ Test invalidSemanticTargetsAndRolesRejectAtomically(fault:) with 10 test cases passed after 78.537 seconds.
✔ Test undoListConversionExposesPeerSplitAsRetainedParagraphInsteadOfDroppingIt() passed after 78.538 seconds.
✔ Test soleEmptyChecklistEnterPreservesOwnerChildOriginsAndPeerTextThroughUndoReopen() passed after 78.538 seconds.
✔ Test splitNoncollapsedCapturedRangeStillDeletesOnlyObservedAtomsAfterSchemaRoundTrip() passed after 78.537 seconds.
✔ Test concurrentCodeConversionsConvergeAndEachUndoKeepsPeerHead() passed after 78.537 seconds.
✔ Test textAuthoredAtConvertedCodeBirthFollowsConversionUndoAndCapturedReplacementAliases() passed after 78.532 seconds.
✔ Test richCodeConversionAndOpaqueFieldCollisionsRejectWithoutChangingSavedHistory() passed after 78.529 seconds.
✔ Test opaqueContentOnCodeBlocksCannotBeDiscardedByLocalOrInactiveRemoteListConversion() passed after 78.529 seconds.
✔ Test blockDefaultsFollowScopedMovementAndSchemaConversionWithoutCopyingText() passed after 78.529 seconds.
✔ Test codeAndListConversionsInsideColumnsKeepLogicalOwnersAcrossFlattenAndUndo() passed after 78.538 seconds.
✔ Test localCompositionAndCommandPoliciesPreserveRemoteDefaultsAndLinkHistory() passed after 78.529 seconds.
✔ Test codeFormattingAndTitleConversionRejectWithoutHistoryOrReceiptChanges() passed after 78.522 seconds.
✔ Test capturedBackwardTextInkAndPeerFillKeepPeerInsertionsOutsideFormatting() passed after 78.522 seconds.
✔ Test malformedInactiveSchemaConversionRejectsBeforeMissingPredecessorAndKeepsReceipt() passed after 78.522 seconds.
✔ Test defaultOnExposedPeerParagraphSurvivesOriginalListCreationRedoAndOwnUndo() passed after 78.529 seconds.
✔ Test explicitLabelInsertionUsesCapturedCaretInheritedMarksAndOneAuthorStep() passed after 78.522 seconds.
✔ Test concurrentDeletionKeepsDefaultsForRestorationWithoutResurrectingContent() passed after 78.522 seconds.
✔ Test codeConversionRetainsCapturedCaretPeerTextAndFieldAliasesThroughUndoRedoAndReopen() passed after 78.522 seconds.
✔ Test soleListItemCollapseRetainsCheckedMetadataChildOriginsPeerTextAndUndo() passed after 78.522 seconds.
✔ Test checkedBridgeReportsSemanticStateLinkResultsPolicyAndUnchangedInvalidArguments() passed after 78.522 seconds.
✔ Test sameDefaultRegisterConvergesAndAuthorUndoRevealsPeerRole() passed after 78.522 seconds.
✔ Test insertedDefaultIncrementalPacketRecoversAfterItsValidBirthArrives() passed after 78.521 seconds.
✔ Test malformedSemanticPacketsRejectEvenInactiveWithoutReceiptOrRecovery(fault:) with 6 test cases passed after 78.521 seconds.
✔ Test invalidLabelsLiteralFieldsAndStaleLinkCapturesRejectUnchanged() passed after 78.521 seconds.
✔ Test multiBlockDefaultsPreservePeerTextOpaqueDataCaretAndOneUndoReopen() passed after 78.522 seconds.
✔ Test semanticCaretAndAlreadyMatchingMarksDoNotCreateHistory() passed after 78.521 seconds.
✔ Test resetsRemoveOnlyOverridesAndMixedStateIncludesInheritedDefaults() passed after 78.517 seconds.
✔ Test invalidLinksNeverMutateStateOrStripExistingMarks(href:) with 8 test cases passed after 78.517 seconds.
✔ Test policyCompositionCancelFailureAndReopenPreserveProviderRecordsWithoutAutomaticCompletion() passed after 78.517 seconds.
✔ Test capturedMarksAndStateFollowAllActualFieldsAfterPeerSplitAndReopen() passed after 78.517 seconds.
◇ Test case passing 1 argument reverse → false to independentAppearanceRegistersAndSameFieldWinsConvergeAcrossOrder(_:) started.
◇ Test case passing 1 argument reverse → true to independentAppearanceRegistersAndSameFieldWinsConvergeAcrossOrder(_:) started.
◇ Test case passing 1 argument inactive → false to malformedPlainTitleAndInactiveTransactionsNeverAcknowledge(_:) started.
◇ Test case passing 1 argument inactive → true to malformedPlainTitleAndInactiveTransactionsNeverAcknowledge(_:) started.
✔ Test checkedCompletionReturnsNoFocusAndRequestStateIsSeparateFromAcceptedSave() passed after 78.606 seconds.
✔ Test rangeLinksPreserveCapturedAtomsPeerTextBackwardSelectionAndUndoReopen() passed after 78.637 seconds.
✔ Test acceptedACC15SwitchRetainsResultWithoutReplacementMutationOrOriginAcknowledgment() passed after 78.636 seconds.
✔ Test forgedParagraphRolesRejectAtomicallyIncludingDisabledEdits(fault:) with 11 test cases passed after 78.270 seconds.
✔ Test inlineRolesAndLinksKeepWholeAtomicReferencesAndInheritedListDefaults() passed after 78.651 seconds.
✔ Test codeBornCaretCanSplitAfterParagraphConversion() passed after 78.259 seconds.
✔ Test concurrentFirstAndLastExitsConvergeWithRetainedOrdinals(actor:) with 2 test cases passed after 78.248 seconds.
✔ Test nestedEmptyOutdentRetainsMetadataDescendantsCapturedCaretAndUndo() passed after 78.248 seconds.
✔ Test exhaustedConcurrentPartitionsRemainRecoverableUntilAuthorRepair() passed after 78.259 seconds.
✔ Test retainedPeerParagraphSupportsModernCommandsAndReopenedHistory(command:) with 8 test cases passed after 78.248 seconds.
✔ Test capturedEmptyItemWithObservedPeerTypingSplitsWithoutReinterpretingAsExit() passed after 78.244 seconds.
✔ Test emptyRootExitKeepsOwnerItemChildrenPeerTextAndReopenedUndo(index:actor:) with 6 test cases passed after 78.244 seconds.
✔ Test forgedEmptyEnterPlansRejectWithoutAcknowledgment(fault:) with 6 test cases passed after 78.244 seconds.
✔ Test retainedRoleSurvivesOriginalCreationRedoAndUndoAndKeepsFollowingAnchor() passed after 78.244 seconds.
✔ Test activeExitWhosePeerRestoresColumnsRetainsRecoveryAndAuthorCanRepair() passed after 78.244 seconds.
✔ Test heldPacketsExportRestoreAndReleaseWithoutPrematureReceipts() passed after 77.985 seconds.
✔ Test localPolicyAndCompositionReturnUnchangedUnavailableAndPreservePeerRichContent() passed after 77.970 seconds.
✔ Test legacyEntryPointsHandleCollisionsAndMalformedModernRequestsDoNotPromoteOrMutate() passed after 77.939 seconds.
✔ Test emptyExitAfterColumnFlattenRetainsLogicalPlacementPeerTextAndUndo() passed after 78.234 seconds.
✔ Test insertChoosesFirstEditableNestedFieldOrWholeNodeAndUndoesOnce() passed after 74.619 seconds.
✔ Test ancestorOverlapMetadataAndDeletedColumnDestinationReject() passed after 74.610 seconds.
✔ Test capturedFormattingPreservesDirectionAndLeavesUnobservedPeerAtomsUnformatted() passed after 77.924 seconds.
✔ Test capturedBackwardReplacementPreservesPeerInsertionThroughTheBridge() passed after 77.940 seconds.
✔ Test deleteReturnsFollowingThenPrecedingTextOrEmptyInsertionWithoutPlaceholder() passed after 74.600 seconds.
✔ Test explicitModernEndpointsReturnCheckedTransactionsFocusAndSavedAuthorHistory() passed after 77.953 seconds.
✔ Test readOnlyBodyFallbackUsesTitleAndCoveredRangesDoNotDuplicateDeletion() passed after 74.600 seconds.
✔ Test capturedRootBoundarySurvivesAnchorMoveAndDeletionWithoutRetargeting() passed after 74.600 seconds.
✔ Test staleSelectionScopeForgedBoundaryWrongOrderAndForeignCaretRejectAtomically() passed after 74.600 seconds.
✔ Test mixedDeletePreservesLaterPeerAtomsAndIndependentTextWithOneUndo() passed after 74.600 seconds.
✔ Test authoredRichBlockMarksUseTextPolicyWithoutReinterpretingOpaqueMetadata() passed after 74.600 seconds.
✔ Test titleRejectsLineBreaksWithoutConsumingBody(_:) with 5 test cases passed after 73.889 seconds.
✔ Test duplicateRawKeysIncludingEscapedKeysRejectBeforeSemanticAdmission() passed after 73.861 seconds.
✔ Test appearanceAndPaletteRejectUnrecognizedPresetsAndRoles() passed after 73.858 seconds.
✔ Test modernSnapshotDoesNotBroadenLegacyMarkOrSessionAdmission() passed after 73.858 seconds.
✔ Test multiMovePreservesCapturedOrderCaretAndPeerTextAsOneUndo() passed after 74.600 seconds.
✔ Test exactNumericRoundTripsAllowCanonicalDecimalSpelling(_:) with 5 test cases passed after 73.841 seconds.
✔ Test nestedColumnsRejectEvenThroughToggleDescendantsButIndependentLayoutsRemainValid() passed after 73.845 seconds.
✔ Test splitRejectsInvalidBoundsAndNonintegerValues(_:) with 5 test cases passed after 73.826 seconds.
✔ Test opaqueNumbersCannotSilentlyRoundDuringAdmission(_:) with 3 test cases passed after 73.819 seconds.
✔ Test explicitNewDocumentDefaultsDoNotSilentlyUpgradeMissingWireFields() passed after 73.819 seconds.
✔ Test insertionUndoWithoutPeerWorkHidesBirthButDoesNotReuseOrigin() passed after 73.733 seconds.
✔ Test exactTwoContainersAndScopedIdentitiesAreRequired() passed after 73.820 seconds.
✔ Test independentInsertionsAndMovesConvergeInEitherReceiveOrder() passed after 73.733 seconds.
✔ Test legacyStructuralProtocolRejectsDocumentOriginMutationAtomically() passed after 73.733 seconds.
✔ Test concurrentScopedLabelConflictRetainsUnionAndAuthorRepairKeepsPeerBirth() passed after 73.733 seconds.
✔ Test titleReplayAndAuthorDeactivationKeepPeerTextAndBodyIndependent() passed after 71.854 seconds.
✔ Test semanticInsertionsAndObservedSubtreeDeletionRetainNestedOriginsThroughUndo() passed after 71.854 seconds.
✔ Test legacyWritingProtocolsRejectDocumentOriginsWithoutAcknowledging(_:) with 4 test cases passed after 71.854 seconds.
✔ Test twoColumnsKeepScopedChildOriginsAndLogicalAddressOrder() passed after 71.836 seconds.
✔ Test documentTitleHasAnExplicitOriginOutsideBodyAndConsumerIDs() passed after 71.836 seconds.
✔ Test invalidStructuralCommandsAreAtomicAndPolicyDoesNotStripPeerContent() passed after 71.836 seconds.
✔ Test insertedBodyFieldsShareTitleHistoryPeerUndoAndReopen() passed after 73.734 seconds.
✔ Test deletionRetainsPeerHistoryAndStaleTargetsCannotHitReusedLabels() passed after 71.402 seconds.
✔ Test forgedStructuralAndUnobservedInsertedTextPacketsNeverAcknowledge() passed after 71.337 seconds.
✔ Test incrementalInsertedFieldPacketBeforeBirthRetainsRecoveryThenConverges() passed after 71.340 seconds.
✔ Test columnMovesKeepScopedOriginsCaretPeerTextAndOneAuthorUndo() passed after 71.329 seconds.
✔ Test softBreakMatchesIndependentFixtureAndSharesOneUndoWithPeerSafeCapturedReplacement() passed after 66.295 seconds.
✔ Test malformedInactiveConversionRejectsBeforeMissingCausalRecovery() passed after 66.295 seconds.
✔ Test concurrentHeadingRegisterUndoRevealsPeerValueInsteadOfOverwritingIt() passed after 66.295 seconds.
✔ Test distinctCommandPolicyCompositionAndTitleRejectWithoutMutatingHistory() passed after 66.255 seconds.
✔ Test unchangedConversionAndLossyOrInvalidTargetsDoNotChangeSavedHistory() passed after 66.255 seconds.
✔ Test sameContentConversionMatchesIndependentConcurrentSuffixFixturesThroughUndoReopenAndDuplicatePackets() passed after 66.457 seconds.
✔ Test listStyleConversionKeepsNestedChecklistOriginsStateAndFieldCaret() passed after 65.954 seconds.
✔ Test conversionPreservesRichReferenceOpaqueFieldsAndCaretInsideAtomicLabel() passed after 65.954 seconds.
✔ Test invalidMetadataNeverChangesAcceptedHistoryOrRequestRecord(_:) with 8 test cases passed after 65.837 seconds.
✔ Test previewOnlyUpdatesDescriptiveMetadataAndExplicitNullRemovesOptionalValues() passed after 65.837 seconds.
✔ Test existingLimitsAndOpaqueMetadataArePreserved() passed after 73.901 seconds.
✔ Test completionPreservesPeerCaptionOpaqueMetadataAndOriginalOriginThroughMoveUndoReopen() passed after 65.856 seconds.
✔ Test acceptedReplacementDocumentAndEpochRejectLateResultWithOriginReceiptStillPending() passed after 65.837 seconds.
✔ Test forgedAppliedLocalReceiptCannotAcknowledgePendingOriginAfterReopen() passed after 65.312 seconds.
✔ Test completionPublicationPreservesAnotherRequestFailureFromTheHostCallback() passed after 65.837 seconds.
✔ Test concurrentDeletionPreventsValidPeerCompletionFromRecreatingContent() passed after 65.837 seconds.
✔ Test forgedSharedMetadataAndWrongSourceProofRejectEvenWhenInactive() passed after 65.312 seconds.
✔ Test sourceChangeRetainsOldResultAndFreshTargetCompletesWithoutOverwritingNewPreviewURL() passed after 65.312 seconds.
✔ Test deletedOrReusedLabelNeverReceivesCompletionAndExplicitRetryAfterDeletionUndoIsPossible() passed after 65.312 seconds.
✔ Test fileInsertionAndCompletionAreSeparateStepsAndKeepConsumerPendingMetadata() passed after 65.312 seconds.
✔ Test cancellationSupersededGenerationAndReusedRequestIDCannotApplyLateResult() passed after 64.757 seconds.
✔ Test unchangedResultAndRepeatedDeliveryHaveNoHistoryAndNoAutomaticRedo() passed after 64.757 seconds.
✔ Test policyAndCompositionRetainInertResultForExplicitResubmissionAndDoNotChangeHistory() passed after 64.757 seconds.
✔ Test failureAndInterruptedReopenPreserveLocalPendingErrorResultWithoutSharedMutation() passed after 64.757 seconds.
✔ Test modernFileValidationDoesNotReinterpretLegacyOpaqueFiles() passed after 64.757 seconds.
✔ Test independentConcurrentMetadataRegistersComposeAndAuthorUndoRevealsPeerWinner() passed after 64.524 seconds.
✔ Test localArchiveAndGenerationValidationAreAtomicAndCapacityNeedsExplicitForget() passed after 65.268 seconds.
✔ Test malformedInactiveColumnOperationAndCausallyRemovedTargetsReject() passed after 60.673 seconds.
✔ Test emptyRemovalReturnsUsableInsertionBoundaryAtFormerLayoutPosition() passed after 60.694 seconds.
✔ Test checkedInsertFocusAndWholeBodyDeleteInsertionTargetAreUsableAndAtomic() passed after 60.673 seconds.
✔ Test conflictingFlattenedLabelsRetainUnionUntilAuthorRepairInsteadOfLosingPeerChild() passed after 60.662 seconds.
✔ Test emptyCreationHasNoPlaceholderAndAllowsOutsideLayoutNestedBoundaries() passed after 60.662 seconds.
✔ Test independentNestedMoveFixtureKeepsSelectionOriginAndSingleUndoReopen() passed after 60.662 seconds.
✔ Test modernColumnRoutesRejectAtEveryLegacyProtocolWithoutReceiptOrSaveChanges() passed after 60.659 seconds.
✔ Test creationMatchesIndependentFixtureAndKeepsCaretOriginsOneUndoAndReopen() passed after 60.659 seconds.
✔ Test malformedTargetsAndPoliciesCompositionAndScopeLeaveStateUnchanged() passed after 60.659 seconds.
✔ Test creationUndoFlattensPeerChildrenAfterRestoredSelectionAndRetainsHistoricalAnchors() passed after 60.659 seconds.
✔ Test removalDoesNotOverrideIndependentPeerMoveAndConcurrentRemovalsNeverDuplicate() passed after 60.659 seconds.
✔ Test invalidNestedAndNoncontiguousCreationAndSplitDoNotChangeSavedHistory() passed after 60.653 seconds.
✔ Test inactiveInlineConversionDoesNotConflictWithPeerCodeShape() passed after 60.491 seconds.
✔ Test reorderBetweenListsPreservesOriginsCheckedStatePeerTextAndNoopHistory() passed after 60.659 seconds.
✔ Test capturedItemsFollowObservedPeerMovesBeforeStyleAndChecklistCommands() passed after 60.471 seconds.
✔ Test removalUndoKeepsInsertionsAnchoredAfterPreviouslyFlattenedChildOutsideLayout() passed after 60.471 seconds.
✔ Test synchronizedResizeLWWAuthorUndoReopenAndNoopMatchIndependentSnapshots() passed after 60.471 seconds.
✔ Test genericBlockCommandsKeepItemTableAndDocumentBoundariesClosed() passed after 7.179 seconds.
✔ Test resizePacketBeforeLayoutBirthRetainsRecoveryThenConvergesWithoutPromotingReceipt() passed after 7.179 seconds.
✔ Test removalMatchesFlattenedFixtureRestoresSplitAndCaretAndRoutesLatePeerPackets() passed after 60.653 seconds.
✔ Test concurrentListStylesConvergeAndUndoRevealsPeerWinner() passed after 7.179 seconds.
✔ Test multiItemOutdentKeepsUnselectedChildrenAndReopenedPeerEdits() passed after 7.139 seconds.
✔ Test capturedOrderSurvivesPeerMovesAndHistoricalDeletedBoundaryRemainsUsable() passed after 7.179 seconds.
✔ Test deletedSourceAndOwnerReusedLabelsScopeAndPolicyRejectUnchanged() passed after 7.179 seconds.
✔ Test directListStyleConversionPreservesPeerStyleAfterCreatorUndo() passed after 7.139 seconds.
✔ Test compositionAndReducedActionPolicyRejectLocalStyleButPreserveRemoteStyleAndChecks() passed after 7.139 seconds.
✔ Test forgedCopyPayloadAndInvisibleMalformedPacketsRejectAtomically() passed after 7.139 seconds.
✔ Test styleChangesDeduplicateContainingOwnersAndPreserveCheckedRichAndOpaqueFields() passed after 7.134 seconds.
✔ Test copiedExposedPeerParagraphAndFollowingAnchorSurviveOriginalListRedo() passed after 7.134 seconds.
✔ Test concurrentNestedMovesPreserveBothAuthorsAndUndoUsesRemainingPlacement() passed after 7.134 seconds.
✔ Test duplicateFromPeerSplitCopiesOnlyCurrentVisibleContentNotBirthPayload() passed after 7.134 seconds.
✔ Test nestedListsTablesColumnsFreshenOnlySchemaIDsAndRetainLiteralRichAndOpaqueFields() passed after 7.139 seconds.
✔ Test independentSnapshotsRetainEveryAdmittedFieldAndCanonicalRoundTrip() passed after 73.879 seconds.
✔ Test multiItemIndentPreservesRichMetadataChildrenPeerTextCaretAndSingleUndo(actor:) with 2 test cases passed after 7.007 seconds.
✔ Test opaqueBlockIsCopiedVerbatimWithItsOnlyKnownSchemaIDFreshened() passed after 7.007 seconds.
✔ Test admissionCopiesObservedTextButLaterOriginalPeerEditsAndUndoRemainIndependent() passed after 7.008 seconds.
✔ Test peerStyleAndChecklistHistorySurviveListCreationUndoAndRedo() passed after 7.007 seconds.
✔ Test activeInlineCodeUnionRetainsAcceptedStateUntilAuthorRepair() passed after 7.007 seconds.
✔ Test checklistUpdatesOnlyChangedItemsAndOneUndoRetainsDisjointPeerWrites() passed after 7.007 seconds.
✔ Test acceptedDuplicateLiteralSelectsCopyAndFocusesItsFirstInputOneStep() passed after 7.007 seconds.
✔ Test nativeJSONEnvelopeChecksListArgumentsPolicyCapturesAndFocus() passed after 7.007 seconds.
✔ Test concurrentCutsPartitionSuffixInTextOrderAndEachAuthorUndoRetainsOtherCut() passed after 7.007 seconds.
✔ Test nearFullArchiveReservesFailureAndCancellationWithoutLosingAcceptedLocalState() passed after 64.758 seconds.
✔ Test copiedChildPeersRemainRecoverableAcrossAuthorUndoRedoAndReopen() passed after 7.007 seconds.
✔ Test hierarchyHistoryRetainsLateBirthRecoveryUntilCreatorPacketArrives() passed after 7.007 seconds.
✔ Test forgedListPlansRejectEvenWhenDisabledWithoutAcknowledgment(fault:) with 10 test cases passed after 7.007 seconds.
✔ Test concurrentColumnCutsRemainReachableAfterFlatteningUndoAndRejoin() passed after 7.007 seconds.
✔ Test splitKeepsHeadingSourceMetadataRichReferencesAndAtomicBoundaries() passed after 7.007 seconds.
✔ Test columnDestinationAdmitsOrdinaryCopiesAndRejectsNestedLayoutOrDeletedOwner() passed after 7.007 seconds.
✔ Test invalidHierarchyTargetsRejectWithoutStateHistoryOrReceiptChanges(fault:) with 8 test cases passed after 7.007 seconds.
✔ Test nestedChecklistSplitRetainsParentChildrenAndResetsNewItemCheckedState() passed after 7.007 seconds.
✔ Test capturedCaretRebasesThroughObservedPeerCutBeforeSecondSplit() passed after 7.007 seconds.
✔ Test mergeRetainsRightPeerAtomsAndAnchorsAcrossUndoReopen() passed after 7.007 seconds.
✔ Test incompatibleMergePolicyTitleAndForgedCutProofRejectWithoutHistoryChanges() passed after 7.007 seconds.
✔ Test joinedSourceInputUsesCapturedAtomsAndRejectsUnrelatedFieldAnchor() passed after 7.007 seconds.
✔ Test emptyHeadTraversesMultipleRetiredSplitsButExplicitDeletionDoesNotRetarget() passed after 7.007 seconds.
✔ Test noopsAndFailedCommandsPreserveAcceptedHistoryAndCompositionEndsTypingGroup() passed after 6.064 seconds.
✔ Test unobservedReferencesDuplicateBirthsCrossFieldRoutesAndForeignUndoReject() passed after 6.064 seconds.
✔ Test missingCausalPacketIsSeparatelyRecoverableWithoutReceiptThenAcceptsUnion() passed after 6.064 seconds.
✔ Test emptySplitHeadReturnsToExactRetainedBoundaryOnUndoIncludingPeerPrefixAndReopen() passed after 7.007 seconds.
✔ Test callbacksObserveFinalHistoryAndCannotReenterPublication() passed after 6.064 seconds.
✔ Test independentAppearanceRegistersAndSameFieldWinsConvergeAcrossOrder(_:) with 2 test cases passed after 6.064 seconds.
✔ Test invalidDeferredPacketRemainsExportableAndQueueLimitDoesNotAcknowledge() passed after 6.064 seconds.
✔ Test malformedOperationWithMissingDependencyRejectsInsteadOfCreatingRecovery() passed after 6.064 seconds.
✔ Test retainedSuffixCaretAndPeerReplacementFollowSplitUndoRedoAndReopen() passed after 7.007 seconds.
✔ Test unknownWireFieldsAndMalformedSavedHistoryRejectRatherThanDisappear() passed after 6.064 seconds.
✔ Test mismatchedScopeUnsupportedFormatDuplicateKeysAndLossyNumbersRejectUnchanged() passed after 6.064 seconds.
✔ Test malformedPlainTitleAndInactiveTransactionsNeverAcknowledge(_:) with 2 test cases passed after 6.064 seconds.
✔ Test schemaUnionRecoveryRetainsBothAuthorsAndRepairDisablesOnlyOwnEdit() passed after 6.064 seconds.
✔ Test splitAfterColumnRemovalAndUndoKeepsLogicalOriginRoutes() passed after 7.007 seconds.
✔ Test anchoredBackwardRangeRetainsUnobservedPeerTextAndUnicodeCaret() passed after 6.052 seconds.
✔ Test compositionHoldPreservesLocalDraftBoundaryQueuesNoReceiptAndReleasesOnce() passed after 6.064 seconds.
◇ Test case passing 2 arguments version → 4, excess → 1 to actual32MBUnionRetainsRejectedHistoryAndPeerMetadata(version:excess:) started.
✔ Suite ModernSchemaConversionTests passed after 78.856 seconds.
✔ Suite ModernInlineCommandsTests passed after 78.856 seconds.
✔ Suite ModernAsyncBridgeTests passed after 78.856 seconds.
✔ Suite ModernListRoleTests passed after 78.856 seconds.
✔ Suite ModernBridgeTests passed after 78.856 seconds.
✔ Suite ModernCommandTargetsTests passed after 78.856 seconds.
✔ Suite ModernDocumentTests passed after 78.856 seconds.
✔ Suite ModernStructureTests passed after 78.856 seconds.
✔ Suite ModernBlockCommandsTests passed after 78.857 seconds.
✔ Suite ModernAsyncCommandsTests passed after 78.857 seconds.
✔ Suite ModernColumnTests passed after 78.857 seconds.
✔ Suite ModernStructuralBridgeTests passed after 78.857 seconds.
✔ Suite ModernListStructureTests passed after 78.857 seconds.
✔ Suite ModernDuplicationTests passed after 78.857 seconds.
✔ Test typingGroupUndoRetainsPeerAtomsAndHistoryOrderAcrossReopen() passed after 6.090 seconds.
✔ Test nestedEmptyChecklistEnterOutdentsAndRetainsHistory() passed after 7.111 seconds.
✔ Suite ModernSplitMergeTests passed after 78.959 seconds.
✔ Test independentTitleAppearanceFixturesPassSharedSessionPeerUndoRedoAndReopen() passed after 6.216 seconds.
✔ Test packetCountRawBytesAndHeldBytesUseIndependentLimitsWithoutReceipt() passed after 6.620 seconds.
✔ Test generatedStructuralCollectionsOfflineEditsAndHistoryConverge(seed:kind:) with 40 test cases passed after 81.621 seconds.
✔ Test bodyFieldsInsideColumnsRemainDistinctAndLiteralAtomsRejectRichMarks() passed after 8.967 seconds.
✔ Suite ModernSessionTests passed after 81.771 seconds.
✔ Test incrementalLocalEditsMatchFullReplayAfterEveryAction() passed after 82.754 seconds.
✔ Test allIndependentModernSnapshotsKeepExactJSONThroughSharedProjection() passed after 79.059 seconds.
✔ Suite ModernProjectionTests passed after 86.018 seconds.
◇ Test case passing 2 arguments version → 5, excess → 0 to actual32MBUnionRetainsRejectedHistoryAndPeerMetadata(version:excess:) started.
◇ Test case passing 2 arguments version → 5, excess → 1 to actual32MBUnionRetainsRejectedHistoryAndPeerMetadata(version:excess:) started.
✔ Test actual32MBUnionRetainsRejectedHistoryAndPeerMetadata(version:excess:) with 4 test cases passed after 46.002 seconds.
◇ Test actual64MBRetainedBudgetPreservesCallerOwnedRejectedPacket(version:) started.
◇ Test case passing 1 argument version → 4 to actual64MBRetainedBudgetPreservesCallerOwnedRejectedPacket(version:) started.
◇ Test case passing 1 argument version → 5 to actual64MBRetainedBudgetPreservesCallerOwnedRejectedPacket(version:) started.
✔ Test actual64MBRetainedBudgetPreservesCallerOwnedRejectedPacket(version:) with 2 test cases passed after 6.648 seconds.
◇ Test actual10000RootUnionCountsRootsAndRetainsPeerDescendants(version:roots:) started.
◇ Test case passing 2 arguments version → 4, roots → 9998 to actual10000RootUnionCountsRootsAndRetainsPeerDescendants(version:roots:) started.
◇ Test case passing 2 arguments version → 4, roots → 9999 to actual10000RootUnionCountsRootsAndRetainsPeerDescendants(version:roots:) started.
◇ Test case passing 2 arguments version → 5, roots → 9998 to actual10000RootUnionCountsRootsAndRetainsPeerDescendants(version:roots:) started.
◇ Test case passing 2 arguments version → 5, roots → 9999 to actual10000RootUnionCountsRootsAndRetainsPeerDescendants(version:roots:) started.
✔ Test actual10000RootUnionCountsRootsAndRetainsPeerDescendants(version:roots:) with 4 test cases passed after 311.242 seconds.
✔ Suite WritingByteRootBoundaryTests passed after 435.616 seconds.
✔ Test run with 471 tests in 18 suites passed after 435.618 seconds.
◇ Test run started.
↳ Testing Library Version: 2084
↳ Target Platform: arm64e-apple-macos14.0
◇ Test appleSelectionMapsRemoteEditsAndDisposalReleasesComposition() started.
◇ Test writingCleanDisabledInputAllowsAnotherNativeCommandButMarkedDraftBlocksIt() started.
◇ Test writingFailedCompositionClosePreservesRecoverableDraftAndQueuedRemoteInput() started.
◇ Test fullEditorFocusHandoffWaitsForCompositionCommit() started.
◇ Test writingListInsertionRejectsReparentingAfterCompositionWithoutMutatingCollections(version:) started.
◇ Test focusHandoffDoesNotOverrideAnotherNativeResponder() started.
◇ Test appKitDisabledHostKeepsAcceptedTextSelectable() started.
◇ Test writingAppKitMinimalDraftPreservesMarksReferenceAndRejectsPartialReference() started.
◇ Test writingImmediateRepeatedEnterUsesThePendingDestinationIdentityAndCaret() started.
◇ Test writingLocalUndoRebasesFocusedTailToOriginalFieldDuringNativeLayout(selectionLength:remoteEdit:) started.
◇ Test writingNativeTypingAppliesSharedMarkdownAndRespectsDisabledTypes() started.
◇ Test writingPendingTargetMarkedInputCommitsBeforeAnotherEnterAndRetainsPeerUndo(list:emptyTail:) started.
◇ Test nativeRootOrderingAndUndoUseSharedCommands() started.
◇ Test writingRenderedListConvertRetainsBothOwnerAndTargetLease(version:) started.
◇ Test writingPendingCaretExpiresAfterSynchronousFocusAwayAndBackBeforeLayout() started.
◇ Test writingEmptyTailUndoAndRedoRetainsNativeHeadPositionProvenance() started.
◇ Test writingNativePlainPasteUsesExistingSharedInlineCommand(version:replacingSelection:) started.
◇ Test writingOrdinaryTypingBeforePendingTailLayoutUsesTheSharedDestination() started.
◇ Test writingTextOnlyReplayExpiresFocusCaptureBeforeIntentionalBlurAndLaterMove() started.
◇ Test writingNativeMarkdownIsExplicitAndKeepsOrdinaryPasteLiteral(version:) started.
◇ Test nativeInsertionsRespectPolicyAndPreserveExistingContent() started.
◇ Test writingNativeClipboardKeepsExplicitProtocolAndEpoch(version:) started.
◇ Test writingRenderedMovementRechecksBoundsAfterHeldPeerDrain(version:) started.
◇ Test writingPlatformCommittedDictationAndDuplicateFinish() started.
◇ Test committedPlatformInputPreservesMarksAndReferences() started.
◇ Test writingFocusedFormattingRetainsNativeRangeAndUpstreamAffinityAfterScheduledFocusWork() started.
◇ Test appKitCompositionCommitsUnicodeBeforeRemoteReplay() started.
◇ Test unchangedReplayDoesNotLeaveFocusCaptureForALaterReparent() started.
◇ Test writingNativeMarkdownFinalizesMarkedInputBeforePasteAndPreservesPeerRichUndo(version:) started.
◇ Test fullEditorViewRebindsAReusedLabelToItsNewOrigin() started.
◇ Test writingEditorRejectsImplicitLegacyEpochAndClosedInputMutation() started.
◇ Test writingAppKitCompositionCommitsBeforeEnterAndKeepsPeerUndo() started.
◇ Test appKitUnmarkAndDisposalReleaseRemoteChanges() started.
◇ Test writingNativePasteUsesPendingTailAfterMarkedCommitBeforeLayout(version:emptyTail:) started.
◇ Test writingListInsertionRetainsFailedCompositionAndUsesCurrentDrainedStyle(version:) started.
◇ Test writingRemoteSplitOfUnfocusedFieldDoesNotStealAnotherFieldsFocus() started.
◇ Test writingImpossibleMovementDoesNotFinalizeMarkedDraftOrDrainPeer(version:) started.
◇ Test nativeFormattingShortcutTogglesMarksAndIgnoresCompositionAndDisposal() started.
◇ Test writingDetachedNativeSourceCannotUseRetainedKeyCallbackBeforeDisposal() started.
◇ Test checklistCommandFollowsOriginAfterCompositionReleasesMoveAndLabelReuse() started.
◇ Test writingNativeFormattingTogglesAndPreservesUpstreamSelectionAffinity() started.
◇ Test case passing 1 argument version → 4 to writingListInsertionRejectsReparentingAfterCompositionWithoutMutatingCollections(version:) started.
◇ Test writingRenderedCallbacksCannotReauthorizeAfterMoveAndReturn(version:) started.
◇ Test nativeFormattingCombinesCodeBoldAndItalic() started.
◇ Test appleCompositionPreservesMarksAndAtomicReferences() started.
◇ Test writingCompositionMenuUsesCapturedOriginAfterQueuedReparentAndLabelReuse() started.
◇ Test case passing 1 argument version → 5 to writingListInsertionRejectsReparentingAfterCompositionWithoutMutatingCollections(version:) started.
◇ Test case passing 1 argument version → 6 to writingListInsertionRejectsReparentingAfterCompositionWithoutMutatingCollections(version:) started.
◇ Test writingNativeMarkdownFailureAndRetiredCallbacksPreserveAcceptedHistory(version:) started.
◇ Test failedCompositionCommitStopsLocalCommandWithoutDroppingRemoteHold() started.
◇ Test platformCommandCommitsEntryBeforeUndoAndRemoteReplay() started.
◇ Test nativeActionFollowsMovedIdentityWhenOldLabelIsReused() started.
◇ Test writingRenderedListConvertRejectsTargetReparentingDuringDrain(version:) started.
◇ Test writingNativePasteRespectsRetiredLeaseAndHostRestrictions(version:) started.
◇ Test fullEditorViewPreservesFocusedOriginAfterRemoteReparentAndLabelReuse(scenario:) started.
◇ Test writingListInsertionPreflightKeepsMarkedDraftAndHeldPeersOnDisabledOrRetiredActions(version:) started.
◇ Test nativeFormattingMapsQueuedRemoteInsertionBeforeCommand() started.
◇ Test appKitToolbarUndoCommitsCompositionBeforeUndoAndRemoteReplay() started.
◇ Test writingRenderedDisposedAndReadOnlyControlsPreserveFullHistory(version:) started.
◇ Test writingRetainedNativeCallbacksRespectCurrentPermissionAndCloseLease() started.
◇ Test case passing 2 arguments selectionLength → 0, remoteEdit → false to writingLocalUndoRebasesFocusedTailToOriginalFieldDuringNativeLayout(selectionLength:remoteEdit:) started.
◇ Test case passing 2 arguments selectionLength → 3, remoteEdit → false to writingLocalUndoRebasesFocusedTailToOriginalFieldDuringNativeLayout(selectionLength:remoteEdit:) started.
◇ Test case passing 2 arguments selectionLength → 0, remoteEdit → true to writingLocalUndoRebasesFocusedTailToOriginalFieldDuringNativeLayout(selectionLength:remoteEdit:) started.
◇ Test case passing 1 argument version → 4 to writingRenderedListConvertRetainsBothOwnerAndTargetLease(version:) started.
◇ Test case passing 2 arguments list → false, emptyTail → false to writingPendingTargetMarkedInputCommitsBeforeAnotherEnterAndRetainsPeerUndo(list:emptyTail:) started.
◇ Test case passing 2 arguments list → false, emptyTail → true to writingPendingTargetMarkedInputCommitsBeforeAnotherEnterAndRetainsPeerUndo(list:emptyTail:) started.
◇ Test writingFailedLocalCommandExpiresCaptureBeforeIntentionalBlurAndRemoteReparent() started.
◇ Test case passing 1 argument version → 5 to writingRenderedListConvertRetainsBothOwnerAndTargetLease(version:) started.
◇ Test case passing 2 arguments selectionLength → 3, remoteEdit → true to writingLocalUndoRebasesFocusedTailToOriginalFieldDuringNativeLayout(selectionLength:remoteEdit:) started.
◇ Test writingNativeCopyRoundTripRetainsRichReferenceWithoutAuthorMutation(version:) started.
◇ Test case passing 1 argument version → 6 to writingRenderedListConvertRetainsBothOwnerAndTargetLease(version:) started.
◇ Test writingPendingCaretDoesNotRouteAnotherFocusedInputOrRevokedSourceCallback() started.
◇ Test writingAppKitSoftBreakAndBoundaryBackspaceUseSharedTransactions() started.
◇ Test writingNativeStructuredPasteFinalizesMarkedDraftAndKeepsPeerAuthorHistory(version:) started.
◇ Test writingFocusTransfersOpaqueOriginAndUpstreamSelectionAfterReplay(rapidReceive:) started.
◇ Test nativeCompositionFollowsMovedNodeWhenItsOldPathIsReused() started.
◇ Test case passing 2 arguments list → true, emptyTail → false to writingPendingTargetMarkedInputCommitsBeforeAnotherEnterAndRetainsPeerUndo(list:emptyTail:) started.
◇ Test writingNativeStructuralMarkdownUsesSharedNodesAndHostFallbackWithoutAssets(version:) started.
◇ Test writingListAddItemFinalizesAndDrainsBeforeFreshCaretAndUndo(version:) started.
◇ Test writingPlatformSubmitEchoPreservesDeferredPeerAndAuthorUndo(version:) started.
◇ Test case passing 2 arguments list → true, emptyTail → true to writingPendingTargetMarkedInputCommitsBeforeAnotherEnterAndRetainsPeerUndo(list:emptyTail:) started.
◇ Test appKitSelectionAndUnicodeInsertionFollowRemoteText() started.
◇ Test platformEntryDisposalCommitsDraftAndReleasesRemoteHold() started.
◇ Test writingListAddNestedItemExplicitlyCreatesAbsentCollectionAndUndoesExactly(version:) started.
◇ Test case passing 2 arguments version → 4, replacingSelection → false to writingNativePlainPasteUsesExistingSharedInlineCommand(version:replacingSelection:) started.
◇ Test case passing 1 argument version → 5 to writingNativeMarkdownIsExplicitAndKeepsOrdinaryPasteLiteral(version:) started.
◇ Test case passing 1 argument version → 6 to writingNativeMarkdownIsExplicitAndKeepsOrdinaryPasteLiteral(version:) started.
◇ Test case passing 1 argument version → 4 to writingNativeClipboardKeepsExplicitProtocolAndEpoch(version:) started.
◇ Test writingPendingTargetSelectionFormatsItsRenderedRichFieldBeforeLayout() started.
◇ Test case passing 1 argument version → 5 to writingNativeClipboardKeepsExplicitProtocolAndEpoch(version:) started.
◇ Test compositionCommitsBeforeRemoteChangesAndPreservesAuthorUndo() started.
◇ Test case passing 1 argument version → 6 to writingNativeClipboardKeepsExplicitProtocolAndEpoch(version:) started.
◇ Test case passing 1 argument version → 4 to writingNativeMarkdownIsExplicitAndKeepsOrdinaryPasteLiteral(version:) started.
◇ Test case passing 1 argument version → 5 to writingRenderedMovementRechecksBoundsAfterHeldPeerDrain(version:) started.
◇ Test case passing 1 argument version → 6 to writingRenderedMovementRechecksBoundsAfterHeldPeerDrain(version:) started.
◇ Test case passing 2 arguments version → 5, replacingSelection → false to writingNativePlainPasteUsesExistingSharedInlineCommand(version:replacingSelection:) started.
◇ Test platformEntryCommitsBeforeApplyingQueuedRemoteText() started.
◇ Test case passing 2 arguments version → 6, replacingSelection → false to writingNativePlainPasteUsesExistingSharedInlineCommand(version:replacingSelection:) started.
◇ Test case passing 1 argument version → 4 to writingRenderedMovementRechecksBoundsAfterHeldPeerDrain(version:) started.
◇ Test case passing 2 arguments version → 4, replacingSelection → true to writingNativePlainPasteUsesExistingSharedInlineCommand(version:replacingSelection:) started.
◇ Test case passing 1 argument version → 4 to writingNativeMarkdownFinalizesMarkedInputBeforePasteAndPreservesPeerRichUndo(version:) started.
◇ Test case passing 1 argument version → 5 to writingNativeMarkdownFinalizesMarkedInputBeforePasteAndPreservesPeerRichUndo(version:) started.
◇ Test writingRetainedChecklistSetterKeepsOriginAfterMoveAndRejectsDeletedReuse() started.
◇ Test case passing 1 argument version → 4 to writingListInsertionRetainsFailedCompositionAndUsesCurrentDrainedStyle(version:) started.
◇ Test case passing 1 argument version → 5 to writingListInsertionRetainsFailedCompositionAndUsesCurrentDrainedStyle(version:) started.
◇ Test case passing 1 argument version → 6 to writingListInsertionRetainsFailedCompositionAndUsesCurrentDrainedStyle(version:) started.
◇ Test case passing 2 arguments version → 4, emptyTail → false to writingNativePasteUsesPendingTailAfterMarkedCommitBeforeLayout(version:emptyTail:) started.
◇ Test case passing 1 argument version → 4 to writingImpossibleMovementDoesNotFinalizeMarkedDraftOrDrainPeer(version:) started.
◇ Test case passing 1 argument version → 5 to writingImpossibleMovementDoesNotFinalizeMarkedDraftOrDrainPeer(version:) started.
◇ Test case passing 1 argument version → 6 to writingImpossibleMovementDoesNotFinalizeMarkedDraftOrDrainPeer(version:) started.
◇ Test case passing 2 arguments version → 5, replacingSelection → true to writingNativePlainPasteUsesExistingSharedInlineCommand(version:replacingSelection:) started.
◇ Test case passing 2 arguments version → 5, emptyTail → true to writingNativePasteUsesPendingTailAfterMarkedCommitBeforeLayout(version:emptyTail:) started.
◇ Test case passing 2 arguments version → 6, emptyTail → false to writingNativePasteUsesPendingTailAfterMarkedCommitBeforeLayout(version:emptyTail:) started.
◇ Test writingSplitTailUndoKeepsEmptyOrAtomicReferenceBoundary(empty:) started.
◇ Test case passing 2 arguments version → 5, emptyTail → false to writingNativePasteUsesPendingTailAfterMarkedCommitBeforeLayout(version:emptyTail:) started.
◇ Test legacyNestedActionsCannotDeleteTheirContainingRoot() started.
◇ Test case passing 2 arguments version → 6, replacingSelection → true to writingNativePlainPasteUsesExistingSharedInlineCommand(version:replacingSelection:) started.
◇ Test case passing 1 argument version → 4 to writingNativeMarkdownFailureAndRetiredCallbacksPreserveAcceptedHistory(version:) started.
◇ Test case passing 1 argument version → 4 to writingRenderedCallbacksCannotReauthorizeAfterMoveAndReturn(version:) started.
◇ Test case passing 2 arguments version → 6, emptyTail → true to writingNativePasteUsesPendingTailAfterMarkedCommitBeforeLayout(version:emptyTail:) started.
◇ Test case passing 1 argument version → 5 to writingNativeMarkdownFailureAndRetiredCallbacksPreserveAcceptedHistory(version:) started.
◇ Test case passing 1 argument version → 6 to writingNativeMarkdownFailureAndRetiredCallbacksPreserveAcceptedHistory(version:) started.
◇ Test case passing 1 argument version → 5 to writingRenderedCallbacksCannotReauthorizeAfterMoveAndReturn(version:) started.
◇ Test case passing 1 argument version → 6 to writingRenderedCallbacksCannotReauthorizeAfterMoveAndReturn(version:) started.
◇ Test case passing 1 argument scenario → .reparent to fullEditorViewPreservesFocusedOriginAfterRemoteReparentAndLabelReuse(scenario:) started.
◇ Test case passing 1 argument version → 6 to writingRenderedListConvertRejectsTargetReparentingDuringDrain(version:) started.
◇ Test case passing 1 argument version → 6 to writingNativeMarkdownFinalizesMarkedInputBeforePasteAndPreservesPeerRichUndo(version:) started.
◇ Test case passing 1 argument version → 6 to writingNativePasteRespectsRetiredLeaseAndHostRestrictions(version:) started.
◇ Test case passing 1 argument version → 4 to writingListInsertionPreflightKeepsMarkedDraftAndHeldPeersOnDisabledOrRetiredActions(version:) started.
◇ Test case passing 1 argument version → 5 to writingRenderedDisposedAndReadOnlyControlsPreserveFullHistory(version:) started.
◇ Test case passing 1 argument scenario → .selectionRebase to fullEditorViewPreservesFocusedOriginAfterRemoteReparentAndLabelReuse(scenario:) started.
◇ Test case passing 1 argument version → 5 to writingListInsertionPreflightKeepsMarkedDraftAndHeldPeersOnDisabledOrRetiredActions(version:) started.
◇ Test case passing 1 argument version → 6 to writingListInsertionPreflightKeepsMarkedDraftAndHeldPeersOnDisabledOrRetiredActions(version:) started.
◇ Test case passing 1 argument version → 4 to writingNativeCopyRoundTripRetainsRichReferenceWithoutAuthorMutation(version:) started.
◇ Test case passing 2 arguments version → 4, emptyTail → true to writingNativePasteUsesPendingTailAfterMarkedCommitBeforeLayout(version:emptyTail:) started.
◇ Test case passing 1 argument version → 5 to writingNativePasteRespectsRetiredLeaseAndHostRestrictions(version:) started.
◇ Test case passing 1 argument version → 6 to writingNativeCopyRoundTripRetainsRichReferenceWithoutAuthorMutation(version:) started.
◇ Test case passing 1 argument version → 4 to writingNativeStructuredPasteFinalizesMarkedDraftAndKeepsPeerAuthorHistory(version:) started.
◇ Test case passing 1 argument version → 5 to writingNativeStructuredPasteFinalizesMarkedDraftAndKeepsPeerAuthorHistory(version:) started.
◇ Test case passing 1 argument version → 6 to writingNativeStructuredPasteFinalizesMarkedDraftAndKeepsPeerAuthorHistory(version:) started.
◇ Test case passing 1 argument rapidReceive → false to writingFocusTransfersOpaqueOriginAndUpstreamSelectionAfterReplay(rapidReceive:) started.
◇ Test case passing 1 argument version → 5 to writingNativeCopyRoundTripRetainsRichReferenceWithoutAuthorMutation(version:) started.
◇ Test case passing 1 argument version → 6 to writingNativeStructuralMarkdownUsesSharedNodesAndHostFallbackWithoutAssets(version:) started.
◇ Test case passing 1 argument version → 4 to writingPlatformSubmitEchoPreservesDeferredPeerAndAuthorUndo(version:) started.
◇ Test case passing 1 argument version → 4 to writingListAddItemFinalizesAndDrainsBeforeFreshCaretAndUndo(version:) started.
◇ Test case passing 1 argument version → 4 to writingRenderedListConvertRejectsTargetReparentingDuringDrain(version:) started.
◇ Test case passing 1 argument version → 6 to writingPlatformSubmitEchoPreservesDeferredPeerAndAuthorUndo(version:) started.
◇ Test case passing 1 argument version → 5 to writingListAddItemFinalizesAndDrainsBeforeFreshCaretAndUndo(version:) started.
◇ Test case passing 1 argument version → 4 to writingListAddNestedItemExplicitlyCreatesAbsentCollectionAndUndoesExactly(version:) started.
◇ Test case passing 1 argument version → 5 to writingPlatformSubmitEchoPreservesDeferredPeerAndAuthorUndo(version:) started.
◇ Test case passing 1 argument version → 5 to writingNativeStructuralMarkdownUsesSharedNodesAndHostFallbackWithoutAssets(version:) started.
◇ Test case passing 1 argument version → 4 to writingRenderedDisposedAndReadOnlyControlsPreserveFullHistory(version:) started.
◇ Test case passing 1 argument version → 6 to writingRenderedDisposedAndReadOnlyControlsPreserveFullHistory(version:) started.
◇ Test case passing 1 argument empty → true to writingSplitTailUndoKeepsEmptyOrAtomicReferenceBoundary(empty:) started.
◇ Test case passing 1 argument empty → false to writingSplitTailUndoKeepsEmptyOrAtomicReferenceBoundary(empty:) started.
◇ Test case passing 1 argument version → 5 to writingListAddNestedItemExplicitlyCreatesAbsentCollectionAndUndoesExactly(version:) started.
◇ Test case passing 1 argument version → 6 to writingListAddItemFinalizesAndDrainsBeforeFreshCaretAndUndo(version:) started.
◇ Test case passing 1 argument version → 6 to writingListAddNestedItemExplicitlyCreatesAbsentCollectionAndUndoesExactly(version:) started.
◇ Test case passing 1 argument version → 5 to writingRenderedListConvertRejectsTargetReparentingDuringDrain(version:) started.
◇ Test case passing 1 argument version → 4 to writingNativePasteRespectsRetiredLeaseAndHostRestrictions(version:) started.
◇ Test case passing 1 argument rapidReceive → true to writingFocusTransfersOpaqueOriginAndUpstreamSelectionAfterReplay(rapidReceive:) started.
◇ Test case passing 1 argument scenario → .consecutiveReceives to fullEditorViewPreservesFocusedOriginAfterRemoteReparentAndLabelReuse(scenario:) started.
✔ Test appleSelectionMapsRemoteEditsAndDisposalReleasesComposition() passed after 0.284 seconds.
✔ Test writingFailedCompositionClosePreservesRecoverableDraftAndQueuedRemoteInput() passed after 0.292 seconds.
✔ Test appKitDisabledHostKeepsAcceptedTextSelectable() passed after 0.299 seconds.
✔ Test writingAppKitMinimalDraftPreservesMarksReferenceAndRejectsPartialReference() passed after 0.305 seconds.
✔ Test writingImmediateRepeatedEnterUsesThePendingDestinationIdentityAndCaret() passed after 0.351 seconds.
✔ Test writingListInsertionRejectsReparentingAfterCompositionWithoutMutatingCollections(version:) with 3 test cases passed after 0.397 seconds.
✔ Test nativeRootOrderingAndUndoUseSharedCommands() passed after 0.435 seconds.
✔ Test writingPendingCaretExpiresAfterSynchronousFocusAwayAndBackBeforeLayout() passed after 0.521 seconds.
✔ Test writingRenderedListConvertRetainsBothOwnerAndTargetLease(version:) with 3 test cases passed after 0.574 seconds.
✔ Test writingNativeTypingAppliesSharedMarkdownAndRespectsDisabledTypes() passed after 0.580 seconds.
✔ Test writingOrdinaryTypingBeforePendingTailLayoutUsesTheSharedDestination() passed after 0.633 seconds.
✔ Test writingPendingTargetMarkedInputCommitsBeforeAnotherEnterAndRetainsPeerUndo(list:emptyTail:) with 4 test cases passed after 0.667 seconds.
✔ Test nativeInsertionsRespectPolicyAndPreserveExistingContent() passed after 0.705 seconds.
✔ Test writingNativeClipboardKeepsExplicitProtocolAndEpoch(version:) with 3 test cases passed after 0.715 seconds.
✔ Test writingNativeMarkdownIsExplicitAndKeepsOrdinaryPasteLiteral(version:) with 3 test cases passed after 0.718 seconds.
✔ Test appKitCompositionCommitsUnicodeBeforeRemoteReplay() passed after 0.751 seconds.
✔ Test writingRenderedMovementRechecksBoundsAfterHeldPeerDrain(version:) with 3 test cases passed after 0.767 seconds.
✔ Test writingPlatformCommittedDictationAndDuplicateFinish() passed after 0.778 seconds.
✔ Test writingEditorRejectsImplicitLegacyEpochAndClosedInputMutation() passed after 0.783 seconds.
✔ Test fullEditorViewRebindsAReusedLabelToItsNewOrigin() passed after 0.877 seconds.
✔ Test writingListInsertionRetainsFailedCompositionAndUsesCurrentDrainedStyle(version:) with 3 test cases passed after 0.928 seconds.
✔ Test writingImpossibleMovementDoesNotFinalizeMarkedDraftOrDrainPeer(version:) with 3 test cases passed after 1.048 seconds.
✔ Test nativeFormattingShortcutTogglesMarksAndIgnoresCompositionAndDisposal() passed after 1.060 seconds.
✔ Test committedPlatformInputPreservesMarksAndReferences() passed after 1.117 seconds.
✔ Test appleCompositionPreservesMarksAndAtomicReferences() passed after 1.154 seconds.
✔ Test writingCompositionMenuUsesCapturedOriginAfterQueuedReparentAndLabelReuse() passed after 1.162 seconds.
✔ Test failedCompositionCommitStopsLocalCommandWithoutDroppingRemoteHold() passed after 1.163 seconds.
✔ Test writingCleanDisabledInputAllowsAnotherNativeCommandButMarkedDraftBlocksIt() passed after 1.171 seconds.
✔ Test checklistCommandFollowsOriginAfterCompositionReleasesMoveAndLabelReuse() passed after 1.187 seconds.
✔ Test nativeActionFollowsMovedIdentityWhenOldLabelIsReused() passed after 1.234 seconds.
✔ Test writingRenderedCallbacksCannotReauthorizeAfterMoveAndReturn(version:) with 3 test cases passed after 1.271 seconds.
✔ Test nativeFormattingMapsQueuedRemoteInsertionBeforeCommand() passed after 1.272 seconds.
✔ Test platformCommandCommitsEntryBeforeUndoAndRemoteReplay() passed after 1.274 seconds.
✔ Test writingNativeFormattingTogglesAndPreservesUpstreamSelectionAffinity() passed after 1.319 seconds.
✔ Test writingNativeMarkdownFailureAndRetiredCallbacksPreserveAcceptedHistory(version:) with 3 test cases passed after 1.329 seconds.
✔ Test writingNativeMarkdownFinalizesMarkedInputBeforePasteAndPreservesPeerRichUndo(version:) with 3 test cases passed after 1.364 seconds.
✔ Test appKitToolbarUndoCommitsCompositionBeforeUndoAndRemoteReplay() passed after 1.365 seconds.
✔ Test writingAppKitCompositionCommitsBeforeEnterAndKeepsPeerUndo() passed after 1.380 seconds.
✔ Test nativeFormattingCombinesCodeBoldAndItalic() passed after 1.396 seconds.
✔ Test writingRetainedNativeCallbacksRespectCurrentPermissionAndCloseLease() passed after 1.398 seconds.
✔ Test writingListInsertionPreflightKeepsMarkedDraftAndHeldPeersOnDisabledOrRetiredActions(version:) with 3 test cases passed after 1.468 seconds.
✔ Test writingNativePasteUsesPendingTailAfterMarkedCommitBeforeLayout(version:emptyTail:) with 6 test cases passed after 1.497 seconds.
✔ Test writingAppKitSoftBreakAndBoundaryBackspaceUseSharedTransactions() passed after 1.510 seconds.
✔ Test nativeCompositionFollowsMovedNodeWhenItsOldPathIsReused() passed after 1.523 seconds.
✔ Test writingDetachedNativeSourceCannotUseRetainedKeyCallbackBeforeDisposal() passed after 1.527 seconds.
✔ Test appKitUnmarkAndDisposalReleaseRemoteChanges() passed after 1.534 seconds.
✔ Test writingNativeCopyRoundTripRetainsRichReferenceWithoutAuthorMutation(version:) with 3 test cases passed after 1.547 seconds.
✔ Test writingPlatformSubmitEchoPreservesDeferredPeerAndAuthorUndo(version:) with 3 test cases passed after 1.728 seconds.
✔ Test platformEntryDisposalCommitsDraftAndReleasesRemoteHold() passed after 1.729 seconds.
✔ Test writingNativeStructuralMarkdownUsesSharedNodesAndHostFallbackWithoutAssets(version:) with 2 test cases passed after 1.826 seconds.
✔ Test platformEntryCommitsBeforeApplyingQueuedRemoteText() passed after 1.826 seconds.
✔ Test appKitSelectionAndUnicodeInsertionFollowRemoteText() passed after 1.828 seconds.
✔ Test writingRetainedChecklistSetterKeepsOriginAfterMoveAndRejectsDeletedReuse() passed after 1.848 seconds.
✔ Test writingRenderedDisposedAndReadOnlyControlsPreserveFullHistory(version:) with 3 test cases passed after 1.853 seconds.
✔ Test writingListAddNestedItemExplicitlyCreatesAbsentCollectionAndUndoesExactly(version:) with 3 test cases passed after 1.900 seconds.
✔ Test legacyNestedActionsCannotDeleteTheirContainingRoot() passed after 1.900 seconds.
✔ Test compositionCommitsBeforeRemoteChangesAndPreservesAuthorUndo() passed after 1.900 seconds.
✔ Test writingRenderedListConvertRejectsTargetReparentingDuringDrain(version:) with 3 test cases passed after 1.915 seconds.
✔ Test writingNativePasteRespectsRetiredLeaseAndHostRestrictions(version:) with 3 test cases passed after 1.917 seconds.
✔ Test writingPendingTargetSelectionFormatsItsRenderedRichFieldBeforeLayout() passed after 1.929 seconds.
✔ Test fullEditorFocusHandoffWaitsForCompositionCommit() passed after 1.993 seconds.
✔ Test writingTextOnlyReplayExpiresFocusCaptureBeforeIntentionalBlurAndLaterMove() passed after 2.111 seconds.
✔ Test writingRemoteSplitOfUnfocusedFieldDoesNotStealAnotherFieldsFocus() passed after 2.158 seconds.
✔ Test writingNativePlainPasteUsesExistingSharedInlineCommand(version:replacingSelection:) with 6 test cases passed after 2.186 seconds.
✔ Test writingFailedLocalCommandExpiresCaptureBeforeIntentionalBlurAndRemoteReparent() passed after 2.201 seconds.
✔ Test writingNativeStructuredPasteFinalizesMarkedDraftAndKeepsPeerAuthorHistory(version:) with 3 test cases passed after 2.232 seconds.
✔ Test writingPendingCaretDoesNotRouteAnotherFocusedInputOrRevokedSourceCallback() passed after 2.254 seconds.
✔ Test writingListAddItemFinalizesAndDrainsBeforeFreshCaretAndUndo(version:) with 3 test cases passed after 2.271 seconds.
✔ Test writingFocusTransfersOpaqueOriginAndUpstreamSelectionAfterReplay(rapidReceive:) with 2 test cases passed after 2.273 seconds.
✔ Test fullEditorViewPreservesFocusedOriginAfterRemoteReparentAndLabelReuse(scenario:) with 3 test cases passed after 2.285 seconds.
✔ Test focusHandoffDoesNotOverrideAnotherNativeResponder() passed after 2.289 seconds.
✔ Test writingFocusedFormattingRetainsNativeRangeAndUpstreamAffinityAfterScheduledFocusWork() passed after 2.333 seconds.
✔ Test unchangedReplayDoesNotLeaveFocusCaptureForALaterReparent() passed after 2.337 seconds.
✔ Test writingSplitTailUndoKeepsEmptyOrAtomicReferenceBoundary(empty:) with 2 test cases passed after 2.339 seconds.
✔ Test writingLocalUndoRebasesFocusedTailToOriginalFieldDuringNativeLayout(selectionLength:remoteEdit:) with 4 test cases passed after 2.362 seconds.
✔ Test writingEmptyTailUndoAndRedoRetainsNativeHeadPositionProvenance() passed after 2.363 seconds.
✔ Test run with 76 tests in 0 suites passed after 2.364 seconds.
