Command line invocation:
    /Applications/Xcode.app/Contents/Developer/usr/bin/xcodebuild -project Examples/ModernInteractionPrototype/ModernInteractionPrototype.xcodeproj -scheme ModernPrototypePhone -destination "platform=iOS Simulator,id=B37B1CA0-FF78-4ABB-9EBC-10FC4A0FE38B" -derivedDataPath /private/tmp/block-editor-prototype-focus-build -resultBundlePath /private/tmp/block-editor-prototype-focus-2.xcresult -parallel-testing-enabled NO "-only-testing:ModernPrototypePhoneTests/InteractionReviewTests/testKeyboardTitleToBodyAndSlashAcceptance" "-only-testing:ModernPrototypePhoneTests/InteractionReviewTests/testColumnFocusOrderAndContainment" "-only-testing:ModernPrototypePhoneTests/InteractionReviewTests/testMultipleLayoutsAndBoundaryWriting" CODE_SIGNING_ALLOWED=NO test

Build settings from command line:
    CODE_SIGNING_ALLOWED = NO

Resolve Package Graph


Resolved source packages:
  BlockEditor: /tmp/block-editor-prototype-input-focus

Writing result bundle at path:
	/private/tmp/block-editor-prototype-focus-2.xcresult

ComputePackagePrebuildTargetDependencyGraph

Prepare packages

CreateBuildRequest

SendProjectDescription

CreateBuildOperation

ComputeTargetDependencyGraph
note: Building targets in dependency order
note: Target dependency graph (4 targets)
    Target 'ModernPrototypePhoneTests' in project 'ModernInteractionPrototype'
        ➜ Explicit dependency on target 'ModernPrototypePhone' in project 'ModernInteractionPrototype'
    Target 'ModernPrototypePhone' in project 'ModernInteractionPrototype'
        ➜ Explicit dependency on target 'BlockEditorCore-product' in project 'BlockEditor'
    Target 'BlockEditorCore-product' in project 'BlockEditor'
        ➜ Explicit dependency on target 'BlockEditorCore' in project 'BlockEditor'
    Target 'BlockEditorCore' in project 'BlockEditor' (no dependencies)

GatherProvisioningInputs

CreateBuildDescription

ClangStatCache /Applications/Xcode.app/Contents/Developer/Toolchains/XcodeDefault.xctoolchain/usr/bin/clang-stat-cache /Applications/Xcode.app/Contents/Developer/Platforms/iPhoneSimulator.platform/Developer/SDKs/iPhoneSimulator27.0.sdk /tmp/block-editor-prototype-focus-build/SDKStatCaches.noindex/iphonesimulator27.0-24A430-e829b21a6f8c9b70876ba0858053c0448dc58220667be655e1bcc261a7455254.sdkstatcache
    cd /tmp/block-editor-prototype-input-focus/Examples/ModernInteractionPrototype/ModernInteractionPrototype.xcodeproj
    /Applications/Xcode.app/Contents/Developer/Toolchains/XcodeDefault.xctoolchain/usr/bin/clang-stat-cache /Applications/Xcode.app/Contents/Developer/Platforms/iPhoneSimulator.platform/Developer/SDKs/iPhoneSimulator27.0.sdk -o /tmp/block-editor-prototype-focus-build/SDKStatCaches.noindex/iphonesimulator27.0-24A430-e829b21a6f8c9b70876ba0858053c0448dc58220667be655e1bcc261a7455254.sdkstatcache

SwiftDriver ModernPrototypePhone normal arm64 com.apple.xcode.tools.swift.compiler (in target 'ModernPrototypePhone' from project 'ModernInteractionPrototype')
    cd /tmp/block-editor-prototype-input-focus/Examples/ModernInteractionPrototype
    builtin-SwiftDriver -- /Applications/Xcode.app/Contents/Developer/Toolchains/XcodeDefault.xctoolchain/usr/bin/swiftc -module-name ModernPrototypePhone -Onone @/tmp/block-editor-prototype-focus-build/Build/Intermediates.noindex/ModernInteractionPrototype.build/Debug-iphonesimulator/ModernPrototypePhone.build/Objects-normal/arm64/ModernPrototypePhone.SwiftFileList -DDEBUG -enable-experimental-feature DebugDescriptionMacro -sdk /Applications/Xcode.app/Contents/Developer/Platforms/iPhoneSimulator.platform/Developer/SDKs/iPhoneSimulator27.0.sdk -target arm64-apple-ios26.0-simulator -g -module-cache-path /tmp/block-editor-prototype-focus-build/ModuleCache.noindex -Xfrontend -serialize-debugging-options -enable-testing -index-store-path /tmp/block-editor-prototype-focus-build/Index.noindex/DataStore -Xcc -D_LIBCPP_HARDENING_MODE\=_LIBCPP_HARDENING_MODE_DEBUG -swift-version 6 -I /tmp/block-editor-prototype-focus-build/Build/Products/Debug-iphonesimulator -F /tmp/block-editor-prototype-focus-build/Build/Products/Debug-iphonesimulator/PackageFrameworks -F /tmp/block-editor-prototype-focus-build/Build/Products/Debug-iphonesimulator -c -j14 -enable-batch-mode -incremental -Xcc -ivfsstatcache -Xcc /tmp/block-editor-prototype-focus-build/SDKStatCaches.noindex/iphonesimulator27.0-24A430-e829b21a6f8c9b70876ba0858053c0448dc58220667be655e1bcc261a7455254.sdkstatcache -output-file-map /tmp/block-editor-prototype-focus-build/Build/Intermediates.noindex/ModernInteractionPrototype.build/Debug-iphonesimulator/ModernPrototypePhone.build/Objects-normal/arm64/ModernPrototypePhone-OutputFileMap.json -save-temps -no-color-diagnostics -explicit-module-build -module-cache-path /tmp/block-editor-prototype-focus-build/Build/Intermediates.noindex/SwiftExplicitPrecompiledModules -clang-scanner-module-cache-path /tmp/block-editor-prototype-focus-build/ModuleCache.noindex -sdk-module-cache-path /tmp/block-editor-prototype-focus-build/SDKExplicitPrecompiledModules -emit-dependencies -emit-module -emit-module-path /tmp/block-editor-prototype-focus-build/Build/Intermediates.noindex/ModernInteractionPrototype.build/Debug-iphonesimulator/ModernPrototypePhone.build/Objects-normal/arm64/ModernPrototypePhone.swiftmodule -serialize-diagnostics -dependency-scan-serialize-diagnostics-path /tmp/block-editor-prototype-focus-build/Build/Intermediates.noindex/ModernInteractionPrototype.build/Debug-iphonesimulator/ModernPrototypePhone.build/Objects-normal/arm64/ModernPrototypePhone-dependency-scan.dia -validate-clang-modules-once -clang-build-session-file /tmp/block-editor-prototype-focus-build/ModuleCache.noindex/Session.modulevalidation -Xcc -fmodules-prune-interval\=86400 -Xcc -fmodules-prune-after\=345600 -emit-const-values -const-gather-protocols-list /tmp/block-editor-prototype-focus-build/Build/Intermediates.noindex/ModernInteractionPrototype.build/Debug-iphonesimulator/ModernPrototypePhone.build/Objects-normal/arm64/ModernPrototypePhone_const_extract_protocols.json -Xcc -iquote -Xcc /tmp/block-editor-prototype-focus-build/Build/Intermediates.noindex/ModernInteractionPrototype.build/Debug-iphonesimulator/ModernPrototypePhone.build/ModernPrototypePhone-generated-files.hmap -Xcc -I/tmp/block-editor-prototype-focus-build/Build/Intermediates.noindex/ModernInteractionPrototype.build/Debug-iphonesimulator/ModernPrototypePhone.build/ModernPrototypePhone-own-target-headers.hmap -Xcc -I/tmp/block-editor-prototype-focus-build/Build/Intermediates.noindex/ModernInteractionPrototype.build/Debug-iphonesimulator/ModernPrototypePhone.build/ModernPrototypePhone-all-non-framework-target-headers.hmap -Xcc -ivfsoverlay -Xcc /tmp/block-editor-prototype-focus-build/Build/Intermediates.noindex/ModernInteractionPrototype.build/Debug-iphonesimulator/ModernInteractionPrototype-84df574b66901626253df89225d17f87-VFS-iphonesimulator/all-product-headers.yaml -Xcc -iquote -Xcc /tmp/block-editor-prototype-focus-build/Build/Intermediates.noindex/ModernInteractionPrototype.build/Debug-iphonesimulator/ModernPrototypePhone.build/ModernPrototypePhone-project-headers.hmap -Xcc -I/tmp/block-editor-prototype-focus-build/Build/Products/Debug-iphonesimulator/include -Xcc -I/tmp/block-editor-prototype-focus-build/Build/Intermediates.noindex/ModernInteractionPrototype.build/Debug-iphonesimulator/ModernPrototypePhone.build/DerivedSources-normal/arm64 -Xcc -I/tmp/block-editor-prototype-focus-build/Build/Intermediates.noindex/ModernInteractionPrototype.build/Debug-iphonesimulator/ModernPrototypePhone.build/DerivedSources/arm64 -Xcc -I/tmp/block-editor-prototype-focus-build/Build/Intermediates.noindex/ModernInteractionPrototype.build/Debug-iphonesimulator/ModernPrototypePhone.build/DerivedSources -Xcc -DDEBUG\=1 -emit-objc-header -emit-objc-header-path /tmp/block-editor-prototype-focus-build/Build/Intermediates.noindex/ModernInteractionPrototype.build/Debug-iphonesimulator/ModernPrototypePhone.build/Objects-normal/arm64/ModernPrototypePhone-Swift.h -working-directory /tmp/block-editor-prototype-input-focus/Examples/ModernInteractionPrototype -experimental-emit-module-separately -disable-cmo

SwiftEmitModule normal arm64 Emitting\ module\ for\ ModernPrototypePhone (in target 'ModernPrototypePhone' from project 'ModernInteractionPrototype')

SwiftCompile normal arm64 (in target 'ModernPrototypePhone' from project 'ModernInteractionPrototype')
    cd /tmp/block-editor-prototype-input-focus/Examples/ModernInteractionPrototype
    

SwiftCompile normal arm64 Compiling\ ReviewInput.swift /tmp/block-editor-prototype-input-focus/Examples/ModernInteractionPrototype/App/ReviewInput.swift (in target 'ModernPrototypePhone' from project 'ModernInteractionPrototype')

SwiftCompile normal arm64 /tmp/block-editor-prototype-input-focus/Examples/ModernInteractionPrototype/App/ReviewInput.swift (in target 'ModernPrototypePhone' from project 'ModernInteractionPrototype')
    cd /tmp/block-editor-prototype-input-focus/Examples/ModernInteractionPrototype
    builtin-SwiftPerFileCompile ReviewInput.swift

SwiftDriverJobDiscovery normal arm64 Compiling ReviewInput.swift (in target 'ModernPrototypePhone' from project 'ModernInteractionPrototype')

SwiftDriver\ Compilation ModernPrototypePhone normal arm64 com.apple.xcode.tools.swift.compiler (in target 'ModernPrototypePhone' from project 'ModernInteractionPrototype')
    cd /tmp/block-editor-prototype-input-focus/Examples/ModernInteractionPrototype
    builtin-Swift-Compilation -- /Applications/Xcode.app/Contents/Developer/Toolchains/XcodeDefault.xctoolchain/usr/bin/swiftc -module-name ModernPrototypePhone -Onone @/tmp/block-editor-prototype-focus-build/Build/Intermediates.noindex/ModernInteractionPrototype.build/Debug-iphonesimulator/ModernPrototypePhone.build/Objects-normal/arm64/ModernPrototypePhone.SwiftFileList -DDEBUG -enable-experimental-feature DebugDescriptionMacro -sdk /Applications/Xcode.app/Contents/Developer/Platforms/iPhoneSimulator.platform/Developer/SDKs/iPhoneSimulator27.0.sdk -target arm64-apple-ios26.0-simulator -g -module-cache-path /tmp/block-editor-prototype-focus-build/ModuleCache.noindex -Xfrontend -serialize-debugging-options -enable-testing -index-store-path /tmp/block-editor-prototype-focus-build/Index.noindex/DataStore -Xcc -D_LIBCPP_HARDENING_MODE\=_LIBCPP_HARDENING_MODE_DEBUG -swift-version 6 -I /tmp/block-editor-prototype-focus-build/Build/Products/Debug-iphonesimulator -F /tmp/block-editor-prototype-focus-build/Build/Products/Debug-iphonesimulator/PackageFrameworks -F /tmp/block-editor-prototype-focus-build/Build/Products/Debug-iphonesimulator -c -j14 -enable-batch-mode -incremental -Xcc -ivfsstatcache -Xcc /tmp/block-editor-prototype-focus-build/SDKStatCaches.noindex/iphonesimulator27.0-24A430-e829b21a6f8c9b70876ba0858053c0448dc58220667be655e1bcc261a7455254.sdkstatcache -output-file-map /tmp/block-editor-prototype-focus-build/Build/Intermediates.noindex/ModernInteractionPrototype.build/Debug-iphonesimulator/ModernPrototypePhone.build/Objects-normal/arm64/ModernPrototypePhone-OutputFileMap.json -save-temps -no-color-diagnostics -explicit-module-build -module-cache-path /tmp/block-editor-prototype-focus-build/Build/Intermediates.noindex/SwiftExplicitPrecompiledModules -clang-scanner-module-cache-path /tmp/block-editor-prototype-focus-build/ModuleCache.noindex -sdk-module-cache-path /tmp/block-editor-prototype-focus-build/SDKExplicitPrecompiledModules -emit-dependencies -emit-module -emit-module-path /tmp/block-editor-prototype-focus-build/Build/Intermediates.noindex/ModernInteractionPrototype.build/Debug-iphonesimulator/ModernPrototypePhone.build/Objects-normal/arm64/ModernPrototypePhone.swiftmodule -serialize-diagnostics -dependency-scan-serialize-diagnostics-path /tmp/block-editor-prototype-focus-build/Build/Intermediates.noindex/ModernInteractionPrototype.build/Debug-iphonesimulator/ModernPrototypePhone.build/Objects-normal/arm64/ModernPrototypePhone-dependency-scan.dia -validate-clang-modules-once -clang-build-session-file /tmp/block-editor-prototype-focus-build/ModuleCache.noindex/Session.modulevalidation -Xcc -fmodules-prune-interval\=86400 -Xcc -fmodules-prune-after\=345600 -emit-const-values -const-gather-protocols-list /tmp/block-editor-prototype-focus-build/Build/Intermediates.noindex/ModernInteractionPrototype.build/Debug-iphonesimulator/ModernPrototypePhone.build/Objects-normal/arm64/ModernPrototypePhone_const_extract_protocols.json -Xcc -iquote -Xcc /tmp/block-editor-prototype-focus-build/Build/Intermediates.noindex/ModernInteractionPrototype.build/Debug-iphonesimulator/ModernPrototypePhone.build/ModernPrototypePhone-generated-files.hmap -Xcc -I/tmp/block-editor-prototype-focus-build/Build/Intermediates.noindex/ModernInteractionPrototype.build/Debug-iphonesimulator/ModernPrototypePhone.build/ModernPrototypePhone-own-target-headers.hmap -Xcc -I/tmp/block-editor-prototype-focus-build/Build/Intermediates.noindex/ModernInteractionPrototype.build/Debug-iphonesimulator/ModernPrototypePhone.build/ModernPrototypePhone-all-non-framework-target-headers.hmap -Xcc -ivfsoverlay -Xcc /tmp/block-editor-prototype-focus-build/Build/Intermediates.noindex/ModernInteractionPrototype.build/Debug-iphonesimulator/ModernInteractionPrototype-84df574b66901626253df89225d17f87-VFS-iphonesimulator/all-product-headers.yaml -Xcc -iquote -Xcc /tmp/block-editor-prototype-focus-build/Build/Intermediates.noindex/ModernInteractionPrototype.build/Debug-iphonesimulator/ModernPrototypePhone.build/ModernPrototypePhone-project-headers.hmap -Xcc -I/tmp/block-editor-prototype-focus-build/Build/Products/Debug-iphonesimulator/include -Xcc -I/tmp/block-editor-prototype-focus-build/Build/Intermediates.noindex/ModernInteractionPrototype.build/Debug-iphonesimulator/ModernPrototypePhone.build/DerivedSources-normal/arm64 -Xcc -I/tmp/block-editor-prototype-focus-build/Build/Intermediates.noindex/ModernInteractionPrototype.build/Debug-iphonesimulator/ModernPrototypePhone.build/DerivedSources/arm64 -Xcc -I/tmp/block-editor-prototype-focus-build/Build/Intermediates.noindex/ModernInteractionPrototype.build/Debug-iphonesimulator/ModernPrototypePhone.build/DerivedSources -Xcc -DDEBUG\=1 -emit-objc-header -emit-objc-header-path /tmp/block-editor-prototype-focus-build/Build/Intermediates.noindex/ModernInteractionPrototype.build/Debug-iphonesimulator/ModernPrototypePhone.build/Objects-normal/arm64/ModernPrototypePhone-Swift.h -working-directory /tmp/block-editor-prototype-input-focus/Examples/ModernInteractionPrototype -experimental-emit-module-separately -disable-cmo

SwiftDriverJobDiscovery normal arm64 Emitting module for ModernPrototypePhone (in target 'ModernPrototypePhone' from project 'ModernInteractionPrototype')

SwiftDriver\ Compilation\ Requirements ModernPrototypePhone normal arm64 com.apple.xcode.tools.swift.compiler (in target 'ModernPrototypePhone' from project 'ModernInteractionPrototype')
    cd /tmp/block-editor-prototype-input-focus/Examples/ModernInteractionPrototype
    builtin-Swift-Compilation-Requirements -- /Applications/Xcode.app/Contents/Developer/Toolchains/XcodeDefault.xctoolchain/usr/bin/swiftc -module-name ModernPrototypePhone -Onone @/tmp/block-editor-prototype-focus-build/Build/Intermediates.noindex/ModernInteractionPrototype.build/Debug-iphonesimulator/ModernPrototypePhone.build/Objects-normal/arm64/ModernPrototypePhone.SwiftFileList -DDEBUG -enable-experimental-feature DebugDescriptionMacro -sdk /Applications/Xcode.app/Contents/Developer/Platforms/iPhoneSimulator.platform/Developer/SDKs/iPhoneSimulator27.0.sdk -target arm64-apple-ios26.0-simulator -g -module-cache-path /tmp/block-editor-prototype-focus-build/ModuleCache.noindex -Xfrontend -serialize-debugging-options -enable-testing -index-store-path /tmp/block-editor-prototype-focus-build/Index.noindex/DataStore -Xcc -D_LIBCPP_HARDENING_MODE\=_LIBCPP_HARDENING_MODE_DEBUG -swift-version 6 -I /tmp/block-editor-prototype-focus-build/Build/Products/Debug-iphonesimulator -F /tmp/block-editor-prototype-focus-build/Build/Products/Debug-iphonesimulator/PackageFrameworks -F /tmp/block-editor-prototype-focus-build/Build/Products/Debug-iphonesimulator -c -j14 -enable-batch-mode -incremental -Xcc -ivfsstatcache -Xcc /tmp/block-editor-prototype-focus-build/SDKStatCaches.noindex/iphonesimulator27.0-24A430-e829b21a6f8c9b70876ba0858053c0448dc58220667be655e1bcc261a7455254.sdkstatcache -output-file-map /tmp/block-editor-prototype-focus-build/Build/Intermediates.noindex/ModernInteractionPrototype.build/Debug-iphonesimulator/ModernPrototypePhone.build/Objects-normal/arm64/ModernPrototypePhone-OutputFileMap.json -save-temps -no-color-diagnostics -explicit-module-build -module-cache-path /tmp/block-editor-prototype-focus-build/Build/Intermediates.noindex/SwiftExplicitPrecompiledModules -clang-scanner-module-cache-path /tmp/block-editor-prototype-focus-build/ModuleCache.noindex -sdk-module-cache-path /tmp/block-editor-prototype-focus-build/SDKExplicitPrecompiledModules -emit-dependencies -emit-module -emit-module-path /tmp/block-editor-prototype-focus-build/Build/Intermediates.noindex/ModernInteractionPrototype.build/Debug-iphonesimulator/ModernPrototypePhone.build/Objects-normal/arm64/ModernPrototypePhone.swiftmodule -serialize-diagnostics -dependency-scan-serialize-diagnostics-path /tmp/block-editor-prototype-focus-build/Build/Intermediates.noindex/ModernInteractionPrototype.build/Debug-iphonesimulator/ModernPrototypePhone.build/Objects-normal/arm64/ModernPrototypePhone-dependency-scan.dia -validate-clang-modules-once -clang-build-session-file /tmp/block-editor-prototype-focus-build/ModuleCache.noindex/Session.modulevalidation -Xcc -fmodules-prune-interval\=86400 -Xcc -fmodules-prune-after\=345600 -emit-const-values -const-gather-protocols-list /tmp/block-editor-prototype-focus-build/Build/Intermediates.noindex/ModernInteractionPrototype.build/Debug-iphonesimulator/ModernPrototypePhone.build/Objects-normal/arm64/ModernPrototypePhone_const_extract_protocols.json -Xcc -iquote -Xcc /tmp/block-editor-prototype-focus-build/Build/Intermediates.noindex/ModernInteractionPrototype.build/Debug-iphonesimulator/ModernPrototypePhone.build/ModernPrototypePhone-generated-files.hmap -Xcc -I/tmp/block-editor-prototype-focus-build/Build/Intermediates.noindex/ModernInteractionPrototype.build/Debug-iphonesimulator/ModernPrototypePhone.build/ModernPrototypePhone-own-target-headers.hmap -Xcc -I/tmp/block-editor-prototype-focus-build/Build/Intermediates.noindex/ModernInteractionPrototype.build/Debug-iphonesimulator/ModernPrototypePhone.build/ModernPrototypePhone-all-non-framework-target-headers.hmap -Xcc -ivfsoverlay -Xcc /tmp/block-editor-prototype-focus-build/Build/Intermediates.noindex/ModernInteractionPrototype.build/Debug-iphonesimulator/ModernInteractionPrototype-84df574b66901626253df89225d17f87-VFS-iphonesimulator/all-product-headers.yaml -Xcc -iquote -Xcc /tmp/block-editor-prototype-focus-build/Build/Intermediates.noindex/ModernInteractionPrototype.build/Debug-iphonesimulator/ModernPrototypePhone.build/ModernPrototypePhone-project-headers.hmap -Xcc -I/tmp/block-editor-prototype-focus-build/Build/Products/Debug-iphonesimulator/include -Xcc -I/tmp/block-editor-prototype-focus-build/Build/Intermediates.noindex/ModernInteractionPrototype.build/Debug-iphonesimulator/ModernPrototypePhone.build/DerivedSources-normal/arm64 -Xcc -I/tmp/block-editor-prototype-focus-build/Build/Intermediates.noindex/ModernInteractionPrototype.build/Debug-iphonesimulator/ModernPrototypePhone.build/DerivedSources/arm64 -Xcc -I/tmp/block-editor-prototype-focus-build/Build/Intermediates.noindex/ModernInteractionPrototype.build/Debug-iphonesimulator/ModernPrototypePhone.build/DerivedSources -Xcc -DDEBUG\=1 -emit-objc-header -emit-objc-header-path /tmp/block-editor-prototype-focus-build/Build/Intermediates.noindex/ModernInteractionPrototype.build/Debug-iphonesimulator/ModernPrototypePhone.build/Objects-normal/arm64/ModernPrototypePhone-Swift.h -working-directory /tmp/block-editor-prototype-input-focus/Examples/ModernInteractionPrototype -experimental-emit-module-separately -disable-cmo

SwiftMergeGeneratedHeaders /tmp/block-editor-prototype-focus-build/Build/Intermediates.noindex/ModernInteractionPrototype.build/Debug-iphonesimulator/ModernPrototypePhone.build/DerivedSources/ModernPrototypePhone-Swift.h /tmp/block-editor-prototype-focus-build/Build/Intermediates.noindex/ModernInteractionPrototype.build/Debug-iphonesimulator/ModernPrototypePhone.build/Objects-normal/arm64/ModernPrototypePhone-Swift.h (in target 'ModernPrototypePhone' from project 'ModernInteractionPrototype')
    cd /tmp/block-editor-prototype-input-focus/Examples/ModernInteractionPrototype
    builtin-swiftHeaderTool -arch arm64 /tmp/block-editor-prototype-focus-build/Build/Intermediates.noindex/ModernInteractionPrototype.build/Debug-iphonesimulator/ModernPrototypePhone.build/Objects-normal/arm64/ModernPrototypePhone-Swift.h -o /tmp/block-editor-prototype-focus-build/Build/Intermediates.noindex/ModernInteractionPrototype.build/Debug-iphonesimulator/ModernPrototypePhone.build/DerivedSources/ModernPrototypePhone-Swift.h

Copy /tmp/block-editor-prototype-focus-build/Build/Products/Debug-iphonesimulator/ModernPrototypePhone.swiftmodule/arm64-apple-ios-simulator.swiftmodule /tmp/block-editor-prototype-focus-build/Build/Intermediates.noindex/ModernInteractionPrototype.build/Debug-iphonesimulator/ModernPrototypePhone.build/Objects-normal/arm64/ModernPrototypePhone.swiftmodule (in target 'ModernPrototypePhone' from project 'ModernInteractionPrototype')
    cd /tmp/block-editor-prototype-input-focus/Examples/ModernInteractionPrototype
    builtin-copy -exclude .DS_Store -exclude CVS -exclude .svn -exclude .git -exclude .hg -resolve-src-symlinks -rename /tmp/block-editor-prototype-focus-build/Build/Intermediates.noindex/ModernInteractionPrototype.build/Debug-iphonesimulator/ModernPrototypePhone.build/Objects-normal/arm64/ModernPrototypePhone.swiftmodule /tmp/block-editor-prototype-focus-build/Build/Products/Debug-iphonesimulator/ModernPrototypePhone.swiftmodule/arm64-apple-ios-simulator.swiftmodule

Copy /tmp/block-editor-prototype-focus-build/Build/Products/Debug-iphonesimulator/ModernPrototypePhone.swiftmodule/arm64-apple-ios-simulator.abi.json /tmp/block-editor-prototype-focus-build/Build/Intermediates.noindex/ModernInteractionPrototype.build/Debug-iphonesimulator/ModernPrototypePhone.build/Objects-normal/arm64/ModernPrototypePhone.abi.json (in target 'ModernPrototypePhone' from project 'ModernInteractionPrototype')
    cd /tmp/block-editor-prototype-input-focus/Examples/ModernInteractionPrototype
    builtin-copy -exclude .DS_Store -exclude CVS -exclude .svn -exclude .git -exclude .hg -resolve-src-symlinks -rename /tmp/block-editor-prototype-focus-build/Build/Intermediates.noindex/ModernInteractionPrototype.build/Debug-iphonesimulator/ModernPrototypePhone.build/Objects-normal/arm64/ModernPrototypePhone.abi.json /tmp/block-editor-prototype-focus-build/Build/Products/Debug-iphonesimulator/ModernPrototypePhone.swiftmodule/arm64-apple-ios-simulator.abi.json

Copy /tmp/block-editor-prototype-focus-build/Build/Products/Debug-iphonesimulator/ModernPrototypePhone.swiftmodule/Project/arm64-apple-ios-simulator.swiftsourceinfo /tmp/block-editor-prototype-focus-build/Build/Intermediates.noindex/ModernInteractionPrototype.build/Debug-iphonesimulator/ModernPrototypePhone.build/Objects-normal/arm64/ModernPrototypePhone.swiftsourceinfo (in target 'ModernPrototypePhone' from project 'ModernInteractionPrototype')
    cd /tmp/block-editor-prototype-input-focus/Examples/ModernInteractionPrototype
    builtin-copy -exclude .DS_Store -exclude CVS -exclude .svn -exclude .git -exclude .hg -resolve-src-symlinks -rename /tmp/block-editor-prototype-focus-build/Build/Intermediates.noindex/ModernInteractionPrototype.build/Debug-iphonesimulator/ModernPrototypePhone.build/Objects-normal/arm64/ModernPrototypePhone.swiftsourceinfo /tmp/block-editor-prototype-focus-build/Build/Products/Debug-iphonesimulator/ModernPrototypePhone.swiftmodule/Project/arm64-apple-ios-simulator.swiftsourceinfo

Ld /tmp/block-editor-prototype-focus-build/Build/Products/Debug-iphonesimulator/ModernPrototypePhone.app/ModernPrototypePhone.debug.dylib normal (in target 'ModernPrototypePhone' from project 'ModernInteractionPrototype')
    cd /tmp/block-editor-prototype-input-focus/Examples/ModernInteractionPrototype
    /Applications/Xcode.app/Contents/Developer/Toolchains/XcodeDefault.xctoolchain/usr/bin/clang -Xlinker -reproducible -target arm64-apple-ios26.0-simulator -dynamiclib -isysroot /Applications/Xcode.app/Contents/Developer/Platforms/iPhoneSimulator.platform/Developer/SDKs/iPhoneSimulator27.0.sdk -O0 -Xlinker -no_warn_duplicate_libraries -L/tmp/block-editor-prototype-focus-build/Build/Intermediates.noindex/EagerLinkingTBDs/Debug-iphonesimulator -L/tmp/block-editor-prototype-focus-build/Build/Products/Debug-iphonesimulator -F/tmp/block-editor-prototype-focus-build/Build/Intermediates.noindex/EagerLinkingTBDs/Debug-iphonesimulator -F/tmp/block-editor-prototype-focus-build/Build/Products/Debug-iphonesimulator/PackageFrameworks -F/tmp/block-editor-prototype-focus-build/Build/Products/Debug-iphonesimulator -filelist /tmp/block-editor-prototype-focus-build/Build/Intermediates.noindex/ModernInteractionPrototype.build/Debug-iphonesimulator/ModernPrototypePhone.build/Objects-normal/arm64/ModernPrototypePhone.LinkFileList -install_name @rpath/ModernPrototypePhone.debug.dylib -Xlinker -rpath -Xlinker @loader_path -Xlinker -rpath -Xlinker /tmp/block-editor-prototype-focus-build/Build/Products/Debug-iphonesimulator/PackageFrameworks -Xlinker -rpath -Xlinker @executable_path/Frameworks -Xlinker -dead_strip -Xlinker -object_path_lto -Xlinker /tmp/block-editor-prototype-focus-build/Build/Intermediates.noindex/ModernInteractionPrototype.build/Debug-iphonesimulator/ModernPrototypePhone.build/Objects-normal/arm64/ModernPrototypePhone_lto.o -rdynamic -Xlinker -no_deduplicate -Xlinker -objc_abi_version -Xlinker 2 -Xlinker -dependency_info -Xlinker /tmp/block-editor-prototype-focus-build/Build/Intermediates.noindex/ModernInteractionPrototype.build/Debug-iphonesimulator/ModernPrototypePhone.build/Objects-normal/arm64/ModernPrototypePhone_dependency_info.dat -fobjc-link-runtime -L/Applications/Xcode.app/Contents/Developer/Toolchains/XcodeDefault.xctoolchain/usr/lib/swift/iphonesimulator -L/usr/lib/swift -Xlinker -add_ast_path -Xlinker /tmp/block-editor-prototype-focus-build/Build/Intermediates.noindex/ModernInteractionPrototype.build/Debug-iphonesimulator/ModernPrototypePhone.build/Objects-normal/arm64/ModernPrototypePhone.swiftmodule -Xlinker -alias -Xlinker _main -Xlinker ___debug_main_executable_dylib_entry_point -o /tmp/block-editor-prototype-focus-build/Build/Products/Debug-iphonesimulator/ModernPrototypePhone.app/ModernPrototypePhone.debug.dylib

ConstructStubExecutorLinkFileList /tmp/block-editor-prototype-focus-build/Build/Intermediates.noindex/ModernInteractionPrototype.build/Debug-iphonesimulator/ModernPrototypePhone.build/ModernPrototypePhone-ExecutorLinkFileList-normal-arm64.txt (in target 'ModernPrototypePhone' from project 'ModernInteractionPrototype')
    cd /tmp/block-editor-prototype-input-focus/Examples/ModernInteractionPrototype
    construct-stub-executor-link-file-list /tmp/block-editor-prototype-focus-build/Build/Products/Debug-iphonesimulator/ModernPrototypePhone.app/ModernPrototypePhone.debug.dylib /Applications/Xcode.app/Contents/Developer/Platforms/iPhoneSimulator.platform/Developer/usr/lib/libPreviewsJITStubExecutor_no_swift_entry_point.a /Applications/Xcode.app/Contents/Developer/Platforms/iPhoneSimulator.platform/Developer/usr/lib/libPreviewsJITStubExecutor.a --output /tmp/block-editor-prototype-focus-build/Build/Intermediates.noindex/ModernInteractionPrototype.build/Debug-iphonesimulator/ModernPrototypePhone.build/ModernPrototypePhone-ExecutorLinkFileList-normal-arm64.txt
note: Using stub executor library with Swift entry point. (in target 'ModernPrototypePhone' from project 'ModernInteractionPrototype')

Ld /tmp/block-editor-prototype-focus-build/Build/Products/Debug-iphonesimulator/ModernPrototypePhone.app/ModernPrototypePhone normal (in target 'ModernPrototypePhone' from project 'ModernInteractionPrototype')
    cd /tmp/block-editor-prototype-input-focus/Examples/ModernInteractionPrototype
    /Applications/Xcode.app/Contents/Developer/Toolchains/XcodeDefault.xctoolchain/usr/bin/clang -Xlinker -reproducible -target arm64-apple-ios26.0-simulator -isysroot /Applications/Xcode.app/Contents/Developer/Platforms/iPhoneSimulator.platform/Developer/SDKs/iPhoneSimulator27.0.sdk -O0 -Xlinker -no_warn_duplicate_libraries -L/tmp/block-editor-prototype-focus-build/Build/Products/Debug-iphonesimulator -F/tmp/block-editor-prototype-focus-build/Build/Products/Debug-iphonesimulator/PackageFrameworks -F/tmp/block-editor-prototype-focus-build/Build/Products/Debug-iphonesimulator -Xlinker -rpath -Xlinker @executable_path -Xlinker -rpath -Xlinker @loader_path -Xlinker -rpath -Xlinker /tmp/block-editor-prototype-focus-build/Build/Products/Debug-iphonesimulator/PackageFrameworks -Xlinker -rpath -Xlinker @executable_path/Frameworks -rdynamic -Xlinker -no_deduplicate -Xlinker -objc_abi_version -Xlinker 2 -e ___debug_blank_executor_main -Xlinker -sectcreate -Xlinker __TEXT -Xlinker __debug_dylib -Xlinker /tmp/block-editor-prototype-focus-build/Build/Intermediates.noindex/ModernInteractionPrototype.build/Debug-iphonesimulator/ModernPrototypePhone.build/ModernPrototypePhone-DebugDylibPath-normal-arm64.txt -Xlinker -sectcreate -Xlinker __TEXT -Xlinker __debug_instlnm -Xlinker /tmp/block-editor-prototype-focus-build/Build/Intermediates.noindex/ModernInteractionPrototype.build/Debug-iphonesimulator/ModernPrototypePhone.build/ModernPrototypePhone-DebugDylibInstallName-normal-arm64.txt -Xlinker -filelist -Xlinker /tmp/block-editor-prototype-focus-build/Build/Intermediates.noindex/ModernInteractionPrototype.build/Debug-iphonesimulator/ModernPrototypePhone.build/ModernPrototypePhone-ExecutorLinkFileList-normal-arm64.txt /tmp/block-editor-prototype-focus-build/Build/Products/Debug-iphonesimulator/ModernPrototypePhone.app/ModernPrototypePhone.debug.dylib -o /tmp/block-editor-prototype-focus-build/Build/Products/Debug-iphonesimulator/ModernPrototypePhone.app/ModernPrototypePhone

ExtractAppIntentsMetadata (in target 'ModernPrototypePhone' from project 'ModernInteractionPrototype')
    cd /tmp/block-editor-prototype-input-focus/Examples/ModernInteractionPrototype
    /Applications/Xcode.app/Contents/Developer/Toolchains/XcodeDefault.xctoolchain/usr/bin/appintentsmetadataprocessor --toolchain-dir /var/run/com.apple.security.cryptexd/mnt/com.apple.MobileAsset.MetalToolchain-v27.1.266.1.aQZs6I/Metal.xctoolchain --module-name ModernPrototypePhone --sdk-root /Applications/Xcode.app/Contents/Developer/Platforms/iPhoneSimulator.platform/Developer/SDKs/iPhoneSimulator27.0.sdk --xcode-version 27A266a --platform-family iOS --deployment-target 26.0 --bundle-identifier studio.seventwo.blockeditor.st121.ios --output /tmp/block-editor-prototype-focus-build/Build/Products/Debug-iphonesimulator/ModernPrototypePhone.app --target-triple arm64-apple-ios26.0-simulator --binary-file /tmp/block-editor-prototype-focus-build/Build/Products/Debug-iphonesimulator/ModernPrototypePhone.app/ModernPrototypePhone --dependency-file /tmp/block-editor-prototype-focus-build/Build/Intermediates.noindex/ModernInteractionPrototype.build/Debug-iphonesimulator/ModernPrototypePhone.build/Objects-normal/arm64/ModernPrototypePhone_dependency_info.dat --stringsdata-file /tmp/block-editor-prototype-focus-build/Build/Intermediates.noindex/ModernInteractionPrototype.build/Debug-iphonesimulator/ModernPrototypePhone.build/Objects-normal/arm64/ExtractedAppShortcutsMetadata.stringsdata --source-file-list /tmp/block-editor-prototype-focus-build/Build/Intermediates.noindex/ModernInteractionPrototype.build/Debug-iphonesimulator/ModernPrototypePhone.build/Objects-normal/arm64/ModernPrototypePhone.SwiftFileList --metadata-file-list /tmp/block-editor-prototype-focus-build/Build/Intermediates.noindex/ModernInteractionPrototype.build/Debug-iphonesimulator/ModernPrototypePhone.build/ModernPrototypePhone.DependencyMetadataFileList --static-metadata-file-list /tmp/block-editor-prototype-focus-build/Build/Intermediates.noindex/ModernInteractionPrototype.build/Debug-iphonesimulator/ModernPrototypePhone.build/ModernPrototypePhone.DependencyStaticMetadataFileList --swift-const-vals-list /tmp/block-editor-prototype-focus-build/Build/Intermediates.noindex/ModernInteractionPrototype.build/Debug-iphonesimulator/ModernPrototypePhone.build/Objects-normal/arm64/ModernPrototypePhone.SwiftConstValuesFileList --compile-time-extraction --deployment-aware-processing --no-app-shortcuts-localization
2026-10-05 22:23:47.349 appintentsmetadataprocessor[48410:17808442] Starting appintentsmetadataprocessor export
2026-10-05 22:23:47.351 appintentsmetadataprocessor[48410:17808442] warning: Metadata extraction skipped, no AppIntents.framework dependency found

CopySwiftLibs /tmp/block-editor-prototype-focus-build/Build/Products/Debug-iphonesimulator/ModernPrototypePhone.app (in target 'ModernPrototypePhone' from project 'ModernInteractionPrototype')
    cd /tmp/block-editor-prototype-input-focus/Examples/ModernInteractionPrototype
    builtin-swiftStdLibTool --copy --verbose --scan-executable /tmp/block-editor-prototype-focus-build/Build/Products/Debug-iphonesimulator/ModernPrototypePhone.app/ModernPrototypePhone.debug.dylib --scan-folder /tmp/block-editor-prototype-focus-build/Build/Products/Debug-iphonesimulator/ModernPrototypePhone.app/Frameworks --scan-folder /tmp/block-editor-prototype-focus-build/Build/Products/Debug-iphonesimulator/ModernPrototypePhone.app/PlugIns --scan-folder /tmp/block-editor-prototype-focus-build/Build/Products/Debug-iphonesimulator/ModernPrototypePhone.app/SystemExtensions --scan-folder /tmp/block-editor-prototype-focus-build/Build/Products/Debug-iphonesimulator/ModernPrototypePhone.app/Extensions --platform iphonesimulator --toolchain /var/run/com.apple.security.cryptexd/mnt/com.apple.MobileAsset.MetalToolchain-v27.1.266.1.aQZs6I/Metal.xctoolchain --toolchain /Applications/Xcode.app/Contents/Developer/Toolchains/XcodeDefault.xctoolchain --destination /tmp/block-editor-prototype-focus-build/Build/Products/Debug-iphonesimulator/ModernPrototypePhone.app/Frameworks --strip-bitcode --strip-bitcode-tool /Applications/Xcode.app/Contents/Developer/Toolchains/XcodeDefault.xctoolchain/usr/bin/bitcode_strip --emit-dependency-info /tmp/block-editor-prototype-focus-build/Build/Intermediates.noindex/ModernInteractionPrototype.build/Debug-iphonesimulator/ModernPrototypePhone.build/SwiftStdLibToolInputDependencies.dep --filter-for-swift-os
Ignoring --strip-bitcode because --sign was not passed

PruneExplicitPrecompiledModules /tmp/block-editor-prototype-focus-build/Build/Intermediates.noindex/SwiftExplicitPrecompiledModules

PruneExplicitPrecompiledModules /tmp/block-editor-prototype-focus-build/SDKExplicitPrecompiledModules

PruneExplicitPrecompiledModules /tmp/block-editor-prototype-focus-build/Build/Intermediates.noindex/ExplicitPrecompiledModules

2026-10-05 22:23:48.226515+0200 ModernPrototypePhoneTests-Runner[48411:17808693] [Default] Running tests...
    t =      nans Interface orientation changed to Portrait
Test Suite 'Selected tests' started at 2026-10-05 22:23:48.669.
Test Suite 'ModernPrototypePhoneTests.xctest' started at 2026-10-05 22:23:48.669.
Test Suite 'InteractionReviewTests' started at 2026-10-05 22:23:48.670.
Test Case '-[ModernPrototypePhoneTests.InteractionReviewTests testColumnFocusOrderAndContainment]' started.
    t =     0.00s Start Test at 2026-10-05 22:23:48.670
    t =     0.02s Set Up
    t =     0.02s Open studio.seventwo.blockeditor.st121.ios
    t =     0.02s     Launch studio.seventwo.blockeditor.st121.ios
2026-10-05 22:23:48.754 xcodebuild[48297:17807921] [MT] IDELaunchParametersSnapshot: debugger version lookup failed for path '<nil>': noURL
2026-10-05 22:23:48.754 xcodebuild[48297:17807921] [MT] IDELaunchParametersSnapshot: no debugger version
    t =     0.49s         Setting up automation session
    t =     0.98s         Wait for studio.seventwo.blockeditor.st121.ios to idle
    t =     2.32s Waiting 10.0s for "Text second" TextView to exist
    t =     3.36s     Checking `Expect predicate `existsNoRetry == 1` for object "Text second" TextView`
    t =     3.36s         Checking existence of `"Text second" TextView`
    t =     3.51s Tap "Text second" TextView
    t =     3.51s     Wait for studio.seventwo.blockeditor.st121.ios to idle
    t =     3.51s     Find the "Text second" TextView
    t =     3.59s     Check for interrupting elements affecting "Text second" TextView
    t =     3.65s     Synthesize event
    t =     3.94s     Wait for studio.seventwo.blockeditor.st121.ios to idle
    t =     5.74s Type 'before ' into "Text second" TextView
    t =     5.74s     Wait for studio.seventwo.blockeditor.st121.ios to idle
    t =     6.13s     Find the "Text second" TextView
    t =     6.24s     Check for interrupting elements affecting "Text second" TextView
    t =     6.31s     Synthesize event
    t =     6.63s     Wait for studio.seventwo.blockeditor.st121.ios to idle
    t =     7.99s Find the "Text second" TextView
objc[48411]: Class UIAccessibilityLoaderWebShared is implemented in both /private/var/run/com.apple.security.cryptexd/mnt/iOS_23A343/Library/Developer/CoreSimulator/Profiles/Runtimes/iOS 26.0.simruntime/Contents/Resources/RuntimeRoot/System/Library/AccessibilityBundles/WebCore.axbundle/WebCore (0x11ecd0310) and /private/var/run/com.apple.security.cryptexd/mnt/iOS_23A343/Library/Developer/CoreSimulator/Profiles/Runtimes/iOS 26.0.simruntime/Contents/Resources/RuntimeRoot/System/Library/AccessibilityBundles/WebKit.axbundle/WebKit (0x11ec6c398). This may cause spurious casting failures and mysterious crashes. One of the duplicates must be removed or renamed.
    t =    10.13s Find the "Text second" TextView
    t =    12.40s Find the "Text second" TextView
    t =    12.50s Tap "Select blocks" Any
    t =    12.50s     Wait for studio.seventwo.blockeditor.st121.ios to idle
    t =    12.50s     Find the "Select blocks" Any
    t =    12.54s     Check for interrupting elements affecting "Select blocks" Switch
    t =    12.62s     Synthesize event
    t =    12.91s     Wait for studio.seventwo.blockeditor.st121.ios to idle
    t =    13.85s Tap "Select first" Button
    t =    13.85s     Wait for studio.seventwo.blockeditor.st121.ios to idle
    t =    13.85s     Find the "Select first" Button
    t =    13.97s     Check for interrupting elements affecting "circle" Button
    t =    14.06s     Synthesize event
    t =    14.36s     Wait for studio.seventwo.blockeditor.st121.ios to idle
    t =    15.30s Tap "Select second" Button
    t =    15.30s     Wait for studio.seventwo.blockeditor.st121.ios to idle
    t =    15.30s     Find the "Select second" Button
    t =    15.43s     Check for interrupting elements affecting "circle" Button
    t =    15.52s     Synthesize event
    t =    15.52s         Scroll element to visible
    t =    15.52s         Find the "circle" Button
    t =    15.66s         Computed hit point {38.166666666666664, 265.49999999999994} after scrolling to visible
    t =    15.94s     Wait for studio.seventwo.blockeditor.st121.ios to idle
    t =    16.80s Tap "Create two columns" Button
    t =    16.80s     Wait for studio.seventwo.blockeditor.st121.ios to idle
    t =    16.80s     Find the "Create two columns" Button
    t =    16.92s     Check for interrupting elements affecting "Create two columns" Button
    t =    17.01s     Synthesize event
    t =    17.02s         Scroll element to visible
    t =    17.02s         Find the "Create two columns" Button
    t =    17.16s         Computed hit point {159.83333333333331, 174.49999999999997} after scrolling to visible
    t =    17.44s     Wait for studio.seventwo.blockeditor.st121.ios to idle
    t =    21.48s Type 'after create ' into Target Application 'studio.seventwo.blockeditor.st121.ios'
    t =    21.48s     Wait for studio.seventwo.blockeditor.st121.ios to idle
    t =    21.87s     Find the Target Application 'studio.seventwo.blockeditor.st121.ios'
    t =    21.96s     Check for interrupting elements affecting "ModernPrototypePhone" Application
    t =    22.05s     Synthesize event
    t =    22.05s         Get number of matches for: Elements containing elements matching predicate 'hasKeyboardFocus == 1'
    t =    22.55s     Wait for studio.seventwo.blockeditor.st121.ios to idle
    t =    23.88s Find the "Text second" TextView
    t =    26.41s Find the "Text second" TextView
    t =    32.43s Find the "Text second" TextView
    t =    34.52s Find the "Text second" TextView
/tmp/block-editor-prototype-input-focus/Examples/ModernInteractionPrototype/UITests/InteractionReviewTests.swift:34: error: -[ModernPrototypePhoneTests.InteractionReviewTests testColumnFocusOrderAndContainment] : XCTAssertTrue failed - Native value: Optional(before after create Second thought)
    t =    34.65s Tear Down
Test Case '-[ModernPrototypePhoneTests.InteractionReviewTests testColumnFocusOrderAndContainment]' failed (34.679 seconds).
2026-10-05 22:24:23.350073+0200 ModernPrototypePhoneTests-Runner[48411:17808693] [Default] Flushing outgoing messages to the IDE with timeout 600.00s
2026-10-05 22:24:23.350241+0200 ModernPrototypePhoneTests-Runner[48411:17808872] [Default] Received confirmation that IDE processed remaining outgoing messages
2026-10-05 22:24:24.007567+0200 ModernPrototypePhoneTests-Runner[49075:17811313] [Default] Running tests...
2026-10-05 22:24:24.086460+0200 ModernPrototypePhoneTests-Runner[49075:17811347] [General] Failed to send CA Event for app launch measurements for ca_event_type: 0 event_name: com.apple.app_launch_measurement.FirstFramePresentationMetric
    t =      nans Interface orientation changed to Portrait

Restarting after unexpected exit, crash, or test timeout; summary will include totals from previous launches.

Test Suite 'Selected tests' started at 2026-10-05 22:24:24.429.
Test Suite 'ModernPrototypePhoneTests.xctest' started at 2026-10-05 22:24:24.429.
Test Suite 'InteractionReviewTests' started at 2026-10-05 22:24:24.429.
Test Case '-[ModernPrototypePhoneTests.InteractionReviewTests testKeyboardTitleToBodyAndSlashAcceptance]' started.
    t =     0.00s Start Test at 2026-10-05 22:24:24.430
    t =     0.02s Set Up
    t =     0.02s Open studio.seventwo.blockeditor.st121.ios
    t =     0.02s     Launch studio.seventwo.blockeditor.st121.ios
2026-10-05 22:24:24.453 xcodebuild[48297:17807921] [MT] IDELaunchParametersSnapshot: debugger version lookup failed for path '<nil>': noURL
2026-10-05 22:24:24.453 xcodebuild[48297:17807921] [MT] IDELaunchParametersSnapshot: no debugger version
    t =     0.23s         Setting up automation session
    t =     0.77s         Wait for studio.seventwo.blockeditor.st121.ios to idle
    t =     2.11s Waiting 10.0s for "Document title" TextField to exist
    t =     3.13s     Checking `Expect predicate `existsNoRetry == 1` for object "Document title" TextField`
    t =     3.13s         Checking existence of `"Document title" TextField`
    t =     3.27s Tap "Document title" TextField
    t =     3.28s     Wait for studio.seventwo.blockeditor.st121.ios to idle
    t =     3.28s     Find the "Document title" TextField
    t =     3.36s     Check for interrupting elements affecting "Document title" TextField
    t =     3.42s     Synthesize event
    t =     3.71s     Wait for studio.seventwo.blockeditor.st121.ios to idle
    t =     4.46s Type ' keyboard' into "Document title" TextField
    t =     4.46s     Wait for studio.seventwo.blockeditor.st121.ios to idle
    t =     4.84s     Find the "Document title" TextField
    t =     4.95s     Check for interrupting elements affecting "Document title" TextField
    t =     5.02s     Synthesize event
    t =     5.37s     Wait for studio.seventwo.blockeditor.st121.ios to idle
    t =     5.75s Type '
' into "Document title" TextField
    t =     5.75s     Wait for studio.seventwo.blockeditor.st121.ios to idle
    t =     6.46s     Find the "Document title" TextField
    t =     6.56s     Check for interrupting elements affecting "Document title" TextField
    t =     6.62s     Synthesize event
    t =     6.84s     Wait for studio.seventwo.blockeditor.st121.ios to idle
    t =     8.36s Waiting 3.0s for "Title Enter to body" StaticText to exist
    t =     9.38s     Checking `Expect predicate `existsNoRetry == 1` for object "Title Enter to body" StaticText`
    t =     9.38s         Checking existence of `"Title Enter to body" StaticText`
    t =     9.48s Type 'Keyboard start ' into Target Application 'studio.seventwo.blockeditor.st121.ios'
    t =     9.48s     Wait for studio.seventwo.blockeditor.st121.ios to idle
    t =     9.48s     Find the Target Application 'studio.seventwo.blockeditor.st121.ios'
    t =     9.54s     Check for interrupting elements affecting "ModernPrototypePhone" Application
    t =     9.62s     Synthesize event
    t =     9.62s         Get number of matches for: Elements containing elements matching predicate 'hasKeyboardFocus == 1'
    t =     9.68s         Requesting snapshot of accessibility hierarchy for app with pid 49090
    t =    10.30s         Requesting snapshot of accessibility hierarchy for app with pid 49090
    t =    10.42s         Requesting snapshot of accessibility hierarchy for app with pid 49090
    t =    10.91s         Requesting snapshot of accessibility hierarchy for app with pid 49090
    t =    11.02s         Failed: Neither element nor any descendant has keyboard focus. Event dispatch snapshot: Application, pid: 49090, label: 'ModernPrototypePhone'
Element debug description:
Attributes: Application, 0x105c13aa0, pid: 49090, label: 'ModernPrototypePhone'
Element subtree:
 →Application, 0x105c13aa0, pid: 49090, label: 'ModernPrototypePhone'
    Window (Main), 0x105c10d80, {{0.0, 0.0}, {393.0, 852.0}}
      Other, 0x105c15480, {{0.0, 0.0}, {393.0, 852.0}}
        Other, 0x105c155a0, {{0.0, 0.0}, {393.0, 852.0}}
          Other, 0x105c07ea0, {{0.0, 0.0}, {393.0, 852.0}}
            Other, 0x105c15040, {{0.0, 0.0}, {393.0, 852.0}}
              ScrollView, 0x105c15160, {{0.0, 0.0}, {393.0, 117.3}}
                Other, 0x105c156c0, {{0.0, 0.0}, {745.3, 117.3}}
                  Button, 0x105c157e0, {{12.0, 78.0}, {87.3, 20.3}}, label: 'Outline'
                    Image, 0x105c15900, {{14.0, 82.0}, {21.0, 12.3}}, identifier: 'list.bullet.indent', label: 'Bulletest List Indent'
                    StaticText, 0x105c15a20, {{12.0, 78.0}, {87.3, 20.3}}, label: 'Outline'
                  Button, 0x105c15b40, {{111.3, 78.0}, {74.3, 20.3}}, label: 'Focus'
                    Image, 0x105c15c60, {{113.3, 80.0}, {16.3, 16.3}}, identifier: 'viewfinder', label: 'Scan'
                    StaticText, 0x105c15d80, {{111.3, 78.0}, {74.3, 20.3}}, label: 'Focus'
                  Button, 0x105c15ea0, {{197.7, 78.0}, {69.3, 20.3}}, label: 'Insert'
                    Image, 0x105c15fc0, {{199.7, 81.3}, {14.0, 14.0}}, identifier: 'plus', label: 'Add'
                    StaticText, 0x105c160e0, {{197.7, 78.0}, {69.3, 20.3}}, label: 'Insert'
                  Switch, 0x105c16200, {{291.0, 78.0}, {102.0, 20.3}}, label: 'Select blocks', value: 0
                  Switch, 0x105c16320, {{449.0, 78.0}, {76.3, 20.3}}, label: 'Large text', value: 0
                  Switch, 0x105c16440, {{561.3, 78.0}, {36.0, 20.3}}, label: 'Dark', value: 0
                  Switch, 0x105c16560, {{621.3, 71.0}, {112.0, 34.3}}, label: 'Touch tools', value: 1
                Other, 0x105c16680, {{0.0, 84.3}, {393.0, 30.0}}, label: 'Horizontal scroll bar, 2 pages', value: 0%
                  Other, 0x105c167a0, {{383.0, 111.3}, {7.0, 3.0}}
                Other, 0x105c168c0, {{0.0, 84.3}, {393.0, 30.0}}, label: 'Horizontal scroll bar, 2 pages', value: 0%
                  Other, 0x105c169e0, {{383.0, 111.3}, {7.0, 3.0}}
              ScrollView, 0x105c16b00, {{0.0, 117.3}, {393.0, 577.7}}
                Other, 0x105c16c20, {{0.0, 117.3}, {393.0, 7574.3}}
                  TextField, 0x105c16d40, {{20.0, 149.3}, {353.0, 44.0}}, identifier: 'Document title', label: 'Document title', placeholderValue: 'Untitled', value: Studio field keybo...
                  TextView, 0x105c16e60, {{24.0, 217.3}, {345.0, 54.0}}, identifier: 'Text intro', label: 'Text intro', value: Start with the doc...
                    Other, 0x105c16f80, {{336.0, 217.3}, {30.0, 54.0}}, label: 'Vertical scroll bar, 1 page', value: 0%
                      Other, 0x105c170a0, {{363.0, 220.3}, {3.0, 48.0}}
                    Other, 0x105c171c0, {{24.0, 241.3}, {345.0, 27.0}}, label: 'Horizontal scroll bar, 1 page', value: 0%
                      Other, 0x105c172e0, {{27.0, 265.3}, {339.0, 3.0}}
                  Button, 0x105c17400, {{24.0, 279.3}, {76.0, 14.3}}, identifier: 'Block actions intro', label: 'Block actions', value: paragraph
                    Button, 0x105c17520, {{24.0, 279.3}, {76.0, 14.3}}
                      StaticText, 0x105c17640, {{24.0, 279.5}, {76.0, 14.3}}, label: 'Block actions'
                  TextView, 0x105c17760, {{24.0, 321.7}, {345.0, 36.3}}, identifier: 'Text first', label: 'Text first', value: First thought
                    Other, 0x105c17880, {{336.0, 321.7}, {30.0, 36.3}}, label: 'Vertical scroll bar, 1 page', value: 0%
                      Other, 0x105c179a0, {{363.0, 319.0}, {3.0, 36.0}}
                    Other, 0x105c17ac0, {{24.0, 336.8}, {345.0, 18.2}}, label: 'Horizontal scroll bar, 1 page', value: 0%
                      Other, 0x105c17be0, {{27.0, 352.0}, {339.0, 3.0}}
                  TextView, 0x105c17d00, {{24.0, 386.0}, {345.0, 36.0}}, identifier: 'Text second', label: 'Text second', value: Second thought
                    Other, 0x105c17e20, {{336.0, 386.0}, {30.0, 36.0}}, label: 'Vertical scroll bar, 1 page', value: 0%
                      Other, 0x105c17f40, {{363.0, 383.0}, {3.0, 36.0}}
                    Other, 0x105c18060, {{24.0, 401.0}, {345.0, 18.0}}, label: 'Horizontal scroll bar, 1 page', value: 0%
                      Other, 0x105c18180, {{27.0, 416.0}, {339.0, 3.0}}
                  TextView, 0x105c182a0, {{24.0, 450.0}, {345.0, 51.3}}, identifier: 'Text section', label: 'Text section', value: Structured notes
                    Other, 0x105c183c0, {{336.0, 450.0}, {30.0, 51.3}}, label: 'Vertical scroll bar, 1 page', value: 0%
                      Other, 0x105c184e0, {{363.0, 453.0}, {3.0, 45.3}}
                    Other, 0x105c18600, {{24.0, 472.7}, {345.0, 25.7}}, label: 'Horizontal scroll bar, 1 page', value: 0%
                      Other, 0x105c18720, {{27.0, 495.3}, {339.0, 3.0}}
                  ScrollView, 0x105c18840, {{24.0, 529.3}, {345.0, 60.0}}
                    Other, 0x105c18960, {{24.0, 529.3}, {356.0, 60.0}}
                      TextView, 0x105c18a80, {{36.0, 541.3}, {160.0, 36.0}}, identifier: 'Cell left', label: 'Cell left', value: First cell
                        Other, 0x105c18ba0, {{163.0, 541.3}, {30.0, 36.0}}, label: 'Vertical scroll bar, 1 page', value: 0%
                          Other, 0x105c18cc0, {{190.0, 538.3}, {3.0, 36.0}}
                        Other, 0x105c18de0, {{36.0, 556.3}, {160.0, 18.0}}, label: 'Horizontal scroll bar, 1 page', value: 0%
                          Other, 0x105c18f00, {{39.0, 571.3}, {154.0, 3.0}}
                      TextView, 0x105c19020, {{208.0, 541.3}, {160.0, 36.0}}, identifier: 'Cell right', label: 'Cell right', value: Second cell
                        Other, 0x105c19140, {{335.0, 541.3}, {30.0, 36.0}}, label: 'Vertical scroll bar, 1 page', value: 0%
                          Other, 0x105c19260, {{362.0, 538.3}, {3.0, 36.0}}
                        Other, 0x105c19380, {{208.0, 556.3}, {160.0, 18.0}}, label: 'Horizontal scroll bar, 1 page', value: 0%
                          Other, 0x105c194a0, {{211.0, 571.3}, {154.0, 3.0}}
                    Other, 0x105c195c0, {{24.0, 556.3}, {345.0, 30.0}}, label: 'Horizontal scroll bar, 2 pages', value: 0%
                      Other, 0x105c196e0, {{359.0, 583.3}, {7.0, 3.0}}
                    Other, 0x105c19800, {{24.0, 556.3}, {345.0, 30.0}}, label: 'Horizontal scroll bar, 2 pages', value: 0%
                      Other, 0x105c19920, {{359.0, 583.3}, {7.0, 3.0}}
                  Button, 0x105c19a40, {{24.0, 617.3}, {345.0, 44.0}}, identifier: 'Toggle toggle-Disclosure toggle', label: 'Toggle toggle', value: Details
                    TextView, 0x105c19b60, {{24.0, 621.3}, {246.7, 36.0}}, identifier: 'Toggle toggle', label: 'Toggle toggle', value: Details
                      Other, 0x105c19c80, {{237.7, 621.3}, {30.0, 36.0}}, label: 'Vertical scroll bar, 1 page', value: 0%
                        Other, 0x105c19da0, {{264.7, 618.3}, {3.0, 36.0}}
                      Other, 0x105c19ec0, {{24.0, 636.3}, {246.7, 18.0}}, label: 'Horizontal scroll bar, 1 page', value: 0%
                        Other, 0x105c19fe0, {{27.0, 651.3}, {240.7, 3.0}}
                    Button, 0x105c1a100, {{278.7, 632.3}, {72.0, 14.3}}, identifier: 'Disclosure toggle', label: 'Show details'
                    Image, 0x105c1a220, {{361.3, 633.3}, {7.0, 12.0}}, identifier: 'collapsed'
                  StaticText, 0x105c1a340, {{24.0, 695.5}, {7.7, 20.3}}, label: '•'
                  TextView, 0x105c1a460, {{39.7, 689.3}, {329.3, 36.3}}, identifier: 'List parent', label: 'List parent', value: Parent item
                    Other, 0x105c1a580, {{336.0, 689.3}, {30.0, 36.3}}, label: 'Vertical scroll bar, 1 page', value: 0%
                      Other, 0x105c1a6a0, {{363.0, 686.7}, {3.0, 36.0}}
                    Other, 0x105c1a7c0, {{39.7, 704.5}, {329.3, 18.2}}, label: 'Horizontal scroll bar, 1 page', value: 0%
                      Other, 0x105c1a8e0, {{42.7, 719.7}, {323.3, 3.0}}
                  StaticText, 0x105c1aa00, {{48.0, 739.5}, {7.7, 20.3}}, label: '•'
                  TextView, 0x105c1ab20, {{63.7, 733.7}, {305.3, 36.0}}, identifier: 'List child', label: 'List child', value: Nested list item
                    Other, 0x105c1ac40, {{336.0, 733.7}, {30.0, 36.0}}, label: 'Vertical scroll bar, 1 page', value: 0%
                      Other, 0x105c1ad60, {{363.0, 730.7}, {3.0, 36.0}}
                    Other, 0x105c1ae80, {{63.7, 748.7}, {305.3, 18.0}}, label: 'Horizontal scroll bar, 1 page', value: 0%
                      Other, 0x105c1afa0, {{66.7, 763.7}, {299.3, 3.0}}
                  Image, 0x105c1b0c0, {{24.0, 797.7}, {345.0, 150.0}}, identifier: 'mountain.2', label: 'Local coastline illustration'
                  TextView, 0x105c1b1e0, {{24.0, 955.7}, {345.0, 32.7}}, identifier: 'Media caption', label: 'Media caption', value: A local visual ref...
                    Other, 0x105c1b300, {{336.0, 955.7}, {30.0, 32.7}}, label: 'Vertical scroll bar, 1 page', value: 0%
                      Other, 0x105c1b420, {{363.0, 949.3}, {3.0, 36.0}}
                    Other, 0x105c1b540, {{24.0, 969.0}, {345.0, 16.3}}, label: 'Horizontal scroll bar, 1 page', value: 0%
                      Other, 0x105c1b660, {{27.0, 982.3}, {339.0, 3.0}}
                  TextView, 0x105c1b780, {{24.0, 1016.3}, {345.0, 80.0}}, identifier: 'Code review-code', label: 'Code review-code', value: 	let coast = "世界😀...
                    Other, 0x105c1b8a0, {{336.0, 1016.3}, {30.0, 80.0}}, label: 'Vertical scroll bar, 1 page', value: 0%
                      Other, 0x105c1b9c0, {{363.0, 1019.3}, {3.0, 74.0}}
                    Other, 0x105c1bae0, {{24.0, 1063.3}, {345.0, 30.0}}, label: 'Horizontal scroll bar, 1 page', value: 0%
                      Other, 0x105c1bc00, {{27.0, 1090.3}, {339.0, 3.0}}
                  TextView, 0x105c1bd20, {{24.0, 1124.3}, {345.0, 80.0}}, identifier: 'Text note-1', label: 'Text note-1', value: Field note 1. Long...
                    Other, 0x105c1be40, {{336.0, 1124.3}, {30.0, 80.0}}, label: 'Vertical scroll bar, 1 page', value: 0%
                      Other, 0x105c1bf60, {{363.0, 1127.3}, {3.0, 74.0}}
                    Other, 0x105c1c080, {{24.0, 1171.3}, {345.0, 30.0}}, label: 'Horizontal scroll bar, 1 page', value: 0%
                      Other, 0x105c1c1a0, {{27.0, 1198.3}, {339.0, 3.0}}
                  TextView, 0x105c1c2c0, {{24.0, 1232.3}, {345.0, 80.0}}, identifier: 'Text note-2', label: 'Text note-2', value: Field note 2. Long...
                    Other, 0x105c1c3e0, {{336.0, 1232.3}, {30.0, 80.0}}, label: 'Vertical scroll bar, 1 page', value: 0%
                      Other, 0x105c1c500, {{363.0, 1235.3}, {3.0, 74.0}}
                    Other, 0x105c1c620, {{24.0, 1279.3}, {345.0, 30.0}}, label: 'Horizontal scroll bar, 1 page', value: 0%
                      Other, 0x105c1c740, {{27.0, 1306.3}, {339.0, 3.0}}
                  TextView, 0x105c1c860, {{24.0, 1340.3}, {345.0, 80.0}}, identifier: 'Text note-3', label: 'Text note-3', value: Field note 3. Long...
                    Other, 0x105c1c980, {{336.0, 1340.3}, {30.0, 80.0}}, label: 'Vertical scroll bar, 1 page', value: 0%
                      Other, 0x105c1caa0, {{363.0, 1343.3}, {3.0, 74.0}}
                    Other, 0x105c1cbc0, {{24.0, 1387.3}, {345.0, 30.0}}, label: 'Horizontal scroll bar, 1 page', value: 0%
                      Other, 0x105c1cce0, {{27.0, 1414.3}, {339.0, 3.0}}
                  TextView, 0x105c1ce00, {{24.0, 1448.3}, {345.0, 80.0}}, identifier: 'Text note-4', label: 'Text note-4', value: Field note 4. Long...
                    Other, 0x105c1cf20, {{336.0, 1448.3}, {30.0, 80.0}}, label: 'Vertical scroll bar, 1 page', value: 0%
                      Other, 0x105c1d040, {{363.0, 1451.3}, {3.0, 74.0}}
                    Other, 0x105c1d160, {{24.0, 1495.3}, {345.0, 30.0}}, label: 'Horizontal scroll bar, 1 page', value: 0%
                      Other, 0x105c1d280, {{27.0, 1522.3}, {339.0, 3.0}}
                  TextView, 0x105c1d3a0, {{24.0, 1556.3}, {345.0, 80.0}}, identifier: 'Text note-5', label: 'Text note-5', value: Field note 5. Long...
                    Other, 0x105c1d4c0, {{336.0, 1556.3}, {30.0, 80.0}}, label: 'Vertical scroll bar, 1 page', value: 0%
                      Other, 0x105c1d5e0, {{363.0, 1559.3}, {3.0, 74.0}}
                    Other, 0x105c1d700, {{24.0, 1603.3}, {345.0, 30.0}}, label: 'Horizontal scroll bar, 1 page', value: 0%
                      Other, 0x105c1d820, {{27.0, 1630.3}, {339.0, 3.0}}
                  TextView, 0x105c1d940, {{24.0, 1664.3}, {345.0, 80.0}}, identifier: 'Text note-6', label: 'Text note-6', value: Field note 6. Long...
                    Other, 0x105c1da60, {{336.0, 1664.3}, {30.0, 80.0}}, label: 'Vertical scroll bar, 1 page', value: 0%
                      Other, 0x105c1db80, {{363.0, 1667.3}, {3.0, 74.0}}
                    Other, 0x105c1dca0, {{24.0, 1711.3}, {345.0, 30.0}}, label: 'Horizontal scroll bar, 1 page', value: 0%
                      Other, 0x105c1ddc0, {{27.0, 1738.3}, {339.0, 3.0}}
                  TextView, 0x105c1dee0, {{24.0, 1772.3}, {345.0, 80.0}}, identifier: 'Text note-7', label: 'Text note-7', value: Field note 7. Long...
                    Other, 0x105c1e000, {{336.0, 1772.3}, {30.0, 80.0}}, label: 'Vertical scroll bar, 1 page', value: 0%
                      Other, 0x105c1e120, {{363.0, 1775.3}, {3.0, 74.0}}
                    Other, 0x105c1e240, {{24.0, 1819.3}, {345.0, 30.0}}, label: 'Horizontal scroll bar, 1 page', value: 0%
                      Other, 0x105c1e360, {{27.0, 1846.3}, {339.0, 3.0}}
                  TextView, 0x105c1e480, {{24.0, 1880.3}, {345.0, 80.0}}, identifier: 'Text note-8', label: 'Text note-8', value: Field note 8. Long...
                    Other, 0x105c1e9c0, {{336.0, 1880.3}, {30.0, 80.0}}, label: 'Vertical scroll bar, 1 page', value: 0%
                      Other, 0x105c1eae0, {{363.0, 1883.3}, {3.0, 74.0}}
                    Other, 0x105c1ec00, {{24.0, 1927.3}, {345.0, 30.0}}, label: 'Horizontal scroll bar, 1 page', value: 0%
                      Other, 0x105c1ed20, {{27.0, 1954.3}, {339.0, 3.0}}
                  TextView, 0x105c1ee40, {{24.0, 1988.3}, {345.0, 80.0}}, identifier: 'Text note-9', label: 'Text note-9', value: Field note 9. Long...
                    Other, 0x105c1ef60, {{336.0, 1988.3}, {30.0, 80.0}}, label: 'Vertical scroll bar, 1 page', value: 0%
                      Other, 0x105c1f080, {{363.0, 1991.3}, {3.0, 74.0}}
                    Other, 0x105c1f1a0, {{24.0, 2035.3}, {345.0, 30.0}}, label: 'Horizontal scroll bar, 1 page', value: 0%
                      Other, 0x105c1f2c0, {{27.0, 2062.3}, {339.0, 3.0}}
                  TextView, 0x105c1f3e0, {{24.0, 2096.3}, {345.0, 80.0}}, identifier: 'Text note-10', label: 'Text note-10', value: Field note 10. Lon...
                    Other, 0x105c1f500, {{336.0, 2096.3}, {30.0, 80.0}}, label: 'Vertical scroll bar, 1 page', value: 0%
                      Other, 0x105c1f620, {{363.0, 2099.3}, {3.0, 74.0}}
                    Other, 0x105c1f740, {{24.0, 2143.3}, {345.0, 30.0}}, label: 'Horizontal scroll bar, 1 page', value: 0%
                      Other, 0x105c1f860, {{27.0, 2170.3}, {339.0, 3.0}}
                  TextView, 0x105c1f980, {{24.0, 2204.3}, {345.0, 80.0}}, identifier: 'Text note-11', label: 'Text note-11', value: Field note 11. Lon...
                    Other, 0x105c1faa0, {{336.0, 2204.3}, {30.0, 80.0}}, label: 'Vertical scroll bar, 1 page', value: 0%
                      Other, 0x105c1fbc0, {{363.0, 2207.3}, {3.0, 74.0}}
                    Other, 0x105c1fce0, {{24.0, 2251.3}, {345.0, 30.0}}, label: 'Horizontal scroll bar, 1 page', value: 0%
                      Other, 0x105c1fe00, {{27.0, 2278.3}, {339.0, 3.0}}
                  TextView, 0x105c1ff20, {{24.0, 2312.3}, {345.0, 80.0}}, identifier: 'Text note-12', label: 'Text note-12', value: Field note 12. Lon...
                    Other, 0x105c20040, {{336.0, 2312.3}, {30.0, 80.0}}, label: 'Vertical scroll bar, 1 page', value: 0%
                      Other, 0x105c20160, {{363.0, 2315.3}, {3.0, 74.0}}
                    Other, 0x1065155c0, {{24.0, 2359.3}, {345.0, 30.0}}, label: 'Horizontal scroll bar, 1 page', value: 0%
                      Other, 0x1065129c0, {{27.0, 2386.3}, {339.0, 3.0}}
                  TextView, 0x106514eb0, {{24.0, 2420.3}, {345.0, 80.0}}, identifier: 'Text note-13', label: 'Text note-13', value: Field note 13. Lon...
                    Other, 0x106511120, {{336.0, 2420.3}, {30.0, 80.0}}, label: 'Vertical scroll bar, 1 page', value: 0%
                      Other, 0x10650fd40, {{363.0, 2423.3}, {3.0, 74.0}}
                    Other, 0x10650fe60, {{24.0, 2467.3}, {345.0, 30.0}}, label: 'Horizontal scroll bar, 1 page', value: 0%
                      Other, 0x10650ff80, {{27.0, 2494.3}, {339.0, 3.0}}
                  TextView, 0x1065100a0, {{24.0, 2528.3}, {345.0, 80.0}}, identifier: 'Text note-14', label: 'Text note-14', value: Field note 14. Lon...
                    Other, 0x1065101c0, {{336.0, 2528.3}, {30.0, 80.0}}, label: 'Vertical scroll bar, 1 page', value: 0%
                      Other, 0x1065102e0, {{363.0, 2531.3}, {3.0, 74.0}}
                    Other, 0x106510400, {{24.0, 2575.3}, {345.0, 30.0}}, label: 'Horizontal scroll bar, 1 page', value: 0%
                      Other, 0x106510520, {{27.0, 2602.3}, {339.0, 3.0}}
                  TextView, 0x106510640, {{24.0, 2636.3}, {345.0, 80.0}}, identifier: 'Text note-15', label: 'Text note-15', value: Field note 15. Lon...
                    Other, 0x106510760, {{336.0, 2636.3}, {30.0, 80.0}}, label: 'Vertical scroll bar, 1 page', value: 0%
                      Other, 0x106510880, {{363.0, 2639.3}, {3.0, 74.0}}
                    Other, 0x1065109a0, {{24.0, 2683.3}, {345.0, 30.0}}, label: 'Horizontal scroll bar, 1 page', value: 0%
                      Other, 0x106505fc0, {{27.0, 2710.3}, {339.0, 3.0}}
                  TextView, 0x1065060e0, {{24.0, 2744.3}, {345.0, 80.0}}, identifier: 'Text note-16', label: 'Text note-16', value: Field note 16. Lon...
                    Other, 0x106506200, {{336.0, 2744.3}, {30.0, 80.0}}, label: 'Vertical scroll bar, 1 page', value: 0%
                      Other, 0x106513ee0, {{363.0, 2747.3}, {3.0, 74.0}}
                    Other, 0x106514000, {{24.0, 2791.3}, {345.0, 30.0}}, label: 'Horizontal scroll bar, 1 page', value: 0%
                      Other, 0x106514120, {{27.0, 2818.3}, {339.0, 3.0}}
                  TextView, 0x106514240, {{24.0, 2852.3}, {345.0, 80.0}}, identifier: 'Text note-17', label: 'Text note-17', value: Field note 17. Lon...
                    Other, 0x106514360, {{336.0, 2852.3}, {30.0, 80.0}}, label: 'Vertical scroll bar, 1 page', value: 0%
                      Other, 0x106514480, {{363.0, 2855.3}, {3.0, 74.0}}
                    Other, 0x1065145a0, {{24.0, 2899.3}, {345.0, 30.0}}, label: 'Horizontal scroll bar, 1 page', value: 0%
                      Other, 0x1065156f0, {{27.0, 2926.3}, {339.0, 3.0}}
                  TextView, 0x106515810, {{24.0, 2960.3}, {345.0, 80.0}}, identifier: 'Text note-18', label: 'Text note-18', value: Field note 18. Lon...
                    Other, 0x106515930, {{336.0, 2960.3}, {30.0, 80.0}}, label: 'Vertical scroll bar, 1 page', value: 0%
                      Other, 0x106515a50, {{363.0, 2963.3}, {3.0, 74.0}}
                    Other, 0x106515b70, {{24.0, 3007.3}, {345.0, 30.0}}, label: 'Horizontal scroll bar, 1 page', value: 0%
                      Other, 0x106515c90, {{27.0, 3034.3}, {339.0, 3.0}}
                  TextView, 0x106515db0, {{24.0, 3068.3}, {345.0, 80.0}}, identifier: 'Text note-19', label: 'Text note-19', value: Field note 19. Lon...
                    Other, 0x1062086d0, {{336.0, 3068.3}, {30.0, 80.0}}, label: 'Vertical scroll bar, 1 page', value: 0%
                      Other, 0x106207840, {{363.0, 3071.3}, {3.0, 74.0}}
                    Other, 0x1062080a0, {{24.0, 3115.3}, {345.0, 30.0}}, label: 'Horizontal scroll bar, 1 page', value: 0%
                      Other, 0x1062081c0, {{27.0, 3142.3}, {339.0, 3.0}}
                  TextView, 0x106209040, {{24.0, 3176.3}, {345.0, 80.0}}, identifier: 'Text note-20', label: 'Text note-20', value: Field note 20. Lon...
                    Other, 0x106209160, {{336.0, 3176.3}, {30.0, 80.0}}, label: 'Vertical scroll bar, 1 page', value: 0%
                      Other, 0x105c20280, {{363.0, 3179.3}, {3.0, 74.0}}
                    Other, 0x105c203a0, {{24.0, 3223.3}, {345.0, 30.0}}, label: 'Horizontal scroll bar, 1 page', value: 0%
                      Other, 0x105c204c0, {{27.0, 3250.3}, {339.0, 3.0}}
                  TextView, 0x105c205e0, {{24.0, 3284.3}, {345.0, 80.0}}, identifier: 'Text note-21', label: 'Text note-21', value: Field note 21. Lon...
                    Other, 0x105c20700, {{336.0, 3284.3}, {30.0, 80.0}}, label: 'Vertical scroll bar, 1 page', value: 0%
                      Other, 0x105c20820, {{363.0, 3287.3}, {3.0, 74.0}}
                    Other, 0x105c20940, {{24.0, 3331.3}, {345.0, 30.0}}, label: 'Horizontal scroll bar, 1 page', value: 0%
                      Other, 0x105c20a60, {{27.0, 3358.3}, {339.0, 3.0}}
                  TextView, 0x105c20b80, {{24.0, 3392.3}, {345.0, 80.0}}, identifier: 'Text note-22', label: 'Text note-22', value: Field note 22. Lon...
                    Other, 0x105c20ca0, {{336.0, 3392.3}, {30.0, 80.0}}, label: 'Vertical scroll bar, 1 page', value: 0%
                      Other, 0x105c20dc0, {{363.0, 3395.3}, {3.0, 74.0}}
                    Other, 0x105c20ee0, {{24.0, 3439.3}, {345.0, 30.0}}, label: 'Horizontal scroll bar, 1 page', value: 0%
                      Other, 0x105c21000, {{27.0, 3466.3}, {339.0, 3.0}}
                  TextView, 0x105c21120, {{24.0, 3500.3}, {345.0, 80.0}}, identifier: 'Text note-23', label: 'Text note-23', value: Field note 23. Lon...
                    Other, 0x105c21240, {{336.0, 3500.3}, {30.0, 80.0}}, label: 'Vertical scroll bar, 1 page', value: 0%
                      Other, 0x105c21360, {{363.0, 3503.3}, {3.0, 74.0}}
                    Other, 0x105c21480, {{24.0, 3547.3}, {345.0, 30.0}}, label: 'Horizontal scroll bar, 1 page', value: 0%
                      Other, 0x105c215a0, {{27.0, 3574.3}, {339.0, 3.0}}
                  TextView, 0x105c216c0, {{24.0, 3608.3}, {345.0, 80.0}}, identifier: 'Text note-24', label: 'Text note-24', value: Field note 24. Lon...
                    Other, 0x105c217e0, {{336.0, 3608.3}, {30.0, 80.0}}, label: 'Vertical scroll bar, 1 page', value: 0%
                      Other, 0x105c21900, {{363.0, 3611.3}, {3.0, 74.0}}
                    Other, 0x105c21a20, {{24.0, 3655.3}, {345.0, 30.0}}, label: 'Horizontal scroll bar, 1 page', value: 0%
                      Other, 0x105c21b40, {{27.0, 3682.3}, {339.0, 3.0}}
                  TextView, 0x105c21c60, {{24.0, 3716.3}, {345.0, 80.0}}, identifier: 'Text note-25', label: 'Text note-25', value: Field note 25. Lon...
                    Other, 0x105c21d80, {{336.0, 3716.3}, {30.0, 80.0}}, label: 'Vertical scroll bar, 1 page', value: 0%
                      Other, 0x105c21ea0, {{363.0, 3719.3}, {3.0, 74.0}}
                    Other, 0x105c21fc0, {{24.0, 3763.3}, {345.0, 30.0}}, label: 'Horizontal scroll bar, 1 page', value: 0%
                      Other, 0x105c220e0, {{27.0, 3790.3}, {339.0, 3.0}}
                  TextView, 0x105c22200, {{24.0, 3824.3}, {345.0, 80.0}}, identifier: 'Text note-26', label: 'Text note-26', value: Field note 26. Lon...
                    Other, 0x105c22320, {{336.0, 3824.3}, {30.0, 80.0}}, label: 'Vertical scroll bar, 1 page', value: 0%
                      Other, 0x105c22440, {{363.0, 3827.3}, {3.0, 74.0}}
                    Other, 0x105c22560, {{24.0, 3871.3}, {345.0, 30.0}}, label: 'Horizontal scroll bar, 1 page', value: 0%
                      Other, 0x105c22680, {{27.0, 3898.3}, {339.0, 3.0}}
                  TextView, 0x105c227a0, {{24.0, 3932.3}, {345.0, 80.0}}, identifier: 'Text note-27', label: 'Text note-27', value: Field note 27. Lon...
                    Other, 0x105c228c0, {{336.0, 3932.3}, {30.0, 80.0}}, label: 'Vertical scroll bar, 1 page', value: 0%
                      Other, 0x105c229e0, {{363.0, 3935.3}, {3.0, 74.0}}
                    Other, 0x105c22b00, {{24.0, 3979.3}, {345.0, 30.0}}, label: 'Horizontal scroll bar, 1 page', value: 0%
                      Other, 0x105c22c20, {{27.0, 4006.3}, {339.0, 3.0}}
                  TextView, 0x105c22d40, {{24.0, 4040.3}, {345.0, 80.0}}, identifier: 'Text note-28', label: 'Text note-28', value: Field note 28. Lon...
                    Other, 0x105c22e60, {{336.0, 4040.3}, {30.0, 80.0}}, label: 'Vertical scroll bar, 1 page', value: 0%
                      Other, 0x105c22f80, {{363.0, 4043.3}, {3.0, 74.0}}
                    Other, 0x105c230a0, {{24.0, 4087.3}, {345.0, 30.0}}, label: 'Horizontal scroll bar, 1 page', value: 0%
                      Other, 0x105c231c0, {{27.0, 4114.3}, {339.0, 3.0}}
                  TextView, 0x105c23500, {{24.0, 4148.3}, {345.0, 80.0}}, identifier: 'Text note-29', label: 'Text note-29', value: Field note 29. Lon...
                    Other, 0x105c23620, {{336.0, 4148.3}, {30.0, 80.0}}, label: 'Vertical scroll bar, 1 page', value: 0%
                      Other, 0x105c23740, {{363.0, 4151.3}, {3.0, 74.0}}
                    Other, 0x105c23860, {{24.0, 4195.3}, {345.0, 30.0}}, label: 'Horizontal scroll bar, 1 page', value: 0%
                      Other, 0x105c23980, {{27.0, 4222.3}, {339.0, 3.0}}
                  TextView, 0x105c23aa0, {{24.0, 4256.3}, {345.0, 80.0}}, identifier: 'Text note-30', label: 'Text note-30', value: Field note 30. Lon...
                    Other, 0x105c23bc0, {{336.0, 4256.3}, {30.0, 80.0}}, label: 'Vertical scroll bar, 1 page', value: 0%
                      Other, 0x105c23ce0, {{363.0, 4259.3}, {3.0, 74.0}}
                    Other, 0x105c23e00, {{24.0, 4303.3}, {345.0, 30.0}}, label: 'Horizontal scroll bar, 1 page', value: 0%
                      Other, 0x105c23f20, {{27.0, 4330.3}, {339.0, 3.0}}
                  TextView, 0x105c24040, {{24.0, 4364.3}, {345.0, 80.0}}, identifier: 'Text note-31', label: 'Text note-31', value: Field note 31. Lon...
                    Other, 0x105c24160, {{336.0, 4364.3}, {30.0, 80.0}}, label: 'Vertical scroll bar, 1 page', value: 0%
                      Other, 0x105c24280, {{363.0, 4367.3}, {3.0, 74.0}}
                    Other, 0x105c243a0, {{24.0, 4411.3}, {345.0, 30.0}}, label: 'Horizontal scroll bar, 1 page', value: 0%
                      Other, 0x105c244c0, {{27.0, 4438.3}, {339.0, 3.0}}
                  TextView, 0x105c245e0, {{24.0, 4472.3}, {345.0, 80.0}}, identifier: 'Text note-32', label: 'Text note-32', value: Field note 32. Lon...
                    Other, 0x105c24700, {{336.0, 4472.3}, {30.0, 80.0}}, label: 'Vertical scroll bar, 1 page', value: 0%
                      Other, 0x105c24820, {{363.0, 4475.3}, {3.0, 74.0}}
                    Other, 0x105c24940, {{24.0, 4519.3}, {345.0, 30.0}}, label: 'Horizontal scroll bar, 1 page', value: 0%
                      Other, 0x105c24a60, {{27.0, 4546.3}, {339.0, 3.0}}
                  TextView, 0x105c24b80, {{24.0, 4580.3}, {345.0, 80.0}}, identifier: 'Text note-33', label: 'Text note-33', value: Field note 33. Lon...
                    Other, 0x105c24ca0, {{336.0, 4580.3}, {30.0, 80.0}}, label: 'Vertical scroll bar, 1 page', value: 0%
                      Other, 0x105c24dc0, {{363.0, 4583.3}, {3.0, 74.0}}
                    Other, 0x105c24ee0, {{24.0, 4627.3}, {345.0, 30.0}}, label: 'Horizontal scroll bar, 1 page', value: 0%
                      Other, 0x105c25000, {{27.0, 4654.3}, {339.0, 3.0}}
                  TextView, 0x105c25120, {{24.0, 4688.3}, {345.0, 80.0}}, identifier: 'Text note-34', label: 'Text note-34', value: Field note 34. Lon...
                    Other, 0x105c25240, {{336.0, 4688.3}, {30.0, 80.0}}, label: 'Vertical scroll bar, 1 page', value: 0%
                      Other, 0x105c25360, {{363.0, 4691.3}, {3.0, 74.0}}
                    Other, 0x105c25480, {{24.0, 4735.3}, {345.0, 30.0}}, label: 'Horizontal scroll bar, 1 page', value: 0%
                      Other, 0x105c255a0, {{27.0, 4762.3}, {339.0, 3.0}}
                  TextView, 0x105c256c0, {{24.0, 4796.3}, {345.0, 80.0}}, identifier: 'Text note-35', label: 'Text note-35', value: Field note 35. Lon...
                    Other, 0x105c257e0, {{336.0, 4796.3}, {30.0, 80.0}}, label: 'Vertical scroll bar, 1 page', value: 0%
                      Other, 0x105c25900, {{363.0, 4799.3}, {3.0, 74.0}}
                    Other, 0x105c25a20, {{24.0, 4843.3}, {345.0, 30.0}}, label: 'Horizontal scroll bar, 1 page', value: 0%
                      Other, 0x105c25b40, {{27.0, 4870.3}, {339.0, 3.0}}
                  TextView, 0x105c25c60, {{24.0, 4904.3}, {345.0, 80.0}}, identifier: 'Text note-36', label: 'Text note-36', value: Field note 36. Lon...
                    Other, 0x105c25d80, {{336.0, 4904.3}, {30.0, 80.0}}, label: 'Vertical scroll bar, 1 page', value: 0%
                      Other, 0x105c25ea0, {{363.0, 4907.3}, {3.0, 74.0}}
                    Other, 0x105c25fc0, {{24.0, 4951.3}, {345.0, 30.0}}, label: 'Horizontal scroll bar, 1 page', value: 0%
                      Other, 0x105c260e0, {{27.0, 4978.3}, {339.0, 3.0}}
                  TextView, 0x105c26200, {{24.0, 5012.3}, {345.0, 80.0}}, identifier: 'Text note-37', label: 'Text note-37', value: Field note 37. Lon...
                    Other, 0x105c26320, {{336.0, 5012.3}, {30.0, 80.0}}, label: 'Vertical scroll bar, 1 page', value: 0%
                      Other, 0x105c26440, {{363.0, 5015.3}, {3.0, 74.0}}
                    Other, 0x105c26560, {{24.0, 5059.3}, {345.0, 30.0}}, label: 'Horizontal scroll bar, 1 page', value: 0%
                      Other, 0x105c26680, {{27.0, 5086.3}, {339.0, 3.0}}
                  TextView, 0x105c267a0, {{24.0, 5120.3}, {345.0, 80.0}}, identifier: 'Text note-38', label: 'Text note-38', value: Field note 38. Lon...
                    Other, 0x105c268c0, {{336.0, 5120.3}, {30.0, 80.0}}, label: 'Vertical scroll bar, 1 page', value: 0%
                      Other, 0x105c269e0, {{363.0, 5123.3}, {3.0, 74.0}}
                    Other, 0x105c26b00, {{24.0, 5167.3}, {345.0, 30.0}}, label: 'Horizontal scroll bar, 1 page', value: 0%
                      Other, 0x105c26c20, {{27.0, 5194.3}, {339.0, 3.0}}
                  TextView, 0x105c26d40, {{24.0, 5228.3}, {345.0, 80.0}}, identifier: 'Text note-39', label: 'Text note-39', value: Field note 39. Lon...
                    Other, 0x105c26e60, {{336.0, 5228.3}, {30.0, 80.0}}, label: 'Vertical scroll bar, 1 page', value: 0%
                      Other, 0x105c26f80, {{363.0, 5231.3}, {3.0, 74.0}}
                    Other, 0x105c270a0, {{24.0, 5275.3}, {345.0, 30.0}}, label: 'Horizontal scroll bar, 1 page', value: 0%
                      Other, 0x105c271c0, {{27.0, 5302.3}, {339.0, 3.0}}
                  TextView, 0x105c272e0, {{24.0, 5336.3}, {345.0, 80.0}}, identifier: 'Text note-40', label: 'Text note-40', value: Field note 40. Lon...
                    Other, 0x105c27400, {{336.0, 5336.3}, {30.0, 80.0}}, label: 'Vertical scroll bar, 1 page', value: 0%
                      Other, 0x105c27520, {{363.0, 5339.3}, {3.0, 74.0}}
                    Other, 0x105c27640, {{24.0, 5383.3}, {345.0, 30.0}}, label: 'Horizontal scroll bar, 1 page', value: 0%
                      Other, 0x105c27760, {{27.0, 5410.3}, {339.0, 3.0}}
                  TextView, 0x105c27880, {{24.0, 5444.3}, {345.0, 80.0}}, identifier: 'Text note-41', label: 'Text note-41', value: Field note 41. Lon...
                    Other, 0x105c279a0, {{336.0, 5444.3}, {30.0, 80.0}}, label: 'Vertical scroll bar, 1 page', value: 0%
                      Other, 0x105c27ac0, {{363.0, 5447.3}, {3.0, 74.0}}
                    Other, 0x105c27be0, {{24.0, 5491.3}, {345.0, 30.0}}, label: 'Horizontal scroll bar, 1 page', value: 0%
                      Other, 0x105c27d00, {{27.0, 5518.3}, {339.0, 3.0}}
                  TextView, 0x105c27e20, {{24.0, 5552.3}, {345.0, 80.0}}, identifier: 'Text note-42', label: 'Text note-42', value: Field note 42. Lon...
                    Other, 0x105c27f40, {{336.0, 5552.3}, {30.0, 80.0}}, label: 'Vertical scroll bar, 1 page', value: 0%
                      Other, 0x105c28060, {{363.0, 5555.3}, {3.0, 74.0}}
                    Other, 0x105c28180, {{24.0, 5599.3}, {345.0, 30.0}}, label: 'Horizontal scroll bar, 1 page', value: 0%
                      Other, 0x106416010, {{27.0, 5626.3}, {339.0, 3.0}}
                  TextView, 0x106438530, {{24.0, 5660.3}, {345.0, 80.0}}, identifier: 'Text note-43', label: 'Text note-43', value: Field note 43. Lon...
                    Other, 0x10643a940, {{336.0, 5660.3}, {30.0, 80.0}}, label: 'Vertical scroll bar, 1 page', value: 0%
                      Other, 0x10641cdf0, {{363.0, 5663.3}, {3.0, 74.0}}
                    Other, 0x106406e40, {{24.0, 5707.3}, {345.0, 30.0}}, label: 'Horizontal scroll bar, 1 page', value: 0%
                      Other, 0x106406a90, {{27.0, 5734.3}, {339.0, 3.0}}
                  TextView, 0x106424a10, {{24.0, 5768.3}, {345.0, 80.0}}, identifier: 'Text note-44', label: 'Text note-44', value: Field note 44. Lon...
                    Other, 0x106406370, {{336.0, 5768.3}, {30.0, 80.0}}, label: 'Vertical scroll bar, 1 page', value: 0%
                      Other, 0x106405fd0, {{363.0, 5771.3}, {3.0, 74.0}}
                    Other, 0x106406710, {{24.0, 5815.3}, {345.0, 30.0}}, label: 'Horizontal scroll bar, 1 page', value: 0%
                      Other, 0x106404e30, {{27.0, 5842.3}, {339.0, 3.0}}
                  TextView, 0x106409180, {{24.0, 5876.3}, {345.0, 80.0}}, identifier: 'Text note-45', label: 'Text note-45', value: Field note 45. Lon...
                    Other, 0x106408de0, {{336.0, 5876.3}, {30.0, 80.0}}, label: 'Vertical scroll bar, 1 page', value: 0%
                      Other, 0x1064071b0, {{363.0, 5879.3}, {3.0, 74.0}}
                    Other, 0x106408a60, {{24.0, 5923.3}, {345.0, 30.0}}, label: 'Horizontal scroll bar, 1 page', value: 0%
                      Other, 0x1064086d0, {{27.0, 5950.3}, {339.0, 3.0}}
                  TextView, 0x106408360, {{24.0, 5984.3}, {345.0, 80.0}}, identifier: 'Text note-46', label: 'Text note-46', value: Field note 46. Lon...
                    Other, 0x106408000, {{336.0, 5984.3}, {30.0, 80.0}}, label: 'Vertical scroll bar, 1 page', value: 0%
                      Other, 0x106407c60, {{363.0, 5987.3}, {3.0, 74.0}}
                    Other, 0x1064078d0, {{24.0, 6031.3}, {345.0, 30.0}}, label: 'Horizontal scroll bar, 1 page', value: 0%
                      Other, 0x106407540, {{27.0, 6058.3}, {339.0, 3.0}}
                  TextView, 0x106409520, {{24.0, 6092.3}, {345.0, 80.0}}, identifier: 'Text note-47', label: 'Text note-47', value: Field note 47. Lon...
                    Other, 0x1064098a0, {{336.0, 6092.3}, {30.0, 80.0}}, label: 'Vertical scroll bar, 1 page', value: 0%
                      Other, 0x106409c20, {{363.0, 6095.3}, {3.0, 74.0}}
                    Other, 0x106409fa0, {{24.0, 6139.3}, {345.0, 30.0}}, label: 'Horizontal scroll bar, 1 page', value: 0%
                      Other, 0x10640aae0, {{27.0, 6166.3}, {339.0, 3.0}}
                  TextView, 0x10640ae50, {{24.0, 6200.3}, {345.0, 80.0}}, identifier: 'Text note-48', label: 'Text note-48', value: Field note 48. Lon...
                    Other, 0x10640b1d0, {{336.0, 6200.3}, {30.0, 80.0}}, label: 'Vertical scroll bar, 1 page', value: 0%
                      Other, 0x10640b540, {{363.0, 6203.3}, {3.0, 74.0}}
                    Other, 0x10640b8d0, {{24.0, 6247.3}, {345.0, 30.0}}, label: 'Horizontal scroll bar, 1 page', value: 0%
                      Other, 0x10640bc40, {{27.0, 6274.3}, {339.0, 3.0}}
                  TextView, 0x10640bfb0, {{24.0, 6308.3}, {345.0, 80.0}}, identifier: 'Text note-49', label: 'Text note-49', value: Field note 49. Lon...
                    Other, 0x10640c320, {{336.0, 6308.3}, {30.0, 80.0}}, label: 'Vertical scroll bar, 1 page', value: 0%
                      Other, 0x10640c6b0, {{363.0, 6311.3}, {3.0, 74.0}}
                    Other, 0x10640ca50, {{24.0, 6355.3}, {345.0, 30.0}}, label: 'Horizontal scroll bar, 1 page', value: 0%
                      Other, 0x10640ce00, {{27.0, 6382.3}, {339.0, 3.0}}
                  TextView, 0x10640d180, {{24.0, 6416.3}, {345.0, 80.0}}, identifier: 'Text note-50', label: 'Text note-50', value: Field note 50. Lon...
                    Other, 0x10640dcf0, {{336.0, 6416.3}, {30.0, 80.0}}, label: 'Vertical scroll bar, 1 page', value: 0%
                      Other, 0x10640e0a0, {{363.0, 6419.3}, {3.0, 74.0}}
                    Other, 0x10640e440, {{24.0, 6463.3}, {345.0, 30.0}}, label: 'Horizontal scroll bar, 1 page', value: 0%
                      Other, 0x10640e7d0, {{27.0, 6490.3}, {339.0, 3.0}}
                  TextView, 0x10640eb60, {{24.0, 6524.3}, {345.0, 80.0}}, identifier: 'Text note-51', label: 'Text note-51', value: Field note 51. Lon...
                    Other, 0x10640eef0, {{336.0, 6524.3}, {30.0, 80.0}}, label: 'Vertical scroll bar, 1 page', value: 0%
                      Other, 0x10640f290, {{363.0, 6527.3}, {3.0, 74.0}}
                    Other, 0x10640f630, {{24.0, 6571.3}, {345.0, 30.0}}, label: 'Horizontal scroll bar, 1 page', value: 0%
                      Other, 0x10640f9b0, {{27.0, 6598.3}, {339.0, 3.0}}
                  TextView, 0x10640fd50, {{24.0, 6632.3}, {345.0, 80.0}}, identifier: 'Text note-52', label: 'Text note-52', value: Field note 52. Lon...
                    Other, 0x106410860, {{336.0, 6632.3}, {30.0, 80.0}}, label: 'Vertical scroll bar, 1 page', value: 0%
                      Other, 0x106410bd0, {{363.0, 6635.3}, {3.0, 74.0}}
                    Other, 0x106410f50, {{24.0, 6679.3}, {345.0, 30.0}}, label: 'Horizontal scroll bar, 1 page', value: 0%
                      Other, 0x1064112d0, {{27.0, 6706.3}, {339.0, 3.0}}
                  TextView, 0x106411660, {{24.0, 6740.3}, {345.0, 80.0}}, identifier: 'Text note-53', label: 'Text note-53', value: Field note 53. Lon...
                    Other, 0x1064119d0, {{336.0, 6740.3}, {30.0, 80.0}}, label: 'Vertical scroll bar, 1 page', value: 0%
                      Other, 0x106412510, {{363.0, 6743.3}, {3.0, 74.0}}
                    Other, 0x106412880, {{24.0, 6787.3}, {345.0, 30.0}}, label: 'Horizontal scroll bar, 1 page', value: 0%
                      Other, 0x106412c30, {{27.0, 6814.3}, {339.0, 3.0}}
                  TextView, 0x106412fc0, {{24.0, 6848.3}, {345.0, 80.0}}, identifier: 'Text note-54', label: 'Text note-54', value: Field note 54. Lon...
                    Other, 0x106413340, {{336.0, 6848.3}, {30.0, 80.0}}, label: 'Vertical scroll bar, 1 page', value: 0%
                      Other, 0x1064136e0, {{363.0, 6851.3}, {3.0, 74.0}}
                    Other, 0x106413a70, {{24.0, 6895.3}, {345.0, 30.0}}, label: 'Horizontal scroll bar, 1 page', value: 0%
                      Other, 0x106414b40, {{27.0, 6922.3}, {339.0, 3.0}}
                  TextView, 0x106437890, {{24.0, 6956.3}, {345.0, 80.0}}, identifier: 'Text note-55', label: 'Text note-55', value: Field note 55. Lon...
                    Other, 0x106414ed0, {{336.0, 6956.3}, {30.0, 80.0}}, label: 'Vertical scroll bar, 1 page', value: 0%
                      Other, 0x106415260, {{363.0, 6959.3}, {3.0, 74.0}}
                    Other, 0x106415600, {{24.0, 7003.3}, {345.0, 30.0}}, label: 'Horizontal scroll bar, 1 page', value: 0%
                      Other, 0x106416950, {{27.0, 7030.3}, {339.0, 3.0}}
                  TextView, 0x106416d00, {{24.0, 7064.3}, {345.0, 80.0}}, identifier: 'Text note-56', label: 'Text note-56', value: Field note 56. Lon...
                    Other, 0x1064170a0, {{336.0, 7064.3}, {30.0, 80.0}}, label: 'Vertical scroll bar, 1 page', value: 0%
                      Other, 0x106417c20, {{363.0, 7067.3}, {3.0, 74.0}}
                    Other, 0x106417fb0, {{24.0, 7111.3}, {345.0, 30.0}}, label: 'Horizontal scroll bar, 1 page', value: 0%
                      Other, 0x106418340, {{27.0, 7138.3}, {339.0, 3.0}}
                  TextView, 0x1064195c0, {{24.0, 7172.3}, {345.0, 80.0}}, identifier: 'Text note-57', label: 'Text note-57', value: Field note 57. Lon...
                    Other, 0x10641a110, {{336.0, 7172.3}, {30.0, 80.0}}, label: 'Vertical scroll bar, 1 page', value: 0%
                      Other, 0x10641a4b0, {{363.0, 7175.3}, {3.0, 74.0}}
                    Other, 0x10641a830, {{24.0, 7219.3}, {345.0, 30.0}}, label: 'Horizontal scroll bar, 1 page', value: 0%
                      Other, 0x10641aba0, {{27.0, 7246.3}, {339.0, 3.0}}
                  TextView, 0x10641af20, {{24.0, 7280.3}, {345.0, 80.0}}, identifier: 'Text note-58', label: 'Text note-58', value: Field note 58. Lon...
                    Other, 0x10641b2c0, {{336.0, 7280.3}, {30.0, 80.0}}, label: 'Vertical scroll bar, 1 page', value: 0%
                      Other, 0x10641b650, {{363.0, 7283.3}, {3.0, 74.0}}
                    Other, 0x10641b9e0, {{24.0, 7327.3}, {345.0, 30.0}}, label: 'Horizontal scroll bar, 1 page', value: 0%
                      Other, 0x10641bd90, {{27.0, 7354.3}, {339.0, 3.0}}
                  TextView, 0x10641c120, {{24.0, 7388.3}, {345.0, 80.0}}, identifier: 'Text note-59', label: 'Text note-59', value: Field note 59. Lon...
                    Other, 0x10641c4a0, {{336.0, 7388.3}, {30.0, 80.0}}, label: 'Vertical scroll bar, 1 page', value: 0%
                      Other, 0x10641c820, {{363.0, 7391.3}, {3.0, 74.0}}
                    Other, 0x10641d3a0, {{24.0, 7435.3}, {345.0, 30.0}}, label: 'Horizontal scroll bar, 1 page', value: 0%
                      Other, 0x10641dcc0, {{27.0, 7462.3}, {339.0, 3.0}}
                  TextView, 0x10641e070, {{24.0, 7496.3}, {345.0, 80.0}}, identifier: 'Text note-60', label: 'Text note-60', value: Field note 60. Lon...
                    Other, 0x10641e410, {{336.0, 7496.3}, {30.0, 80.0}}, label: 'Vertical scroll bar, 1 page', value: 0%
                      Other, 0x10641e7c0, {{363.0, 7499.3}, {3.0, 74.0}}
                    Other, 0x10641eb60, {{24.0, 7543.3}, {345.0, 30.0}}, label: 'Horizontal scroll bar, 1 page', value: 0%
                      Other, 0x10641ef00, {{27.0, 7570.3}, {339.0, 3.0}}
                  TextView, 0x10641faa0, {{24.0, 7604.3}, {345.0, 51.3}}, identifier: 'Text closing', label: 'Text closing', value: Closing notes
                    Other, 0x1064206b0, {{336.0, 7604.3}, {30.0, 51.3}}, label: 'Vertical scroll bar, 1 page', value: 0%
                      Other, 0x106420a60, {{363.0, 7607.3}, {3.0, 45.3}}
                    Other, 0x106420e00, {{24.0, 7627.0}, {345.0, 25.7}}, label: 'Horizontal scroll bar, 1 page', value: 0%
                      Other, 0x106421190, {{27.0, 7649.7}, {339.0, 3.0}}
                Other, 0x106421540, {{360.0, 117.3}, {30.0, 577.7}}, label: 'Vertical scroll bar, 14 pages', value: 0%
                  Other, 0x1064218f0, {{387.0, 120.3}, {3.0, 43.7}}
                Other, 0x106421c90, {{360.0, 117.3}, {30.0, 577.7}}, label: 'Vertical scroll bar, 14 pages', value: 0%
                  Other, 0x106422030, {{387.0, 120.3}, {3.0, 43.7}}
              ScrollView, 0x1064225f0, {{0.0, 695.0}, {393.0, 58.3}}
                Other, 0x106423170, {{0.0, 695.0}, {468.3, 58.3}}
                  Button, 0x106423510, {{12.0, 707.0}, {113.3, 34.3}}, label: 'Insert block'
                  Button, 0x1064238b0, {{137.3, 707.0}, {58.3, 34.3}}, identifier: 'Accessory bold', label: 'Bold', Disabled
                  Button, 0x106423c60, {{207.7, 707.0}, {59.7, 34.3}}, identifier: 'Accessory italic', label: 'Italic', Disabled
                  Button, 0x106425410, {{279.3, 707.0}, {177.0, 34.3}}, label: 'Select current block'
                Other, 0x106425790, {{0.0, 721.2}, {393.0, 29.2}}, label: 'Horizontal scroll bar, 2 pages', value: 0%
                  Other, 0x106425b20, {{383.0, 747.3}, {7.0, 3.0}}
                Other, 0x106425ea0, {{0.0, 721.2}, {393.0, 29.2}}, label: 'Horizontal scroll bar, 2 pages', value: 0%
                  Other, 0x106426220, {{383.0, 747.3}, {7.0, 3.0}}
              StaticText, 0x1064265d0, {{144.2, 761.3}, {104.7, 14.3}}, identifier: 'Review action', label: 'Title Enter to body'
              StaticText, 0x106427540, {{22.3, 779.7}, {348.3, 30.3}}, label: 'ST-121 local interaction study · body: shared protocol 6 · title/columns: review state'
    Window, 0x1064278c0, {{0.0, 0.0}, {393.0, 852.0}}
      Other, 0x106427c70, {{0.0, 0.0}, {393.0, 852.0}}
        Other, 0x106428020, {{0.0, 0.0}, {393.0, 852.0}}
Path to element:
 →Application, 0x105c13aa0, pid: 49090, label: 'ModernPrototypePhone'
Query chain:
 →Find: Target Application 'studio.seventwo.blockeditor.st121.ios'
  Output: {
    Application, 0x106428760, pid: 49090, label: 'ModernPrototypePhone'
  }

    t =    11.03s         Requesting snapshot of accessibility hierarchy for app with pid 49090
    t =    11.15s     Wait for studio.seventwo.blockeditor.st121.ios to idle
    t =    12.16s     Retrying `Type 'Keyboard start ' into Target Application 'studio.seventwo.blockeditor.st121.ios'` (attempt #2)
    t =    12.16s         Wait for studio.seventwo.blockeditor.st121.ios to idle
    t =    12.16s         Find the Target Application 'studio.seventwo.blockeditor.st121.ios'
    t =    12.22s         Check for interrupting elements affecting "ModernPrototypePhone" Application
    t =    12.28s         Synthesize event
    t =    12.29s             Get number of matches for: Elements containing elements matching predicate 'hasKeyboardFocus == 1'
    t =    12.34s             Requesting snapshot of accessibility hierarchy for app with pid 49090
    t =    12.83s             Requesting snapshot of accessibility hierarchy for app with pid 49090
    t =    12.94s             Requesting snapshot of accessibility hierarchy for app with pid 49090
    t =    13.44s             Requesting snapshot of accessibility hierarchy for app with pid 49090
    t =    13.55s             Failed: Neither element nor any descendant has keyboard focus. Event dispatch snapshot: Application, pid: 49090, label: 'ModernPrototypePhone'
Element debug description:
Attributes: Application, 0x10660d710, pid: 49090, label: 'ModernPrototypePhone'
Element subtree:
 →Application, 0x10660d710, pid: 49090, label: 'ModernPrototypePhone'
    Window (Main), 0x10660ed20, {{0.0, 0.0}, {393.0, 852.0}}
      Other, 0x1066146d0, {{0.0, 0.0}, {393.0, 852.0}}
        Other, 0x106615bb0, {{0.0, 0.0}, {393.0, 852.0}}
          Other, 0x106615350, {{0.0, 0.0}, {393.0, 852.0}}
            Other, 0x106614f30, {{0.0, 0.0}, {393.0, 852.0}}
              ScrollView, 0x106615cd0, {{0.0, 0.0}, {393.0, 117.3}}
                Other, 0x106615df0, {{0.0, 0.0}, {745.3, 117.3}}
                  Button, 0x106615f10, {{12.0, 78.0}, {87.3, 20.3}}, label: 'Outline'
                    Image, 0x106616030, {{14.0, 82.0}, {21.0, 12.3}}, identifier: 'list.bullet.indent', label: 'Bulletest List Indent'
                    StaticText, 0x106616150, {{12.0, 78.0}, {87.3, 20.3}}, label: 'Outline'
                  Button, 0x106616270, {{111.3, 78.0}, {74.3, 20.3}}, label: 'Focus'
                    Image, 0x106616390, {{113.3, 80.0}, {16.3, 16.3}}, identifier: 'viewfinder', label: 'Scan'
                    StaticText, 0x1066164b0, {{111.3, 78.0}, {74.3, 20.3}}, label: 'Focus'
                  Button, 0x1066165d0, {{197.7, 78.0}, {69.3, 20.3}}, label: 'Insert'
                    Image, 0x1066166f0, {{199.7, 81.3}, {14.0, 14.0}}, identifier: 'plus', label: 'Add'
                    StaticText, 0x106616810, {{197.7, 78.0}, {69.3, 20.3}}, label: 'Insert'
                  Switch, 0x106616930, {{291.0, 78.0}, {102.0, 20.3}}, label: 'Select blocks', value: 0
                  Switch, 0x106616a50, {{449.0, 78.0}, {76.3, 20.3}}, label: 'Large text', value: 0
                  Switch, 0x106616b70, {{561.3, 78.0}, {36.0, 20.3}}, label: 'Dark', value: 0
                  Switch, 0x106616c90, {{621.3, 71.0}, {112.0, 34.3}}, label: 'Touch tools', value: 1
                Other, 0x106616db0, {{0.0, 84.3}, {393.0, 30.0}}, label: 'Horizontal scroll bar, 2 pages', value: 0%
                  Other, 0x106616ed0, {{383.0, 111.3}, {7.0, 3.0}}
                Other, 0x106616ff0, {{0.0, 84.3}, {393.0, 30.0}}, label: 'Horizontal scroll bar, 2 pages', value: 0%
                  Other, 0x106617110, {{383.0, 111.3}, {7.0, 3.0}}
              ScrollView, 0x106617230, {{0.0, 117.3}, {393.0, 577.7}}
                Other, 0x106617350, {{0.0, 117.3}, {393.0, 7574.3}}
                  TextField, 0x106617470, {{20.0, 149.3}, {353.0, 44.0}}, identifier: 'Document title', label: 'Document title', placeholderValue: 'Untitled', value: Studio field keybo...
                  TextView, 0x106617590, {{24.0, 217.3}, {345.0, 54.0}}, identifier: 'Text intro', label: 'Text intro', value: Start with the doc...
                    Other, 0x1066176b0, {{336.0, 217.3}, {30.0, 54.0}}, label: 'Vertical scroll bar, 1 page', value: 0%
                      Other, 0x1066177d0, {{363.0, 220.3}, {3.0, 48.0}}
                    Other, 0x1066178f0, {{24.0, 241.3}, {345.0, 27.0}}, label: 'Horizontal scroll bar, 1 page', value: 0%
                      Other, 0x106617a10, {{27.0, 265.3}, {339.0, 3.0}}
                  Button, 0x106617b30, {{24.0, 279.3}, {76.0, 14.3}}, identifier: 'Block actions intro', label: 'Block actions', value: paragraph
                    Button, 0x106617c50, {{24.0, 279.3}, {76.0, 14.3}}
                      StaticText, 0x106617d70, {{24.0, 279.5}, {76.0, 14.3}}, label: 'Block actions'
                  TextView, 0x106617e90, {{24.0, 321.7}, {345.0, 36.3}}, identifier: 'Text first', label: 'Text first', value: First thought
                    Other, 0x106617fb0, {{336.0, 321.7}, {30.0, 36.3}}, label: 'Vertical scroll bar, 1 page', value: 0%
                      Other, 0x1066180d0, {{363.0, 319.0}, {3.0, 36.0}}
                    Other, 0x1066181f0, {{24.0, 336.8}, {345.0, 18.2}}, label: 'Horizontal scroll bar, 1 page', value: 0%
                      Other, 0x106618310, {{27.0, 352.0}, {339.0, 3.0}}
                  TextView, 0x106618430, {{24.0, 386.0}, {345.0, 36.0}}, identifier: 'Text second', label: 'Text second', value: Second thought
                    Other, 0x106618550, {{336.0, 386.0}, {30.0, 36.0}}, label: 'Vertical scroll bar, 1 page', value: 0%
                      Other, 0x106618670, {{363.0, 383.0}, {3.0, 36.0}}
                    Other, 0x106618790, {{24.0, 401.0}, {345.0, 18.0}}, label: 'Horizontal scroll bar, 1 page', value: 0%
                      Other, 0x1066188b0, {{27.0, 416.0}, {339.0, 3.0}}
                  TextView, 0x106514670, {{24.0, 450.0}, {345.0, 51.3}}, identifier: 'Text section', label: 'Text section', value: Structured notes
                    Other, 0x106514eb0, {{336.0, 450.0}, {30.0, 51.3}}, label: 'Vertical scroll bar, 1 page', value: 0%
                      Other, 0x1065061e0, {{363.0, 453.0}, {3.0, 45.3}}
                    Other, 0x105c13aa0, {{24.0, 472.7}, {345.0, 25.7}}, label: 'Horizontal scroll bar, 1 page', value: 0%
                      Other, 0x105c10d80, {{27.0, 495.3}, {339.0, 3.0}}
                  ScrollView, 0x105c0d7a0, {{24.0, 529.3}, {345.0, 60.0}}
                    Other, 0x105c04080, {{24.0, 529.3}, {356.0, 60.0}}
                      TextView, 0x105c07ea0, {{36.0, 541.3}, {160.0, 36.0}}, identifier: 'Cell left', label: 'Cell left', value: First cell
                        Other, 0x105c158c0, {{163.0, 541.3}, {30.0, 36.0}}, label: 'Vertical scroll bar, 1 page', value: 0%
                          Other, 0x105c159e0, {{190.0, 538.3}, {3.0, 36.0}}
                        Other, 0x105c15b00, {{36.0, 556.3}, {160.0, 18.0}}, label: 'Horizontal scroll bar, 1 page', value: 0%
                          Other, 0x105c15c20, {{39.0, 571.3}, {154.0, 3.0}}
                      TextView, 0x105c15d40, {{208.0, 541.3}, {160.0, 36.0}}, identifier: 'Cell right', label: 'Cell right', value: Second cell
                        Other, 0x105c15e60, {{335.0, 541.3}, {30.0, 36.0}}, label: 'Vertical scroll bar, 1 page', value: 0%
                          Other, 0x105c15f80, {{362.0, 538.3}, {3.0, 36.0}}
                        Other, 0x105c160a0, {{208.0, 556.3}, {160.0, 18.0}}, label: 'Horizontal scroll bar, 1 page', value: 0%
                          Other, 0x105c161c0, {{211.0, 571.3}, {154.0, 3.0}}
                    Other, 0x105c162e0, {{24.0, 556.3}, {345.0, 30.0}}, label: 'Horizontal scroll bar, 2 pages', value: 0%
                      Other, 0x105c16400, {{359.0, 583.3}, {7.0, 3.0}}
                    Other, 0x10630a760, {{24.0, 556.3}, {345.0, 30.0}}, label: 'Horizontal scroll bar, 2 pages', value: 0%
                      Other, 0x10630bf00, {{359.0, 583.3}, {7.0, 3.0}}
                  Button, 0x106308170, {{24.0, 617.3}, {345.0, 44.0}}, identifier: 'Toggle toggle-Disclosure toggle', label: 'Toggle toggle', value: Details
                    TextView, 0x10630ca50, {{24.0, 621.3}, {246.7, 36.0}}, identifier: 'Toggle toggle', label: 'Toggle toggle', value: Details
                      Other, 0x10630ba80, {{237.7, 621.3}, {30.0, 36.0}}, label: 'Vertical scroll bar, 1 page', value: 0%
                        Other, 0x10630b120, {{264.7, 618.3}, {3.0, 36.0}}
                      Other, 0x10630a2c0, {{24.0, 636.3}, {246.7, 18.0}}, label: 'Horizontal scroll bar, 1 page', value: 0%
                        Other, 0x106308650, {{27.0, 651.3}, {240.7, 3.0}}
                    Button, 0x10630def0, {{278.7, 632.3}, {72.0, 14.3}}, identifier: 'Disclosure toggle', label: 'Show details'
                    Image, 0x106307280, {{361.3, 633.3}, {7.0, 12.0}}, identifier: 'collapsed'
                  StaticText, 0x10630d9d0, {{24.0, 695.5}, {7.7, 20.3}}, label: '•'
                  TextView, 0x10630daf0, {{39.7, 689.3}, {329.3, 36.3}}, identifier: 'List parent', label: 'List parent', value: Parent item
                    Other, 0x10630dc10, {{336.0, 689.3}, {30.0, 36.3}}, label: 'Vertical scroll bar, 1 page', value: 0%
                      Other, 0x106306650, {{363.0, 686.7}, {3.0, 36.0}}
                    Other, 0x106306770, {{39.7, 704.5}, {329.3, 18.2}}, label: 'Horizontal scroll bar, 1 page', value: 0%
                      Other, 0x106306890, {{42.7, 719.7}, {323.3, 3.0}}
                  StaticText, 0x1063069b0, {{48.0, 739.5}, {7.7, 20.3}}, label: '•'
                  TextView, 0x106306ad0, {{63.7, 733.7}, {305.3, 36.0}}, identifier: 'List child', label: 'List child', value: Nested list item
                    Other, 0x106306bf0, {{336.0, 733.7}, {30.0, 36.0}}, label: 'Vertical scroll bar, 1 page', value: 0%
                      Other, 0x106306d10, {{363.0, 730.7}, {3.0, 36.0}}
                    Other, 0x106306e30, {{63.7, 748.7}, {305.3, 18.0}}, label: 'Horizontal scroll bar, 1 page', value: 0%
                      Other, 0x106306f50, {{66.7, 763.7}, {299.3, 3.0}}
                  Image, 0x10630fe30, {{24.0, 797.7}, {345.0, 150.0}}, identifier: 'mountain.2', label: 'Local coastline illustration'
                  TextView, 0x10630ff50, {{24.0, 955.7}, {345.0, 32.7}}, identifier: 'Media caption', label: 'Media caption', value: A local visual ref...
                    Other, 0x106310070, {{336.0, 955.7}, {30.0, 32.7}}, label: 'Vertical scroll bar, 1 page', value: 0%
                      Other, 0x106310190, {{363.0, 949.3}, {3.0, 36.0}}
                    Other, 0x1063102b0, {{24.0, 969.0}, {345.0, 16.3}}, label: 'Horizontal scroll bar, 1 page', value: 0%
                      Other, 0x1063103d0, {{27.0, 982.3}, {339.0, 3.0}}
                  TextView, 0x1063104f0, {{24.0, 1016.3}, {345.0, 80.0}}, identifier: 'Code review-code', label: 'Code review-code', value: 	let coast = "世界😀...
                    Other, 0x106310610, {{336.0, 1016.3}, {30.0, 80.0}}, label: 'Vertical scroll bar, 1 page', value: 0%
                      Other, 0x106310730, {{363.0, 1019.3}, {3.0, 74.0}}
                    Other, 0x106310850, {{24.0, 1063.3}, {345.0, 30.0}}, label: 'Horizontal scroll bar, 1 page', value: 0%
                      Other, 0x106310970, {{27.0, 1090.3}, {339.0, 3.0}}
                  TextView, 0x106310a90, {{24.0, 1124.3}, {345.0, 80.0}}, identifier: 'Text note-1', label: 'Text note-1', value: Field note 1. Long...
                    Other, 0x106310bb0, {{336.0, 1124.3}, {30.0, 80.0}}, label: 'Vertical scroll bar, 1 page', value: 0%
                      Other, 0x106310cd0, {{363.0, 1127.3}, {3.0, 74.0}}
                    Other, 0x106310df0, {{24.0, 1171.3}, {345.0, 30.0}}, label: 'Horizontal scroll bar, 1 page', value: 0%
                      Other, 0x106310f10, {{27.0, 1198.3}, {339.0, 3.0}}
                  TextView, 0x106311030, {{24.0, 1232.3}, {345.0, 80.0}}, identifier: 'Text note-2', label: 'Text note-2', value: Field note 2. Long...
                    Other, 0x106311150, {{336.0, 1232.3}, {30.0, 80.0}}, label: 'Vertical scroll bar, 1 page', value: 0%
                      Other, 0x106311270, {{363.0, 1235.3}, {3.0, 74.0}}
                    Other, 0x106311390, {{24.0, 1279.3}, {345.0, 30.0}}, label: 'Horizontal scroll bar, 1 page', value: 0%
                      Other, 0x1063114b0, {{27.0, 1306.3}, {339.0, 3.0}}
                  TextView, 0x1063115d0, {{24.0, 1340.3}, {345.0, 80.0}}, identifier: 'Text note-3', label: 'Text note-3', value: Field note 3. Long...
                    Other, 0x1063116f0, {{336.0, 1340.3}, {30.0, 80.0}}, label: 'Vertical scroll bar, 1 page', value: 0%
                      Other, 0x106311810, {{363.0, 1343.3}, {3.0, 74.0}}
                    Other, 0x106311930, {{24.0, 1387.3}, {345.0, 30.0}}, label: 'Horizontal scroll bar, 1 page', value: 0%
                      Other, 0x106311a50, {{27.0, 1414.3}, {339.0, 3.0}}
                  TextView, 0x106311b70, {{24.0, 1448.3}, {345.0, 80.0}}, identifier: 'Text note-4', label: 'Text note-4', value: Field note 4. Long...
                    Other, 0x106311c90, {{336.0, 1448.3}, {30.0, 80.0}}, label: 'Vertical scroll bar, 1 page', value: 0%
                      Other, 0x106311db0, {{363.0, 1451.3}, {3.0, 74.0}}
                    Other, 0x106311ed0, {{24.0, 1495.3}, {345.0, 30.0}}, label: 'Horizontal scroll bar, 1 page', value: 0%
                      Other, 0x106311ff0, {{27.0, 1522.3}, {339.0, 3.0}}
                  TextView, 0x106312110, {{24.0, 1556.3}, {345.0, 80.0}}, identifier: 'Text note-5', label: 'Text note-5', value: Field note 5. Long...
                    Other, 0x106312230, {{336.0, 1556.3}, {30.0, 80.0}}, label: 'Vertical scroll bar, 1 page', value: 0%
                      Other, 0x106312350, {{363.0, 1559.3}, {3.0, 74.0}}
                    Other, 0x106312470, {{24.0, 1603.3}, {345.0, 30.0}}, label: 'Horizontal scroll bar, 1 page', value: 0%
                      Other, 0x106312590, {{27.0, 1630.3}, {339.0, 3.0}}
                  TextView, 0x1063126b0, {{24.0, 1664.3}, {345.0, 80.0}}, identifier: 'Text note-6', label: 'Text note-6', value: Field note 6. Long...
                    Other, 0x1063127d0, {{336.0, 1664.3}, {30.0, 80.0}}, label: 'Vertical scroll bar, 1 page', value: 0%
                      Other, 0x1063128f0, {{363.0, 1667.3}, {3.0, 74.0}}
                    Other, 0x106312a10, {{24.0, 1711.3}, {345.0, 30.0}}, label: 'Horizontal scroll bar, 1 page', value: 0%
                      Other, 0x106312b30, {{27.0, 1738.3}, {339.0, 3.0}}
                  TextView, 0x106312c50, {{24.0, 1772.3}, {345.0, 80.0}}, identifier: 'Text note-7', label: 'Text note-7', value: Field note 7. Long...
                    Other, 0x106312d70, {{336.0, 1772.3}, {30.0, 80.0}}, label: 'Vertical scroll bar, 1 page', value: 0%
                      Other, 0x106312e90, {{363.0, 1775.3}, {3.0, 74.0}}
                    Other, 0x106312fb0, {{24.0, 1819.3}, {345.0, 30.0}}, label: 'Horizontal scroll bar, 1 page', value: 0%
                      Other, 0x1063130d0, {{27.0, 1846.3}, {339.0, 3.0}}
                  TextView, 0x1063131f0, {{24.0, 1880.3}, {345.0, 80.0}}, identifier: 'Text note-8', label: 'Text note-8', value: Field note 8. Long...
                    Other, 0x106313310, {{336.0, 1880.3}, {30.0, 80.0}}, label: 'Vertical scroll bar, 1 page', value: 0%
                      Other, 0x106313430, {{363.0, 1883.3}, {3.0, 74.0}}
                    Other, 0x106313550, {{24.0, 1927.3}, {345.0, 30.0}}, label: 'Horizontal scroll bar, 1 page', value: 0%
                      Other, 0x106313670, {{27.0, 1954.3}, {339.0, 3.0}}
                  TextView, 0x106313790, {{24.0, 1988.3}, {345.0, 80.0}}, identifier: 'Text note-9', label: 'Text note-9', value: Field note 9. Long...
                    Other, 0x1063138b0, {{336.0, 1988.3}, {30.0, 80.0}}, label: 'Vertical scroll bar, 1 page', value: 0%
                      Other, 0x1063139d0, {{363.0, 1991.3}, {3.0, 74.0}}
                    Other, 0x106313af0, {{24.0, 2035.3}, {345.0, 30.0}}, label: 'Horizontal scroll bar, 1 page', value: 0%
                      Other, 0x106313c10, {{27.0, 2062.3}, {339.0, 3.0}}
                  TextView, 0x106313d30, {{24.0, 2096.3}, {345.0, 80.0}}, identifier: 'Text note-10', label: 'Text note-10', value: Field note 10. Lon...
                    Other, 0x106313e50, {{336.0, 2096.3}, {30.0, 80.0}}, label: 'Vertical scroll bar, 1 page', value: 0%
                      Other, 0x106313f70, {{363.0, 2099.3}, {3.0, 74.0}}
                    Other, 0x106314090, {{24.0, 2143.3}, {345.0, 30.0}}, label: 'Horizontal scroll bar, 1 page', value: 0%
                      Other, 0x1063141b0, {{27.0, 2170.3}, {339.0, 3.0}}
                  TextView, 0x1063142d0, {{24.0, 2204.3}, {345.0, 80.0}}, identifier: 'Text note-11', label: 'Text note-11', value: Field note 11. Lon...
                    Other, 0x1063143f0, {{336.0, 2204.3}, {30.0, 80.0}}, label: 'Vertical scroll bar, 1 page', value: 0%
                      Other, 0x106314510, {{363.0, 2207.3}, {3.0, 74.0}}
                    Other, 0x106314630, {{24.0, 2251.3}, {345.0, 30.0}}, label: 'Horizontal scroll bar, 1 page', value: 0%
                      Other, 0x106314750, {{27.0, 2278.3}, {339.0, 3.0}}
                  TextView, 0x106314870, {{24.0, 2312.3}, {345.0, 80.0}}, identifier: 'Text note-12', label: 'Text note-12', value: Field note 12. Lon...
                    Other, 0x106314990, {{336.0, 2312.3}, {30.0, 80.0}}, label: 'Vertical scroll bar, 1 page', value: 0%
                      Other, 0x106314ab0, {{363.0, 2315.3}, {3.0, 74.0}}
                    Other, 0x106314bd0, {{24.0, 2359.3}, {345.0, 30.0}}, label: 'Horizontal scroll bar, 1 page', value: 0%
                      Other, 0x106314cf0, {{27.0, 2386.3}, {339.0, 3.0}}
                  TextView, 0x106314f60, {{24.0, 2420.3}, {345.0, 80.0}}, identifier: 'Text note-13', label: 'Text note-13', value: Field note 13. Lon...
                    Other, 0x106315080, {{336.0, 2420.3}, {30.0, 80.0}}, label: 'Vertical scroll bar, 1 page', value: 0%
                      Other, 0x1063151a0, {{363.0, 2423.3}, {3.0, 74.0}}
                    Other, 0x1063152c0, {{24.0, 2467.3}, {345.0, 30.0}}, label: 'Horizontal scroll bar, 1 page', value: 0%
                      Other, 0x1063153e0, {{27.0, 2494.3}, {339.0, 3.0}}
                  TextView, 0x106315500, {{24.0, 2528.3}, {345.0, 80.0}}, identifier: 'Text note-14', label: 'Text note-14', value: Field note 14. Lon...
                    Other, 0x106315620, {{336.0, 2528.3}, {30.0, 80.0}}, label: 'Vertical scroll bar, 1 page', value: 0%
                      Other, 0x106315740, {{363.0, 2531.3}, {3.0, 74.0}}
                    Other, 0x106315860, {{24.0, 2575.3}, {345.0, 30.0}}, label: 'Horizontal scroll bar, 1 page', value: 0%
                      Other, 0x106315980, {{27.0, 2602.3}, {339.0, 3.0}}
                  TextView, 0x106315aa0, {{24.0, 2636.3}, {345.0, 80.0}}, identifier: 'Text note-15', label: 'Text note-15', value: Field note 15. Lon...
                    Other, 0x106315bc0, {{336.0, 2636.3}, {30.0, 80.0}}, label: 'Vertical scroll bar, 1 page', value: 0%
                      Other, 0x106315ce0, {{363.0, 2639.3}, {3.0, 74.0}}
                    Other, 0x106315e00, {{24.0, 2683.3}, {345.0, 30.0}}, label: 'Horizontal scroll bar, 1 page', value: 0%
                      Other, 0x106315f20, {{27.0, 2710.3}, {339.0, 3.0}}
                  TextView, 0x106316040, {{24.0, 2744.3}, {345.0, 80.0}}, identifier: 'Text note-16', label: 'Text note-16', value: Field note 16. Lon...
                    Other, 0x106316160, {{336.0, 2744.3}, {30.0, 80.0}}, label: 'Vertical scroll bar, 1 page', value: 0%
                      Other, 0x106316280, {{363.0, 2747.3}, {3.0, 74.0}}
                    Other, 0x1063163a0, {{24.0, 2791.3}, {345.0, 30.0}}, label: 'Horizontal scroll bar, 1 page', value: 0%
                      Other, 0x1063164c0, {{27.0, 2818.3}, {339.0, 3.0}}
                  TextView, 0x1063165e0, {{24.0, 2852.3}, {345.0, 80.0}}, identifier: 'Text note-17', label: 'Text note-17', value: Field note 17. Lon...
                    Other, 0x106316700, {{336.0, 2852.3}, {30.0, 80.0}}, label: 'Vertical scroll bar, 1 page', value: 0%
                      Other, 0x106316820, {{363.0, 2855.3}, {3.0, 74.0}}
                    Other, 0x106316940, {{24.0, 2899.3}, {345.0, 30.0}}, label: 'Horizontal scroll bar, 1 page', value: 0%
                      Other, 0x106316a60, {{27.0, 2926.3}, {339.0, 3.0}}
                  TextView, 0x106316b80, {{24.0, 2960.3}, {345.0, 80.0}}, identifier: 'Text note-18', label: 'Text note-18', value: Field note 18. Lon...
                    Other, 0x106316ca0, {{336.0, 2960.3}, {30.0, 80.0}}, label: 'Vertical scroll bar, 1 page', value: 0%
                      Other, 0x106316dc0, {{363.0, 2963.3}, {3.0, 74.0}}
                    Other, 0x106316ee0, {{24.0, 3007.3}, {345.0, 30.0}}, label: 'Horizontal scroll bar, 1 page', value: 0%
                      Other, 0x106317000, {{27.0, 3034.3}, {339.0, 3.0}}
                  TextView, 0x106317120, {{24.0, 3068.3}, {345.0, 80.0}}, identifier: 'Text note-19', label: 'Text note-19', value: Field note 19. Lon...
                    Other, 0x106317240, {{336.0, 3068.3}, {30.0, 80.0}}, label: 'Vertical scroll bar, 1 page', value: 0%
                      Other, 0x106317360, {{363.0, 3071.3}, {3.0, 74.0}}
                    Other, 0x106317480, {{24.0, 3115.3}, {345.0, 30.0}}, label: 'Horizontal scroll bar, 1 page', value: 0%
                      Other, 0x1063175a0, {{27.0, 3142.3}, {339.0, 3.0}}
                  TextView, 0x1063176c0, {{24.0, 3176.3}, {345.0, 80.0}}, identifier: 'Text note-20', label: 'Text note-20', value: Field note 20. Lon...
                    Other, 0x1063177e0, {{336.0, 3176.3}, {30.0, 80.0}}, label: 'Vertical scroll bar, 1 page', value: 0%
                      Other, 0x106317900, {{363.0, 3179.3}, {3.0, 74.0}}
                    Other, 0x106317a20, {{24.0, 3223.3}, {345.0, 30.0}}, label: 'Horizontal scroll bar, 1 page', value: 0%
                      Other, 0x106317b40, {{27.0, 3250.3}, {339.0, 3.0}}
                  TextView, 0x106317c60, {{24.0, 3284.3}, {345.0, 80.0}}, identifier: 'Text note-21', label: 'Text note-21', value: Field note 21. Lon...
                    Other, 0x106317d80, {{336.0, 3284.3}, {30.0, 80.0}}, label: 'Vertical scroll bar, 1 page', value: 0%
                      Other, 0x106317ea0, {{363.0, 3287.3}, {3.0, 74.0}}
                    Other, 0x106317fc0, {{24.0, 3331.3}, {345.0, 30.0}}, label: 'Horizontal scroll bar, 1 page', value: 0%
                      Other, 0x1063180e0, {{27.0, 3358.3}, {339.0, 3.0}}
                  TextView, 0x106318200, {{24.0, 3392.3}, {345.0, 80.0}}, identifier: 'Text note-22', label: 'Text note-22', value: Field note 22. Lon...
                    Other, 0x106318320, {{336.0, 3392.3}, {30.0, 80.0}}, label: 'Vertical scroll bar, 1 page', value: 0%
                      Other, 0x106318440, {{363.0, 3395.3}, {3.0, 74.0}}
                    Other, 0x106318560, {{24.0, 3439.3}, {345.0, 30.0}}, label: 'Horizontal scroll bar, 1 page', value: 0%
                      Other, 0x106318680, {{27.0, 3466.3}, {339.0, 3.0}}
                  TextView, 0x1063187a0, {{24.0, 3500.3}, {345.0, 80.0}}, identifier: 'Text note-23', label: 'Text note-23', value: Field note 23. Lon...
                    Other, 0x1063188c0, {{336.0, 3500.3}, {30.0, 80.0}}, label: 'Vertical scroll bar, 1 page', value: 0%
                      Other, 0x1063189e0, {{363.0, 3503.3}, {3.0, 74.0}}
                    Other, 0x106318b00, {{24.0, 3547.3}, {345.0, 30.0}}, label: 'Horizontal scroll bar, 1 page', value: 0%
                      Other, 0x106318c20, {{27.0, 3574.3}, {339.0, 3.0}}
                  TextView, 0x106318d40, {{24.0, 3608.3}, {345.0, 80.0}}, identifier: 'Text note-24', label: 'Text note-24', value: Field note 24. Lon...
                    Other, 0x106318e60, {{336.0, 3608.3}, {30.0, 80.0}}, label: 'Vertical scroll bar, 1 page', value: 0%
                      Other, 0x106318f80, {{363.0, 3611.3}, {3.0, 74.0}}
                    Other, 0x1063190a0, {{24.0, 3655.3}, {345.0, 30.0}}, label: 'Horizontal scroll bar, 1 page', value: 0%
                      Other, 0x1063191c0, {{27.0, 3682.3}, {339.0, 3.0}}
                  TextView, 0x1063192e0, {{24.0, 3716.3}, {345.0, 80.0}}, identifier: 'Text note-25', label: 'Text note-25', value: Field note 25. Lon...
                    Other, 0x106319400, {{336.0, 3716.3}, {30.0, 80.0}}, label: 'Vertical scroll bar, 1 page', value: 0%
                      Other, 0x106319520, {{363.0, 3719.3}, {3.0, 74.0}}
                    Other, 0x106319640, {{24.0, 3763.3}, {345.0, 30.0}}, label: 'Horizontal scroll bar, 1 page', value: 0%
                      Other, 0x106319760, {{27.0, 3790.3}, {339.0, 3.0}}
                  TextView, 0x106319880, {{24.0, 3824.3}, {345.0, 80.0}}, identifier: 'Text note-26', label: 'Text note-26', value: Field note 26. Lon...
                    Other, 0x1063199a0, {{336.0, 3824.3}, {30.0, 80.0}}, label: 'Vertical scroll bar, 1 page', value: 0%
                      Other, 0x106319ac0, {{363.0, 3827.3}, {3.0, 74.0}}
                    Other, 0x106319be0, {{24.0, 3871.3}, {345.0, 30.0}}, label: 'Horizontal scroll bar, 1 page', value: 0%
                      Other, 0x106319d00, {{27.0, 3898.3}, {339.0, 3.0}}
                  TextView, 0x106319e20, {{24.0, 3932.3}, {345.0, 80.0}}, identifier: 'Text note-27', label: 'Text note-27', value: Field note 27. Lon...
                    Other, 0x106319f40, {{336.0, 3932.3}, {30.0, 80.0}}, label: 'Vertical scroll bar, 1 page', value: 0%
                      Other, 0x10631a060, {{363.0, 3935.3}, {3.0, 74.0}}
                    Other, 0x10631a180, {{24.0, 3979.3}, {345.0, 30.0}}, label: 'Horizontal scroll bar, 1 page', value: 0%
                      Other, 0x10631a2a0, {{27.0, 4006.3}, {339.0, 3.0}}
                  TextView, 0x10631a3c0, {{24.0, 4040.3}, {345.0, 80.0}}, identifier: 'Text note-28', label: 'Text note-28', value: Field note 28. Lon...
                    Other, 0x10631a4e0, {{336.0, 4040.3}, {30.0, 80.0}}, label: 'Vertical scroll bar, 1 page', value: 0%
                      Other, 0x10631a600, {{363.0, 4043.3}, {3.0, 74.0}}
                    Other, 0x10631a720, {{24.0, 4087.3}, {345.0, 30.0}}, label: 'Horizontal scroll bar, 1 page', value: 0%
                      Other, 0x10631a840, {{27.0, 4114.3}, {339.0, 3.0}}
                  TextView, 0x106314e10, {{24.0, 4148.3}, {345.0, 80.0}}, identifier: 'Text note-29', label: 'Text note-29', value: Field note 29. Lon...
                    Other, 0x10631ab80, {{336.0, 4148.3}, {30.0, 80.0}}, label: 'Vertical scroll bar, 1 page', value: 0%
                      Other, 0x10631aca0, {{363.0, 4151.3}, {3.0, 74.0}}
                    Other, 0x10631adc0, {{24.0, 4195.3}, {345.0, 30.0}}, label: 'Horizontal scroll bar, 1 page', value: 0%
                      Other, 0x10631aee0, {{27.0, 4222.3}, {339.0, 3.0}}
                  TextView, 0x10631b000, {{24.0, 4256.3}, {345.0, 80.0}}, identifier: 'Text note-30', label: 'Text note-30', value: Field note 30. Lon...
                    Other, 0x10631b120, {{336.0, 4256.3}, {30.0, 80.0}}, label: 'Vertical scroll bar, 1 page', value: 0%
                      Other, 0x10631b240, {{363.0, 4259.3}, {3.0, 74.0}}
                    Other, 0x10631b360, {{24.0, 4303.3}, {345.0, 30.0}}, label: 'Horizontal scroll bar, 1 page', value: 0%
                      Other, 0x10631b480, {{27.0, 4330.3}, {339.0, 3.0}}
                  TextView, 0x10631b5a0, {{24.0, 4364.3}, {345.0, 80.0}}, identifier: 'Text note-31', label: 'Text note-31', value: Field note 31. Lon...
                    Other, 0x10631b6c0, {{336.0, 4364.3}, {30.0, 80.0}}, label: 'Vertical scroll bar, 1 page', value: 0%
                      Other, 0x10631b7e0, {{363.0, 4367.3}, {3.0, 74.0}}
                    Other, 0x10631b900, {{24.0, 4411.3}, {345.0, 30.0}}, label: 'Horizontal scroll bar, 1 page', value: 0%
                      Other, 0x10631ba20, {{27.0, 4438.3}, {339.0, 3.0}}
                  TextView, 0x10631bb40, {{24.0, 4472.3}, {345.0, 80.0}}, identifier: 'Text note-32', label: 'Text note-32', value: Field note 32. Lon...
                    Other, 0x10631bc60, {{336.0, 4472.3}, {30.0, 80.0}}, label: 'Vertical scroll bar, 1 page', value: 0%
                      Other, 0x10631bd80, {{363.0, 4475.3}, {3.0, 74.0}}
                    Other, 0x10631bea0, {{24.0, 4519.3}, {345.0, 30.0}}, label: 'Horizontal scroll bar, 1 page', value: 0%
                      Other, 0x10631bfc0, {{27.0, 4546.3}, {339.0, 3.0}}
                  TextView, 0x10631c0e0, {{24.0, 4580.3}, {345.0, 80.0}}, identifier: 'Text note-33', label: 'Text note-33', value: Field note 33. Lon...
                    Other, 0x10631c200, {{336.0, 4580.3}, {30.0, 80.0}}, label: 'Vertical scroll bar, 1 page', value: 0%
                      Other, 0x10631c320, {{363.0, 4583.3}, {3.0, 74.0}}
                    Other, 0x10631c440, {{24.0, 4627.3}, {345.0, 30.0}}, label: 'Horizontal scroll bar, 1 page', value: 0%
                      Other, 0x10631c560, {{27.0, 4654.3}, {339.0, 3.0}}
                  TextView, 0x10631c680, {{24.0, 4688.3}, {345.0, 80.0}}, identifier: 'Text note-34', label: 'Text note-34', value: Field note 34. Lon...
                    Other, 0x10631c7a0, {{336.0, 4688.3}, {30.0, 80.0}}, label: 'Vertical scroll bar, 1 page', value: 0%
                      Other, 0x10631c8c0, {{363.0, 4691.3}, {3.0, 74.0}}
                    Other, 0x10631c9e0, {{24.0, 4735.3}, {345.0, 30.0}}, label: 'Horizontal scroll bar, 1 page', value: 0%
                      Other, 0x10631cb00, {{27.0, 4762.3}, {339.0, 3.0}}
                  TextView, 0x10631cc20, {{24.0, 4796.3}, {345.0, 80.0}}, identifier: 'Text note-35', label: 'Text note-35', value: Field note 35. Lon...
                    Other, 0x10631cd40, {{336.0, 4796.3}, {30.0, 80.0}}, label: 'Vertical scroll bar, 1 page', value: 0%
                      Other, 0x10631ce60, {{363.0, 4799.3}, {3.0, 74.0}}
                    Other, 0x10631cf80, {{24.0, 4843.3}, {345.0, 30.0}}, label: 'Horizontal scroll bar, 1 page', value: 0%
                      Other, 0x10631d0a0, {{27.0, 4870.3}, {339.0, 3.0}}
                  TextView, 0x10631d1c0, {{24.0, 4904.3}, {345.0, 80.0}}, identifier: 'Text note-36', label: 'Text note-36', value: Field note 36. Lon...
                    Other, 0x10631d2e0, {{336.0, 4904.3}, {30.0, 80.0}}, label: 'Vertical scroll bar, 1 page', value: 0%
                      Other, 0x10631d400, {{363.0, 4907.3}, {3.0, 74.0}}
                    Other, 0x10631d520, {{24.0, 4951.3}, {345.0, 30.0}}, label: 'Horizontal scroll bar, 1 page', value: 0%
                      Other, 0x10631d640, {{27.0, 4978.3}, {339.0, 3.0}}
                  TextView, 0x10631d760, {{24.0, 5012.3}, {345.0, 80.0}}, identifier: 'Text note-37', label: 'Text note-37', value: Field note 37. Lon...
                    Other, 0x10631d880, {{336.0, 5012.3}, {30.0, 80.0}}, label: 'Vertical scroll bar, 1 page', value: 0%
                      Other, 0x10631d9a0, {{363.0, 5015.3}, {3.0, 74.0}}
                    Other, 0x10631dac0, {{24.0, 5059.3}, {345.0, 30.0}}, label: 'Horizontal scroll bar, 1 page', value: 0%
                      Other, 0x10631dbe0, {{27.0, 5086.3}, {339.0, 3.0}}
                  TextView, 0x10631dd00, {{24.0, 5120.3}, {345.0, 80.0}}, identifier: 'Text note-38', label: 'Text note-38', value: Field note 38. Lon...
                    Other, 0x10631de20, {{336.0, 5120.3}, {30.0, 80.0}}, label: 'Vertical scroll bar, 1 page', value: 0%
                      Other, 0x10631df40, {{363.0, 5123.3}, {3.0, 74.0}}
                    Other, 0x10631e060, {{24.0, 5167.3}, {345.0, 30.0}}, label: 'Horizontal scroll bar, 1 page', value: 0%
                      Other, 0x10631e180, {{27.0, 5194.3}, {339.0, 3.0}}
                  TextView, 0x10631e2a0, {{24.0, 5228.3}, {345.0, 80.0}}, identifier: 'Text note-39', label: 'Text note-39', value: Field note 39. Lon...
                    Other, 0x10631e3c0, {{336.0, 5228.3}, {30.0, 80.0}}, label: 'Vertical scroll bar, 1 page', value: 0%
                      Other, 0x10631e4e0, {{363.0, 5231.3}, {3.0, 74.0}}
                    Other, 0x10631e600, {{24.0, 5275.3}, {345.0, 30.0}}, label: 'Horizontal scroll bar, 1 page', value: 0%
                      Other, 0x10631e720, {{27.0, 5302.3}, {339.0, 3.0}}
                  TextView, 0x10631e840, {{24.0, 5336.3}, {345.0, 80.0}}, identifier: 'Text note-40', label: 'Text note-40', value: Field note 40. Lon...
                    Other, 0x10631e960, {{336.0, 5336.3}, {30.0, 80.0}}, label: 'Vertical scroll bar, 1 page', value: 0%
                      Other, 0x10631ea80, {{363.0, 5339.3}, {3.0, 74.0}}
                    Other, 0x10631eba0, {{24.0, 5383.3}, {345.0, 30.0}}, label: 'Horizontal scroll bar, 1 page', value: 0%
                      Other, 0x10631ecc0, {{27.0, 5410.3}, {339.0, 3.0}}
                  TextView, 0x10631ede0, {{24.0, 5444.3}, {345.0, 80.0}}, identifier: 'Text note-41', label: 'Text note-41', value: Field note 41. Lon...
                    Other, 0x10631ef00, {{336.0, 5444.3}, {30.0, 80.0}}, label: 'Vertical scroll bar, 1 page', value: 0%
                      Other, 0x10631f020, {{363.0, 5447.3}, {3.0, 74.0}}
                    Other, 0x10631f140, {{24.0, 5491.3}, {345.0, 30.0}}, label: 'Horizontal scroll bar, 1 page', value: 0%
                      Other, 0x10631f260, {{27.0, 5518.3}, {339.0, 3.0}}
                  TextView, 0x10631f380, {{24.0, 5552.3}, {345.0, 80.0}}, identifier: 'Text note-42', label: 'Text note-42', value: Field note 42. Lon...
                    Other, 0x10631f4a0, {{336.0, 5552.3}, {30.0, 80.0}}, label: 'Vertical scroll bar, 1 page', value: 0%
                      Other, 0x10631f5c0, {{363.0, 5555.3}, {3.0, 74.0}}
                    Other, 0x10631f6e0, {{24.0, 5599.3}, {345.0, 30.0}}, label: 'Horizontal scroll bar, 1 page', value: 0%
                      Other, 0x10631f800, {{27.0, 5626.3}, {339.0, 3.0}}
                  TextView, 0x10631f920, {{24.0, 5660.3}, {345.0, 80.0}}, identifier: 'Text note-43', label: 'Text note-43', value: Field note 43. Lon...
                    Other, 0x10631fa40, {{336.0, 5660.3}, {30.0, 80.0}}, label: 'Vertical scroll bar, 1 page', value: 0%
                      Other, 0x10631fb60, {{363.0, 5663.3}, {3.0, 74.0}}
                    Other, 0x10631fc80, {{24.0, 5707.3}, {345.0, 30.0}}, label: 'Horizontal scroll bar, 1 page', value: 0%
                      Other, 0x10631fda0, {{27.0, 5734.3}, {339.0, 3.0}}
                  TextView, 0x10631fec0, {{24.0, 5768.3}, {345.0, 80.0}}, identifier: 'Text note-44', label: 'Text note-44', value: Field note 44. Lon...
                    Other, 0x10631ffe0, {{336.0, 5768.3}, {30.0, 80.0}}, label: 'Vertical scroll bar, 1 page', value: 0%
                      Other, 0x106320100, {{363.0, 5771.3}, {3.0, 74.0}}
                    Other, 0x106320220, {{24.0, 5815.3}, {345.0, 30.0}}, label: 'Horizontal scroll bar, 1 page', value: 0%
                      Other, 0x106320340, {{27.0, 5842.3}, {339.0, 3.0}}
                  TextView, 0x106320460, {{24.0, 5876.3}, {345.0, 80.0}}, identifier: 'Text note-45', label: 'Text note-45', value: Field note 45. Lon...
                    Other, 0x106320580, {{336.0, 5876.3}, {30.0, 80.0}}, label: 'Vertical scroll bar, 1 page', value: 0%
                      Other, 0x1063206a0, {{363.0, 5879.3}, {3.0, 74.0}}
                    Other, 0x1063207c0, {{24.0, 5923.3}, {345.0, 30.0}}, label: 'Horizontal scroll bar, 1 page', value: 0%
                      Other, 0x1063208e0, {{27.0, 5950.3}, {339.0, 3.0}}
                  TextView, 0x106320a00, {{24.0, 5984.3}, {345.0, 80.0}}, identifier: 'Text note-46', label: 'Text note-46', value: Field note 46. Lon...
                    Other, 0x106320b20, {{336.0, 5984.3}, {30.0, 80.0}}, label: 'Vertical scroll bar, 1 page', value: 0%
                      Other, 0x106320c40, {{363.0, 5987.3}, {3.0, 74.0}}
                    Other, 0x106320d60, {{24.0, 6031.3}, {345.0, 30.0}}, label: 'Horizontal scroll bar, 1 page', value: 0%
                      Other, 0x106320e80, {{27.0, 6058.3}, {339.0, 3.0}}
                  TextView, 0x106320fa0, {{24.0, 6092.3}, {345.0, 80.0}}, identifier: 'Text note-47', label: 'Text note-47', value: Field note 47. Lon...
                    Other, 0x1063210c0, {{336.0, 6092.3}, {30.0, 80.0}}, label: 'Vertical scroll bar, 1 page', value: 0%
                      Other, 0x1063211e0, {{363.0, 6095.3}, {3.0, 74.0}}
                    Other, 0x106321300, {{24.0, 6139.3}, {345.0, 30.0}}, label: 'Horizontal scroll bar, 1 page', value: 0%
                      Other, 0x106321420, {{27.0, 6166.3}, {339.0, 3.0}}
                  TextView, 0x106321540, {{24.0, 6200.3}, {345.0, 80.0}}, identifier: 'Text note-48', label: 'Text note-48', value: Field note 48. Lon...
                    Other, 0x106321660, {{336.0, 6200.3}, {30.0, 80.0}}, label: 'Vertical scroll bar, 1 page', value: 0%
                      Other, 0x106321780, {{363.0, 6203.3}, {3.0, 74.0}}
                    Other, 0x1063218a0, {{24.0, 6247.3}, {345.0, 30.0}}, label: 'Horizontal scroll bar, 1 page', value: 0%
                      Other, 0x1063219c0, {{27.0, 6274.3}, {339.0, 3.0}}
                  TextView, 0x106321ae0, {{24.0, 6308.3}, {345.0, 80.0}}, identifier: 'Text note-49', label: 'Text note-49', value: Field note 49. Lon...
                    Other, 0x106321c00, {{336.0, 6308.3}, {30.0, 80.0}}, label: 'Vertical scroll bar, 1 page', value: 0%
                      Other, 0x106321d20, {{363.0, 6311.3}, {3.0, 74.0}}
                    Other, 0x106321e40, {{24.0, 6355.3}, {345.0, 30.0}}, label: 'Horizontal scroll bar, 1 page', value: 0%
                      Other, 0x106321f60, {{27.0, 6382.3}, {339.0, 3.0}}
                  TextView, 0x106322080, {{24.0, 6416.3}, {345.0, 80.0}}, identifier: 'Text note-50', label: 'Text note-50', value: Field note 50. Lon...
                    Other, 0x1063221a0, {{336.0, 6416.3}, {30.0, 80.0}}, label: 'Vertical scroll bar, 1 page', value: 0%
                      Other, 0x1063222c0, {{363.0, 6419.3}, {3.0, 74.0}}
                    Other, 0x1063223e0, {{24.0, 6463.3}, {345.0, 30.0}}, label: 'Horizontal scroll bar, 1 page', value: 0%
                      Other, 0x106322500, {{27.0, 6490.3}, {339.0, 3.0}}
                  TextView, 0x106322620, {{24.0, 6524.3}, {345.0, 80.0}}, identifier: 'Text note-51', label: 'Text note-51', value: Field note 51. Lon...
                    Other, 0x106322740, {{336.0, 6524.3}, {30.0, 80.0}}, label: 'Vertical scroll bar, 1 page', value: 0%
                      Other, 0x106322860, {{363.0, 6527.3}, {3.0, 74.0}}
                    Other, 0x106322980, {{24.0, 6571.3}, {345.0, 30.0}}, label: 'Horizontal scroll bar, 1 page', value: 0%
                      Other, 0x106322aa0, {{27.0, 6598.3}, {339.0, 3.0}}
                  TextView, 0x106322bc0, {{24.0, 6632.3}, {345.0, 80.0}}, identifier: 'Text note-52', label: 'Text note-52', value: Field note 52. Lon...
                    Other, 0x106322ce0, {{336.0, 6632.3}, {30.0, 80.0}}, label: 'Vertical scroll bar, 1 page', value: 0%
                      Other, 0x106322e00, {{363.0, 6635.3}, {3.0, 74.0}}
                    Other, 0x106322f20, {{24.0, 6679.3}, {345.0, 30.0}}, label: 'Horizontal scroll bar, 1 page', value: 0%
                      Other, 0x106323040, {{27.0, 6706.3}, {339.0, 3.0}}
                  TextView, 0x106323160, {{24.0, 6740.3}, {345.0, 80.0}}, identifier: 'Text note-53', label: 'Text note-53', value: Field note 53. Lon...
                    Other, 0x106323280, {{336.0, 6740.3}, {30.0, 80.0}}, label: 'Vertical scroll bar, 1 page', value: 0%
                      Other, 0x1063233a0, {{363.0, 6743.3}, {3.0, 74.0}}
                    Other, 0x1063234c0, {{24.0, 6787.3}, {345.0, 30.0}}, label: 'Horizontal scroll bar, 1 page', value: 0%
                      Other, 0x1063235e0, {{27.0, 6814.3}, {339.0, 3.0}}
                  TextView, 0x106323700, {{24.0, 6848.3}, {345.0, 80.0}}, identifier: 'Text note-54', label: 'Text note-54', value: Field note 54. Lon...
                    Other, 0x106323820, {{336.0, 6848.3}, {30.0, 80.0}}, label: 'Vertical scroll bar, 1 page', value: 0%
                      Other, 0x106323940, {{363.0, 6851.3}, {3.0, 74.0}}
                    Other, 0x106323a60, {{24.0, 6895.3}, {345.0, 30.0}}, label: 'Horizontal scroll bar, 1 page', value: 0%
                      Other, 0x106323b80, {{27.0, 6922.3}, {339.0, 3.0}}
                  TextView, 0x10631a960, {{24.0, 6956.3}, {345.0, 80.0}}, identifier: 'Text note-55', label: 'Text note-55', value: Field note 55. Lon...
                    Other, 0x106324010, {{336.0, 6956.3}, {30.0, 80.0}}, label: 'Vertical scroll bar, 1 page', value: 0%
                      Other, 0x106324130, {{363.0, 6959.3}, {3.0, 74.0}}
                    Other, 0x106324250, {{24.0, 7003.3}, {345.0, 30.0}}, label: 'Horizontal scroll bar, 1 page', value: 0%
                      Other, 0x106324370, {{27.0, 7030.3}, {339.0, 3.0}}
                  TextView, 0x106324490, {{24.0, 7064.3}, {345.0, 80.0}}, identifier: 'Text note-56', label: 'Text note-56', value: Field note 56. Lon...
                    Other, 0x1063245b0, {{336.0, 7064.3}, {30.0, 80.0}}, label: 'Vertical scroll bar, 1 page', value: 0%
                      Other, 0x1063246d0, {{363.0, 7067.3}, {3.0, 74.0}}
                    Other, 0x1063247f0, {{24.0, 7111.3}, {345.0, 30.0}}, label: 'Horizontal scroll bar, 1 page', value: 0%
                      Other, 0x106324910, {{27.0, 7138.3}, {339.0, 3.0}}
                  TextView, 0x106324a30, {{24.0, 7172.3}, {345.0, 80.0}}, identifier: 'Text note-57', label: 'Text note-57', value: Field note 57. Lon...
                    Other, 0x106324b50, {{336.0, 7172.3}, {30.0, 80.0}}, label: 'Vertical scroll bar, 1 page', value: 0%
                      Other, 0x106324c70, {{363.0, 7175.3}, {3.0, 74.0}}
                    Other, 0x106324d90, {{24.0, 7219.3}, {345.0, 30.0}}, label: 'Horizontal scroll bar, 1 page', value: 0%
                      Other, 0x106324eb0, {{27.0, 7246.3}, {339.0, 3.0}}
                  TextView, 0x106324fd0, {{24.0, 7280.3}, {345.0, 80.0}}, identifier: 'Text note-58', label: 'Text note-58', value: Field note 58. Lon...
                    Other, 0x1063250f0, {{336.0, 7280.3}, {30.0, 80.0}}, label: 'Vertical scroll bar, 1 page', value: 0%
                      Other, 0x106325210, {{363.0, 7283.3}, {3.0, 74.0}}
                    Other, 0x106325330, {{24.0, 7327.3}, {345.0, 30.0}}, label: 'Horizontal scroll bar, 1 page', value: 0%
                      Other, 0x106325450, {{27.0, 7354.3}, {339.0, 3.0}}
                  TextView, 0x106325570, {{24.0, 7388.3}, {345.0, 80.0}}, identifier: 'Text note-59', label: 'Text note-59', value: Field note 59. Lon...
                    Other, 0x106325690, {{336.0, 7388.3}, {30.0, 80.0}}, label: 'Vertical scroll bar, 1 page', value: 0%
                      Other, 0x1063257b0, {{363.0, 7391.3}, {3.0, 74.0}}
                    Other, 0x1063258d0, {{24.0, 7435.3}, {345.0, 30.0}}, label: 'Horizontal scroll bar, 1 page', value: 0%
                      Other, 0x1063259f0, {{27.0, 7462.3}, {339.0, 3.0}}
                  TextView, 0x106325b10, {{24.0, 7496.3}, {345.0, 80.0}}, identifier: 'Text note-60', label: 'Text note-60', value: Field note 60. Lon...
                    Other, 0x106325c30, {{336.0, 7496.3}, {30.0, 80.0}}, label: 'Vertical scroll bar, 1 page', value: 0%
                      Other, 0x106325d50, {{363.0, 7499.3}, {3.0, 74.0}}
                    Other, 0x106325e70, {{24.0, 7543.3}, {345.0, 30.0}}, label: 'Horizontal scroll bar, 1 page', value: 0%
                      Other, 0x106325f90, {{27.0, 7570.3}, {339.0, 3.0}}
                  TextView, 0x1063260b0, {{24.0, 7604.3}, {345.0, 51.3}}, identifier: 'Text closing', label: 'Text closing', value: Closing notes
                    Other, 0x1063261d0, {{336.0, 7604.3}, {30.0, 51.3}}, label: 'Vertical scroll bar, 1 page', value: 0%
                      Other, 0x1063262f0, {{363.0, 7607.3}, {3.0, 45.3}}
                    Other, 0x106326410, {{24.0, 7627.0}, {345.0, 25.7}}, label: 'Horizontal scroll bar, 1 page', value: 0%
                      Other, 0x106326530, {{27.0, 7649.7}, {339.0, 3.0}}
                Other, 0x106326650, {{360.0, 117.3}, {30.0, 577.7}}, label: 'Vertical scroll bar, 14 pages', value: 0%
                  Other, 0x106326770, {{387.0, 120.3}, {3.0, 43.7}}
                Other, 0x106326890, {{360.0, 117.3}, {30.0, 577.7}}, label: 'Vertical scroll bar, 14 pages', value: 0%
                  Other, 0x1063269b0, {{387.0, 120.3}, {3.0, 43.7}}
              ScrollView, 0x106326ad0, {{0.0, 695.0}, {393.0, 58.3}}
                Other, 0x106326bf0, {{0.0, 695.0}, {468.3, 58.3}}
                  Button, 0x106326d10, {{12.0, 707.0}, {113.3, 34.3}}, label: 'Insert block'
                  Button, 0x106326e30, {{137.3, 707.0}, {58.3, 34.3}}, identifier: 'Accessory bold', label: 'Bold', Disabled
                  Button, 0x106326f50, {{207.7, 707.0}, {59.7, 34.3}}, identifier: 'Accessory italic', label: 'Italic', Disabled
                  Button, 0x106327070, {{279.3, 707.0}, {177.0, 34.3}}, label: 'Select current block'
                Other, 0x106327190, {{0.0, 721.2}, {393.0, 29.2}}, label: 'Horizontal scroll bar, 2 pages', value: 0%
                  Other, 0x1063272b0, {{383.0, 747.3}, {7.0, 3.0}}
                Other, 0x1063273d0, {{0.0, 721.2}, {393.0, 29.2}}, label: 'Horizontal scroll bar, 2 pages', value: 0%
                  Other, 0x1063274f0, {{383.0, 747.3}, {7.0, 3.0}}
              StaticText, 0x106327610, {{144.2, 761.3}, {104.7, 14.3}}, identifier: 'Review action', label: 'Title Enter to body'
              StaticText, 0x106327730, {{22.3, 779.7}, {348.3, 30.3}}, label: 'ST-121 local interaction study · body: shared protocol 6 · title/columns: review state'
    Window, 0x106327850, {{0.0, 0.0}, {393.0, 852.0}}
      Other, 0x106327970, {{0.0, 0.0}, {393.0, 852.0}}
        Other, 0x106327a90, {{0.0, 0.0}, {393.0, 852.0}}
Path to element:
 →Application, 0x10660d710, pid: 49090, label: 'ModernPrototypePhone'
Query chain:
 →Find: Target Application 'studio.seventwo.blockeditor.st121.ios'
  Output: {
    Application, 0x10630d7b0, pid: 49090, label: 'ModernPrototypePhone'
  }

    t =    13.56s             Requesting snapshot of accessibility hierarchy for app with pid 49090
    t =    13.68s         Wait for studio.seventwo.blockeditor.st121.ios to idle
    t =    14.69s     Retrying `Type 'Keyboard start ' into Target Application 'studio.seventwo.blockeditor.st121.ios'` (attempt #3)
    t =    14.69s         Wait for studio.seventwo.blockeditor.st121.ios to idle
    t =    14.70s         Find the Target Application 'studio.seventwo.blockeditor.st121.ios'
    t =    14.76s         Check for interrupting elements affecting "ModernPrototypePhone" Application
    t =    14.82s         Synthesize event
    t =    14.82s             Get number of matches for: Elements containing elements matching predicate 'hasKeyboardFocus == 1'
    t =    14.88s             Requesting snapshot of accessibility hierarchy for app with pid 49090
    t =    15.37s             Requesting snapshot of accessibility hierarchy for app with pid 49090
    t =    15.48s             Requesting snapshot of accessibility hierarchy for app with pid 49090
    t =    15.97s             Requesting snapshot of accessibility hierarchy for app with pid 49090
    t =    16.08s             Failed: Neither element nor any descendant has keyboard focus. Event dispatch snapshot: Application, pid: 49090, label: 'ModernPrototypePhone'
Element debug description:
Attributes: Application, 0x106e1ddb0, pid: 49090, label: 'ModernPrototypePhone'
Element subtree:
 →Application, 0x106e1ddb0, pid: 49090, label: 'ModernPrototypePhone'
    Window (Main), 0x106e213a0, {{0.0, 0.0}, {393.0, 852.0}}
      Other, 0x106e16390, {{0.0, 0.0}, {393.0, 852.0}}
        Other, 0x106e18530, {{0.0, 0.0}, {393.0, 852.0}}
          Other, 0x106e178f0, {{0.0, 0.0}, {393.0, 852.0}}
            Other, 0x106e205b0, {{0.0, 0.0}, {393.0, 852.0}}
              ScrollView, 0x106e17030, {{0.0, 0.0}, {393.0, 117.3}}
                Other, 0x106e28880, {{0.0, 0.0}, {745.3, 117.3}}
                  Button, 0x106e29bc0, {{12.0, 78.0}, {87.3, 20.3}}, label: 'Outline'
                    Image, 0x106e18a80, {{14.0, 82.0}, {21.0, 12.3}}, identifier: 'list.bullet.indent', label: 'Bulletest List Indent'
                    StaticText, 0x106e1a7f0, {{12.0, 78.0}, {87.3, 20.3}}, label: 'Outline'
                  Button, 0x106e1d120, {{111.3, 78.0}, {74.3, 20.3}}, label: 'Focus'
                    Image, 0x106e1b870, {{113.3, 80.0}, {16.3, 16.3}}, identifier: 'viewfinder', label: 'Scan'
                    StaticText, 0x106e29030, {{111.3, 78.0}, {74.3, 20.3}}, label: 'Focus'
                  Button, 0x106e1b2f0, {{197.7, 78.0}, {69.3, 20.3}}, label: 'Insert'
                    Image, 0x106e220c0, {{199.7, 81.3}, {14.0, 14.0}}, identifier: 'plus', label: 'Add'
                    StaticText, 0x106e19240, {{197.7, 78.0}, {69.3, 20.3}}, label: 'Insert'
                  Switch, 0x106e1ab20, {{291.0, 78.0}, {102.0, 20.3}}, label: 'Select blocks', value: 0
                  Switch, 0x106e24240, {{449.0, 78.0}, {76.3, 20.3}}, label: 'Large text', value: 0
                  Switch, 0x106e233e0, {{561.3, 78.0}, {36.0, 20.3}}, label: 'Dark', value: 0
                  Switch, 0x106e269a0, {{621.3, 71.0}, {112.0, 34.3}}, label: 'Touch tools', value: 1
                Other, 0x106e1f740, {{0.0, 84.3}, {393.0, 30.0}}, label: 'Horizontal scroll bar, 2 pages', value: 0%
                  Other, 0x106e25bf0, {{383.0, 111.3}, {7.0, 3.0}}
                Other, 0x106e247a0, {{0.0, 84.3}, {393.0, 30.0}}, label: 'Horizontal scroll bar, 2 pages', value: 0%
                  Other, 0x106e1d830, {{383.0, 111.3}, {7.0, 3.0}}
              ScrollView, 0x106e1c2f0, {{0.0, 117.3}, {393.0, 577.7}}
                Other, 0x106e1bf80, {{0.0, 117.3}, {393.0, 7574.3}}
                  TextField, 0x106e17360, {{20.0, 149.3}, {353.0, 44.0}}, identifier: 'Document title', label: 'Document title', placeholderValue: 'Untitled', value: Studio field keybo...
                  TextView, 0x106e23750, {{24.0, 217.3}, {345.0, 54.0}}, identifier: 'Text intro', label: 'Text intro', value: Start with the doc...
                    Other, 0x106e282f0, {{336.0, 217.3}, {30.0, 54.0}}, label: 'Vertical scroll bar, 1 page', value: 0%
                      Other, 0x106e25330, {{363.0, 220.3}, {3.0, 48.0}}
                    Other, 0x106e1fab0, {{24.0, 241.3}, {345.0, 27.0}}, label: 'Horizontal scroll bar, 1 page', value: 0%
                      Other, 0x106e229b0, {{27.0, 265.3}, {339.0, 3.0}}
                  Button, 0x106e17f90, {{24.0, 279.3}, {76.0, 14.3}}, identifier: 'Block actions intro', label: 'Block actions', value: paragraph
                    Button, 0x106e208c0, {{24.0, 279.3}, {76.0, 14.3}}
                      StaticText, 0x106e118b0, {{24.0, 279.5}, {76.0, 14.3}}, label: 'Block actions'
                  TextView, 0x106e1cb80, {{24.0, 321.7}, {345.0, 36.3}}, identifier: 'Text first', label: 'Text first', value: First thought
                    Other, 0x106e1f3b0, {{336.0, 321.7}, {30.0, 36.3}}, label: 'Vertical scroll bar, 1 page', value: 0%
                      Other, 0x106e26460, {{363.0, 319.0}, {3.0, 36.0}}
                    Other, 0x106e293b0, {{24.0, 336.8}, {345.0, 18.2}}, label: 'Horizontal scroll bar, 1 page', value: 0%
                      Other, 0x106e29f30, {{27.0, 352.0}, {339.0, 3.0}}
                  TextView, 0x106e1fe40, {{24.0, 386.0}, {345.0, 36.0}}, identifier: 'Text second', label: 'Text second', value: Second thought
                    Other, 0x106e23ad0, {{336.0, 386.0}, {30.0, 36.0}}, label: 'Vertical scroll bar, 1 page', value: 0%
                      Other, 0x106e24f90, {{363.0, 383.0}, {3.0, 36.0}}
                    Other, 0x106e17bf0, {{24.0, 401.0}, {345.0, 18.0}}, label: 'Horizontal scroll bar, 1 page', value: 0%
                      Other, 0x106e20c40, {{27.0, 416.0}, {339.0, 3.0}}
                  TextView, 0x106e15830, {{24.0, 450.0}, {345.0, 51.3}}, identifier: 'Text section', label: 'Text section', value: Structured notes
                    Other, 0x106e1eb10, {{336.0, 450.0}, {30.0, 51.3}}, label: 'Vertical scroll bar, 1 page', value: 0%
                      Other, 0x106e15bd0, {{363.0, 453.0}, {3.0, 45.3}}
                    Other, 0x106e166c0, {{24.0, 472.7}, {345.0, 25.7}}, label: 'Horizontal scroll bar, 1 page', value: 0%
                      Other, 0x106e1e0a0, {{27.0, 495.3}, {339.0, 3.0}}
                  ScrollView, 0x106e1bbd0, {{24.0, 529.3}, {345.0, 60.0}}
                    Other, 0x106e2a2c0, {{24.0, 529.3}, {356.0, 60.0}}
                      TextView, 0x106e14260, {{36.0, 541.3}, {160.0, 36.0}}, identifier: 'Cell left', label: 'Cell left', value: First cell
                        Other, 0x106e16a60, {{163.0, 541.3}, {30.0, 36.0}}, label: 'Vertical scroll bar, 1 page', value: 0%
                          Other, 0x106e15f70, {{190.0, 538.3}, {3.0, 36.0}}
                        Other, 0x106e14c00, {{36.0, 556.3}, {160.0, 18.0}}, label: 'Horizontal scroll bar, 1 page', value: 0%
                          Other, 0x106e14d20, {{39.0, 571.3}, {154.0, 3.0}}
                      TextView, 0x106e14e40, {{208.0, 541.3}, {160.0, 36.0}}, identifier: 'Cell right', label: 'Cell right', value: Second cell
                        Other, 0x106e14f60, {{335.0, 541.3}, {30.0, 36.0}}, label: 'Vertical scroll bar, 1 page', value: 0%
                          Other, 0x106e12e80, {{362.0, 538.3}, {3.0, 36.0}}
                        Other, 0x106e12fa0, {{208.0, 556.3}, {160.0, 18.0}}, label: 'Horizontal scroll bar, 1 page', value: 0%
                          Other, 0x106e130c0, {{211.0, 571.3}, {154.0, 3.0}}
                    Other, 0x106e131e0, {{24.0, 556.3}, {345.0, 30.0}}, label: 'Horizontal scroll bar, 2 pages', value: 0%
                      Other, 0x106e13300, {{359.0, 583.3}, {7.0, 3.0}}
                    Other, 0x106e13420, {{24.0, 556.3}, {345.0, 30.0}}, label: 'Horizontal scroll bar, 2 pages', value: 0%
                      Other, 0x106e13540, {{359.0, 583.3}, {7.0, 3.0}}
                  Button, 0x106e13660, {{24.0, 617.3}, {345.0, 44.0}}, identifier: 'Toggle toggle-Disclosure toggle', label: 'Toggle toggle', value: Details
                    TextView, 0x106e13780, {{24.0, 621.3}, {246.7, 36.0}}, identifier: 'Toggle toggle', label: 'Toggle toggle', value: Details
                      Other, 0x106e138a0, {{237.7, 621.3}, {30.0, 36.0}}, label: 'Vertical scroll bar, 1 page', value: 0%
                        Other, 0x106e139c0, {{264.7, 618.3}, {3.0, 36.0}}
                      Other, 0x106e13ae0, {{24.0, 636.3}, {246.7, 18.0}}, label: 'Horizontal scroll bar, 1 page', value: 0%
                        Other, 0x106e13c00, {{27.0, 651.3}, {240.7, 3.0}}
                    Button, 0x106e13d20, {{278.7, 632.3}, {72.0, 14.3}}, identifier: 'Disclosure toggle', label: 'Show details'
                    Image, 0x106e13e40, {{361.3, 633.3}, {7.0, 12.0}}, identifier: 'collapsed'
                  StaticText, 0x106e13f60, {{24.0, 695.5}, {7.7, 20.3}}, label: '•'
                  TextView, 0x106e127a0, {{39.7, 689.3}, {329.3, 36.3}}, identifier: 'List parent', label: 'List parent', value: Parent item
                    Other, 0x106e128c0, {{336.0, 689.3}, {30.0, 36.3}}, label: 'Vertical scroll bar, 1 page', value: 0%
                      Other, 0x106e129e0, {{363.0, 686.7}, {3.0, 36.0}}
                    Other, 0x106e12b00, {{39.7, 704.5}, {329.3, 18.2}}, label: 'Horizontal scroll bar, 1 page', value: 0%
                      Other, 0x106e2ad70, {{42.7, 719.7}, {323.3, 3.0}}
                  StaticText, 0x106e2ae90, {{48.0, 739.5}, {7.7, 20.3}}, label: '•'
                  TextView, 0x106e2afb0, {{63.7, 733.7}, {305.3, 36.0}}, identifier: 'List child', label: 'List child', value: Nested list item
                    Other, 0x106e2b0d0, {{336.0, 733.7}, {30.0, 36.0}}, label: 'Vertical scroll bar, 1 page', value: 0%
                      Other, 0x106e2b1f0, {{363.0, 730.7}, {3.0, 36.0}}
                    Other, 0x106e2b310, {{63.7, 748.7}, {305.3, 18.0}}, label: 'Horizontal scroll bar, 1 page', value: 0%
                      Other, 0x106e2b430, {{66.7, 763.7}, {299.3, 3.0}}
                  Image, 0x106e2b550, {{24.0, 797.7}, {345.0, 150.0}}, identifier: 'mountain.2', label: 'Local coastline illustration'
                  TextView, 0x106e2b670, {{24.0, 955.7}, {345.0, 32.7}}, identifier: 'Media caption', label: 'Media caption', value: A local visual ref...
                    Other, 0x106e2b790, {{336.0, 955.7}, {30.0, 32.7}}, label: 'Vertical scroll bar, 1 page', value: 0%
                      Other, 0x106e2b8b0, {{363.0, 949.3}, {3.0, 36.0}}
                    Other, 0x106e2b9d0, {{24.0, 969.0}, {345.0, 16.3}}, label: 'Horizontal scroll bar, 1 page', value: 0%
                      Other, 0x106e2baf0, {{27.0, 982.3}, {339.0, 3.0}}
                  TextView, 0x106e2bc10, {{24.0, 1016.3}, {345.0, 80.0}}, identifier: 'Code review-code', label: 'Code review-code', value: 	let coast = "世界😀...
                    Other, 0x106e2bd30, {{336.0, 1016.3}, {30.0, 80.0}}, label: 'Vertical scroll bar, 1 page', value: 0%
                      Other, 0x106e2be50, {{363.0, 1019.3}, {3.0, 74.0}}
                    Other, 0x106e2bf70, {{24.0, 1063.3}, {345.0, 30.0}}, label: 'Horizontal scroll bar, 1 page', value: 0%
                      Other, 0x106e2c090, {{27.0, 1090.3}, {339.0, 3.0}}
                  TextView, 0x106e2c1b0, {{24.0, 1124.3}, {345.0, 80.0}}, identifier: 'Text note-1', label: 'Text note-1', value: Field note 1. Long...
                    Other, 0x106e2c2d0, {{336.0, 1124.3}, {30.0, 80.0}}, label: 'Vertical scroll bar, 1 page', value: 0%
                      Other, 0x106e2c3f0, {{363.0, 1127.3}, {3.0, 74.0}}
                    Other, 0x106e2c510, {{24.0, 1171.3}, {345.0, 30.0}}, label: 'Horizontal scroll bar, 1 page', value: 0%
                      Other, 0x106e2c630, {{27.0, 1198.3}, {339.0, 3.0}}
                  TextView, 0x106e2c750, {{24.0, 1232.3}, {345.0, 80.0}}, identifier: 'Text note-2', label: 'Text note-2', value: Field note 2. Long...
                    Other, 0x106e2c870, {{336.0, 1232.3}, {30.0, 80.0}}, label: 'Vertical scroll bar, 1 page', value: 0%
                      Other, 0x106e2c990, {{363.0, 1235.3}, {3.0, 74.0}}
                    Other, 0x106e2cab0, {{24.0, 1279.3}, {345.0, 30.0}}, label: 'Horizontal scroll bar, 1 page', value: 0%
                      Other, 0x106e2cbd0, {{27.0, 1306.3}, {339.0, 3.0}}
                  TextView, 0x106e2ccf0, {{24.0, 1340.3}, {345.0, 80.0}}, identifier: 'Text note-3', label: 'Text note-3', value: Field note 3. Long...
                    Other, 0x106e2ce10, {{336.0, 1340.3}, {30.0, 80.0}}, label: 'Vertical scroll bar, 1 page', value: 0%
                      Other, 0x106e2cf30, {{363.0, 1343.3}, {3.0, 74.0}}
                    Other, 0x106e2d050, {{24.0, 1387.3}, {345.0, 30.0}}, label: 'Horizontal scroll bar, 1 page', value: 0%
                      Other, 0x106e2d170, {{27.0, 1414.3}, {339.0, 3.0}}
                  TextView, 0x106e2d290, {{24.0, 1448.3}, {345.0, 80.0}}, identifier: 'Text note-4', label: 'Text note-4', value: Field note 4. Long...
                    Other, 0x106e2d3b0, {{336.0, 1448.3}, {30.0, 80.0}}, label: 'Vertical scroll bar, 1 page', value: 0%
                      Other, 0x106e2d4d0, {{363.0, 1451.3}, {3.0, 74.0}}
                    Other, 0x106e2d5f0, {{24.0, 1495.3}, {345.0, 30.0}}, label: 'Horizontal scroll bar, 1 page', value: 0%
                      Other, 0x106e2d710, {{27.0, 1522.3}, {339.0, 3.0}}
                  TextView, 0x106e2d830, {{24.0, 1556.3}, {345.0, 80.0}}, identifier: 'Text note-5', label: 'Text note-5', value: Field note 5. Long...
                    Other, 0x106e2d950, {{336.0, 1556.3}, {30.0, 80.0}}, label: 'Vertical scroll bar, 1 page', value: 0%
                      Other, 0x106e2da70, {{363.0, 1559.3}, {3.0, 74.0}}
                    Other, 0x106e2db90, {{24.0, 1603.3}, {345.0, 30.0}}, label: 'Horizontal scroll bar, 1 page', value: 0%
                      Other, 0x106e2dcb0, {{27.0, 1630.3}, {339.0, 3.0}}
                  TextView, 0x106e2ddd0, {{24.0, 1664.3}, {345.0, 80.0}}, identifier: 'Text note-6', label: 'Text note-6', value: Field note 6. Long...
                    Other, 0x106e2def0, {{336.0, 1664.3}, {30.0, 80.0}}, label: 'Vertical scroll bar, 1 page', value: 0%
                      Other, 0x106e2e010, {{363.0, 1667.3}, {3.0, 74.0}}
                    Other, 0x106e2e130, {{24.0, 1711.3}, {345.0, 30.0}}, label: 'Horizontal scroll bar, 1 page', value: 0%
                      Other, 0x106e2e250, {{27.0, 1738.3}, {339.0, 3.0}}
                  TextView, 0x106e2e370, {{24.0, 1772.3}, {345.0, 80.0}}, identifier: 'Text note-7', label: 'Text note-7', value: Field note 7. Long...
                    Other, 0x106e2e490, {{336.0, 1772.3}, {30.0, 80.0}}, label: 'Vertical scroll bar, 1 page', value: 0%
                      Other, 0x106e2e5b0, {{363.0, 1775.3}, {3.0, 74.0}}
                    Other, 0x106e2e6d0, {{24.0, 1819.3}, {345.0, 30.0}}, label: 'Horizontal scroll bar, 1 page', value: 0%
                      Other, 0x106e2e7f0, {{27.0, 1846.3}, {339.0, 3.0}}
                  TextView, 0x106e2e910, {{24.0, 1880.3}, {345.0, 80.0}}, identifier: 'Text note-8', label: 'Text note-8', value: Field note 8. Long...
                    Other, 0x106e2ea30, {{336.0, 1880.3}, {30.0, 80.0}}, label: 'Vertical scroll bar, 1 page', value: 0%
                      Other, 0x106e2eb50, {{363.0, 1883.3}, {3.0, 74.0}}
                    Other, 0x106e2ec70, {{24.0, 1927.3}, {345.0, 30.0}}, label: 'Horizontal scroll bar, 1 page', value: 0%
                      Other, 0x106e2ed90, {{27.0, 1954.3}, {339.0, 3.0}}
                  TextView, 0x106e2eeb0, {{24.0, 1988.3}, {345.0, 80.0}}, identifier: 'Text note-9', label: 'Text note-9', value: Field note 9. Long...
                    Other, 0x106e2efd0, {{336.0, 1988.3}, {30.0, 80.0}}, label: 'Vertical scroll bar, 1 page', value: 0%
                      Other, 0x106e2f0f0, {{363.0, 1991.3}, {3.0, 74.0}}
                    Other, 0x106e2f210, {{24.0, 2035.3}, {345.0, 30.0}}, label: 'Horizontal scroll bar, 1 page', value: 0%
                      Other, 0x106e2f330, {{27.0, 2062.3}, {339.0, 3.0}}
                  TextView, 0x106e2f450, {{24.0, 2096.3}, {345.0, 80.0}}, identifier: 'Text note-10', label: 'Text note-10', value: Field note 10. Lon...
                    Other, 0x106e2f570, {{336.0, 2096.3}, {30.0, 80.0}}, label: 'Vertical scroll bar, 1 page', value: 0%
                      Other, 0x106e2f690, {{363.0, 2099.3}, {3.0, 74.0}}
                    Other, 0x106e2f7b0, {{24.0, 2143.3}, {345.0, 30.0}}, label: 'Horizontal scroll bar, 1 page', value: 0%
                      Other, 0x106e2f8d0, {{27.0, 2170.3}, {339.0, 3.0}}
                  TextView, 0x106e2f9f0, {{24.0, 2204.3}, {345.0, 80.0}}, identifier: 'Text note-11', label: 'Text note-11', value: Field note 11. Lon...
                    Other, 0x106e2fb10, {{336.0, 2204.3}, {30.0, 80.0}}, label: 'Vertical scroll bar, 1 page', value: 0%
                      Other, 0x106e2fc30, {{363.0, 2207.3}, {3.0, 74.0}}
                    Other, 0x106e2fd50, {{24.0, 2251.3}, {345.0, 30.0}}, label: 'Horizontal scroll bar, 1 page', value: 0%
                      Other, 0x106e2fe70, {{27.0, 2278.3}, {339.0, 3.0}}
                  TextView, 0x106e2ff90, {{24.0, 2312.3}, {345.0, 80.0}}, identifier: 'Text note-12', label: 'Text note-12', value: Field note 12. Lon...
                    Other, 0x106e300b0, {{336.0, 2312.3}, {30.0, 80.0}}, label: 'Vertical scroll bar, 1 page', value: 0%
                      Other, 0x106e301d0, {{363.0, 2315.3}, {3.0, 74.0}}
                    Other, 0x106e302f0, {{24.0, 2359.3}, {345.0, 30.0}}, label: 'Horizontal scroll bar, 1 page', value: 0%
                      Other, 0x106e30410, {{27.0, 2386.3}, {339.0, 3.0}}
                  TextView, 0x106e30680, {{24.0, 2420.3}, {345.0, 80.0}}, identifier: 'Text note-13', label: 'Text note-13', value: Field note 13. Lon...
                    Other, 0x106e307a0, {{336.0, 2420.3}, {30.0, 80.0}}, label: 'Vertical scroll bar, 1 page', value: 0%
                      Other, 0x106e308c0, {{363.0, 2423.3}, {3.0, 74.0}}
                    Other, 0x106e309e0, {{24.0, 2467.3}, {345.0, 30.0}}, label: 'Horizontal scroll bar, 1 page', value: 0%
                      Other, 0x106e30b00, {{27.0, 2494.3}, {339.0, 3.0}}
                  TextView, 0x106e30c20, {{24.0, 2528.3}, {345.0, 80.0}}, identifier: 'Text note-14', label: 'Text note-14', value: Field note 14. Lon...
                    Other, 0x106e30d40, {{336.0, 2528.3}, {30.0, 80.0}}, label: 'Vertical scroll bar, 1 page', value: 0%
                      Other, 0x106e30e60, {{363.0, 2531.3}, {3.0, 74.0}}
                    Other, 0x106e30f80, {{24.0, 2575.3}, {345.0, 30.0}}, label: 'Horizontal scroll bar, 1 page', value: 0%
                      Other, 0x106e310a0, {{27.0, 2602.3}, {339.0, 3.0}}
                  TextView, 0x106e311c0, {{24.0, 2636.3}, {345.0, 80.0}}, identifier: 'Text note-15', label: 'Text note-15', value: Field note 15. Lon...
                    Other, 0x106e312e0, {{336.0, 2636.3}, {30.0, 80.0}}, label: 'Vertical scroll bar, 1 page', value: 0%
                      Other, 0x106e31400, {{363.0, 2639.3}, {3.0, 74.0}}
                    Other, 0x106e31520, {{24.0, 2683.3}, {345.0, 30.0}}, label: 'Horizontal scroll bar, 1 page', value: 0%
                      Other, 0x106e31640, {{27.0, 2710.3}, {339.0, 3.0}}
                  TextView, 0x106e31760, {{24.0, 2744.3}, {345.0, 80.0}}, identifier: 'Text note-16', label: 'Text note-16', value: Field note 16. Lon...
                    Other, 0x106e31880, {{336.0, 2744.3}, {30.0, 80.0}}, label: 'Vertical scroll bar, 1 page', value: 0%
                      Other, 0x106e319a0, {{363.0, 2747.3}, {3.0, 74.0}}
                    Other, 0x106e31ac0, {{24.0, 2791.3}, {345.0, 30.0}}, label: 'Horizontal scroll bar, 1 page', value: 0%
                      Other, 0x106e31be0, {{27.0, 2818.3}, {339.0, 3.0}}
                  TextView, 0x106e31d00, {{24.0, 2852.3}, {345.0, 80.0}}, identifier: 'Text note-17', label: 'Text note-17', value: Field note 17. Lon...
                    Other, 0x106e31e20, {{336.0, 2852.3}, {30.0, 80.0}}, label: 'Vertical scroll bar, 1 page', value: 0%
                      Other, 0x106e31f40, {{363.0, 2855.3}, {3.0, 74.0}}
                    Other, 0x106e32060, {{24.0, 2899.3}, {345.0, 30.0}}, label: 'Horizontal scroll bar, 1 page', value: 0%
                      Other, 0x106e32180, {{27.0, 2926.3}, {339.0, 3.0}}
                  TextView, 0x106e322a0, {{24.0, 2960.3}, {345.0, 80.0}}, identifier: 'Text note-18', label: 'Text note-18', value: Field note 18. Lon...
                    Other, 0x106e323c0, {{336.0, 2960.3}, {30.0, 80.0}}, label: 'Vertical scroll bar, 1 page', value: 0%
                      Other, 0x106e324e0, {{363.0, 2963.3}, {3.0, 74.0}}
                    Other, 0x106e32600, {{24.0, 3007.3}, {345.0, 30.0}}, label: 'Horizontal scroll bar, 1 page', value: 0%
                      Other, 0x106e32720, {{27.0, 3034.3}, {339.0, 3.0}}
                  TextView, 0x106e32840, {{24.0, 3068.3}, {345.0, 80.0}}, identifier: 'Text note-19', label: 'Text note-19', value: Field note 19. Lon...
                    Other, 0x106e32960, {{336.0, 3068.3}, {30.0, 80.0}}, label: 'Vertical scroll bar, 1 page', value: 0%
                      Other, 0x106e32a80, {{363.0, 3071.3}, {3.0, 74.0}}
                    Other, 0x106e32ba0, {{24.0, 3115.3}, {345.0, 30.0}}, label: 'Horizontal scroll bar, 1 page', value: 0%
                      Other, 0x106e32cc0, {{27.0, 3142.3}, {339.0, 3.0}}
                  TextView, 0x106e32de0, {{24.0, 3176.3}, {345.0, 80.0}}, identifier: 'Text note-20', label: 'Text note-20', value: Field note 20. Lon...
                    Other, 0x106e32f00, {{336.0, 3176.3}, {30.0, 80.0}}, label: 'Vertical scroll bar, 1 page', value: 0%
                      Other, 0x106e33020, {{363.0, 3179.3}, {3.0, 74.0}}
                    Other, 0x106e33140, {{24.0, 3223.3}, {345.0, 30.0}}, label: 'Horizontal scroll bar, 1 page', value: 0%
                      Other, 0x106e33260, {{27.0, 3250.3}, {339.0, 3.0}}
                  TextView, 0x106e33380, {{24.0, 3284.3}, {345.0, 80.0}}, identifier: 'Text note-21', label: 'Text note-21', value: Field note 21. Lon...
                    Other, 0x106e334a0, {{336.0, 3284.3}, {30.0, 80.0}}, label: 'Vertical scroll bar, 1 page', value: 0%
                      Other, 0x106e335c0, {{363.0, 3287.3}, {3.0, 74.0}}
                    Other, 0x106e336e0, {{24.0, 3331.3}, {345.0, 30.0}}, label: 'Horizontal scroll bar, 1 page', value: 0%
                      Other, 0x106e33800, {{27.0, 3358.3}, {339.0, 3.0}}
                  TextView, 0x106e33920, {{24.0, 3392.3}, {345.0, 80.0}}, identifier: 'Text note-22', label: 'Text note-22', value: Field note 22. Lon...
                    Other, 0x106e33a40, {{336.0, 3392.3}, {30.0, 80.0}}, label: 'Vertical scroll bar, 1 page', value: 0%
                      Other, 0x106e33b60, {{363.0, 3395.3}, {3.0, 74.0}}
                    Other, 0x106e33c80, {{24.0, 3439.3}, {345.0, 30.0}}, label: 'Horizontal scroll bar, 1 page', value: 0%
                      Other, 0x106e33da0, {{27.0, 3466.3}, {339.0, 3.0}}
                  TextView, 0x106e33ec0, {{24.0, 3500.3}, {345.0, 80.0}}, identifier: 'Text note-23', label: 'Text note-23', value: Field note 23. Lon...
                    Other, 0x106e33fe0, {{336.0, 3500.3}, {30.0, 80.0}}, label: 'Vertical scroll bar, 1 page', value: 0%
                      Other, 0x106e34100, {{363.0, 3503.3}, {3.0, 74.0}}
                    Other, 0x106e34220, {{24.0, 3547.3}, {345.0, 30.0}}, label: 'Horizontal scroll bar, 1 page', value: 0%
                      Other, 0x106e34340, {{27.0, 3574.3}, {339.0, 3.0}}
                  TextView, 0x106e34460, {{24.0, 3608.3}, {345.0, 80.0}}, identifier: 'Text note-24', label: 'Text note-24', value: Field note 24. Lon...
                    Other, 0x106e34580, {{336.0, 3608.3}, {30.0, 80.0}}, label: 'Vertical scroll bar, 1 page', value: 0%
                      Other, 0x106e346a0, {{363.0, 3611.3}, {3.0, 74.0}}
                    Other, 0x106e347c0, {{24.0, 3655.3}, {345.0, 30.0}}, label: 'Horizontal scroll bar, 1 page', value: 0%
                      Other, 0x106e348e0, {{27.0, 3682.3}, {339.0, 3.0}}
                  TextView, 0x106e34a00, {{24.0, 3716.3}, {345.0, 80.0}}, identifier: 'Text note-25', label: 'Text note-25', value: Field note 25. Lon...
                    Other, 0x106e34b20, {{336.0, 3716.3}, {30.0, 80.0}}, label: 'Vertical scroll bar, 1 page', value: 0%
                      Other, 0x106e34c40, {{363.0, 3719.3}, {3.0, 74.0}}
                    Other, 0x106e34d60, {{24.0, 3763.3}, {345.0, 30.0}}, label: 'Horizontal scroll bar, 1 page', value: 0%
                      Other, 0x106e34e80, {{27.0, 3790.3}, {339.0, 3.0}}
                  TextView, 0x106e34fa0, {{24.0, 3824.3}, {345.0, 80.0}}, identifier: 'Text note-26', label: 'Text note-26', value: Field note 26. Lon...
                    Other, 0x106e350c0, {{336.0, 3824.3}, {30.0, 80.0}}, label: 'Vertical scroll bar, 1 page', value: 0%
                      Other, 0x106e351e0, {{363.0, 3827.3}, {3.0, 74.0}}
                    Other, 0x106e35300, {{24.0, 3871.3}, {345.0, 30.0}}, label: 'Horizontal scroll bar, 1 page', value: 0%
                      Other, 0x106e35420, {{27.0, 3898.3}, {339.0, 3.0}}
                  TextView, 0x106e35540, {{24.0, 3932.3}, {345.0, 80.0}}, identifier: 'Text note-27', label: 'Text note-27', value: Field note 27. Lon...
                    Other, 0x106e35660, {{336.0, 3932.3}, {30.0, 80.0}}, label: 'Vertical scroll bar, 1 page', value: 0%
                      Other, 0x106e35780, {{363.0, 3935.3}, {3.0, 74.0}}
                    Other, 0x106e358a0, {{24.0, 3979.3}, {345.0, 30.0}}, label: 'Horizontal scroll bar, 1 page', value: 0%
                      Other, 0x106e359c0, {{27.0, 4006.3}, {339.0, 3.0}}
                  TextView, 0x106e35ae0, {{24.0, 4040.3}, {345.0, 80.0}}, identifier: 'Text note-28', label: 'Text note-28', value: Field note 28. Lon...
                    Other, 0x106e35c00, {{336.0, 4040.3}, {30.0, 80.0}}, label: 'Vertical scroll bar, 1 page', value: 0%
                      Other, 0x106e35d20, {{363.0, 4043.3}, {3.0, 74.0}}
                    Other, 0x106e35e40, {{24.0, 4087.3}, {345.0, 30.0}}, label: 'Horizontal scroll bar, 1 page', value: 0%
                      Other, 0x106e35f60, {{27.0, 4114.3}, {339.0, 3.0}}
                  TextView, 0x106e30530, {{24.0, 4148.3}, {345.0, 80.0}}, identifier: 'Text note-29', label: 'Text note-29', value: Field note 29. Lon...
                    Other, 0x106e362a0, {{336.0, 4148.3}, {30.0, 80.0}}, label: 'Vertical scroll bar, 1 page', value: 0%
                      Other, 0x106e363c0, {{363.0, 4151.3}, {3.0, 74.0}}
                    Other, 0x106e364e0, {{24.0, 4195.3}, {345.0, 30.0}}, label: 'Horizontal scroll bar, 1 page', value: 0%
                      Other, 0x106e36600, {{27.0, 4222.3}, {339.0, 3.0}}
                  TextView, 0x106e36720, {{24.0, 4256.3}, {345.0, 80.0}}, identifier: 'Text note-30', label: 'Text note-30', value: Field note 30. Lon...
                    Other, 0x106e36840, {{336.0, 4256.3}, {30.0, 80.0}}, label: 'Vertical scroll bar, 1 page', value: 0%
                      Other, 0x106e36960, {{363.0, 4259.3}, {3.0, 74.0}}
                    Other, 0x106e36a80, {{24.0, 4303.3}, {345.0, 30.0}}, label: 'Horizontal scroll bar, 1 page', value: 0%
                      Other, 0x106e36ba0, {{27.0, 4330.3}, {339.0, 3.0}}
                  TextView, 0x106e36cc0, {{24.0, 4364.3}, {345.0, 80.0}}, identifier: 'Text note-31', label: 'Text note-31', value: Field note 31. Lon...
                    Other, 0x106e36de0, {{336.0, 4364.3}, {30.0, 80.0}}, label: 'Vertical scroll bar, 1 page', value: 0%
                      Other, 0x106e36f00, {{363.0, 4367.3}, {3.0, 74.0}}
                    Other, 0x106e37020, {{24.0, 4411.3}, {345.0, 30.0}}, label: 'Horizontal scroll bar, 1 page', value: 0%
                      Other, 0x106e37140, {{27.0, 4438.3}, {339.0, 3.0}}
                  TextView, 0x106e37260, {{24.0, 4472.3}, {345.0, 80.0}}, identifier: 'Text note-32', label: 'Text note-32', value: Field note 32. Lon...
                    Other, 0x106e37380, {{336.0, 4472.3}, {30.0, 80.0}}, label: 'Vertical scroll bar, 1 page', value: 0%
                      Other, 0x106e374a0, {{363.0, 4475.3}, {3.0, 74.0}}
                    Other, 0x106e375c0, {{24.0, 4519.3}, {345.0, 30.0}}, label: 'Horizontal scroll bar, 1 page', value: 0%
                      Other, 0x106e376e0, {{27.0, 4546.3}, {339.0, 3.0}}
                  TextView, 0x106e37800, {{24.0, 4580.3}, {345.0, 80.0}}, identifier: 'Text note-33', label: 'Text note-33', value: Field note 33. Lon...
                    Other, 0x106e37920, {{336.0, 4580.3}, {30.0, 80.0}}, label: 'Vertical scroll bar, 1 page', value: 0%
                      Other, 0x106e37a40, {{363.0, 4583.3}, {3.0, 74.0}}
                    Other, 0x106e37b60, {{24.0, 4627.3}, {345.0, 30.0}}, label: 'Horizontal scroll bar, 1 page', value: 0%
                      Other, 0x106e37c80, {{27.0, 4654.3}, {339.0, 3.0}}
                  TextView, 0x106e37da0, {{24.0, 4688.3}, {345.0, 80.0}}, identifier: 'Text note-34', label: 'Text note-34', value: Field note 34. Lon...
                    Other, 0x106e37ec0, {{336.0, 4688.3}, {30.0, 80.0}}, label: 'Vertical scroll bar, 1 page', value: 0%
                      Other, 0x106e37fe0, {{363.0, 4691.3}, {3.0, 74.0}}
                    Other, 0x106e38100, {{24.0, 4735.3}, {345.0, 30.0}}, label: 'Horizontal scroll bar, 1 page', value: 0%
                      Other, 0x106e38220, {{27.0, 4762.3}, {339.0, 3.0}}
                  TextView, 0x106e38340, {{24.0, 4796.3}, {345.0, 80.0}}, identifier: 'Text note-35', label: 'Text note-35', value: Field note 35. Lon...
                    Other, 0x106e38460, {{336.0, 4796.3}, {30.0, 80.0}}, label: 'Vertical scroll bar, 1 page', value: 0%
                      Other, 0x106e38580, {{363.0, 4799.3}, {3.0, 74.0}}
                    Other, 0x106e386a0, {{24.0, 4843.3}, {345.0, 30.0}}, label: 'Horizontal scroll bar, 1 page', value: 0%
                      Other, 0x106e387c0, {{27.0, 4870.3}, {339.0, 3.0}}
                  TextView, 0x106e388e0, {{24.0, 4904.3}, {345.0, 80.0}}, identifier: 'Text note-36', label: 'Text note-36', value: Field note 36. Lon...
                    Other, 0x106e38a00, {{336.0, 4904.3}, {30.0, 80.0}}, label: 'Vertical scroll bar, 1 page', value: 0%
                      Other, 0x106e38b20, {{363.0, 4907.3}, {3.0, 74.0}}
                    Other, 0x106e38c40, {{24.0, 4951.3}, {345.0, 30.0}}, label: 'Horizontal scroll bar, 1 page', value: 0%
                      Other, 0x106e38d60, {{27.0, 4978.3}, {339.0, 3.0}}
                  TextView, 0x106e38e80, {{24.0, 5012.3}, {345.0, 80.0}}, identifier: 'Text note-37', label: 'Text note-37', value: Field note 37. Lon...
                    Other, 0x106e38fa0, {{336.0, 5012.3}, {30.0, 80.0}}, label: 'Vertical scroll bar, 1 page', value: 0%
                      Other, 0x106e390c0, {{363.0, 5015.3}, {3.0, 74.0}}
                    Other, 0x106e391e0, {{24.0, 5059.3}, {345.0, 30.0}}, label: 'Horizontal scroll bar, 1 page', value: 0%
                      Other, 0x106e39300, {{27.0, 5086.3}, {339.0, 3.0}}
                  TextView, 0x106e39420, {{24.0, 5120.3}, {345.0, 80.0}}, identifier: 'Text note-38', label: 'Text note-38', value: Field note 38. Lon...
                    Other, 0x106e39540, {{336.0, 5120.3}, {30.0, 80.0}}, label: 'Vertical scroll bar, 1 page', value: 0%
                      Other, 0x106e39660, {{363.0, 5123.3}, {3.0, 74.0}}
                    Other, 0x106e39780, {{24.0, 5167.3}, {345.0, 30.0}}, label: 'Horizontal scroll bar, 1 page', value: 0%
                      Other, 0x106e398a0, {{27.0, 5194.3}, {339.0, 3.0}}
                  TextView, 0x106e399c0, {{24.0, 5228.3}, {345.0, 80.0}}, identifier: 'Text note-39', label: 'Text note-39', value: Field note 39. Lon...
                    Other, 0x106e39ae0, {{336.0, 5228.3}, {30.0, 80.0}}, label: 'Vertical scroll bar, 1 page', value: 0%
                      Other, 0x106e39c00, {{363.0, 5231.3}, {3.0, 74.0}}
                    Other, 0x106e39d20, {{24.0, 5275.3}, {345.0, 30.0}}, label: 'Horizontal scroll bar, 1 page', value: 0%
                      Other, 0x106e39e40, {{27.0, 5302.3}, {339.0, 3.0}}
                  TextView, 0x106e39f60, {{24.0, 5336.3}, {345.0, 80.0}}, identifier: 'Text note-40', label: 'Text note-40', value: Field note 40. Lon...
                    Other, 0x106e3a080, {{336.0, 5336.3}, {30.0, 80.0}}, label: 'Vertical scroll bar, 1 page', value: 0%
                      Other, 0x106e3a1a0, {{363.0, 5339.3}, {3.0, 74.0}}
                    Other, 0x106e3a2c0, {{24.0, 5383.3}, {345.0, 30.0}}, label: 'Horizontal scroll bar, 1 page', value: 0%
                      Other, 0x106e3a3e0, {{27.0, 5410.3}, {339.0, 3.0}}
                  TextView, 0x106e3a500, {{24.0, 5444.3}, {345.0, 80.0}}, identifier: 'Text note-41', label: 'Text note-41', value: Field note 41. Lon...
                    Other, 0x106e3a620, {{336.0, 5444.3}, {30.0, 80.0}}, label: 'Vertical scroll bar, 1 page', value: 0%
                      Other, 0x106e3a740, {{363.0, 5447.3}, {3.0, 74.0}}
                    Other, 0x106e3a860, {{24.0, 5491.3}, {345.0, 30.0}}, label: 'Horizontal scroll bar, 1 page', value: 0%
                      Other, 0x106e3a980, {{27.0, 5518.3}, {339.0, 3.0}}
                  TextView, 0x106e3aaa0, {{24.0, 5552.3}, {345.0, 80.0}}, identifier: 'Text note-42', label: 'Text note-42', value: Field note 42. Lon...
                    Other, 0x106e3abc0, {{336.0, 5552.3}, {30.0, 80.0}}, label: 'Vertical scroll bar, 1 page', value: 0%
                      Other, 0x106e3ace0, {{363.0, 5555.3}, {3.0, 74.0}}
                    Other, 0x106e3ae00, {{24.0, 5599.3}, {345.0, 30.0}}, label: 'Horizontal scroll bar, 1 page', value: 0%
                      Other, 0x106e3af20, {{27.0, 5626.3}, {339.0, 3.0}}
                  TextView, 0x106e3b040, {{24.0, 5660.3}, {345.0, 80.0}}, identifier: 'Text note-43', label: 'Text note-43', value: Field note 43. Lon...
                    Other, 0x106e3b160, {{336.0, 5660.3}, {30.0, 80.0}}, label: 'Vertical scroll bar, 1 page', value: 0%
                      Other, 0x106e3b280, {{363.0, 5663.3}, {3.0, 74.0}}
                    Other, 0x106e3b3a0, {{24.0, 5707.3}, {345.0, 30.0}}, label: 'Horizontal scroll bar, 1 page', value: 0%
                      Other, 0x106e3b4c0, {{27.0, 5734.3}, {339.0, 3.0}}
                  TextView, 0x106e3b5e0, {{24.0, 5768.3}, {345.0, 80.0}}, identifier: 'Text note-44', label: 'Text note-44', value: Field note 44. Lon...
                    Other, 0x106e3b700, {{336.0, 5768.3}, {30.0, 80.0}}, label: 'Vertical scroll bar, 1 page', value: 0%
                      Other, 0x106e3b820, {{363.0, 5771.3}, {3.0, 74.0}}
                    Other, 0x106e3b940, {{24.0, 5815.3}, {345.0, 30.0}}, label: 'Horizontal scroll bar, 1 page', value: 0%
                      Other, 0x106e3ba60, {{27.0, 5842.3}, {339.0, 3.0}}
                  TextView, 0x106e3bb80, {{24.0, 5876.3}, {345.0, 80.0}}, identifier: 'Text note-45', label: 'Text note-45', value: Field note 45. Lon...
                    Other, 0x106e3bca0, {{336.0, 5876.3}, {30.0, 80.0}}, label: 'Vertical scroll bar, 1 page', value: 0%
                      Other, 0x106e3bdc0, {{363.0, 5879.3}, {3.0, 74.0}}
                    Other, 0x106e3bee0, {{24.0, 5923.3}, {345.0, 30.0}}, label: 'Horizontal scroll bar, 1 page', value: 0%
                      Other, 0x106e3c000, {{27.0, 5950.3}, {339.0, 3.0}}
                  TextView, 0x106e3c120, {{24.0, 5984.3}, {345.0, 80.0}}, identifier: 'Text note-46', label: 'Text note-46', value: Field note 46. Lon...
                    Other, 0x106e3c240, {{336.0, 5984.3}, {30.0, 80.0}}, label: 'Vertical scroll bar, 1 page', value: 0%
                      Other, 0x106e3c360, {{363.0, 5987.3}, {3.0, 74.0}}
                    Other, 0x106e3c480, {{24.0, 6031.3}, {345.0, 30.0}}, label: 'Horizontal scroll bar, 1 page', value: 0%
                      Other, 0x106e3c5a0, {{27.0, 6058.3}, {339.0, 3.0}}
                  TextView, 0x106e3c6c0, {{24.0, 6092.3}, {345.0, 80.0}}, identifier: 'Text note-47', label: 'Text note-47', value: Field note 47. Lon...
                    Other, 0x106e3c7e0, {{336.0, 6092.3}, {30.0, 80.0}}, label: 'Vertical scroll bar, 1 page', value: 0%
                      Other, 0x106e3c900, {{363.0, 6095.3}, {3.0, 74.0}}
                    Other, 0x106e3ca20, {{24.0, 6139.3}, {345.0, 30.0}}, label: 'Horizontal scroll bar, 1 page', value: 0%
                      Other, 0x106e3cb40, {{27.0, 6166.3}, {339.0, 3.0}}
                  TextView, 0x106e3cc60, {{24.0, 6200.3}, {345.0, 80.0}}, identifier: 'Text note-48', label: 'Text note-48', value: Field note 48. Lon...
                    Other, 0x106e3cd80, {{336.0, 6200.3}, {30.0, 80.0}}, label: 'Vertical scroll bar, 1 page', value: 0%
                      Other, 0x106e3cea0, {{363.0, 6203.3}, {3.0, 74.0}}
                    Other, 0x106e3cfc0, {{24.0, 6247.3}, {345.0, 30.0}}, label: 'Horizontal scroll bar, 1 page', value: 0%
                      Other, 0x106e3d0e0, {{27.0, 6274.3}, {339.0, 3.0}}
                  TextView, 0x106e3d200, {{24.0, 6308.3}, {345.0, 80.0}}, identifier: 'Text note-49', label: 'Text note-49', value: Field note 49. Lon...
                    Other, 0x106e3d320, {{336.0, 6308.3}, {30.0, 80.0}}, label: 'Vertical scroll bar, 1 page', value: 0%
                      Other, 0x106e3d440, {{363.0, 6311.3}, {3.0, 74.0}}
                    Other, 0x106e3d560, {{24.0, 6355.3}, {345.0, 30.0}}, label: 'Horizontal scroll bar, 1 page', value: 0%
                      Other, 0x106e3d680, {{27.0, 6382.3}, {339.0, 3.0}}
                  TextView, 0x106e3d7a0, {{24.0, 6416.3}, {345.0, 80.0}}, identifier: 'Text note-50', label: 'Text note-50', value: Field note 50. Lon...
                    Other, 0x106e3d8c0, {{336.0, 6416.3}, {30.0, 80.0}}, label: 'Vertical scroll bar, 1 page', value: 0%
                      Other, 0x106e3d9e0, {{363.0, 6419.3}, {3.0, 74.0}}
                    Other, 0x106e3db00, {{24.0, 6463.3}, {345.0, 30.0}}, label: 'Horizontal scroll bar, 1 page', value: 0%
                      Other, 0x106e3dc20, {{27.0, 6490.3}, {339.0, 3.0}}
                  TextView, 0x106e3dd40, {{24.0, 6524.3}, {345.0, 80.0}}, identifier: 'Text note-51', label: 'Text note-51', value: Field note 51. Lon...
                    Other, 0x106e3de60, {{336.0, 6524.3}, {30.0, 80.0}}, label: 'Vertical scroll bar, 1 page', value: 0%
                      Other, 0x106e3df80, {{363.0, 6527.3}, {3.0, 74.0}}
                    Other, 0x106e3e0a0, {{24.0, 6571.3}, {345.0, 30.0}}, label: 'Horizontal scroll bar, 1 page', value: 0%
                      Other, 0x106e3e1c0, {{27.0, 6598.3}, {339.0, 3.0}}
                  TextView, 0x106e3e2e0, {{24.0, 6632.3}, {345.0, 80.0}}, identifier: 'Text note-52', label: 'Text note-52', value: Field note 52. Lon...
                    Other, 0x106e3e400, {{336.0, 6632.3}, {30.0, 80.0}}, label: 'Vertical scroll bar, 1 page', value: 0%
                      Other, 0x106e3e520, {{363.0, 6635.3}, {3.0, 74.0}}
                    Other, 0x106e3e640, {{24.0, 6679.3}, {345.0, 30.0}}, label: 'Horizontal scroll bar, 1 page', value: 0%
                      Other, 0x106e3e760, {{27.0, 6706.3}, {339.0, 3.0}}
                  TextView, 0x106e3e880, {{24.0, 6740.3}, {345.0, 80.0}}, identifier: 'Text note-53', label: 'Text note-53', value: Field note 53. Lon...
                    Other, 0x106e3e9a0, {{336.0, 6740.3}, {30.0, 80.0}}, label: 'Vertical scroll bar, 1 page', value: 0%
                      Other, 0x10643a940, {{363.0, 6743.3}, {3.0, 74.0}}
                    Other, 0x106e3eac0, {{24.0, 6787.3}, {345.0, 30.0}}, label: 'Horizontal scroll bar, 1 page', value: 0%
                      Other, 0x106e3ebe0, {{27.0, 6814.3}, {339.0, 3.0}}
                  TextView, 0x106e3ed00, {{24.0, 6848.3}, {345.0, 80.0}}, identifier: 'Text note-54', label: 'Text note-54', value: Field note 54. Lon...
                    Other, 0x106e3ee20, {{336.0, 6848.3}, {30.0, 80.0}}, label: 'Vertical scroll bar, 1 page', value: 0%
                      Other, 0x106e3ef40, {{363.0, 6851.3}, {3.0, 74.0}}
                    Other, 0x106e3f060, {{24.0, 6895.3}, {345.0, 30.0}}, label: 'Horizontal scroll bar, 1 page', value: 0%
                      Other, 0x106e3f180, {{27.0, 6922.3}, {339.0, 3.0}}
                  TextView, 0x106e36080, {{24.0, 6956.3}, {345.0, 80.0}}, identifier: 'Text note-55', label: 'Text note-55', value: Field note 55. Lon...
                    Other, 0x106e3f610, {{336.0, 6956.3}, {30.0, 80.0}}, label: 'Vertical scroll bar, 1 page', value: 0%
                      Other, 0x106e3f730, {{363.0, 6959.3}, {3.0, 74.0}}
                    Other, 0x106e3f850, {{24.0, 7003.3}, {345.0, 30.0}}, label: 'Horizontal scroll bar, 1 page', value: 0%
                      Other, 0x106e3f970, {{27.0, 7030.3}, {339.0, 3.0}}
                  TextView, 0x106e3fa90, {{24.0, 7064.3}, {345.0, 80.0}}, identifier: 'Text note-56', label: 'Text note-56', value: Field note 56. Lon...
                    Other, 0x106e3fbb0, {{336.0, 7064.3}, {30.0, 80.0}}, label: 'Vertical scroll bar, 1 page', value: 0%
                      Other, 0x106e3fcd0, {{363.0, 7067.3}, {3.0, 74.0}}
                    Other, 0x106e3fdf0, {{24.0, 7111.3}, {345.0, 30.0}}, label: 'Horizontal scroll bar, 1 page', value: 0%
                      Other, 0x106e3ff10, {{27.0, 7138.3}, {339.0, 3.0}}
                  TextView, 0x106e40030, {{24.0, 7172.3}, {345.0, 80.0}}, identifier: 'Text note-57', label: 'Text note-57', value: Field note 57. Lon...
                    Other, 0x106e40150, {{336.0, 7172.3}, {30.0, 80.0}}, label: 'Vertical scroll bar, 1 page', value: 0%
                      Other, 0x106e40270, {{363.0, 7175.3}, {3.0, 74.0}}
                    Other, 0x106e40390, {{24.0, 7219.3}, {345.0, 30.0}}, label: 'Horizontal scroll bar, 1 page', value: 0%
                      Other, 0x106e404b0, {{27.0, 7246.3}, {339.0, 3.0}}
                  TextView, 0x106e405d0, {{24.0, 7280.3}, {345.0, 80.0}}, identifier: 'Text note-58', label: 'Text note-58', value: Field note 58. Lon...
                    Other, 0x106e406f0, {{336.0, 7280.3}, {30.0, 80.0}}, label: 'Vertical scroll bar, 1 page', value: 0%
                      Other, 0x106e40810, {{363.0, 7283.3}, {3.0, 74.0}}
                    Other, 0x106e40930, {{24.0, 7327.3}, {345.0, 30.0}}, label: 'Horizontal scroll bar, 1 page', value: 0%
                      Other, 0x106e40a50, {{27.0, 7354.3}, {339.0, 3.0}}
                  TextView, 0x106e40b70, {{24.0, 7388.3}, {345.0, 80.0}}, identifier: 'Text note-59', label: 'Text note-59', value: Field note 59. Lon...
                    Other, 0x106e40c90, {{336.0, 7388.3}, {30.0, 80.0}}, label: 'Vertical scroll bar, 1 page', value: 0%
                      Other, 0x106e40db0, {{363.0, 7391.3}, {3.0, 74.0}}
                    Other, 0x106e40ed0, {{24.0, 7435.3}, {345.0, 30.0}}, label: 'Horizontal scroll bar, 1 page', value: 0%
                      Other, 0x106e40ff0, {{27.0, 7462.3}, {339.0, 3.0}}
                  TextView, 0x106e41110, {{24.0, 7496.3}, {345.0, 80.0}}, identifier: 'Text note-60', label: 'Text note-60', value: Field note 60. Lon...
                    Other, 0x106e41230, {{336.0, 7496.3}, {30.0, 80.0}}, label: 'Vertical scroll bar, 1 page', value: 0%
                      Other, 0x106e41350, {{363.0, 7499.3}, {3.0, 74.0}}
                    Other, 0x106e41470, {{24.0, 7543.3}, {345.0, 30.0}}, label: 'Horizontal scroll bar, 1 page', value: 0%
                      Other, 0x106e41590, {{27.0, 7570.3}, {339.0, 3.0}}
                  TextView, 0x106e416b0, {{24.0, 7604.3}, {345.0, 51.3}}, identifier: 'Text closing', label: 'Text closing', value: Closing notes
                    Other, 0x106e417d0, {{336.0, 7604.3}, {30.0, 51.3}}, label: 'Vertical scroll bar, 1 page', value: 0%
                      Other, 0x106e418f0, {{363.0, 7607.3}, {3.0, 45.3}}
                    Other, 0x106e41a10, {{24.0, 7627.0}, {345.0, 25.7}}, label: 'Horizontal scroll bar, 1 page', value: 0%
                      Other, 0x106e41b30, {{27.0, 7649.7}, {339.0, 3.0}}
                Other, 0x106e41c50, {{360.0, 117.3}, {30.0, 577.7}}, label: 'Vertical scroll bar, 14 pages', value: 0%
                  Other, 0x106e41d70, {{387.0, 120.3}, {3.0, 43.7}}
                Other, 0x106e41e90, {{360.0, 117.3}, {30.0, 577.7}}, label: 'Vertical scroll bar, 14 pages', value: 0%
                  Other, 0x106e41fb0, {{387.0, 120.3}, {3.0, 43.7}}
              ScrollView, 0x106e420d0, {{0.0, 695.0}, {393.0, 58.3}}
                Other, 0x106e421f0, {{0.0, 695.0}, {468.3, 58.3}}
                  Button, 0x106e42310, {{12.0, 707.0}, {113.3, 34.3}}, label: 'Insert block'
                  Button, 0x106e42430, {{137.3, 707.0}, {58.3, 34.3}}, identifier: 'Accessory bold', label: 'Bold', Disabled
                  Button, 0x106e42550, {{207.7, 707.0}, {59.7, 34.3}}, identifier: 'Accessory italic', label: 'Italic', Disabled
                  Button, 0x106e42670, {{279.3, 707.0}, {177.0, 34.3}}, label: 'Select current block'
                Other, 0x106e42790, {{0.0, 721.2}, {393.0, 29.2}}, label: 'Horizontal scroll bar, 2 pages', value: 0%
                  Other, 0x106e428b0, {{383.0, 747.3}, {7.0, 3.0}}
                Other, 0x106e429d0, {{0.0, 721.2}, {393.0, 29.2}}, label: 'Horizontal scroll bar, 2 pages', value: 0%
                  Other, 0x106e42af0, {{383.0, 747.3}, {7.0, 3.0}}
              StaticText, 0x106e42c10, {{144.2, 761.3}, {104.7, 14.3}}, identifier: 'Review action', label: 'Title Enter to body'
              StaticText, 0x106e42d30, {{22.3, 779.7}, {348.3, 30.3}}, label: 'ST-121 local interaction study · body: shared protocol 6 · title/columns: review state'
    Window, 0x106e42e50, {{0.0, 0.0}, {393.0, 852.0}}
      Other, 0x106e42f70, {{0.0, 0.0}, {393.0, 852.0}}
        Other, 0x106e43090, {{0.0, 0.0}, {393.0, 852.0}}
Path to element:
 →Application, 0x106e1ddb0, pid: 49090, label: 'ModernPrototypePhone'
Query chain:
 →Find: Target Application 'studio.seventwo.blockeditor.st121.ios'
  Output: {
    Application, 0x106d29f40, pid: 49090, label: 'ModernPrototypePhone'
  }

    t =    16.08s             Requesting snapshot of accessibility hierarchy for app with pid 49090
    t =    16.21s         Wait for studio.seventwo.blockeditor.st121.ios to idle
    t =    16.21s     Requesting snapshot of accessibility hierarchy for app with pid 49090
<unknown>:0: error: -[ModernPrototypePhoneTests.InteractionReviewTests testKeyboardTitleToBodyAndSlashAcceptance] : Failed to synthesize event: Neither element nor any descendant has keyboard focus. Event dispatch snapshot: Application, pid: 49090, label: 'ModernPrototypePhone'
Element debug description:
Attributes: Application, 0x106e1ddb0, pid: 49090, label: 'ModernPrototypePhone'
Element subtree:
 →Application, 0x106e1ddb0, pid: 49090, label: 'ModernPrototypePhone'
    Window (Main), 0x106e213a0, {{0.0, 0.0}, {393.0, 852.0}}
      Other, 0x106e16390, {{0.0, 0.0}, {393.0, 852.0}}
        Other, 0x106e18530, {{0.0, 0.0}, {393.0, 852.0}}
          Other, 0x106e178f0, {{0.0, 0.0}, {393.0, 852.0}}
            Other, 0x106e205b0, {{0.0, 0.0}, {393.0, 852.0}}
              ScrollView, 0x106e17030, {{0.0, 0.0}, {393.0, 117.3}}
                Other, 0x106e28880, {{0.0, 0.0}, {745.3, 117.3}}
                  Button, 0x106e29bc0, {{12.0, 78.0}, {87.3, 20.3}}, label: 'Outline'
                    Image, 0x106e18a80, {{14.0, 82.0}, {21.0, 12.3}}, identifier: 'list.bullet.indent', label: 'Bulletest List Indent'
                    StaticText, 0x106e1a7f0, {{12.0, 78.0}, {87.3, 20.3}}, label: 'Outline'
                  Button, 0x106e1d120, {{111.3, 78.0}, {74.3, 20.3}}, label: 'Focus'
                    Image, 0x106e1b870, {{113.3, 80.0}, {16.3, 16.3}}, identifier: 'viewfinder', label: 'Scan'
                    StaticText, 0x106e29030, {{111.3, 78.0}, {74.3, 20.3}}, label: 'Focus'
                  Button, 0x106e1b2f0, {{197.7, 78.0}, {69.3, 20.3}}, label: 'Insert'
                    Image, 0x106e220c0, {{199.7, 81.3}, {14.0, 14.0}}, identifier: 'plus', label: 'Add'
                    StaticText, 0x106e19240, {{197.7, 78.0}, {69.3, 20.3}}, label: 'Insert'
                  Switch, 0x106e1ab20, {{291.0, 78.0}, {102.0, 20.3}}, label: 'Select blocks', value: 0
                  Switch, 0x106e24240, {{449.0, 78.0}, {76.3, 20.3}}, label: 'Large text', value: 0
                  Switch, 0x106e233e0, {{561.3, 78.0}, {36.0, 20.3}}, label: 'Dark', value: 0
                  Switch, 0x106e269a0, {{621.3, 71.0}, {112.0, 34.3}}, label: 'Touch tools', value: 1
                Other, 0x106e1f740, {{0.0, 84.3}, {393.0, 30.0}}, label: 'Horizontal scroll bar, 2 pages', value: 0%
                  Other, 0x106e25bf0, {{383.0, 111.3}, {7.0, 3.0}}
                Other, 0x106e247a0, {{0.0, 84.3}, {393.0, 30.0}}, label: 'Horizontal scroll bar, 2 pages', value: 0%
                  Other, 0x106e1d830, {{383.0, 111.3}, {7.0, 3.0}}
              ScrollView, 0x106e1c2f0, {{0.0, 117.3}, {393.0, 577.7}}
                Other, 0x106e1bf80, {{0.0, 117.3}, {393.0, 7574.3}}
                  TextField, 0x106e17360, {{20.0, 149.3}, {353.0, 44.0}}, identifier: 'Document title', label: 'Document title', placeholderValue: 'Untitled', value: Studio field keybo...
                  TextView, 0x106e23750, {{24.0, 217.3}, {345.0, 54.0}}, identifier: 'Text intro', label: 'Text intro', value: Start with the doc...
                    Other, 0x106e282f0, {{336.0, 217.3}, {30.0, 54.0}}, label: 'Vertical scroll bar, 1 page', value: 0%
                      Other, 0x106e25330, {{363.0, 220.3}, {3.0, 48.0}}
                    Other, 0x106e1fab0, {{24.0, 241.3}, {345.0, 27.0}}, label: 'Horizontal scroll bar, 1 page', value: 0%
                      Other, 0x106e229b0, {{27.0, 265.3}, {339.0, 3.0}}
                  Button, 0x106e17f90, {{24.0, 279.3}, {76.0, 14.3}}, identifier: 'Block actions intro', label: 'Block actions', value: paragraph
                    Button, 0x106e208c0, {{24.0, 279.3}, {76.0, 14.3}}
                      StaticText, 0x106e118b0, {{24.0, 279.5}, {76.0, 14.3}}, label: 'Block actions'
                  TextView, 0x106e1cb80, {{24.0, 321.7}, {345.0, 36.3}}, identifier: 'Text first', label: 'Text first', value: First thought
                    Other, 0x106e1f3b0, {{336.0, 321.7}, {30.0, 36.3}}, label: 'Vertical scroll bar, 1 page', value: 0%
                      Other, 0x106e26460, {{363.0, 319.0}, {3.0, 36.0}}
                    Other, 0x106e293b0, {{24.0, 336.8}, {345.0, 18.2}}, label: 'Horizontal scroll bar, 1 page', value: 0%
                      Other, 0x106e29f30, {{27.0, 352.0}, {339.0, 3.0}}
                  TextView, 0x106e1fe40, {{24.0, 386.0}, {345.0, 36.0}}, identifier: 'Text second', label: 'Text second', value: Second thought
                    Other, 0x106e23ad0, {{336.0, 386.0}, {30.0, 36.0}}, label: 'Vertical scroll bar, 1 page', value: 0%
                      Other, 0x106e24f90, {{363.0, 383.0}, {3.0, 36.0}}
                    Other, 0x106e17bf0, {{24.0, 401.0}, {345.0, 18.0}}, label: 'Horizontal scroll bar, 1 page', value: 0%
                      Other, 0x106e20c40, {{27.0, 416.0}, {339.0, 3.0}}
                  TextView, 0x106e15830, {{24.0, 450.0}, {345.0, 51.3}}, identifier: 'Text section', label: 'Text section', value: Structured notes
                    Other, 0x106e1eb10, {{336.0, 450.0}, {30.0, 51.3}}, label: 'Vertical scroll bar, 1 page', value: 0%
                      Other, 0x106e15bd0, {{363.0, 453.0}, {3.0, 45.3}}
                    Other, 0x106e166c0, {{24.0, 472.7}, {345.0, 25.7}}, label: 'Horizontal scroll bar, 1 page', value: 0%
                      Other, 0x106e1e0a0, {{27.0, 495.3}, {339.0, 3.0}}
                  ScrollView, 0x106e1bbd0, {{24.0, 529.3}, {345.0, 60.0}}
                    Other, 0x106e2a2c0, {{24.0, 529.3}, {356.0, 60.0}}
                      TextView, 0x106e14260, {{36.0, 541.3}, {160.0, 36.0}}, identifier: 'Cell left', label: 'Cell left', value: First cell
                        Other, 0x106e16a60, {{163.0, 541.3}, {30.0, 36.0}}, label: 'Vertical scroll bar, 1 page', value: 0%
                          Other, 0x106e15f70, {{190.0, 538.3}, {3.0, 36.0}}
                        Other, 0x106e14c00, {{36.0, 556.3}, {160.0, 18.0}}, label: 'Horizontal scroll bar, 1 page', value: 0%
                          Other, 0x106e14d20, {{39.0, 571.3}, {154.0, 3.0}}
                      TextView, 0x106e14e40, {{208.0, 541.3}, {160.0, 36.0}}, identifier: 'Cell right', label: 'Cell right', value: Second cell
                        Other, 0x106e14f60, {{335.0, 541.3}, {30.0, 36.0}}, label: 'Vertical scroll bar, 1 page', value: 0%
                          Other, 0x106e12e80, {{362.0, 538.3}, {3.0, 36.0}}
                        Other, 0x106e12fa0, {{208.0, 556.3}, {160.0, 18.0}}, label: 'Horizontal scroll bar, 1 page', value: 0%
                          Other, 0x106e130c0, {{211.0, 571.3}, {154.0, 3.0}}
                    Other, 0x106e131e0, {{24.0, 556.3}, {345.0, 30.0}}, label: 'Horizontal scroll bar, 2 pages', value: 0%
                      Other, 0x106e13300, {{359.0, 583.3}, {7.0, 3.0}}
                    Other, 0x106e13420, {{24.0, 556.3}, {345.0, 30.0}}, label: 'Horizontal scroll bar, 2 pages', value: 0%
                      Other, 0x106e13540, {{359.0, 583.3}, {7.0, 3.0}}
                  Button, 0x106e13660, {{24.0, 617.3}, {345.0, 44.0}}, identifier: 'Toggle toggle-Disclosure toggle', label: 'Toggle toggle', value: Details
                    TextView, 0x106e13780, {{24.0, 621.3}, {246.7, 36.0}}, identifier: 'Toggle toggle', label: 'Toggle toggle', value: Details
                      Other, 0x106e138a0, {{237.7, 621.3}, {30.0, 36.0}}, label: 'Vertical scroll bar, 1 page', value: 0%
                        Other, 0x106e139c0, {{264.7, 618.3}, {3.0, 36.0}}
                      Other, 0x106e13ae0, {{24.0, 636.3}, {246.7, 18.0}}, label: 'Horizontal scroll bar, 1 page', value: 0%
                        Other, 0x106e13c00, {{27.0, 651.3}, {240.7, 3.0}}
                    Button, 0x106e13d20, {{278.7, 632.3}, {72.0, 14.3}}, identifier: 'Disclosure toggle', label: 'Show details'
                    Image, 0x106e13e40, {{361.3, 633.3}, {7.0, 12.0}}, identifier: 'collapsed'
                  StaticText, 0x106e13f60, {{24.0, 695.5}, {7.7, 20.3}}, label: '•'
                  TextView, 0x106e127a0, {{39.7, 689.3}, {329.3, 36.3}}, identifier: 'List parent', label: 'List parent', value: Parent item
                    Other, 0x106e128c0, {{336.0, 689.3}, {30.0, 36.3}}, label: 'Vertical scroll bar, 1 page', value: 0%
                      Other, 0x106e129e0, {{363.0, 686.7}, {3.0, 36.0}}
                    Other, 0x106e12b00, {{39.7, 704.5}, {329.3, 18.2}}, label: 'Horizontal scroll bar, 1 page', value: 0%
                      Other, 0x106e2ad70, {{42.7, 719.7}, {323.3, 3.0}}
                  StaticText, 0x106e2ae90, {{48.0, 739.5}, {7.7, 20.3}}, label: '•'
                  TextView, 0x106e2afb0, {{63.7, 733.7}, {305.3, 36.0}}, identifier: 'List child', label: 'List child', value: Nested list item
                    Other, 0x106e2b0d0, {{336.0, 733.7}, {30.0, 36.0}}, label: 'Vertical scroll bar, 1 page', value: 0%
                      Other, 0x106e2b1f0, {{363.0, 730.7}, {3.0, 36.0}}
                    Other, 0x106e2b310, {{63.7, 748.7}, {305.3, 18.0}}, label: 'Horizontal scroll bar, 1 page', value: 0%
                      Other, 0x106e2b430, {{66.7, 763.7}, {299.3, 3.0}}
                  Image, 0x106e2b550, {{24.0, 797.7}, {345.0, 150.0}}, identifier: 'mountain.2', label: 'Local coastline illustration'
                  TextView, 0x106e2b670, {{24.0, 955.7}, {345.0, 32.7}}, identifier: 'Media caption', label: 'Media caption', value: A local visual ref...
                    Other, 0x106e2b790, {{336.0, 955.7}, {30.0, 32.7}}, label: 'Vertical scroll bar, 1 page', value: 0%
                      Other, 0x106e2b8b0, {{363.0, 949.3}, {3.0, 36.0}}
                    Other, 0x106e2b9d0, {{24.0, 969.0}, {345.0, 16.3}}, label: 'Horizontal scroll bar, 1 page', value: 0%
                      Other, 0x106e2baf0, {{27.0, 982.3}, {339.0, 3.0}}
                  TextView, 0x106e2bc10, {{24.0, 1016.3}, {345.0, 80.0}}, identifier: 'Code review-code', label: 'Code review-code', value: 	let coast = "世界😀...
                    Other, 0x106e2bd30, {{336.0, 1016.3}, {30.0, 80.0}}, label: 'Vertical scroll bar, 1 page', value: 0%
                      Other, 0x106e2be50, {{363.0, 1019.3}, {3.0, 74.0}}
                    Other, 0x106e2bf70, {{24.0, 1063.3}, {345.0, 30.0}}, label: 'Horizontal scroll bar, 1 page', value: 0%
                      Other, 0x106e2c090, {{27.0, 1090.3}, {339.0, 3.0}}
                  TextView, 0x106e2c1b0, {{24.0, 1124.3}, {345.0, 80.0}}, identifier: 'Text note-1', label: 'Text note-1', value: Field note 1. Long...
                    Other, 0x106e2c2d0, {{336.0, 1124.3}, {30.0, 80.0}}, label: 'Vertical scroll bar, 1 page', value: 0%
                      Other, 0x106e2c3f0, {{363.0, 1127.3}, {3.0, 74.0}}
                    Other, 0x106e2c510, {{24.0, 1171.3}, {345.0, 30.0}}, label: 'Horizontal scroll bar, 1 page', value: 0%
                      Other, 0x106e2c630, {{27.0, 1198.3}, {339.0, 3.0}}
                  TextView, 0x106e2c750, {{24.0, 1232.3}, {345.0, 80.0}}, identifier: 'Text note-2', label: 'Text note-2', value: Field note 2. Long...
                    Other, 0x106e2c870, {{336.0, 1232.3}, {30.0, 80.0}}, label: 'Vertical scroll bar, 1 page', value: 0%
                      Other, 0x106e2c990, {{363.0, 1235.3}, {3.0, 74.0}}
                    Other, 0x106e2cab0, {{24.0, 1279.3}, {345.0, 30.0}}, label: 'Horizontal scroll bar, 1 page', value: 0%
                      Other, 0x106e2cbd0, {{27.0, 1306.3}, {339.0, 3.0}}
                  TextView, 0x106e2ccf0, {{24.0, 1340.3}, {345.0, 80.0}}, identifier: 'Text note-3', label: 'Text note-3', value: Field note 3. Long...
                    Other, 0x106e2ce10, {{336.0, 1340.3}, {30.0, 80.0}}, label: 'Vertical scroll bar, 1 page', value: 0%
                      Other, 0x106e2cf30, {{363.0, 1343.3}, {3.0, 74.0}}
                    Other, 0x106e2d050, {{24.0, 1387.3}, {345.0, 30.0}}, label: 'Horizontal scroll bar, 1 page', value: 0%
                      Other, 0x106e2d170, {{27.0, 1414.3}, {339.0, 3.0}}
                  TextView, 0x106e2d290, {{24.0, 1448.3}, {345.0, 80.0}}, identifier: 'Text note-4', label: 'Text note-4', value: Field note 4. Long...
                    Other, 0x106e2d3b0, {{336.0, 1448.3}, {30.0, 80.0}}, label: 'Vertical scroll bar, 1 page', value: 0%
                      Other, 0x106e2d4d0, {{363.0, 1451.3}, {3.0, 74.0}}
                    Other, 0x106e2d5f0, {{24.0, 1495.3}, {345.0, 30.0}}, label: 'Horizontal scroll bar, 1 page', value: 0%
                      Other, 0x106e2d710, {{27.0, 1522.3}, {339.0, 3.0}}
                  TextView, 0x106e2d830, {{24.0, 1556.3}, {345.0, 80.0}}, identifier: 'Text note-5', label: 'Text note-5', value: Field note 5. Long...
                    Other, 0x106e2d950, {{336.0, 1556.3}, {30.0, 80.0}}, label: 'Vertical scroll bar, 1 page', value: 0%
                      Other, 0x106e2da70, {{363.0, 1559.3}, {3.0, 74.0}}
                    Other, 0x106e2db90, {{24.0, 1603.3}, {345.0, 30.0}}, label: 'Horizontal scroll bar, 1 page', value: 0%
                      Other, 0x106e2dcb0, {{27.0, 1630.3}, {339.0, 3.0}}
                  TextView, 0x106e2ddd0, {{24.0, 1664.3}, {345.0, 80.0}}, identifier: 'Text note-6', label: 'Text note-6', value: Field note 6. Long...
                    Other, 0x106e2def0, {{336.0, 1664.3}, {30.0, 80.0}}, label: 'Vertical scroll bar, 1 page', value: 0%
                      Other, 0x106e2e010, {{363.0, 1667.3}, {3.0, 74.0}}
                    Other, 0x106e2e130, {{24.0, 1711.3}, {345.0, 30.0}}, label: 'Horizontal scroll bar, 1 page', value: 0%
                      Other, 0x106e2e250, {{27.0, 1738.3}, {339.0, 3.0}}
                  TextView, 0x106e2e370, {{24.0, 1772.3}, {345.0, 80.0}}, identifier: 'Text note-7', label: 'Text note-7', value: Field note 7. Long...
                    Other, 0x106e2e490, {{336.0, 1772.3}, {30.0, 80.0}}, label: 'Vertical scroll bar, 1 page', value: 0%
                      Other, 0x106e2e5b0, {{363.0, 1775.3}, {3.0, 74.0}}
                    Other, 0x106e2e6d0, {{24.0, 1819.3}, {345.0, 30.0}}, label: 'Horizontal scroll bar, 1 page', value: 0%
                      Other, 0x106e2e7f0, {{27.0, 1846.3}, {339.0, 3.0}}
                  TextView, 0x106e2e910, {{24.0, 1880.3}, {345.0, 80.0}}, identifier: 'Text note-8', label: 'Text note-8', value: Field note 8. Long...
                    Other, 0x106e2ea30, {{336.0, 1880.3}, {30.0, 80.0}}, label: 'Vertical scroll bar, 1 page', value: 0%
                      Other, 0x106e2eb50, {{363.0, 1883.3}, {3.0, 74.0}}
                    Other, 0x106e2ec70, {{24.0, 1927.3}, {345.0, 30.0}}, label: 'Horizontal scroll bar, 1 page', value: 0%
                      Other, 0x106e2ed90, {{27.0, 1954.3}, {339.0, 3.0}}
                  TextView, 0x106e2eeb0, {{24.0, 1988.3}, {345.0, 80.0}}, identifier: 'Text note-9', label: 'Text note-9', value: Field note 9. Long...
                    Other, 0x106e2efd0, {{336.0, 1988.3}, {30.0, 80.0}}, label: 'Vertical scroll bar, 1 page', value: 0%
                      Other, 0x106e2f0f0, {{363.0, 1991.3}, {3.0, 74.0}}
                    Other, 0x106e2f210, {{24.0, 2035.3}, {345.0, 30.0}}, label: 'Horizontal scroll bar, 1 page', value: 0%
                      Other, 0x106e2f330, {{27.0, 2062.3}, {339.0, 3.0}}
                  TextView, 0x106e2f450, {{24.0, 2096.3}, {345.0, 80.0}}, identifier: 'Text note-10', label: 'Text note-10', value: Field note 10. Lon...
                    Other, 0x106e2f570, {{336.0, 2096.3}, {30.0, 80.0}}, label: 'Vertical scroll bar, 1 page', value: 0%
                      Other, 0x106e2f690, {{363.0, 2099.3}, {3.0, 74.0}}
                    Other, 0x106e2f7b0, {{24.0, 2143.3}, {345.0, 30.0}}, label: 'Horizontal scroll bar, 1 page', value: 0%
                      Other, 0x106e2f8d0, {{27.0, 2170.3}, {339.0, 3.0}}
                  TextView, 0x106e2f9f0, {{24.0, 2204.3}, {345.0, 80.0}}, identifier: 'Text note-11', label: 'Text note-11', value: Field note 11. Lon...
                    Other, 0x106e2fb10, {{336.0, 2204.3}, {30.0, 80.0}}, label: 'Vertical scroll bar, 1 page', value: 0%
                      Other, 0x106e2fc30, {{363.0, 2207.3}, {3.0, 74.0}}
                    Other, 0x106e2fd50, {{24.0, 2251.3}, {345.0, 30.0}}, label: 'Horizontal scroll bar, 1 page', value: 0%
                      Other, 0x106e2fe70, {{27.0, 2278.3}, {339.0, 3.0}}
                  TextView, 0x106e2ff90, {{24.0, 2312.3}, {345.0, 80.0}}, identifier: 'Text note-12', label: 'Text note-12', value: Field note 12. Lon...
                    Other, 0x106e300b0, {{336.0, 2312.3}, {30.0, 80.0}}, label: 'Vertical scroll bar, 1 page', value: 0%
                      Other, 0x106e301d0, {{363.0, 2315.3}, {3.0, 74.0}}
                    Other, 0x106e302f0, {{24.0, 2359.3}, {345.0, 30.0}}, label: 'Horizontal scroll bar, 1 page', value: 0%
                      Other, 0x106e30410, {{27.0, 2386.3}, {339.0, 3.0}}
                  TextView, 0x106e30680, {{24.0, 2420.3}, {345.0, 80.0}}, identifier: 'Text note-13', label: 'Text note-13', value: Field note 13. Lon...
                    Other, 0x106e307a0, {{336.0, 2420.3}, {30.0, 80.0}}, label: 'Vertical scroll bar, 1 page', value: 0%
                      Other, 0x106e308c0, {{363.0, 2423.3}, {3.0, 74.0}}
                    Other, 0x106e309e0, {{24.0, 2467.3}, {345.0, 30.0}}, label: 'Horizontal scroll bar, 1 page', value: 0%
                      Other, 0x106e30b00, {{27.0, 2494.3}, {339.0, 3.0}}
                  TextView, 0x106e30c20, {{24.0, 2528.3}, {345.0, 80.0}}, identifier: 'Text note-14', label: 'Text note-14', value: Field note 14. Lon...
                    Other, 0x106e30d40, {{336.0, 2528.3}, {30.0, 80.0}}, label: 'Vertical scroll bar, 1 page', value: 0%
                      Other, 0x106e30e60, {{363.0, 2531.3}, {3.0, 74.0}}
                    Other, 0x106e30f80, {{24.0, 2575.3}, {345.0, 30.0}}, label: 'Horizontal scroll bar, 1 page', value: 0%
                      Other, 0x106e310a0, {{27.0, 2602.3}, {339.0, 3.0}}
                  TextView, 0x106e311c0, {{24.0, 2636.3}, {345.0, 80.0}}, identifier: 'Text note-15', label: 'Text note-15', value: Field note 15. Lon...
                    Other, 0x106e312e0, {{336.0, 2636.3}, {30.0, 80.0}}, label: 'Vertical scroll bar, 1 page', value: 0%
                      Other, 0x106e31400, {{363.0, 2639.3}, {3.0, 74.0}}
                    Other, 0x106e31520, {{24.0, 2683.3}, {345.0, 30.0}}, label: 'Horizontal scroll bar, 1 page', value: 0%
                      Other, 0x106e31640, {{27.0, 2710.3}, {339.0, 3.0}}
                  TextView, 0x106e31760, {{24.0, 2744.3}, {345.0, 80.0}}, identifier: 'Text note-16', label: 'Text note-16', value: Field note 16. Lon...
                    Other, 0x106e31880, {{336.0, 2744.3}, {30.0, 80.0}}, label: 'Vertical scroll bar, 1 page', value: 0%
                      Other, 0x106e319a0, {{363.0, 2747.3}, {3.0, 74.0}}
                    Other, 0x106e31ac0, {{24.0, 2791.3}, {345.0, 30.0}}, label: 'Horizontal scroll bar, 1 page', value: 0%
                      Other, 0x106e31be0, {{27.0, 2818.3}, {339.0, 3.0}}
                  TextView, 0x106e31d00, {{24.0, 2852.3}, {345.0, 80.0}}, identifier: 'Text note-17', label: 'Text note-17', value: Field note 17. Lon...
                    Other, 0x106e31e20, {{336.0, 2852.3}, {30.0, 80.0}}, label: 'Vertical scroll bar, 1 page', value: 0%
                      Other, 0x106e31f40, {{363.0, 2855.3}, {3.0, 74.0}}
                    Other, 0x106e32060, {{24.0, 2899.3}, {345.0, 30.0}}, label: 'Horizontal scroll bar, 1 page', value: 0%
                      Other, 0x106e32180, {{27.0, 2926.3}, {339.0, 3.0}}
                  TextView, 0x106e322a0, {{24.0, 2960.3}, {345.0, 80.0}}, identifier: 'Text note-18', label: 'Text note-18', value: Field note 18. Lon...
                    Other, 0x106e323c0, {{336.0, 2960.3}, {30.0, 80.0}}, label: 'Vertical scroll bar, 1 page', value: 0%
                      Other, 0x106e324e0, {{363.0, 2963.3}, {3.0, 74.0}}
                    Other, 0x106e32600, {{24.0, 3007.3}, {345.0, 30.0}}, label: 'Horizontal scroll bar, 1 page', value: 0%
                      Other, 0x106e32720, {{27.0, 3034.3}, {339.0, 3.0}}
                  TextView, 0x106e32840, {{24.0, 3068.3}, {345.0, 80.0}}, identifier: 'Text note-19', label: 'Text note-19', value: Field note 19. Lon...
                    Other, 0x106e32960, {{336.0, 3068.3}, {30.0, 80.0}}, label: 'Vertical scroll bar, 1 page', value: 0%
                      Other, 0x106e32a80, {{363.0, 3071.3}, {3.0, 74.0}}
                    Other, 0x106e32ba0, {{24.0, 3115.3}, {345.0, 30.0}}, label: 'Horizontal scroll bar, 1 page', value: 0%
                      Other, 0x106e32cc0, {{27.0, 3142.3}, {339.0, 3.0}}
                  TextView, 0x106e32de0, {{24.0, 3176.3}, {345.0, 80.0}}, identifier: 'Text note-20', label: 'Text note-20', value: Field note 20. Lon...
                    Other, 0x106e32f00, {{336.0, 3176.3}, {30.0, 80.0}}, label: 'Vertical scroll bar, 1 page', value: 0%
                      Other, 0x106e33020, {{363.0, 3179.3}, {3.0, 74.0}}
                    Other, 0x106e33140, {{24.0, 3223.3}, {345.0, 30.0}}, label: 'Horizontal scroll bar, 1 page', value: 0%
                      Other, 0x106e33260, {{27.0, 3250.3}, {339.0, 3.0}}
                  TextView, 0x106e33380, {{24.0, 3284.3}, {345.0, 80.0}}, identifier: 'Text note-21', label: 'Text note-21', value: Field note 21. Lon...
                    Other, 0x106e334a0, {{336.0, 3284.3}, {30.0, 80.0}}, label: 'Vertical scroll bar, 1 page', value: 0%
                      Other, 0x106e335c0, {{363.0, 3287.3}, {3.0, 74.0}}
                    Other, 0x106e336e0, {{24.0, 3331.3}, {345.0, 30.0}}, label: 'Horizontal scroll bar, 1 page', value: 0%
                      Other, 0x106e33800, {{27.0, 3358.3}, {339.0, 3.0}}
                  TextView, 0x106e33920, {{24.0, 3392.3}, {345.0, 80.0}}, identifier: 'Text note-22', label: 'Text note-22', value: Field note 22. Lon...
                    Other, 0x106e33a40, {{336.0, 3392.3}, {30.0, 80.0}}, label: 'Vertical scroll bar, 1 page', value: 0%
                      Other, 0x106e33b60, {{363.0, 3395.3}, {3.0, 74.0}}
                    Other, 0x106e33c80, {{24.0, 3439.3}, {345.0, 30.0}}, label: 'Horizontal scroll bar, 1 page', value: 0%
                      Other, 0x106e33da0, {{27.0, 3466.3}, {339.0, 3.0}}
                  TextView, 0x106e33ec0, {{24.0, 3500.3}, {345.0, 80.0}}, identifier: 'Text note-23', label: 'Text note-23', value: Field note 23. Lon...
                    Other, 0x106e33fe0, {{336.0, 3500.3}, {30.0, 80.0}}, label: 'Vertical scroll bar, 1 page', value: 0%
                      Other, 0x106e34100, {{363.0, 3503.3}, {3.0, 74.0}}
                    Other, 0x106e34220, {{24.0, 3547.3}, {345.0, 30.0}}, label: 'Horizontal scroll bar, 1 page', value: 0%
                      Other, 0x106e34340, {{27.0, 3574.3}, {339.0, 3.0}}
                  TextView, 0x106e34460, {{24.0, 3608.3}, {345.0, 80.0}}, identifier: 'Text note-24', label: 'Text note-24', value: Field note 24. Lon...
                    Other, 0x106e34580, {{336.0, 3608.3}, {30.0, 80.0}}, label: 'Vertical scroll bar, 1 page', value: 0%
                      Other, 0x106e346a0, {{363.0, 3611.3}, {3.0, 74.0}}
                    Other, 0x106e347c0, {{24.0, 3655.3}, {345.0, 30.0}}, label: 'Horizontal scroll bar, 1 page', value: 0%
                      Other, 0x106e348e0, {{27.0, 3682.3}, {339.0, 3.0}}
                  TextView, 0x106e34a00, {{24.0, 3716.3}, {345.0, 80.0}}, identifier: 'Text note-25', label: 'Text note-25', value: Field note 25. Lon...
                    Other, 0x106e34b20, {{336.0, 3716.3}, {30.0, 80.0}}, label: 'Vertical scroll bar, 1 page', value: 0%
                      Other, 0x106e34c40, {{363.0, 3719.3}, {3.0, 74.0}}
                    Other, 0x106e34d60, {{24.0, 3763.3}, {345.0, 30.0}}, label: 'Horizontal scroll bar, 1 page', value: 0%
                      Other, 0x106e34e80, {{27.0, 3790.3}, {339.0, 3.0}}
                  TextView, 0x106e34fa0, {{24.0, 3824.3}, {345.0, 80.0}}, identifier: 'Text note-26', label: 'Text note-26', value: Field note 26. Lon...
                    Other, 0x106e350c0, {{336.0, 3824.3}, {30.0, 80.0}}, label: 'Vertical scroll bar, 1 page', value: 0%
                      Other, 0x106e351e0, {{363.0, 3827.3}, {3.0, 74.0}}
                    Other, 0x106e35300, {{24.0, 3871.3}, {345.0, 30.0}}, label: 'Horizontal scroll bar, 1 page', value: 0%
                      Other, 0x106e35420, {{27.0, 3898.3}, {339.0, 3.0}}
                  TextView, 0x106e35540, {{24.0, 3932.3}, {345.0, 80.0}}, identifier: 'Text note-27', label: 'Text note-27', value: Field note 27. Lon...
                    Other, 0x106e35660, {{336.0, 3932.3}, {30.0, 80.0}}, label: 'Vertical scroll bar, 1 page', value: 0%
                      Other, 0x106e35780, {{363.0, 3935.3}, {3.0, 74.0}}
                    Other, 0x106e358a0, {{24.0, 3979.3}, {345.0, 30.0}}, label: 'Horizontal scroll bar, 1 page', value: 0%
                      Other, 0x106e359c0, {{27.0, 4006.3}, {339.0, 3.0}}
                  TextView, 0x106e35ae0, {{24.0, 4040.3}, {345.0, 80.0}}, identifier: 'Text note-28', label: 'Text note-28', value: Field note 28. Lon...
                    Other, 0x106e35c00, {{336.0, 4040.3}, {30.0, 80.0}}, label: 'Vertical scroll bar, 1 page', value: 0%
                      Other, 0x106e35d20, {{363.0, 4043.3}, {3.0, 74.0}}
                    Other, 0x106e35e40, {{24.0, 4087.3}, {345.0, 30.0}}, label: 'Horizontal scroll bar, 1 page', value: 0%
                      Other, 0x106e35f60, {{27.0, 4114.3}, {339.0, 3.0}}
                  TextView, 0x106e30530, {{24.0, 4148.3}, {345.0, 80.0}}, identifier: 'Text note-29', label: 'Text note-29', value: Field note 29. Lon...
                    Other, 0x106e362a0, {{336.0, 4148.3}, {30.0, 80.0}}, label: 'Vertical scroll bar, 1 page', value: 0%
                      Other, 0x106e363c0, {{363.0, 4151.3}, {3.0, 74.0}}
                    Other, 0x106e364e0, {{24.0, 4195.3}, {345.0, 30.0}}, label: 'Horizontal scroll bar, 1 page', value: 0%
                      Other, 0x106e36600, {{27.0, 4222.3}, {339.0, 3.0}}
                  TextView, 0x106e36720, {{24.0, 4256.3}, {345.0, 80.0}}, identifier: 'Text note-30', label: 'Text note-30', value: Field note 30. Lon...
                    Other, 0x106e36840, {{336.0, 4256.3}, {30.0, 80.0}}, label: 'Vertical scroll bar, 1 page', value: 0%
                      Other, 0x106e36960, {{363.0, 4259.3}, {3.0, 74.0}}
                    Other, 0x106e36a80, {{24.0, 4303.3}, {345.0, 30.0}}, label: 'Horizontal scroll bar, 1 page', value: 0%
                      Other, 0x106e36ba0, {{27.0, 4330.3}, {339.0, 3.0}}
                  TextView, 0x106e36cc0, {{24.0, 4364.3}, {345.0, 80.0}}, identifier: 'Text note-31', label: 'Text note-31', value: Field note 31. Lon...
                    Other, 0x106e36de0, {{336.0, 4364.3}, {30.0, 80.0}}, label: 'Vertical scroll bar, 1 page', value: 0%
                      Other, 0x106e36f00, {{363.0, 4367.3}, {3.0, 74.0}}
                    Other, 0x106e37020, {{24.0, 4411.3}, {345.0, 30.0}}, label: 'Horizontal scroll bar, 1 page', value: 0%
                      Other, 0x106e37140, {{27.0, 4438.3}, {339.0, 3.0}}
                  TextView, 0x106e37260, {{24.0, 4472.3}, {345.0, 80.0}}, identifier: 'Text note-32', label: 'Text note-32', value: Field note 32. Lon...
                    Other, 0x106e37380, {{336.0, 4472.3}, {30.0, 80.0}}, label: 'Vertical scroll bar, 1 page', value: 0%
                      Other, 0x106e374a0, {{363.0, 4475.3}, {3.0, 74.0}}
                    Other, 0x106e375c0, {{24.0, 4519.3}, {345.0, 30.0}}, label: 'Horizontal scroll bar, 1 page', value: 0%
                      Other, 0x106e376e0, {{27.0, 4546.3}, {339.0, 3.0}}
                  TextView, 0x106e37800, {{24.0, 4580.3}, {345.0, 80.0}}, identifier: 'Text note-33', label: 'Text note-33', value: Field note 33. Lon...
                    Other, 0x106e37920, {{336.0, 4580.3}, {30.0, 80.0}}, label: 'Vertical scroll bar, 1 page', value: 0%
                      Other, 0x106e37a40, {{363.0, 4583.3}, {3.0, 74.0}}
                    Other, 0x106e37b60, {{24.0, 4627.3}, {345.0, 30.0}}, label: 'Horizontal scroll bar, 1 page', value: 0%
                      Other, 0x106e37c80, {{27.0, 4654.3}, {339.0, 3.0}}
                  TextView, 0x106e37da0, {{24.0, 4688.3}, {345.0, 80.0}}, identifier: 'Text note-34', label: 'Text note-34', value: Field note 34. Lon...
                    Other, 0x106e37ec0, {{336.0, 4688.3}, {30.0, 80.0}}, label: 'Vertical scroll bar, 1 page', value: 0%
                      Other, 0x106e37fe0, {{363.0, 4691.3}, {3.0, 74.0}}
                    Other, 0x106e38100, {{24.0, 4735.3}, {345.0, 30.0}}, label: 'Horizontal scroll bar, 1 page', value: 0%
                      Other, 0x106e38220, {{27.0, 4762.3}, {339.0, 3.0}}
                  TextView, 0x106e38340, {{24.0, 4796.3}, {345.0, 80.0}}, identifier: 'Text note-35', label: 'Text note-35', value: Field note 35. Lon...
                    Other, 0x106e38460, {{336.0, 4796.3}, {30.0, 80.0}}, label: 'Vertical scroll bar, 1 page', value: 0%
                      Other, 0x106e38580, {{363.0, 4799.3}, {3.0, 74.0}}
                    Other, 0x106e386a0, {{24.0, 4843.3}, {345.0, 30.0}}, label: 'Horizontal scroll bar, 1 page', value: 0%
                      Other, 0x106e387c0, {{27.0, 4870.3}, {339.0, 3.0}}
                  TextView, 0x106e388e0, {{24.0, 4904.3}, {345.0, 80.0}}, identifier: 'Text note-36', label: 'Text note-36', value: Field note 36. Lon...
                    Other, 0x106e38a00, {{336.0, 4904.3}, {30.0, 80.0}}, label: 'Vertical scroll bar, 1 page', value: 0%
                      Other, 0x106e38b20, {{363.0, 4907.3}, {3.0, 74.0}}
                    Other, 0x106e38c40, {{24.0, 4951.3}, {345.0, 30.0}}, label: 'Horizontal scroll bar, 1 page', value: 0%
                      Other, 0x106e38d60, {{27.0, 4978.3}, {339.0, 3.0}}
                  TextView, 0x106e38e80, {{24.0, 5012.3}, {345.0, 80.0}}, identifier: 'Text note-37', label: 'Text note-37', value: Field note 37. Lon...
                    Other, 0x106e38fa0, {{336.0, 5012.3}, {30.0, 80.0}}, label: 'Vertical scroll bar, 1 page', value: 0%
                      Other, 0x106e390c0, {{363.0, 5015.3}, {3.0, 74.0}}
                    Other, 0x106e391e0, {{24.0, 5059.3}, {345.0, 30.0}}, label: 'Horizontal scroll bar, 1 page', value: 0%
                      Other, 0x106e39300, {{27.0, 5086.3}, {339.0, 3.0}}
                  TextView, 0x106e39420, {{24.0, 5120.3}, {345.0, 80.0}}, identifier: 'Text note-38', label: 'Text note-38', value: Field note 38. Lon...
                    Other, 0x106e39540, {{336.0, 5120.3}, {30.0, 80.0}}, label: 'Vertical scroll bar, 1 page', value: 0%
                      Other, 0x106e39660, {{363.0, 5123.3}, {3.0, 74.0}}
                    Other, 0x106e39780, {{24.0, 5167.3}, {345.0, 30.0}}, label: 'Horizontal scroll bar, 1 page', value: 0%
                      Other, 0x106e398a0, {{27.0, 5194.3}, {339.0, 3.0}}
                  TextView, 0x106e399c0, {{24.0, 5228.3}, {345.0, 80.0}}, identifier: 'Text note-39', label: 'Text note-39', value: Field note 39. Lon...
                    Other, 0x106e39ae0, {{336.0, 5228.3}, {30.0, 80.0}}, label: 'Vertical scroll bar, 1 page', value: 0%
                      Other, 0x106e39c00, {{363.0, 5231.3}, {3.0, 74.0}}
                    Other, 0x106e39d20, {{24.0, 5275.3}, {345.0, 30.0}}, label: 'Horizontal scroll bar, 1 page', value: 0%
                      Other, 0x106e39e40, {{27.0, 5302.3}, {339.0, 3.0}}
                  TextView, 0x106e39f60, {{24.0, 5336.3}, {345.0, 80.0}}, identifier: 'Text note-40', label: 'Text note-40', value: Field note 40. Lon...
                    Other, 0x106e3a080, {{336.0, 5336.3}, {30.0, 80.0}}, label: 'Vertical scroll bar, 1 page', value: 0%
                      Other, 0x106e3a1a0, {{363.0, 5339.3}, {3.0, 74.0}}
                    Other, 0x106e3a2c0, {{24.0, 5383.3}, {345.0, 30.0}}, label: 'Horizontal scroll bar, 1 page', value: 0%
                      Other, 0x106e3a3e0, {{27.0, 5410.3}, {339.0, 3.0}}
                  TextView, 0x106e3a500, {{24.0, 5444.3}, {345.0, 80.0}}, identifier: 'Text note-41', label: 'Text note-41', value: Field note 41. Lon...
                    Other, 0x106e3a620, {{336.0, 5444.3}, {30.0, 80.0}}, label: 'Vertical scroll bar, 1 page', value: 0%
                      Other, 0x106e3a740, {{363.0, 5447.3}, {3.0, 74.0}}
                    Other, 0x106e3a860, {{24.0, 5491.3}, {345.0, 30.0}}, label: 'Horizontal scroll bar, 1 page', value: 0%
                      Other, 0x106e3a980, {{27.0, 5518.3}, {339.0, 3.0}}
                  TextView, 0x106e3aaa0, {{24.0, 5552.3}, {345.0, 80.0}}, identifier: 'Text note-42', label: 'Text note-42', value: Field note 42. Lon...
                    Other, 0x106e3abc0, {{336.0, 5552.3}, {30.0, 80.0}}, label: 'Vertical scroll bar, 1 page', value: 0%
                      Other, 0x106e3ace0, {{363.0, 5555.3}, {3.0, 74.0}}
                    Other, 0x106e3ae00, {{24.0, 5599.3}, {345.0, 30.0}}, label: 'Horizontal scroll bar, 1 page', value: 0%
                      Other, 0x106e3af20, {{27.0, 5626.3}, {339.0, 3.0}}
                  TextView, 0x106e3b040, {{24.0, 5660.3}, {345.0, 80.0}}, identifier: 'Text note-43', label: 'Text note-43', value: Field note 43. Lon...
                    Other, 0x106e3b160, {{336.0, 5660.3}, {30.0, 80.0}}, label: 'Vertical scroll bar, 1 page', value: 0%
                      Other, 0x106e3b280, {{363.0, 5663.3}, {3.0, 74.0}}
                    Other, 0x106e3b3a0, {{24.0, 5707.3}, {345.0, 30.0}}, label: 'Horizontal scroll bar, 1 page', value: 0%
                      Other, 0x106e3b4c0, {{27.0, 5734.3}, {339.0, 3.0}}
                  TextView, 0x106e3b5e0, {{24.0, 5768.3}, {345.0, 80.0}}, identifier: 'Text note-44', label: 'Text note-44', value: Field note 44. Lon...
                    Other, 0x106e3b700, {{336.0, 5768.3}, {30.0, 80.0}}, label: 'Vertical scroll bar, 1 page', value: 0%
                      Other, 0x106e3b820, {{363.0, 5771.3}, {3.0, 74.0}}
                    Other, 0x106e3b940, {{24.0, 5815.3}, {345.0, 30.0}}, label: 'Horizontal scroll bar, 1 page', value: 0%
                      Other, 0x106e3ba60, {{27.0, 5842.3}, {339.0, 3.0}}
                  TextView, 0x106e3bb80, {{24.0, 5876.3}, {345.0, 80.0}}, identifier: 'Text note-45', label: 'Text note-45', value: Field note 45. Lon...
                    Other, 0x106e3bca0, {{336.0, 5876.3}, {30.0, 80.0}}, label: 'Vertical scroll bar, 1 page', value: 0%
                      Other, 0x106e3bdc0, {{363.0, 5879.3}, {3.0, 74.0}}
                    Other, 0x106e3bee0, {{24.0, 5923.3}, {345.0, 30.0}}, label: 'Horizontal scroll bar, 1 page', value: 0%
                      Other, 0x106e3c000, {{27.0, 5950.3}, {339.0, 3.0}}
                  TextView, 0x106e3c120, {{24.0, 5984.3}, {345.0, 80.0}}, identifier: 'Text note-46', label: 'Text note-46', value: Field note 46. Lon...
                    Other, 0x106e3c240, {{336.0, 5984.3}, {30.0, 80.0}}, label: 'Vertical scroll bar, 1 page', value: 0%
                      Other, 0x106e3c360, {{363.0, 5987.3}, {3.0, 74.0}}
                    Other, 0x106e3c480, {{24.0, 6031.3}, {345.0, 30.0}}, label: 'Horizontal scroll bar, 1 page', value: 0%
                      Other, 0x106e3c5a0, {{27.0, 6058.3}, {339.0, 3.0}}
                  TextView, 0x106e3c6c0, {{24.0, 6092.3}, {345.0, 80.0}}, identifier: 'Text note-47', label: 'Text note-47', value: Field note 47. Lon...
                    Other, 0x106e3c7e0, {{336.0, 6092.3}, {30.0, 80.0}}, label: 'Vertical scroll bar, 1 page', value: 0%
                      Other, 0x106e3c900, {{363.0, 6095.3}, {3.0, 74.0}}
                    Other, 0x106e3ca20, {{24.0, 6139.3}, {345.0, 30.0}}, label: 'Horizontal scroll bar, 1 page', value: 0%
                      Other, 0x106e3cb40, {{27.0, 6166.3}, {339.0, 3.0}}
                  TextView, 0x106e3cc60, {{24.0, 6200.3}, {345.0, 80.0}}, identifier: 'Text note-48', label: 'Text note-48', value: Field note 48. Lon...
                    Other, 0x106e3cd80, {{336.0, 6200.3}, {30.0, 80.0}}, label: 'Vertical scroll bar, 1 page', value: 0%
                      Other, 0x106e3cea0, {{363.0, 6203.3}, {3.0, 74.0}}
                    Other, 0x106e3cfc0, {{24.0, 6247.3}, {345.0, 30.0}}, label: 'Horizontal scroll bar, 1 page', value: 0%
                      Other, 0x106e3d0e0, {{27.0, 6274.3}, {339.0, 3.0}}
                  TextView, 0x106e3d200, {{24.0, 6308.3}, {345.0, 80.0}}, identifier: 'Text note-49', label: 'Text note-49', value: Field note 49. Lon...
                    Other, 0x106e3d320, {{336.0, 6308.3}, {30.0, 80.0}}, label: 'Vertical scroll bar, 1 page', value: 0%
                      Other, 0x106e3d440, {{363.0, 6311.3}, {3.0, 74.0}}
                    Other, 0x106e3d560, {{24.0, 6355.3}, {345.0, 30.0}}, label: 'Horizontal scroll bar, 1 page', value: 0%
                      Other, 0x106e3d680, {{27.0, 6382.3}, {339.0, 3.0}}
                  TextView, 0x106e3d7a0, {{24.0, 6416.3}, {345.0, 80.0}}, identifier: 'Text note-50', label: 'Text note-50', value: Field note 50. Lon...
                    Other, 0x106e3d8c0, {{336.0, 6416.3}, {30.0, 80.0}}, label: 'Vertical scroll bar, 1 page', value: 0%
                      Other, 0x106e3d9e0, {{363.0, 6419.3}, {3.0, 74.0}}
                    Other, 0x106e3db00, {{24.0, 6463.3}, {345.0, 30.0}}, label: 'Horizontal scroll bar, 1 page', value: 0%
                      Other, 0x106e3dc20, {{27.0, 6490.3}, {339.0, 3.0}}
                  TextView, 0x106e3dd40, {{24.0, 6524.3}, {345.0, 80.0}}, identifier: 'Text note-51', label: 'Text note-51', value: Field note 51. Lon...
                    Other, 0x106e3de60, {{336.0, 6524.3}, {30.0, 80.0}}, label: 'Vertical scroll bar, 1 page', value: 0%
                      Other, 0x106e3df80, {{363.0, 6527.3}, {3.0, 74.0}}
                    Other, 0x106e3e0a0, {{24.0, 6571.3}, {345.0, 30.0}}, label: 'Horizontal scroll bar, 1 page', value: 0%
                      Other, 0x106e3e1c0, {{27.0, 6598.3}, {339.0, 3.0}}
                  TextView, 0x106e3e2e0, {{24.0, 6632.3}, {345.0, 80.0}}, identifier: 'Text note-52', label: 'Text note-52', value: Field note 52. Lon...
                    Other, 0x106e3e400, {{336.0, 6632.3}, {30.0, 80.0}}, label: 'Vertical scroll bar, 1 page', value: 0%
                      Other, 0x106e3e520, {{363.0, 6635.3}, {3.0, 74.0}}
                    Other, 0x106e3e640, {{24.0, 6679.3}, {345.0, 30.0}}, label: 'Horizontal scroll bar, 1 page', value: 0%
                      Other, 0x106e3e760, {{27.0, 6706.3}, {339.0, 3.0}}
                  TextView, 0x106e3e880, {{24.0, 6740.3}, {345.0, 80.0}}, identifier: 'Text note-53', label: 'Text note-53', value: Field note 53. Lon...
                    Other, 0x106e3e9a0, {{336.0, 6740.3}, {30.0, 80.0}}, label: 'Vertical scroll bar, 1 page', value: 0%
                      Other, 0x10643a940, {{363.0, 6743.3}, {3.0, 74.0}}
                    Other, 0x106e3eac0, {{24.0, 6787.3}, {345.0, 30.0}}, label: 'Horizontal scroll bar, 1 page', value: 0%
                      Other, 0x106e3ebe0, {{27.0, 6814.3}, {339.0, 3.0}}
                  TextView, 0x106e3ed00, {{24.0, 6848.3}, {345.0, 80.0}}, identifier: 'Text note-54', label: 'Text note-54', value: Field note 54. Lon...
                    Other, 0x106e3ee20, {{336.0, 6848.3}, {30.0, 80.0}}, label: 'Vertical scroll bar, 1 page', value: 0%
                      Other, 0x106e3ef40, {{363.0, 6851.3}, {3.0, 74.0}}
                    Other, 0x106e3f060, {{24.0, 6895.3}, {345.0, 30.0}}, label: 'Horizontal scroll bar, 1 page', value: 0%
                      Other, 0x106e3f180, {{27.0, 6922.3}, {339.0, 3.0}}
                  TextView, 0x106e36080, {{24.0, 6956.3}, {345.0, 80.0}}, identifier: 'Text note-55', label: 'Text note-55', value: Field note 55. Lon...
                    Other, 0x106e3f610, {{336.0, 6956.3}, {30.0, 80.0}}, label: 'Vertical scroll bar, 1 page', value: 0%
                      Other, 0x106e3f730, {{363.0, 6959.3}, {3.0, 74.0}}
                    Other, 0x106e3f850, {{24.0, 7003.3}, {345.0, 30.0}}, label: 'Horizontal scroll bar, 1 page', value: 0%
                      Other, 0x106e3f970, {{27.0, 7030.3}, {339.0, 3.0}}
                  TextView, 0x106e3fa90, {{24.0, 7064.3}, {345.0, 80.0}}, identifier: 'Text note-56', label: 'Text note-56', value: Field note 56. Lon...
                    Other, 0x106e3fbb0, {{336.0, 7064.3}, {30.0, 80.0}}, label: 'Vertical scroll bar, 1 page', value: 0%
                      Other, 0x106e3fcd0, {{363.0, 7067.3}, {3.0, 74.0}}
                    Other, 0x106e3fdf0, {{24.0, 7111.3}, {345.0, 30.0}}, label: 'Horizontal scroll bar, 1 page', value: 0%
                      Other, 0x106e3ff10, {{27.0, 7138.3}, {339.0, 3.0}}
                  TextView, 0x106e40030, {{24.0, 7172.3}, {345.0, 80.0}}, identifier: 'Text note-57', label: 'Text note-57', value: Field note 57. Lon...
                    Other, 0x106e40150, {{336.0, 7172.3}, {30.0, 80.0}}, label: 'Vertical scroll bar, 1 page', value: 0%
                      Other, 0x106e40270, {{363.0, 7175.3}, {3.0, 74.0}}
                    Other, 0x106e40390, {{24.0, 7219.3}, {345.0, 30.0}}, label: 'Horizontal scroll bar, 1 page', value: 0%
                      Other, 0x106e404b0, {{27.0, 7246.3}, {339.0, 3.0}}
                  TextView, 0x106e405d0, {{24.0, 7280.3}, {345.0, 80.0}}, identifier: 'Text note-58', label: 'Text note-58', value: Field note 58. Lon...
                    Other, 0x106e406f0, {{336.0, 7280.3}, {30.0, 80.0}}, label: 'Vertical scroll bar, 1 page', value: 0%
                      Other, 0x106e40810, {{363.0, 7283.3}, {3.0, 74.0}}
                    Other, 0x106e40930, {{24.0, 7327.3}, {345.0, 30.0}}, label: 'Horizontal scroll bar, 1 page', value: 0%
                      Other, 0x106e40a50, {{27.0, 7354.3}, {339.0, 3.0}}
                  TextView, 0x106e40b70, {{24.0, 7388.3}, {345.0, 80.0}}, identifier: 'Text note-59', label: 'Text note-59', value: Field note 59. Lon...
                    Other, 0x106e40c90, {{336.0, 7388.3}, {30.0, 80.0}}, label: 'Vertical scroll bar, 1 page', value: 0%
                      Other, 0x106e40db0, {{363.0, 7391.3}, {3.0, 74.0}}
                    Other, 0x106e40ed0, {{24.0, 7435.3}, {345.0, 30.0}}, label: 'Horizontal scroll bar, 1 page', value: 0%
                      Other, 0x106e40ff0, {{27.0, 7462.3}, {339.0, 3.0}}
                  TextView, 0x106e41110, {{24.0, 7496.3}, {345.0, 80.0}}, identifier: 'Text note-60', label: 'Text note-60', value: Field note 60. Lon...
                    Other, 0x106e41230, {{336.0, 7496.3}, {30.0, 80.0}}, label: 'Vertical scroll bar, 1 page', value: 0%
                      Other, 0x106e41350, {{363.0, 7499.3}, {3.0, 74.0}}
                    Other, 0x106e41470, {{24.0, 7543.3}, {345.0, 30.0}}, label: 'Horizontal scroll bar, 1 page', value: 0%
                      Other, 0x106e41590, {{27.0, 7570.3}, {339.0, 3.0}}
                  TextView, 0x106e416b0, {{24.0, 7604.3}, {345.0, 51.3}}, identifier: 'Text closing', label: 'Text closing', value: Closing notes
                    Other, 0x106e417d0, {{336.0, 7604.3}, {30.0, 51.3}}, label: 'Vertical scroll bar, 1 page', value: 0%
                      Other, 0x106e418f0, {{363.0, 7607.3}, {3.0, 45.3}}
                    Other, 0x106e41a10, {{24.0, 7627.0}, {345.0, 25.7}}, label: 'Horizontal scroll bar, 1 page', value: 0%
                      Other, 0x106e41b30, {{27.0, 7649.7}, {339.0, 3.0}}
                Other, 0x106e41c50, {{360.0, 117.3}, {30.0, 577.7}}, label: 'Vertical scroll bar, 14 pages', value: 0%
                  Other, 0x106e41d70, {{387.0, 120.3}, {3.0, 43.7}}
                Other, 0x106e41e90, {{360.0, 117.3}, {30.0, 577.7}}, label: 'Vertical scroll bar, 14 pages', value: 0%
                  Other, 0x106e41fb0, {{387.0, 120.3}, {3.0, 43.7}}
              ScrollView, 0x106e420d0, {{0.0, 695.0}, {393.0, 58.3}}
                Other, 0x106e421f0, {{0.0, 695.0}, {468.3, 58.3}}
                  Button, 0x106e42310, {{12.0, 707.0}, {113.3, 34.3}}, label: 'Insert block'
                  Button, 0x106e42430, {{137.3, 707.0}, {58.3, 34.3}}, identifier: 'Accessory bold', label: 'Bold', Disabled
                  Button, 0x106e42550, {{207.7, 707.0}, {59.7, 34.3}}, identifier: 'Accessory italic', label: 'Italic', Disabled
                  Button, 0x106e42670, {{279.3, 707.0}, {177.0, 34.3}}, label: 'Select current block'
                Other, 0x106e42790, {{0.0, 721.2}, {393.0, 29.2}}, label: 'Horizontal scroll bar, 2 pages', value: 0%
                  Other, 0x106e428b0, {{383.0, 747.3}, {7.0, 3.0}}
                Other, 0x106e429d0, {{0.0, 721.2}, {393.0, 29.2}}, label: 'Horizontal scroll bar, 2 pages', value: 0%
                  Other, 0x106e42af0, {{383.0, 747.3}, {7.0, 3.0}}
              StaticText, 0x106e42c10, {{144.2, 761.3}, {104.7, 14.3}}, identifier: 'Review action', label: 'Title Enter to body'
              StaticText, 0x106e42d30, {{22.3, 779.7}, {348.3, 30.3}}, label: 'ST-121 local interaction study · body: shared protocol 6 · title/columns: review state'
    Window, 0x106e42e50, {{0.0, 0.0}, {393.0, 852.0}}
      Other, 0x106e42f70, {{0.0, 0.0}, {393.0, 852.0}}
        Other, 0x106e43090, {{0.0, 0.0}, {393.0, 852.0}}
Path to element:
 →Application, 0x106e1ddb0, pid: 49090, label: 'ModernPrototypePhone'
Query chain:
 →Find: Target Application 'studio.seventwo.blockeditor.st121.ios'
  Output: {
    Application, 0x106d29f40, pid: 49090, label: 'ModernPrototypePhone'
  }

    t =    16.34s Tear Down
Test Case '-[ModernPrototypePhoneTests.InteractionReviewTests testKeyboardTitleToBodyAndSlashAcceptance]' failed (16.361 seconds).
2026-10-05 22:24:40.791703+0200 ModernPrototypePhoneTests-Runner[49075:17811313] [Default] Flushing outgoing messages to the IDE with timeout 600.00s
2026-10-05 22:24:40.791837+0200 ModernPrototypePhoneTests-Runner[49075:17811365] [Default] Received confirmation that IDE processed remaining outgoing messages
2026-10-05 22:24:41.355388+0200 ModernPrototypePhoneTests-Runner[49428:17812775] [Default] Running tests...
    t =      nans Interface orientation changed to Portrait

Restarting after unexpected exit, crash, or test timeout; summary will include totals from previous launches.

Test Suite 'Selected tests' started at 2026-10-05 22:24:41.760.
Test Suite 'ModernPrototypePhoneTests.xctest' started at 2026-10-05 22:24:41.760.
Test Suite 'InteractionReviewTests' started at 2026-10-05 22:24:41.760.
Test Case '-[ModernPrototypePhoneTests.InteractionReviewTests testMultipleLayoutsAndBoundaryWriting]' started.
    t =     0.00s Start Test at 2026-10-05 22:24:41.761
    t =     0.02s Set Up
    t =     0.02s Open studio.seventwo.blockeditor.st121.ios
    t =     0.02s     Launch studio.seventwo.blockeditor.st121.ios
2026-10-05 22:24:41.783 xcodebuild[48297:17807921] [MT] IDELaunchParametersSnapshot: debugger version lookup failed for path '<nil>': noURL
2026-10-05 22:24:41.783 xcodebuild[48297:17807921] [MT] IDELaunchParametersSnapshot: no debugger version
    t =     0.23s         Setting up automation session
    t =     0.81s         Wait for studio.seventwo.blockeditor.st121.ios to idle
    t =     2.12s Tap "Select blocks" Any
    t =     2.12s     Wait for studio.seventwo.blockeditor.st121.ios to idle
    t =     2.82s     Find the "Select blocks" Any
    t =     2.87s     Check for interrupting elements affecting "Select blocks" Switch
    t =     2.96s     Synthesize event
    t =     3.25s     Wait for studio.seventwo.blockeditor.st121.ios to idle
    t =     3.94s Tap "Select first" Button
    t =     3.94s     Wait for studio.seventwo.blockeditor.st121.ios to idle
    t =     3.94s     Find the "Select first" Button
    t =     4.06s     Check for interrupting elements affecting "circle" Button
    t =     4.13s     Synthesize event
    t =     4.44s     Wait for studio.seventwo.blockeditor.st121.ios to idle
    t =     5.09s Tap "Select second" Button
    t =     5.09s     Wait for studio.seventwo.blockeditor.st121.ios to idle
    t =     5.09s     Find the "Select second" Button
    t =     5.20s     Check for interrupting elements affecting "circle" Button
    t =     5.28s     Synthesize event
    t =     5.59s     Wait for studio.seventwo.blockeditor.st121.ios to idle
    t =     6.16s Tap "Create two columns" Button
    t =     6.16s     Wait for studio.seventwo.blockeditor.st121.ios to idle
    t =     6.16s     Find the "Create two columns" Button
    t =     6.28s     Check for interrupting elements affecting "Create two columns" Button
    t =     6.36s     Synthesize event
    t =     6.67s     Wait for studio.seventwo.blockeditor.st121.ios to idle
    t =     7.37s Tap "Select intro" Button
    t =     7.37s     Wait for studio.seventwo.blockeditor.st121.ios to idle
    t =     7.37s     Find the "Select intro" Button
    t =     7.49s     Check for interrupting elements affecting "circle" Button
    t =     7.56s     Synthesize event
    t =     7.87s     Wait for studio.seventwo.blockeditor.st121.ios to idle
    t =     8.51s Tap "Create two columns" Button
    t =     8.51s     Wait for studio.seventwo.blockeditor.st121.ios to idle
    t =     8.52s     Find the "Create two columns" Button
    t =     8.63s     Check for interrupting elements affecting "Create two columns" Button
    t =     8.73s     Synthesize event
    t =     9.03s     Wait for studio.seventwo.blockeditor.st121.ios to idle
    t =     9.70s Get number of matches for: Elements matching predicate '"Remove columns" IN identifiers'
    t =     9.81s Tap "Text intro" TextView
    t =     9.81s     Wait for studio.seventwo.blockeditor.st121.ios to idle
    t =     9.82s     Find the "Text intro" TextView
    t =     9.92s     Check for interrupting elements affecting "Text intro" TextView
    t =    10.00s     Synthesize event
    t =    10.30s     Wait for studio.seventwo.blockeditor.st121.ios to idle
    t =    12.15s Tap "Insert" Button
    t =    12.15s     Wait for studio.seventwo.blockeditor.st121.ios to idle
    t =    12.53s     Find the "Insert" Button
    t =    12.67s     Check for interrupting elements affecting "Insert" Button
    t =    12.76s     Synthesize event
    t =    13.04s     Wait for studio.seventwo.blockeditor.st121.ios to idle
    t =    14.02s Tap "Search blocks" TextField
    t =    14.02s     Wait for studio.seventwo.blockeditor.st121.ios to idle
    t =    14.02s     Find the "Search blocks" TextField
    t =    14.15s     Check for interrupting elements affecting "Search blocks" TextField
    t =    14.24s     Synthesize event
    t =    14.24s         Scroll element to visible
    t =    14.24s         Find the "Search blocks" TextField
    t =    14.38s         Computed hit point {214.5, 256.99999999999994} after scrolling to visible
    t =    14.66s     Wait for studio.seventwo.blockeditor.st121.ios to idle
    t =    14.96s Type 'Two columns' into "Search blocks" TextField
    t =    14.96s     Wait for studio.seventwo.blockeditor.st121.ios to idle
    t =    14.97s     Find the "Search blocks" TextField
    t =    15.09s     Check for interrupting elements affecting "Search blocks" TextField
    t =    15.18s     Synthesize event
    t =    15.56s     Wait for studio.seventwo.blockeditor.st121.ios to idle
    t =    15.57s Tap "Insert option Two columns" Button
    t =    15.57s     Wait for studio.seventwo.blockeditor.st121.ios to idle
    t =    15.57s     Find the "Insert option Two columns" Button
    t =    15.69s     Check for interrupting elements affecting "Insert option Two columns" Button
    t =    15.77s     Synthesize event
    t =    16.08s     Wait for studio.seventwo.blockeditor.st121.ios to idle
    t =    17.04s Waiting 3.0s for "A column layout cannot contain another column layout" StaticText to exist
    t =    18.06s     Checking `Expect predicate `existsNoRetry == 1` for object "A column layout cannot contain another column layout" StaticText`
    t =    18.06s         Checking existence of `"A column layout cannot contain another column layout" StaticText`
    t =    18.20s Get number of matches for: Elements matching predicate '"Remove columns" IN identifiers'
    t =    18.32s Tap "Dismiss picker" Button
    t =    18.32s     Wait for studio.seventwo.blockeditor.st121.ios to idle
    t =    18.32s     Find the "Dismiss picker" Button
    t =    18.44s     Check for interrupting elements affecting "Dismiss picker" Button
    t =    18.53s     Synthesize event
    t =    18.83s     Wait for studio.seventwo.blockeditor.st121.ios to idle
    t =    20.89s Find the Target Application 'studio.seventwo.blockeditor.st121.ios'
    t =    21.03s Added attachment named 'Independent layouts and explicit nesting rejection'
    t =    21.03s Tap "Text section" TextView
    t =    21.03s     Wait for studio.seventwo.blockeditor.st121.ios to idle
    t =    21.04s     Find the "Text section" TextView
    t =    21.14s     Check for interrupting elements affecting "Text section" TextView
    t =    21.23s     Synthesize event
    t =    21.24s         Scroll element to visible
    t =    21.24s         Find the "Text section" TextView
    t =    21.37s         Computed hit point {65, 527.66666666666663} after scrolling to visible
    t =    21.65s     Wait for studio.seventwo.blockeditor.st121.ios to idle
    t =    23.39s Tap "Insert" Button
    t =    23.39s     Wait for studio.seventwo.blockeditor.st121.ios to idle
    t =    23.78s     Find the "Insert" Button
    t =    23.92s     Check for interrupting elements affecting "Insert" Button
    t =    24.01s     Synthesize event
    t =    24.30s     Wait for studio.seventwo.blockeditor.st121.ios to idle
    t =    25.23s Tap "Search blocks" TextField
    t =    25.23s     Wait for studio.seventwo.blockeditor.st121.ios to idle
    t =    25.24s     Find the "Search blocks" TextField
    t =    25.37s     Check for interrupting elements affecting "Search blocks" TextField
    t =    25.46s     Synthesize event
    t =    25.47s         Scroll element to visible
    t =    25.47s         Find the "Search blocks" TextField
    t =    25.62s         Computed hit point {204, 256.99999999999994} after scrolling to visible
    t =    25.90s     Wait for studio.seventwo.blockeditor.st121.ios to idle
    t =    26.16s Type 'Two columns' into "Search blocks" TextField
    t =    26.16s     Wait for studio.seventwo.blockeditor.st121.ios to idle
    t =    26.17s     Find the "Search blocks" TextField
    t =    26.29s     Check for interrupting elements affecting "Search blocks" TextField
    t =    26.38s     Synthesize event
    t =    26.76s     Wait for studio.seventwo.blockeditor.st121.ios to idle
    t =    26.77s Tap "Insert option Two columns" Button
    t =    26.77s     Wait for studio.seventwo.blockeditor.st121.ios to idle
    t =    26.77s     Find the "Insert option Two columns" Button
    t =    26.90s     Check for interrupting elements affecting "Insert option Two columns" Button
    t =    26.99s     Synthesize event
    t =    27.30s     Wait for studio.seventwo.blockeditor.st121.ios to idle
    t =    29.46s Get number of matches for: Elements matching predicate '"Remove columns" IN identifiers'
    t =    29.58s Checking existence of `"Empty First column layout-103" TextField`
    t =    29.69s Tap "Empty First column layout-103" TextField
    t =    29.69s     Wait for studio.seventwo.blockeditor.st121.ios to idle
    t =    29.69s     Find the "Empty First column layout-103" TextField
    t =    29.80s     Check for interrupting elements affecting "Empty First column layout-103" TextField
    t =    29.88s     Synthesize event
    t =    30.19s     Wait for studio.seventwo.blockeditor.st121.ios to idle
    t =    31.16s Type 'F' into "Empty First column layout-103" TextField
    t =    31.16s     Wait for studio.seventwo.blockeditor.st121.ios to idle
    t =    31.54s     Find the "Empty First column layout-103" TextField
    t =    31.69s     Check for interrupting elements affecting "Empty First column layout-103" TextField
    t =    31.79s     Synthesize event
    t =    32.01s     Wait for studio.seventwo.blockeditor.st121.ios to idle
    t =    36.65s Waiting 3.0s for "Text review-104" TextView to exist
    t =    37.67s     Checking `Expect predicate `existsNoRetry == 1` for object "Text review-104" TextView`
    t =    37.67s         Checking existence of `"Text review-104" TextView`
    t =    37.82s Type 'resh writing' into Target Application 'studio.seventwo.blockeditor.st121.ios'
    t =    37.82s     Wait for studio.seventwo.blockeditor.st121.ios to idle
    t =    37.82s     Find the Target Application 'studio.seventwo.blockeditor.st121.ios'
    t =    37.91s     Check for interrupting elements affecting "ModernPrototypePhone" Application
    t =    38.00s     Synthesize event
    t =    38.01s         Get number of matches for: Elements containing elements matching predicate 'hasKeyboardFocus == 1'
    t =    38.50s     Wait for studio.seventwo.blockeditor.st121.ios to idle
    t =    47.67s Find the "Text review-104" TextView
    t =    47.84s Find the "Text review-104" TextView
    t =    47.96s Find the Target Application 'studio.seventwo.blockeditor.st121.ios'
    t =    48.11s Added attachment named 'Boundary columns accept first real input'
    t =    48.12s Terminate studio.seventwo.blockeditor.st121.ios:49429
    t =    49.16s Tear Down
Test Case '-[ModernPrototypePhoneTests.InteractionReviewTests testMultipleLayoutsAndBoundaryWriting]' passed (49.241 seconds).
Test Suite 'InteractionReviewTests' passed at 2026-10-05 22:25:31.002.
	 Executed 1 test, with 0 failures (0 unexpected) in 49.241 (49.242) seconds
Test Suite 'ModernPrototypePhoneTests.xctest' passed at 2026-10-05 22:25:31.002.
	 Executed 1 test, with 0 failures (0 unexpected) in 49.241 (49.242) seconds
Test Suite 'Selected tests' passed at 2026-10-05 22:25:31.003.
	 Executed 1 test, with 0 failures (0 unexpected) in 49.241 (49.243) seconds
** BUILD INTERRUPTED **
