Command line invocation:
    /Applications/Xcode.app/Contents/Developer/usr/bin/xcodebuild -project Examples/ModernInteractionPrototype/ModernInteractionPrototype.xcodeproj -scheme ModernPrototypePhone -destination "platform=iOS Simulator,id=B37B1CA0-FF78-4ABB-9EBC-10FC4A0FE38B" -derivedDataPath /private/tmp/block-editor-prototype-focus-build -resultBundlePath /private/tmp/block-editor-prototype-focus-1.xcresult -parallel-testing-enabled NO "-only-testing:ModernPrototypePhoneTests/InteractionReviewTests/testKeyboardTitleToBodyAndSlashAcceptance" "-only-testing:ModernPrototypePhoneTests/InteractionReviewTests/testColumnFocusOrderAndContainment" "-only-testing:ModernPrototypePhoneTests/InteractionReviewTests/testMultipleLayoutsAndBoundaryWriting" CODE_SIGNING_ALLOWED=NO test

Build settings from command line:
    CODE_SIGNING_ALLOWED = NO

Resolve Package Graph

Resolve Package Graph


Resolved source packages:
  BlockEditor: /tmp/block-editor-prototype-input-focus

Writing result bundle at path:
	/private/tmp/block-editor-prototype-focus-1.xcresult

ComputePackagePrebuildTargetDependencyGraph

Prepare packages

CreateBuildRequest

SendProjectDescription

CreateBuildOperation

ComputeTargetDependencyGraph
note: Building targets in dependency order
note: Target dependency graph (4 targets)
    Target 'ModernPrototypePhoneTests' in project 'ModernInteractionPrototype'
        ➜ Explicit dependency on target 'ModernPrototypePhone' in project 'ModernInteractionPrototype'
    Target 'ModernPrototypePhone' in project 'ModernInteractionPrototype'
        ➜ Explicit dependency on target 'BlockEditorCore-product' in project 'BlockEditor'
    Target 'BlockEditorCore-product' in project 'BlockEditor'
        ➜ Explicit dependency on target 'BlockEditorCore' in project 'BlockEditor'
    Target 'BlockEditorCore' in project 'BlockEditor' (no dependencies)

GatherProvisioningInputs

CreateBuildDescription

ExecuteExternalTool /Applications/Xcode.app/Contents/Developer/Toolchains/XcodeDefault.xctoolchain/usr/bin/clang -v -E -dM -isysroot /Applications/Xcode.app/Contents/Developer/Platforms/iPhoneSimulator.platform/Developer/SDKs/iPhoneSimulator27.0.sdk -x c -c /dev/null

ExecuteExternalTool /Applications/Xcode.app/Contents/Developer/Toolchains/XcodeDefault.xctoolchain/usr/bin/swiftc --version

ExecuteExternalTool /Applications/Xcode.app/Contents/Developer/Toolchains/XcodeDefault.xctoolchain/usr/bin/ld -version_details

Build description signature: df7d0dcd93c94ab9236b1ed53c9f31ec
Build description path: /tmp/block-editor-prototype-focus-build/Build/Intermediates.noindex/XCBuildData/df7d0dcd93c94ab9236b1ed53c9f31ec.xcbuilddata
CreateBuildDirectory /tmp/block-editor-prototype-focus-build/CompilationCache.noindex
    cd /tmp/block-editor-prototype-input-focus/Examples/ModernInteractionPrototype/ModernInteractionPrototype.xcodeproj
    builtin-create-build-directory /tmp/block-editor-prototype-focus-build/CompilationCache.noindex

CreateBuildDirectory /tmp/block-editor-prototype-focus-build/SDKExplicitPrecompiledModules
    cd /tmp/block-editor-prototype-input-focus/Examples/ModernInteractionPrototype/ModernInteractionPrototype.xcodeproj
    builtin-create-build-directory /tmp/block-editor-prototype-focus-build/SDKExplicitPrecompiledModules

CreateBuildDirectory /tmp/block-editor-prototype-focus-build/ModuleCache.noindex
    cd /tmp/block-editor-prototype-input-focus/Examples/ModernInteractionPrototype/ModernInteractionPrototype.xcodeproj
    builtin-create-build-directory /tmp/block-editor-prototype-focus-build/ModuleCache.noindex

CreateBuildDirectory /tmp/block-editor-prototype-focus-build/Build/Products
    cd /tmp/block-editor-prototype-input-focus/Examples/ModernInteractionPrototype/ModernInteractionPrototype.xcodeproj
    builtin-create-build-directory /tmp/block-editor-prototype-focus-build/Build/Products

ClangStatCache /Applications/Xcode.app/Contents/Developer/Toolchains/XcodeDefault.xctoolchain/usr/bin/clang-stat-cache /Applications/Xcode.app/Contents/Developer/Platforms/iPhoneSimulator.platform/Developer/SDKs/iPhoneSimulator27.0.sdk /tmp/block-editor-prototype-focus-build/SDKStatCaches.noindex/iphonesimulator27.0-24A430-e829b21a6f8c9b70876ba0858053c0448dc58220667be655e1bcc261a7455254.sdkstatcache
    cd /tmp/block-editor-prototype-input-focus/Examples/ModernInteractionPrototype/ModernInteractionPrototype.xcodeproj
    /Applications/Xcode.app/Contents/Developer/Toolchains/XcodeDefault.xctoolchain/usr/bin/clang-stat-cache /Applications/Xcode.app/Contents/Developer/Platforms/iPhoneSimulator.platform/Developer/SDKs/iPhoneSimulator27.0.sdk -o /tmp/block-editor-prototype-focus-build/SDKStatCaches.noindex/iphonesimulator27.0-24A430-e829b21a6f8c9b70876ba0858053c0448dc58220667be655e1bcc261a7455254.sdkstatcache

CreateBuildDirectory /tmp/block-editor-prototype-focus-build/Build/Intermediates.noindex
    cd /tmp/block-editor-prototype-input-focus/Examples/ModernInteractionPrototype/ModernInteractionPrototype.xcodeproj
    builtin-create-build-directory /tmp/block-editor-prototype-focus-build/Build/Intermediates.noindex

CreateBuildDirectory /tmp/block-editor-prototype-focus-build/Build/Intermediates.noindex/SwiftExplicitPrecompiledModules
    cd /tmp/block-editor-prototype-input-focus/Examples/ModernInteractionPrototype/ModernInteractionPrototype.xcodeproj
    builtin-create-build-directory /tmp/block-editor-prototype-focus-build/Build/Intermediates.noindex/SwiftExplicitPrecompiledModules

CreateBuildDirectory /tmp/block-editor-prototype-focus-build/Build/Intermediates.noindex/PrecompiledHeaders
    cd /tmp/block-editor-prototype-input-focus/Examples/ModernInteractionPrototype/ModernInteractionPrototype.xcodeproj
    builtin-create-build-directory /tmp/block-editor-prototype-focus-build/Build/Intermediates.noindex/PrecompiledHeaders

CreateBuildDirectory /tmp/block-editor-prototype-focus-build/Build/Intermediates.noindex/ExplicitPrecompiledModules
    cd /tmp/block-editor-prototype-input-focus/Examples/ModernInteractionPrototype/ModernInteractionPrototype.xcodeproj
    builtin-create-build-directory /tmp/block-editor-prototype-focus-build/Build/Intermediates.noindex/ExplicitPrecompiledModules

CreateBuildDirectory /tmp/block-editor-prototype-focus-build/Build/Intermediates.noindex/EagerLinkingTBDs/Debug-iphonesimulator
    cd /tmp/block-editor-prototype-input-focus/Examples/ModernInteractionPrototype/ModernInteractionPrototype.xcodeproj
    builtin-create-build-directory /tmp/block-editor-prototype-focus-build/Build/Intermediates.noindex/EagerLinkingTBDs/Debug-iphonesimulator

CreateBuildDirectory /tmp/block-editor-prototype-focus-build/Build/Products/Debug-iphonesimulator
    cd /tmp/block-editor-prototype-input-focus/Examples/ModernInteractionPrototype/ModernInteractionPrototype.xcodeproj
    builtin-create-build-directory /tmp/block-editor-prototype-focus-build/Build/Products/Debug-iphonesimulator

WriteAuxiliaryFile /tmp/block-editor-prototype-focus-build/Build/Intermediates.noindex/ModernInteractionPrototype.build/Debug-iphonesimulator/ModernInteractionPrototype-84df574b66901626253df89225d17f87-VFS-iphonesimulator/all-product-headers.yaml
    cd /tmp/block-editor-prototype-input-focus/Examples/ModernInteractionPrototype/ModernInteractionPrototype.xcodeproj
    write-file /tmp/block-editor-prototype-focus-build/Build/Intermediates.noindex/ModernInteractionPrototype.build/Debug-iphonesimulator/ModernInteractionPrototype-84df574b66901626253df89225d17f87-VFS-iphonesimulator/all-product-headers.yaml

CreateBuildDirectory /tmp/block-editor-prototype-focus-build/Build/Products/Debug-iphonesimulator/PackageFrameworks
    cd /tmp/block-editor-prototype-input-focus/Examples/ModernInteractionPrototype/ModernInteractionPrototype.xcodeproj
    builtin-create-build-directory /tmp/block-editor-prototype-focus-build/Build/Products/Debug-iphonesimulator/PackageFrameworks

WriteAuxiliaryFile /tmp/block-editor-prototype-focus-build/Build/Intermediates.noindex/ModernInteractionPrototype.build/Debug-iphonesimulator/ModernPrototypePhoneTests.build/ProductTypeInfoPlistAdditions.plist (in target 'ModernPrototypePhoneTests' from project 'ModernInteractionPrototype')
    cd /tmp/block-editor-prototype-input-focus/Examples/ModernInteractionPrototype
    write-file /tmp/block-editor-prototype-focus-build/Build/Intermediates.noindex/ModernInteractionPrototype.build/Debug-iphonesimulator/ModernPrototypePhoneTests.build/ProductTypeInfoPlistAdditions.plist

WriteAuxiliaryFile /tmp/block-editor-prototype-focus-build/Build/Intermediates.noindex/ModernInteractionPrototype.build/Debug-iphonesimulator/ModernPrototypePhoneTests.build/empty-ModernPrototypePhoneTests.plist (in target 'ModernPrototypePhoneTests' from project 'ModernInteractionPrototype')
    cd /tmp/block-editor-prototype-input-focus/Examples/ModernInteractionPrototype
    write-file /tmp/block-editor-prototype-focus-build/Build/Intermediates.noindex/ModernInteractionPrototype.build/Debug-iphonesimulator/ModernPrototypePhoneTests.build/empty-ModernPrototypePhoneTests.plist

WriteAuxiliaryFile /tmp/block-editor-prototype-focus-build/Build/Intermediates.noindex/ModernInteractionPrototype.build/Debug-iphonesimulator/ModernPrototypePhoneTests.build/ModernPrototypePhoneTests.hmap (in target 'ModernPrototypePhoneTests' from project 'ModernInteractionPrototype')
    cd /tmp/block-editor-prototype-input-focus/Examples/ModernInteractionPrototype
    write-file /tmp/block-editor-prototype-focus-build/Build/Intermediates.noindex/ModernInteractionPrototype.build/Debug-iphonesimulator/ModernPrototypePhoneTests.build/ModernPrototypePhoneTests.hmap

WriteAuxiliaryFile /tmp/block-editor-prototype-focus-build/Build/Intermediates.noindex/ModernInteractionPrototype.build/Debug-iphonesimulator/ModernPrototypePhoneTests.build/ModernPrototypePhoneTests.DependencyStaticMetadataFileList (in target 'ModernPrototypePhoneTests' from project 'ModernInteractionPrototype')
    cd /tmp/block-editor-prototype-input-focus/Examples/ModernInteractionPrototype
    write-file /tmp/block-editor-prototype-focus-build/Build/Intermediates.noindex/ModernInteractionPrototype.build/Debug-iphonesimulator/ModernPrototypePhoneTests.build/ModernPrototypePhoneTests.DependencyStaticMetadataFileList

WriteAuxiliaryFile /tmp/block-editor-prototype-focus-build/Build/Intermediates.noindex/ModernInteractionPrototype.build/Debug-iphonesimulator/ModernPrototypePhoneTests.build/ModernPrototypePhoneTests.DependencyMetadataFileList (in target 'ModernPrototypePhoneTests' from project 'ModernInteractionPrototype')
    cd /tmp/block-editor-prototype-input-focus/Examples/ModernInteractionPrototype
    write-file /tmp/block-editor-prototype-focus-build/Build/Intermediates.noindex/ModernInteractionPrototype.build/Debug-iphonesimulator/ModernPrototypePhoneTests.build/ModernPrototypePhoneTests.DependencyMetadataFileList

WriteAuxiliaryFile /tmp/block-editor-prototype-focus-build/Build/Intermediates.noindex/ModernInteractionPrototype.build/Debug-iphonesimulator/ModernPrototypePhoneTests.build/ModernPrototypePhoneTests-project-headers.hmap (in target 'ModernPrototypePhoneTests' from project 'ModernInteractionPrototype')
    cd /tmp/block-editor-prototype-input-focus/Examples/ModernInteractionPrototype
    write-file /tmp/block-editor-prototype-focus-build/Build/Intermediates.noindex/ModernInteractionPrototype.build/Debug-iphonesimulator/ModernPrototypePhoneTests.build/ModernPrototypePhoneTests-project-headers.hmap

WriteAuxiliaryFile /tmp/block-editor-prototype-focus-build/Build/Intermediates.noindex/ModernInteractionPrototype.build/Debug-iphonesimulator/ModernPrototypePhoneTests.build/ModernPrototypePhoneTests-own-target-headers.hmap (in target 'ModernPrototypePhoneTests' from project 'ModernInteractionPrototype')
    cd /tmp/block-editor-prototype-input-focus/Examples/ModernInteractionPrototype
    write-file /tmp/block-editor-prototype-focus-build/Build/Intermediates.noindex/ModernInteractionPrototype.build/Debug-iphonesimulator/ModernPrototypePhoneTests.build/ModernPrototypePhoneTests-own-target-headers.hmap

WriteAuxiliaryFile /tmp/block-editor-prototype-focus-build/Build/Intermediates.noindex/ModernInteractionPrototype.build/Debug-iphonesimulator/ModernPrototypePhoneTests.build/Objects-normal/arm64/ModernPrototypePhoneTests-OutputFileMap.json (in target 'ModernPrototypePhoneTests' from project 'ModernInteractionPrototype')
    cd /tmp/block-editor-prototype-input-focus/Examples/ModernInteractionPrototype
    write-file /tmp/block-editor-prototype-focus-build/Build/Intermediates.noindex/ModernInteractionPrototype.build/Debug-iphonesimulator/ModernPrototypePhoneTests.build/Objects-normal/arm64/ModernPrototypePhoneTests-OutputFileMap.json

WriteAuxiliaryFile /tmp/block-editor-prototype-focus-build/Build/Intermediates.noindex/ModernInteractionPrototype.build/Debug-iphonesimulator/ModernPrototypePhoneTests.build/Objects-normal/arm64/ModernPrototypePhoneTests.SwiftConstValuesFileList (in target 'ModernPrototypePhoneTests' from project 'ModernInteractionPrototype')
    cd /tmp/block-editor-prototype-input-focus/Examples/ModernInteractionPrototype
    write-file /tmp/block-editor-prototype-focus-build/Build/Intermediates.noindex/ModernInteractionPrototype.build/Debug-iphonesimulator/ModernPrototypePhoneTests.build/Objects-normal/arm64/ModernPrototypePhoneTests.SwiftConstValuesFileList

WriteAuxiliaryFile /tmp/block-editor-prototype-focus-build/Build/Intermediates.noindex/ModernInteractionPrototype.build/Debug-iphonesimulator/ModernPrototypePhoneTests.build/Objects-normal/arm64/ModernPrototypePhoneTests.LinkFileList (in target 'ModernPrototypePhoneTests' from project 'ModernInteractionPrototype')
    cd /tmp/block-editor-prototype-input-focus/Examples/ModernInteractionPrototype
    write-file /tmp/block-editor-prototype-focus-build/Build/Intermediates.noindex/ModernInteractionPrototype.build/Debug-iphonesimulator/ModernPrototypePhoneTests.build/Objects-normal/arm64/ModernPrototypePhoneTests.LinkFileList

WriteAuxiliaryFile /tmp/block-editor-prototype-focus-build/Build/Intermediates.noindex/ModernInteractionPrototype.build/Debug-iphonesimulator/ModernPrototypePhoneTests.build/Objects-normal/arm64/ModernPrototypePhoneTests_const_extract_protocols.json (in target 'ModernPrototypePhoneTests' from project 'ModernInteractionPrototype')
    cd /tmp/block-editor-prototype-input-focus/Examples/ModernInteractionPrototype
    write-file /tmp/block-editor-prototype-focus-build/Build/Intermediates.noindex/ModernInteractionPrototype.build/Debug-iphonesimulator/ModernPrototypePhoneTests.build/Objects-normal/arm64/ModernPrototypePhoneTests_const_extract_protocols.json

WriteAuxiliaryFile /tmp/block-editor-prototype-focus-build/Build/Intermediates.noindex/ModernInteractionPrototype.build/Debug-iphonesimulator/ModernPrototypePhoneTests.build/Objects-normal/arm64/ModernPrototypePhoneTests.SwiftFileList (in target 'ModernPrototypePhoneTests' from project 'ModernInteractionPrototype')
    cd /tmp/block-editor-prototype-input-focus/Examples/ModernInteractionPrototype
    write-file /tmp/block-editor-prototype-focus-build/Build/Intermediates.noindex/ModernInteractionPrototype.build/Debug-iphonesimulator/ModernPrototypePhoneTests.build/Objects-normal/arm64/ModernPrototypePhoneTests.SwiftFileList

WriteAuxiliaryFile /tmp/block-editor-prototype-focus-build/Build/Intermediates.noindex/ModernInteractionPrototype.build/Debug-iphonesimulator/ModernPrototypePhoneTests.build/ModernPrototypePhoneTests-generated-files.hmap (in target 'ModernPrototypePhoneTests' from project 'ModernInteractionPrototype')
    cd /tmp/block-editor-prototype-input-focus/Examples/ModernInteractionPrototype
    write-file /tmp/block-editor-prototype-focus-build/Build/Intermediates.noindex/ModernInteractionPrototype.build/Debug-iphonesimulator/ModernPrototypePhoneTests.build/ModernPrototypePhoneTests-generated-files.hmap

WriteAuxiliaryFile /tmp/block-editor-prototype-focus-build/Build/Intermediates.noindex/ModernInteractionPrototype.build/Debug-iphonesimulator/ModernPrototypePhoneTests.build/ModernPrototypePhoneTests-all-target-headers.hmap (in target 'ModernPrototypePhoneTests' from project 'ModernInteractionPrototype')
    cd /tmp/block-editor-prototype-input-focus/Examples/ModernInteractionPrototype
    write-file /tmp/block-editor-prototype-focus-build/Build/Intermediates.noindex/ModernInteractionPrototype.build/Debug-iphonesimulator/ModernPrototypePhoneTests.build/ModernPrototypePhoneTests-all-target-headers.hmap

WriteAuxiliaryFile /tmp/block-editor-prototype-focus-build/Build/Intermediates.noindex/ModernInteractionPrototype.build/Debug-iphonesimulator/ModernPrototypePhoneTests.build/ModernPrototypePhoneTests-all-non-framework-target-headers.hmap (in target 'ModernPrototypePhoneTests' from project 'ModernInteractionPrototype')
    cd /tmp/block-editor-prototype-input-focus/Examples/ModernInteractionPrototype
    write-file /tmp/block-editor-prototype-focus-build/Build/Intermediates.noindex/ModernInteractionPrototype.build/Debug-iphonesimulator/ModernPrototypePhoneTests.build/ModernPrototypePhoneTests-all-non-framework-target-headers.hmap

WriteAuxiliaryFile /tmp/block-editor-prototype-focus-build/Build/Intermediates.noindex/ModernInteractionPrototype.build/Debug-iphonesimulator/ModernPrototypePhone.build/Objects-normal/arm64/ModernPrototypePhone-OutputFileMap.json (in target 'ModernPrototypePhone' from project 'ModernInteractionPrototype')
    cd /tmp/block-editor-prototype-input-focus/Examples/ModernInteractionPrototype
    write-file /tmp/block-editor-prototype-focus-build/Build/Intermediates.noindex/ModernInteractionPrototype.build/Debug-iphonesimulator/ModernPrototypePhone.build/Objects-normal/arm64/ModernPrototypePhone-OutputFileMap.json

WriteAuxiliaryFile /tmp/block-editor-prototype-focus-build/Build/Intermediates.noindex/ModernInteractionPrototype.build/Debug-iphonesimulator/ModernPrototypePhone.build/Objects-normal/arm64/ModernPrototypePhone.SwiftConstValuesFileList (in target 'ModernPrototypePhone' from project 'ModernInteractionPrototype')
    cd /tmp/block-editor-prototype-input-focus/Examples/ModernInteractionPrototype
    write-file /tmp/block-editor-prototype-focus-build/Build/Intermediates.noindex/ModernInteractionPrototype.build/Debug-iphonesimulator/ModernPrototypePhone.build/Objects-normal/arm64/ModernPrototypePhone.SwiftConstValuesFileList

WriteAuxiliaryFile /tmp/block-editor-prototype-focus-build/Build/Intermediates.noindex/ModernInteractionPrototype.build/Debug-iphonesimulator/ModernPrototypePhone.build/Objects-normal/arm64/ModernPrototypePhone.LinkFileList (in target 'ModernPrototypePhone' from project 'ModernInteractionPrototype')
    cd /tmp/block-editor-prototype-input-focus/Examples/ModernInteractionPrototype
    write-file /tmp/block-editor-prototype-focus-build/Build/Intermediates.noindex/ModernInteractionPrototype.build/Debug-iphonesimulator/ModernPrototypePhone.build/Objects-normal/arm64/ModernPrototypePhone.LinkFileList

WriteAuxiliaryFile /tmp/block-editor-prototype-focus-build/Build/Intermediates.noindex/ModernInteractionPrototype.build/Debug-iphonesimulator/ModernPrototypePhone.build/Objects-normal/arm64/ModernPrototypePhone.SwiftFileList (in target 'ModernPrototypePhone' from project 'ModernInteractionPrototype')
    cd /tmp/block-editor-prototype-input-focus/Examples/ModernInteractionPrototype
    write-file /tmp/block-editor-prototype-focus-build/Build/Intermediates.noindex/ModernInteractionPrototype.build/Debug-iphonesimulator/ModernPrototypePhone.build/Objects-normal/arm64/ModernPrototypePhone.SwiftFileList

WriteAuxiliaryFile /tmp/block-editor-prototype-focus-build/Build/Intermediates.noindex/ModernInteractionPrototype.build/Debug-iphonesimulator/ModernPrototypePhone.build/Objects-normal/arm64/ModernPrototypePhone_const_extract_protocols.json (in target 'ModernPrototypePhone' from project 'ModernInteractionPrototype')
    cd /tmp/block-editor-prototype-input-focus/Examples/ModernInteractionPrototype
    write-file /tmp/block-editor-prototype-focus-build/Build/Intermediates.noindex/ModernInteractionPrototype.build/Debug-iphonesimulator/ModernPrototypePhone.build/Objects-normal/arm64/ModernPrototypePhone_const_extract_protocols.json

WriteAuxiliaryFile /tmp/block-editor-prototype-focus-build/Build/Intermediates.noindex/ModernInteractionPrototype.build/Debug-iphonesimulator/ModernPrototypePhone.build/ModernPrototypePhone.hmap (in target 'ModernPrototypePhone' from project 'ModernInteractionPrototype')
    cd /tmp/block-editor-prototype-input-focus/Examples/ModernInteractionPrototype
    write-file /tmp/block-editor-prototype-focus-build/Build/Intermediates.noindex/ModernInteractionPrototype.build/Debug-iphonesimulator/ModernPrototypePhone.build/ModernPrototypePhone.hmap

WriteAuxiliaryFile /tmp/block-editor-prototype-focus-build/Build/Intermediates.noindex/ModernInteractionPrototype.build/Debug-iphonesimulator/ModernPrototypePhone.build/ModernPrototypePhone.DependencyStaticMetadataFileList (in target 'ModernPrototypePhone' from project 'ModernInteractionPrototype')
    cd /tmp/block-editor-prototype-input-focus/Examples/ModernInteractionPrototype
    write-file /tmp/block-editor-prototype-focus-build/Build/Intermediates.noindex/ModernInteractionPrototype.build/Debug-iphonesimulator/ModernPrototypePhone.build/ModernPrototypePhone.DependencyStaticMetadataFileList

WriteAuxiliaryFile /tmp/block-editor-prototype-focus-build/Build/Intermediates.noindex/ModernInteractionPrototype.build/Debug-iphonesimulator/ModernPrototypePhone.build/ModernPrototypePhone.DependencyMetadataFileList (in target 'ModernPrototypePhone' from project 'ModernInteractionPrototype')
    cd /tmp/block-editor-prototype-input-focus/Examples/ModernInteractionPrototype
    write-file /tmp/block-editor-prototype-focus-build/Build/Intermediates.noindex/ModernInteractionPrototype.build/Debug-iphonesimulator/ModernPrototypePhone.build/ModernPrototypePhone.DependencyMetadataFileList

WriteAuxiliaryFile /tmp/block-editor-prototype-focus-build/Build/Intermediates.noindex/ModernInteractionPrototype.build/Debug-iphonesimulator/ModernPrototypePhone.build/ModernPrototypePhone-project-headers.hmap (in target 'ModernPrototypePhone' from project 'ModernInteractionPrototype')
    cd /tmp/block-editor-prototype-input-focus/Examples/ModernInteractionPrototype
    write-file /tmp/block-editor-prototype-focus-build/Build/Intermediates.noindex/ModernInteractionPrototype.build/Debug-iphonesimulator/ModernPrototypePhone.build/ModernPrototypePhone-project-headers.hmap

WriteAuxiliaryFile /tmp/block-editor-prototype-focus-build/Build/Intermediates.noindex/ModernInteractionPrototype.build/Debug-iphonesimulator/ModernPrototypePhone.build/ModernPrototypePhone-own-target-headers.hmap (in target 'ModernPrototypePhone' from project 'ModernInteractionPrototype')
    cd /tmp/block-editor-prototype-input-focus/Examples/ModernInteractionPrototype
    write-file /tmp/block-editor-prototype-focus-build/Build/Intermediates.noindex/ModernInteractionPrototype.build/Debug-iphonesimulator/ModernPrototypePhone.build/ModernPrototypePhone-own-target-headers.hmap

WriteAuxiliaryFile /tmp/block-editor-prototype-focus-build/Build/Intermediates.noindex/ModernInteractionPrototype.build/Debug-iphonesimulator/ModernPrototypePhone.build/ModernPrototypePhone-generated-files.hmap (in target 'ModernPrototypePhone' from project 'ModernInteractionPrototype')
    cd /tmp/block-editor-prototype-input-focus/Examples/ModernInteractionPrototype
    write-file /tmp/block-editor-prototype-focus-build/Build/Intermediates.noindex/ModernInteractionPrototype.build/Debug-iphonesimulator/ModernPrototypePhone.build/ModernPrototypePhone-generated-files.hmap

WriteAuxiliaryFile /tmp/block-editor-prototype-focus-build/Build/Intermediates.noindex/ModernInteractionPrototype.build/Debug-iphonesimulator/ModernPrototypePhone.build/ModernPrototypePhone-all-target-headers.hmap (in target 'ModernPrototypePhone' from project 'ModernInteractionPrototype')
    cd /tmp/block-editor-prototype-input-focus/Examples/ModernInteractionPrototype
    write-file /tmp/block-editor-prototype-focus-build/Build/Intermediates.noindex/ModernInteractionPrototype.build/Debug-iphonesimulator/ModernPrototypePhone.build/ModernPrototypePhone-all-target-headers.hmap

WriteAuxiliaryFile /tmp/block-editor-prototype-focus-build/Build/Intermediates.noindex/ModernInteractionPrototype.build/Debug-iphonesimulator/ModernPrototypePhone.build/ModernPrototypePhone-all-non-framework-target-headers.hmap (in target 'ModernPrototypePhone' from project 'ModernInteractionPrototype')
    cd /tmp/block-editor-prototype-input-focus/Examples/ModernInteractionPrototype
    write-file /tmp/block-editor-prototype-focus-build/Build/Intermediates.noindex/ModernInteractionPrototype.build/Debug-iphonesimulator/ModernPrototypePhone.build/ModernPrototypePhone-all-non-framework-target-headers.hmap

WriteAuxiliaryFile /tmp/block-editor-prototype-focus-build/Build/Intermediates.noindex/ModernInteractionPrototype.build/Debug-iphonesimulator/ModernPrototypePhone.build/ModernPrototypePhone-DebugDylibPath-normal-arm64.txt (in target 'ModernPrototypePhone' from project 'ModernInteractionPrototype')
    cd /tmp/block-editor-prototype-input-focus/Examples/ModernInteractionPrototype
    write-file /tmp/block-editor-prototype-focus-build/Build/Intermediates.noindex/ModernInteractionPrototype.build/Debug-iphonesimulator/ModernPrototypePhone.build/ModernPrototypePhone-DebugDylibPath-normal-arm64.txt

WriteAuxiliaryFile /tmp/block-editor-prototype-focus-build/Build/Intermediates.noindex/ModernInteractionPrototype.build/Debug-iphonesimulator/ModernPrototypePhone.build/ModernPrototypePhone-DebugDylibInstallName-normal-arm64.txt (in target 'ModernPrototypePhone' from project 'ModernInteractionPrototype')
    cd /tmp/block-editor-prototype-input-focus/Examples/ModernInteractionPrototype
    write-file /tmp/block-editor-prototype-focus-build/Build/Intermediates.noindex/ModernInteractionPrototype.build/Debug-iphonesimulator/ModernPrototypePhone.build/ModernPrototypePhone-DebugDylibInstallName-normal-arm64.txt

WriteAuxiliaryFile /tmp/block-editor-prototype-focus-build/Build/Intermediates.noindex/BlockEditor.build/Debug-iphonesimulator/BlockEditorCore-t.build/BlockEditorCore.modulemap (in target 'BlockEditorCore' from project 'BlockEditor')
    cd /tmp/block-editor-prototype-input-focus
    write-file /tmp/block-editor-prototype-focus-build/Build/Intermediates.noindex/BlockEditor.build/Debug-iphonesimulator/BlockEditorCore-t.build/BlockEditorCore.modulemap

WriteAuxiliaryFile /tmp/block-editor-prototype-focus-build/Build/Intermediates.noindex/BlockEditor.build/Debug-iphonesimulator/BlockEditorCore-t.build/BlockEditorCore.DependencyStaticMetadataFileList (in target 'BlockEditorCore' from project 'BlockEditor')
    cd /tmp/block-editor-prototype-input-focus
    write-file /tmp/block-editor-prototype-focus-build/Build/Intermediates.noindex/BlockEditor.build/Debug-iphonesimulator/BlockEditorCore-t.build/BlockEditorCore.DependencyStaticMetadataFileList

WriteAuxiliaryFile /tmp/block-editor-prototype-focus-build/Build/Intermediates.noindex/BlockEditor.build/Debug-iphonesimulator/BlockEditorCore-t.build/Objects-normal/arm64/BlockEditorCore.LinkFileList (in target 'BlockEditorCore' from project 'BlockEditor')
    cd /tmp/block-editor-prototype-input-focus
    write-file /tmp/block-editor-prototype-focus-build/Build/Intermediates.noindex/BlockEditor.build/Debug-iphonesimulator/BlockEditorCore-t.build/Objects-normal/arm64/BlockEditorCore.LinkFileList

WriteAuxiliaryFile /tmp/block-editor-prototype-focus-build/Build/Intermediates.noindex/BlockEditor.build/Debug-iphonesimulator/BlockEditorCore-t.build/Objects-normal/arm64/BlockEditorCore.SwiftConstValuesFileList (in target 'BlockEditorCore' from project 'BlockEditor')
    cd /tmp/block-editor-prototype-input-focus
    write-file /tmp/block-editor-prototype-focus-build/Build/Intermediates.noindex/BlockEditor.build/Debug-iphonesimulator/BlockEditorCore-t.build/Objects-normal/arm64/BlockEditorCore.SwiftConstValuesFileList

WriteAuxiliaryFile /tmp/block-editor-prototype-focus-build/Build/Intermediates.noindex/BlockEditor.build/Debug-iphonesimulator/BlockEditorCore-t.build/Objects-normal/arm64/BlockEditorCore-OutputFileMap.json (in target 'BlockEditorCore' from project 'BlockEditor')
    cd /tmp/block-editor-prototype-input-focus
    write-file /tmp/block-editor-prototype-focus-build/Build/Intermediates.noindex/BlockEditor.build/Debug-iphonesimulator/BlockEditorCore-t.build/Objects-normal/arm64/BlockEditorCore-OutputFileMap.json

WriteAuxiliaryFile /tmp/block-editor-prototype-focus-build/Build/Intermediates.noindex/BlockEditor.build/Debug-iphonesimulator/BlockEditorCore-t.build/Objects-normal/arm64/BlockEditorCore.SwiftFileList (in target 'BlockEditorCore' from project 'BlockEditor')
    cd /tmp/block-editor-prototype-input-focus
    write-file /tmp/block-editor-prototype-focus-build/Build/Intermediates.noindex/BlockEditor.build/Debug-iphonesimulator/BlockEditorCore-t.build/Objects-normal/arm64/BlockEditorCore.SwiftFileList

WriteAuxiliaryFile /tmp/block-editor-prototype-focus-build/Build/Intermediates.noindex/BlockEditor.build/Debug-iphonesimulator/BlockEditorCore-t.build/Objects-normal/arm64/BlockEditorCore_const_extract_protocols.json (in target 'BlockEditorCore' from project 'BlockEditor')
    cd /tmp/block-editor-prototype-input-focus
    write-file /tmp/block-editor-prototype-focus-build/Build/Intermediates.noindex/BlockEditor.build/Debug-iphonesimulator/BlockEditorCore-t.build/Objects-normal/arm64/BlockEditorCore_const_extract_protocols.json

WriteAuxiliaryFile /tmp/block-editor-prototype-focus-build/Build/Intermediates.noindex/BlockEditor.build/Debug-iphonesimulator/BlockEditorCore-t.build/BlockEditorCore.DependencyMetadataFileList (in target 'BlockEditorCore' from project 'BlockEditor')
    cd /tmp/block-editor-prototype-input-focus
    write-file /tmp/block-editor-prototype-focus-build/Build/Intermediates.noindex/BlockEditor.build/Debug-iphonesimulator/BlockEditorCore-t.build/BlockEditorCore.DependencyMetadataFileList

MkDir /tmp/block-editor-prototype-focus-build/Build/Products/Debug-iphonesimulator/ModernPrototypePhoneTests-Runner.app/PlugIns/ModernPrototypePhoneTests.xctest (in target 'ModernPrototypePhoneTests' from project 'ModernInteractionPrototype')
    cd /tmp/block-editor-prototype-input-focus/Examples/ModernInteractionPrototype
    /bin/mkdir -p /tmp/block-editor-prototype-focus-build/Build/Products/Debug-iphonesimulator/ModernPrototypePhoneTests-Runner.app/PlugIns/ModernPrototypePhoneTests.xctest

MkDir /tmp/block-editor-prototype-focus-build/Build/Products/Debug-iphonesimulator/ModernPrototypePhone.app (in target 'ModernPrototypePhone' from project 'ModernInteractionPrototype')
    cd /tmp/block-editor-prototype-input-focus/Examples/ModernInteractionPrototype
    /bin/mkdir -p /tmp/block-editor-prototype-focus-build/Build/Products/Debug-iphonesimulator/ModernPrototypePhone.app

Copy /tmp/block-editor-prototype-focus-build/Build/Intermediates.noindex/GeneratedModuleMaps-iphonesimulator/BlockEditorCore.modulemap /tmp/block-editor-prototype-focus-build/Build/Intermediates.noindex/BlockEditor.build/Debug-iphonesimulator/BlockEditorCore-t.build/BlockEditorCore.modulemap (in target 'BlockEditorCore' from project 'BlockEditor')
    cd /tmp/block-editor-prototype-input-focus
    builtin-copy -exclude .DS_Store -exclude CVS -exclude .svn -exclude .git -exclude .hg -resolve-src-symlinks /tmp/block-editor-prototype-focus-build/Build/Intermediates.noindex/BlockEditor.build/Debug-iphonesimulator/BlockEditorCore-t.build/BlockEditorCore.modulemap /tmp/block-editor-prototype-focus-build/Build/Intermediates.noindex/GeneratedModuleMaps-iphonesimulator

SwiftDriver BlockEditorCore normal arm64 com.apple.xcode.tools.swift.compiler (in target 'BlockEditorCore' from project 'BlockEditor')
    cd /tmp/block-editor-prototype-input-focus/Examples/ModernInteractionPrototype/ModernInteractionPrototype.xcodeproj
    builtin-SwiftDriver -- /Applications/Xcode.app/Contents/Developer/Toolchains/XcodeDefault.xctoolchain/usr/bin/swiftc -parse-as-library -module-name BlockEditorCore -Onone @/tmp/block-editor-prototype-focus-build/Build/Intermediates.noindex/BlockEditor.build/Debug-iphonesimulator/BlockEditorCore-t.build/Objects-normal/arm64/BlockEditorCore.SwiftFileList -DSWIFT_PACKAGE -DDEBUG -DSWIFT_MODULE_RESOURCE_BUNDLE_UNAVAILABLE -DXcode -plugin-path /Applications/Xcode.app/Contents/Developer/Toolchains/XcodeDefault.xctoolchain/usr/lib/swift/host/plugins/testing -enable-experimental-feature DebugDescriptionMacro -sdk /Applications/Xcode.app/Contents/Developer/Platforms/iPhoneSimulator.platform/Developer/SDKs/iPhoneSimulator27.0.sdk -target arm64-apple-ios26.0-simulator -g -module-cache-path /tmp/block-editor-prototype-focus-build/ModuleCache.noindex -Xfrontend -serialize-debugging-options -enable-testing -index-store-path /tmp/block-editor-prototype-focus-build/Index.noindex/DataStore -Xcc -D_LIBCPP_HARDENING_MODE\=_LIBCPP_HARDENING_MODE_DEBUG -swift-version 6 -I /tmp/block-editor-prototype-focus-build/Build/Products/Debug-iphonesimulator -Isystem /Applications/Xcode.app/Contents/Developer/Platforms/iPhoneSimulator.platform/Developer/usr/lib -F /tmp/block-editor-prototype-focus-build/Build/Products/Debug-iphonesimulator -F /Applications/Xcode.app/Contents/Developer/Platforms/iPhoneSimulator.platform/Developer/Library/Frameworks -F /Applications/Xcode.app/Contents/Developer/Platforms/iPhoneSimulator.platform/Developer/SDKs/iPhoneSimulator27.0.sdk/Developer/Library/Frameworks -c -j14 -enable-batch-mode -incremental -Xcc -ivfsstatcache -Xcc /tmp/block-editor-prototype-focus-build/SDKStatCaches.noindex/iphonesimulator27.0-24A430-e829b21a6f8c9b70876ba0858053c0448dc58220667be655e1bcc261a7455254.sdkstatcache -output-file-map /tmp/block-editor-prototype-focus-build/Build/Intermediates.noindex/BlockEditor.build/Debug-iphonesimulator/BlockEditorCore-t.build/Objects-normal/arm64/BlockEditorCore-OutputFileMap.json -save-temps -no-color-diagnostics -explicit-module-build -module-cache-path /tmp/block-editor-prototype-focus-build/Build/Intermediates.noindex/SwiftExplicitPrecompiledModules -clang-scanner-module-cache-path /tmp/block-editor-prototype-focus-build/ModuleCache.noindex -sdk-module-cache-path /tmp/block-editor-prototype-focus-build/SDKExplicitPrecompiledModules -emit-dependencies -emit-module -emit-module-path /tmp/block-editor-prototype-focus-build/Build/Intermediates.noindex/BlockEditor.build/Debug-iphonesimulator/BlockEditorCore-t.build/Objects-normal/arm64/BlockEditorCore.swiftmodule -serialize-diagnostics -dependency-scan-serialize-diagnostics-path /tmp/block-editor-prototype-focus-build/Build/Intermediates.noindex/BlockEditor.build/Debug-iphonesimulator/BlockEditorCore-t.build/Objects-normal/arm64/BlockEditorCore-dependency-scan.dia -validate-clang-modules-once -clang-build-session-file /tmp/block-editor-prototype-focus-build/ModuleCache.noindex/Session.modulevalidation -Xcc -fmodules-prune-interval\=86400 -Xcc -fmodules-prune-after\=345600 -package-name block_editor_prototype_input_focus -emit-const-values -const-gather-protocols-list /tmp/block-editor-prototype-focus-build/Build/Intermediates.noindex/BlockEditor.build/Debug-iphonesimulator/BlockEditorCore-t.build/Objects-normal/arm64/BlockEditorCore_const_extract_protocols.json -Xcc -I/tmp/block-editor-prototype-focus-build/Build/Products/Debug-iphonesimulator/include -Xcc -I/tmp/block-editor-prototype-focus-build/Build/Intermediates.noindex/BlockEditor.build/Debug-iphonesimulator/BlockEditorCore-t.build/DerivedSources-normal/arm64 -Xcc -I/tmp/block-editor-prototype-focus-build/Build/Intermediates.noindex/BlockEditor.build/Debug-iphonesimulator/BlockEditorCore-t.build/DerivedSources/arm64 -Xcc -I/tmp/block-editor-prototype-focus-build/Build/Intermediates.noindex/BlockEditor.build/Debug-iphonesimulator/BlockEditorCore-t.build/DerivedSources -Xcc -DSWIFT_PACKAGE -Xcc -DDEBUG\=1 -emit-objc-header -emit-objc-header-path /tmp/block-editor-prototype-focus-build/Build/Intermediates.noindex/BlockEditor.build/Debug-iphonesimulator/BlockEditorCore-t.build/Objects-normal/arm64/BlockEditorCore-Swift.h -working-directory /tmp/block-editor-prototype-input-focus/Examples/ModernInteractionPrototype/ModernInteractionPrototype.xcodeproj -experimental-emit-module-separately -disable-cmo

SwiftExplicitDependencyGeneratePcm arm64 /tmp/block-editor-prototype-focus-build/SDKExplicitPrecompiledModules/ptrcheck-EAI70GI4K8NYQE5M8U7FZLS8C.pcm

SwiftExplicitDependencyGeneratePcm arm64 /tmp/block-editor-prototype-focus-build/SDKExplicitPrecompiledModules/_AvailabilityInternal-84BDUZWTMUEOWZ08A53KS9FOU.pcm

SwiftExplicitDependencyGeneratePcm arm64 /tmp/block-editor-prototype-focus-build/SDKExplicitPrecompiledModules/ptrauth-1FCVF1D7LSDZJ9KFV43MZFEDW.pcm

SwiftExplicitDependencyGeneratePcm arm64 /tmp/block-editor-prototype-focus-build/SDKExplicitPrecompiledModules/_Builtin_stddef-32U4VI879PYQ185S6X76MK74L.pcm

SwiftExplicitDependencyGeneratePcm arm64 /tmp/block-editor-prototype-focus-build/SDKExplicitPrecompiledModules/_Builtin_stdbool-C493HDCNPOIYTCIM6XMQJHRAO.pcm

SwiftExplicitDependencyGeneratePcm arm64 /tmp/block-editor-prototype-focus-build/SDKExplicitPrecompiledModules/_Builtin_float-BFJP48C3OWDM1YZD41S12UHG7.pcm

SwiftExplicitDependencyGeneratePcm arm64 /tmp/block-editor-prototype-focus-build/SDKExplicitPrecompiledModules/SwiftShims-6Y2JKYQOJQFUUL49U3HJENJFK.pcm

SwiftExplicitDependencyGeneratePcm arm64 /tmp/block-editor-prototype-focus-build/SDKExplicitPrecompiledModules/_SwiftConcurrencyShims-D9TQEIN5KOP90GWU09UX6HT0H.pcm

SwiftExplicitDependencyGeneratePcm arm64 /tmp/block-editor-prototype-focus-build/SDKExplicitPrecompiledModules/_Builtin_stdarg-9FPXPKSL39IXOWURGMNAM9CNL.pcm

SwiftExplicitDependencyGeneratePcm arm64 /tmp/block-editor-prototype-focus-build/SDKExplicitPrecompiledModules/_DarwinFoundation1-2E0X3GP7EG3HUMAH4PH07MZHS.pcm

SwiftExplicitDependencyGeneratePcm arm64 /tmp/block-editor-prototype-focus-build/SDKExplicitPrecompiledModules/_DarwinFoundation2-4L9TI6L92C9CHVUW7PIMVT3L6.pcm

SwiftExplicitDependencyGeneratePcm arm64 /tmp/block-editor-prototype-focus-build/SDKExplicitPrecompiledModules/_Builtin_limits-EVV9XK8OO1EDXLU144PGPBI7T.pcm

SwiftExplicitDependencyGeneratePcm arm64 /tmp/block-editor-prototype-focus-build/SDKExplicitPrecompiledModules/_Builtin_stdint-9XBQFPUGQW7E5756NKAH735PM.pcm

SwiftExplicitDependencyGeneratePcm arm64 /tmp/block-editor-prototype-focus-build/SDKExplicitPrecompiledModules/sys_types-D145AW4JARXF4GWHF6AN0CX55.pcm

SwiftExplicitDependencyGeneratePcm arm64 /tmp/block-editor-prototype-focus-build/SDKExplicitPrecompiledModules/string_h-CCF6Z3GIKKLEG2D1NDGZJD0QY.pcm

SwiftExplicitDependencyGeneratePcm arm64 /tmp/block-editor-prototype-focus-build/SDKExplicitPrecompiledModules/_DarwinFoundation3-3J1A9LGIW607D1L3H2QXTKVNC.pcm

SwiftExplicitDependencyGeneratePcm arm64 /tmp/block-editor-prototype-focus-build/SDKExplicitPrecompiledModules/_Builtin_inttypes-79HINFQWLUB2DQTN17YIKPMH0.pcm

SwiftExplicitDependencyGeneratePcm arm64 /tmp/block-editor-prototype-focus-build/SDKExplicitPrecompiledModules/Darwin-3HCJ55A2WFKQXY0ZY0J29UQU9.pcm

SwiftExplicitDependencyGeneratePcm arm64 /tmp/block-editor-prototype-focus-build/SDKExplicitPrecompiledModules/ObjectiveC-8CJ5DHZZE7VNHSE6OOO2E5R4E.pcm

SwiftExplicitDependencyGeneratePcm arm64 /tmp/block-editor-prototype-focus-build/SDKExplicitPrecompiledModules/os_object-EPMW3OGUOMLDEDD6Y63WJE9H0.pcm

SwiftExplicitDependencyGeneratePcm arm64 /tmp/block-editor-prototype-focus-build/SDKExplicitPrecompiledModules/os_workgroup-1UD7SO5J5GKPJKBJWDILSJUF.pcm

SwiftExplicitDependencyGeneratePcm arm64 /tmp/block-editor-prototype-focus-build/SDKExplicitPrecompiledModules/Dispatch-7HNB9T44TKYGETEAPD1AI9KGW.pcm

SwiftExplicitDependencyGeneratePcm arm64 /tmp/block-editor-prototype-focus-build/SDKExplicitPrecompiledModules/XPC-6UHCHWJXW5R3KVGFYYYBVU3U.pcm

SwiftExplicitDependencyGeneratePcm arm64 /tmp/block-editor-prototype-focus-build/SDKExplicitPrecompiledModules/CoreFoundation-3Q1Y0XW4Y70369FB116RAYAU.pcm

SwiftExplicitDependencyGeneratePcm arm64 /tmp/block-editor-prototype-focus-build/SDKExplicitPrecompiledModules/Security-8IYAJYC568E9CBH239TJ9XLR1.pcm

SwiftExplicitDependencyGeneratePcm arm64 /tmp/block-editor-prototype-focus-build/SDKExplicitPrecompiledModules/CFNetwork-EPUMT3IGOIEVDCFI175TDBLED.pcm

SwiftExplicitDependencyGeneratePcm arm64 /tmp/block-editor-prototype-focus-build/SDKExplicitPrecompiledModules/Foundation-65JXC8B0Y0WBHYGJGTCT45T5C.pcm

SwiftEmitModule normal arm64 Emitting\ module\ for\ BlockEditorCore (in target 'BlockEditorCore' from project 'BlockEditor')

SwiftCompile normal arm64 (in target 'BlockEditorCore' from project 'BlockEditor')
    cd /tmp/block-editor-prototype-input-focus/Examples/ModernInteractionPrototype/ModernInteractionPrototype.xcodeproj
    

SwiftCompile normal arm64 Compiling\ WritingMigration.swift /private/tmp/block-editor-prototype-input-focus/Sources/BlockEditorCore/WritingMigration.swift (in target 'BlockEditorCore' from project 'BlockEditor')

SwiftCompile normal arm64 /private/tmp/block-editor-prototype-input-focus/Sources/BlockEditorCore/WritingMigration.swift (in target 'BlockEditorCore' from project 'BlockEditor')
    cd /tmp/block-editor-prototype-input-focus/Examples/ModernInteractionPrototype/ModernInteractionPrototype.xcodeproj
    builtin-SwiftPerFileCompile WritingMigration.swift

SwiftCompile normal arm64 Compiling\ WritingSession.swift /private/tmp/block-editor-prototype-input-focus/Sources/BlockEditorCore/WritingSession.swift (in target 'BlockEditorCore' from project 'BlockEditor')

SwiftCompile normal arm64 /private/tmp/block-editor-prototype-input-focus/Sources/BlockEditorCore/WritingSession.swift (in target 'BlockEditorCore' from project 'BlockEditor')
    cd /tmp/block-editor-prototype-input-focus/Examples/ModernInteractionPrototype/ModernInteractionPrototype.xcodeproj
    builtin-SwiftPerFileCompile WritingSession.swift

SwiftCompile normal arm64 Compiling\ Structure.swift /private/tmp/block-editor-prototype-input-focus/Sources/BlockEditorCore/Structure.swift (in target 'BlockEditorCore' from project 'BlockEditor')

SwiftCompile normal arm64 /private/tmp/block-editor-prototype-input-focus/Sources/BlockEditorCore/Structure.swift (in target 'BlockEditorCore' from project 'BlockEditor')
    cd /tmp/block-editor-prototype-input-focus/Examples/ModernInteractionPrototype/ModernInteractionPrototype.xcodeproj
    builtin-SwiftPerFileCompile Structure.swift

SwiftCompile normal arm64 Compiling\ ProtocolMigration.swift /private/tmp/block-editor-prototype-input-focus/Sources/BlockEditorCore/ProtocolMigration.swift (in target 'BlockEditorCore' from project 'BlockEditor')

SwiftCompile normal arm64 /private/tmp/block-editor-prototype-input-focus/Sources/BlockEditorCore/ProtocolMigration.swift (in target 'BlockEditorCore' from project 'BlockEditor')
    cd /tmp/block-editor-prototype-input-focus/Examples/ModernInteractionPrototype/ModernInteractionPrototype.xcodeproj
    builtin-SwiftPerFileCompile ProtocolMigration.swift

SwiftCompile normal arm64 Compiling\ Document.swift /private/tmp/block-editor-prototype-input-focus/Sources/BlockEditorCore/Document.swift (in target 'BlockEditorCore' from project 'BlockEditor')

SwiftCompile normal arm64 /private/tmp/block-editor-prototype-input-focus/Sources/BlockEditorCore/Document.swift (in target 'BlockEditorCore' from project 'BlockEditor')
    cd /tmp/block-editor-prototype-input-focus/Examples/ModernInteractionPrototype/ModernInteractionPrototype.xcodeproj
    builtin-SwiftPerFileCompile Document.swift

SwiftCompile normal arm64 Compiling\ WritingClipboard.swift /private/tmp/block-editor-prototype-input-focus/Sources/BlockEditorCore/WritingClipboard.swift (in target 'BlockEditorCore' from project 'BlockEditor')

SwiftCompile normal arm64 /private/tmp/block-editor-prototype-input-focus/Sources/BlockEditorCore/WritingClipboard.swift (in target 'BlockEditorCore' from project 'BlockEditor')
    cd /tmp/block-editor-prototype-input-focus/Examples/ModernInteractionPrototype/ModernInteractionPrototype.xcodeproj
    builtin-SwiftPerFileCompile WritingClipboard.swift

SwiftCompile normal arm64 Compiling\ LegacyMigration.swift /private/tmp/block-editor-prototype-input-focus/Sources/BlockEditorCore/LegacyMigration.swift (in target 'BlockEditorCore' from project 'BlockEditor')

SwiftCompile normal arm64 /private/tmp/block-editor-prototype-input-focus/Sources/BlockEditorCore/LegacyMigration.swift (in target 'BlockEditorCore' from project 'BlockEditor')
    cd /tmp/block-editor-prototype-input-focus/Examples/ModernInteractionPrototype/ModernInteractionPrototype.xcodeproj
    builtin-SwiftPerFileCompile LegacyMigration.swift

SwiftCompile normal arm64 Compiling\ EditorSession.swift /private/tmp/block-editor-prototype-input-focus/Sources/BlockEditorCore/EditorSession.swift (in target 'BlockEditorCore' from project 'BlockEditor')

SwiftCompile normal arm64 /private/tmp/block-editor-prototype-input-focus/Sources/BlockEditorCore/EditorSession.swift (in target 'BlockEditorCore' from project 'BlockEditor')
    cd /tmp/block-editor-prototype-input-focus/Examples/ModernInteractionPrototype/ModernInteractionPrototype.xcodeproj
    builtin-SwiftPerFileCompile EditorSession.swift

SwiftCompile normal arm64 Compiling\ WritingProjection.swift /private/tmp/block-editor-prototype-input-focus/Sources/BlockEditorCore/WritingProjection.swift (in target 'BlockEditorCore' from project 'BlockEditor')

SwiftCompile normal arm64 /private/tmp/block-editor-prototype-input-focus/Sources/BlockEditorCore/WritingProjection.swift (in target 'BlockEditorCore' from project 'BlockEditor')
    cd /tmp/block-editor-prototype-input-focus/Examples/ModernInteractionPrototype/ModernInteractionPrototype.xcodeproj
    builtin-SwiftPerFileCompile WritingProjection.swift

SwiftCompile normal arm64 Compiling\ Bridge.swift /private/tmp/block-editor-prototype-input-focus/Sources/BlockEditorCore/Bridge.swift (in target 'BlockEditorCore' from project 'BlockEditor')
/private/tmp/block-editor-prototype-input-focus/Sources/BlockEditorCore/Bridge.swift:252:41: warning: no calls to throwing functions occur within 'try' expression [#UnnecessaryEffectMarker]
250 |             let position = try session.mergeParagraphs(left: decode(input["left"], as: NodeID.self), right: decode(input["right"], as: NodeID.self))
251 |             return .object(["snapshot": try writingSnapshot(session), "position": try encode(position)])
252 |         case "markdown": return .string(try Markdown.serialize(session.document))
    |                                         `- warning: no calls to throwing functions occur within 'try' expression [#UnnecessaryEffectMarker]
253 |         default: throw EditorError.invalidChange
254 |         }

[#UnnecessaryEffectMarker]: <https://docs.swift.org/compiler/documentation/diagnostics/unnecessary-effect-marker>

SwiftCompile normal arm64 /private/tmp/block-editor-prototype-input-focus/Sources/BlockEditorCore/Bridge.swift (in target 'BlockEditorCore' from project 'BlockEditor')
    cd /tmp/block-editor-prototype-input-focus/Examples/ModernInteractionPrototype/ModernInteractionPrototype.xcodeproj
    builtin-SwiftPerFileCompile Bridge.swift

SwiftCompile normal arm64 Compiling\ MergeRecovery.swift /private/tmp/block-editor-prototype-input-focus/Sources/BlockEditorCore/MergeRecovery.swift (in target 'BlockEditorCore' from project 'BlockEditor')

SwiftCompile normal arm64 /private/tmp/block-editor-prototype-input-focus/Sources/BlockEditorCore/MergeRecovery.swift (in target 'BlockEditorCore' from project 'BlockEditor')
    cd /tmp/block-editor-prototype-input-focus/Examples/ModernInteractionPrototype/ModernInteractionPrototype.xcodeproj
    builtin-SwiftPerFileCompile MergeRecovery.swift

SwiftCompile normal arm64 Compiling\ Validation.swift /private/tmp/block-editor-prototype-input-focus/Sources/BlockEditorCore/Validation.swift (in target 'BlockEditorCore' from project 'BlockEditor')

SwiftCompile normal arm64 /private/tmp/block-editor-prototype-input-focus/Sources/BlockEditorCore/Validation.swift (in target 'BlockEditorCore' from project 'BlockEditor')
    cd /tmp/block-editor-prototype-input-focus/Examples/ModernInteractionPrototype/ModernInteractionPrototype.xcodeproj
    builtin-SwiftPerFileCompile Validation.swift

SwiftCompile normal arm64 Compiling\ Markdown.swift /private/tmp/block-editor-prototype-input-focus/Sources/BlockEditorCore/Markdown.swift (in target 'BlockEditorCore' from project 'BlockEditor')

SwiftCompile normal arm64 /private/tmp/block-editor-prototype-input-focus/Sources/BlockEditorCore/Markdown.swift (in target 'BlockEditorCore' from project 'BlockEditor')
    cd /tmp/block-editor-prototype-input-focus/Examples/ModernInteractionPrototype/ModernInteractionPrototype.xcodeproj
    builtin-SwiftPerFileCompile Markdown.swift

SwiftCompile normal arm64 Compiling\ Collaboration.swift /private/tmp/block-editor-prototype-input-focus/Sources/BlockEditorCore/Collaboration.swift (in target 'BlockEditorCore' from project 'BlockEditor')

SwiftCompile normal arm64 /private/tmp/block-editor-prototype-input-focus/Sources/BlockEditorCore/Collaboration.swift (in target 'BlockEditorCore' from project 'BlockEditor')
    cd /tmp/block-editor-prototype-input-focus/Examples/ModernInteractionPrototype/ModernInteractionPrototype.xcodeproj
    builtin-SwiftPerFileCompile Collaboration.swift

SwiftDriverJobDiscovery normal arm64 Compiling ProtocolMigration.swift (in target 'BlockEditorCore' from project 'BlockEditor')

SwiftDriverJobDiscovery normal arm64 Compiling LegacyMigration.swift (in target 'BlockEditorCore' from project 'BlockEditor')

SwiftDriverJobDiscovery normal arm64 Compiling MergeRecovery.swift (in target 'BlockEditorCore' from project 'BlockEditor')

SwiftDriverJobDiscovery normal arm64 Compiling Validation.swift (in target 'BlockEditorCore' from project 'BlockEditor')

SwiftDriverJobDiscovery normal arm64 Compiling WritingMigration.swift (in target 'BlockEditorCore' from project 'BlockEditor')

SwiftDriverJobDiscovery normal arm64 Compiling Document.swift (in target 'BlockEditorCore' from project 'BlockEditor')

SwiftDriverJobDiscovery normal arm64 Compiling Markdown.swift (in target 'BlockEditorCore' from project 'BlockEditor')

SwiftDriverJobDiscovery normal arm64 Compiling Bridge.swift (in target 'BlockEditorCore' from project 'BlockEditor')

SwiftDriverJobDiscovery normal arm64 Compiling WritingClipboard.swift (in target 'BlockEditorCore' from project 'BlockEditor')

SwiftDriverJobDiscovery normal arm64 Compiling Structure.swift (in target 'BlockEditorCore' from project 'BlockEditor')

SwiftDriverJobDiscovery normal arm64 Compiling WritingProjection.swift (in target 'BlockEditorCore' from project 'BlockEditor')

SwiftDriverJobDiscovery normal arm64 Compiling EditorSession.swift (in target 'BlockEditorCore' from project 'BlockEditor')

SwiftDriverJobDiscovery normal arm64 Emitting module for BlockEditorCore (in target 'BlockEditorCore' from project 'BlockEditor')

SwiftDriver\ Compilation\ Requirements BlockEditorCore normal arm64 com.apple.xcode.tools.swift.compiler (in target 'BlockEditorCore' from project 'BlockEditor')
    cd /tmp/block-editor-prototype-input-focus/Examples/ModernInteractionPrototype/ModernInteractionPrototype.xcodeproj
    builtin-Swift-Compilation-Requirements -- /Applications/Xcode.app/Contents/Developer/Toolchains/XcodeDefault.xctoolchain/usr/bin/swiftc -parse-as-library -module-name BlockEditorCore -Onone @/tmp/block-editor-prototype-focus-build/Build/Intermediates.noindex/BlockEditor.build/Debug-iphonesimulator/BlockEditorCore-t.build/Objects-normal/arm64/BlockEditorCore.SwiftFileList -DSWIFT_PACKAGE -DDEBUG -DSWIFT_MODULE_RESOURCE_BUNDLE_UNAVAILABLE -DXcode -plugin-path /Applications/Xcode.app/Contents/Developer/Toolchains/XcodeDefault.xctoolchain/usr/lib/swift/host/plugins/testing -enable-experimental-feature DebugDescriptionMacro -sdk /Applications/Xcode.app/Contents/Developer/Platforms/iPhoneSimulator.platform/Developer/SDKs/iPhoneSimulator27.0.sdk -target arm64-apple-ios26.0-simulator -g -module-cache-path /tmp/block-editor-prototype-focus-build/ModuleCache.noindex -Xfrontend -serialize-debugging-options -enable-testing -index-store-path /tmp/block-editor-prototype-focus-build/Index.noindex/DataStore -Xcc -D_LIBCPP_HARDENING_MODE\=_LIBCPP_HARDENING_MODE_DEBUG -swift-version 6 -I /tmp/block-editor-prototype-focus-build/Build/Products/Debug-iphonesimulator -Isystem /Applications/Xcode.app/Contents/Developer/Platforms/iPhoneSimulator.platform/Developer/usr/lib -F /tmp/block-editor-prototype-focus-build/Build/Products/Debug-iphonesimulator -F /Applications/Xcode.app/Contents/Developer/Platforms/iPhoneSimulator.platform/Developer/Library/Frameworks -F /Applications/Xcode.app/Contents/Developer/Platforms/iPhoneSimulator.platform/Developer/SDKs/iPhoneSimulator27.0.sdk/Developer/Library/Frameworks -c -j14 -enable-batch-mode -incremental -Xcc -ivfsstatcache -Xcc /tmp/block-editor-prototype-focus-build/SDKStatCaches.noindex/iphonesimulator27.0-24A430-e829b21a6f8c9b70876ba0858053c0448dc58220667be655e1bcc261a7455254.sdkstatcache -output-file-map /tmp/block-editor-prototype-focus-build/Build/Intermediates.noindex/BlockEditor.build/Debug-iphonesimulator/BlockEditorCore-t.build/Objects-normal/arm64/BlockEditorCore-OutputFileMap.json -save-temps -no-color-diagnostics -explicit-module-build -module-cache-path /tmp/block-editor-prototype-focus-build/Build/Intermediates.noindex/SwiftExplicitPrecompiledModules -clang-scanner-module-cache-path /tmp/block-editor-prototype-focus-build/ModuleCache.noindex -sdk-module-cache-path /tmp/block-editor-prototype-focus-build/SDKExplicitPrecompiledModules -emit-dependencies -emit-module -emit-module-path /tmp/block-editor-prototype-focus-build/Build/Intermediates.noindex/BlockEditor.build/Debug-iphonesimulator/BlockEditorCore-t.build/Objects-normal/arm64/BlockEditorCore.swiftmodule -serialize-diagnostics -dependency-scan-serialize-diagnostics-path /tmp/block-editor-prototype-focus-build/Build/Intermediates.noindex/BlockEditor.build/Debug-iphonesimulator/BlockEditorCore-t.build/Objects-normal/arm64/BlockEditorCore-dependency-scan.dia -validate-clang-modules-once -clang-build-session-file /tmp/block-editor-prototype-focus-build/ModuleCache.noindex/Session.modulevalidation -Xcc -fmodules-prune-interval\=86400 -Xcc -fmodules-prune-after\=345600 -package-name block_editor_prototype_input_focus -emit-const-values -const-gather-protocols-list /tmp/block-editor-prototype-focus-build/Build/Intermediates.noindex/BlockEditor.build/Debug-iphonesimulator/BlockEditorCore-t.build/Objects-normal/arm64/BlockEditorCore_const_extract_protocols.json -Xcc -I/tmp/block-editor-prototype-focus-build/Build/Products/Debug-iphonesimulator/include -Xcc -I/tmp/block-editor-prototype-focus-build/Build/Intermediates.noindex/BlockEditor.build/Debug-iphonesimulator/BlockEditorCore-t.build/DerivedSources-normal/arm64 -Xcc -I/tmp/block-editor-prototype-focus-build/Build/Intermediates.noindex/BlockEditor.build/Debug-iphonesimulator/BlockEditorCore-t.build/DerivedSources/arm64 -Xcc -I/tmp/block-editor-prototype-focus-build/Build/Intermediates.noindex/BlockEditor.build/Debug-iphonesimulator/BlockEditorCore-t.build/DerivedSources -Xcc -DSWIFT_PACKAGE -Xcc -DDEBUG\=1 -emit-objc-header -emit-objc-header-path /tmp/block-editor-prototype-focus-build/Build/Intermediates.noindex/BlockEditor.build/Debug-iphonesimulator/BlockEditorCore-t.build/Objects-normal/arm64/BlockEditorCore-Swift.h -working-directory /tmp/block-editor-prototype-input-focus/Examples/ModernInteractionPrototype/ModernInteractionPrototype.xcodeproj -experimental-emit-module-separately -disable-cmo

SwiftMergeGeneratedHeaders /tmp/block-editor-prototype-focus-build/Build/Intermediates.noindex/GeneratedModuleMaps-iphonesimulator/BlockEditorCore-Swift.h /tmp/block-editor-prototype-focus-build/Build/Intermediates.noindex/BlockEditor.build/Debug-iphonesimulator/BlockEditorCore-t.build/Objects-normal/arm64/BlockEditorCore-Swift.h (in target 'BlockEditorCore' from project 'BlockEditor')
    cd /tmp/block-editor-prototype-input-focus
    builtin-swiftHeaderTool -arch arm64 /tmp/block-editor-prototype-focus-build/Build/Intermediates.noindex/BlockEditor.build/Debug-iphonesimulator/BlockEditorCore-t.build/Objects-normal/arm64/BlockEditorCore-Swift.h -o /tmp/block-editor-prototype-focus-build/Build/Intermediates.noindex/GeneratedModuleMaps-iphonesimulator/BlockEditorCore-Swift.h

Copy /tmp/block-editor-prototype-focus-build/Build/Products/Debug-iphonesimulator/BlockEditorCore.swiftmodule/arm64-apple-ios-simulator.abi.json /tmp/block-editor-prototype-focus-build/Build/Intermediates.noindex/BlockEditor.build/Debug-iphonesimulator/BlockEditorCore-t.build/Objects-normal/arm64/BlockEditorCore.abi.json (in target 'BlockEditorCore' from project 'BlockEditor')
    cd /tmp/block-editor-prototype-input-focus
    builtin-copy -exclude .DS_Store -exclude CVS -exclude .svn -exclude .git -exclude .hg -resolve-src-symlinks -rename /tmp/block-editor-prototype-focus-build/Build/Intermediates.noindex/BlockEditor.build/Debug-iphonesimulator/BlockEditorCore-t.build/Objects-normal/arm64/BlockEditorCore.abi.json /tmp/block-editor-prototype-focus-build/Build/Products/Debug-iphonesimulator/BlockEditorCore.swiftmodule/arm64-apple-ios-simulator.abi.json

Copy /tmp/block-editor-prototype-focus-build/Build/Products/Debug-iphonesimulator/BlockEditorCore.swiftmodule/arm64-apple-ios-simulator.swiftmodule /tmp/block-editor-prototype-focus-build/Build/Intermediates.noindex/BlockEditor.build/Debug-iphonesimulator/BlockEditorCore-t.build/Objects-normal/arm64/BlockEditorCore.swiftmodule (in target 'BlockEditorCore' from project 'BlockEditor')
    cd /tmp/block-editor-prototype-input-focus
    builtin-copy -exclude .DS_Store -exclude CVS -exclude .svn -exclude .git -exclude .hg -resolve-src-symlinks -rename /tmp/block-editor-prototype-focus-build/Build/Intermediates.noindex/BlockEditor.build/Debug-iphonesimulator/BlockEditorCore-t.build/Objects-normal/arm64/BlockEditorCore.swiftmodule /tmp/block-editor-prototype-focus-build/Build/Products/Debug-iphonesimulator/BlockEditorCore.swiftmodule/arm64-apple-ios-simulator.swiftmodule

Copy /tmp/block-editor-prototype-focus-build/Build/Products/Debug-iphonesimulator/BlockEditorCore.swiftmodule/arm64-apple-ios-simulator.swiftdoc /tmp/block-editor-prototype-focus-build/Build/Intermediates.noindex/BlockEditor.build/Debug-iphonesimulator/BlockEditorCore-t.build/Objects-normal/arm64/BlockEditorCore.swiftdoc (in target 'BlockEditorCore' from project 'BlockEditor')
    cd /tmp/block-editor-prototype-input-focus
    builtin-copy -exclude .DS_Store -exclude CVS -exclude .svn -exclude .git -exclude .hg -resolve-src-symlinks -rename /tmp/block-editor-prototype-focus-build/Build/Intermediates.noindex/BlockEditor.build/Debug-iphonesimulator/BlockEditorCore-t.build/Objects-normal/arm64/BlockEditorCore.swiftdoc /tmp/block-editor-prototype-focus-build/Build/Products/Debug-iphonesimulator/BlockEditorCore.swiftmodule/arm64-apple-ios-simulator.swiftdoc

Copy /tmp/block-editor-prototype-focus-build/Build/Products/Debug-iphonesimulator/BlockEditorCore.swiftmodule/Project/arm64-apple-ios-simulator.swiftsourceinfo /tmp/block-editor-prototype-focus-build/Build/Intermediates.noindex/BlockEditor.build/Debug-iphonesimulator/BlockEditorCore-t.build/Objects-normal/arm64/BlockEditorCore.swiftsourceinfo (in target 'BlockEditorCore' from project 'BlockEditor')
    cd /tmp/block-editor-prototype-input-focus
    builtin-copy -exclude .DS_Store -exclude CVS -exclude .svn -exclude .git -exclude .hg -resolve-src-symlinks -rename /tmp/block-editor-prototype-focus-build/Build/Intermediates.noindex/BlockEditor.build/Debug-iphonesimulator/BlockEditorCore-t.build/Objects-normal/arm64/BlockEditorCore.swiftsourceinfo /tmp/block-editor-prototype-focus-build/Build/Products/Debug-iphonesimulator/BlockEditorCore.swiftmodule/Project/arm64-apple-ios-simulator.swiftsourceinfo

SwiftDriver ModernPrototypePhone normal arm64 com.apple.xcode.tools.swift.compiler (in target 'ModernPrototypePhone' from project 'ModernInteractionPrototype')
    cd /tmp/block-editor-prototype-input-focus/Examples/ModernInteractionPrototype
    builtin-SwiftDriver -- /Applications/Xcode.app/Contents/Developer/Toolchains/XcodeDefault.xctoolchain/usr/bin/swiftc -module-name ModernPrototypePhone -Onone @/tmp/block-editor-prototype-focus-build/Build/Intermediates.noindex/ModernInteractionPrototype.build/Debug-iphonesimulator/ModernPrototypePhone.build/Objects-normal/arm64/ModernPrototypePhone.SwiftFileList -DDEBUG -enable-experimental-feature DebugDescriptionMacro -sdk /Applications/Xcode.app/Contents/Developer/Platforms/iPhoneSimulator.platform/Developer/SDKs/iPhoneSimulator27.0.sdk -target arm64-apple-ios26.0-simulator -g -module-cache-path /tmp/block-editor-prototype-focus-build/ModuleCache.noindex -Xfrontend -serialize-debugging-options -enable-testing -index-store-path /tmp/block-editor-prototype-focus-build/Index.noindex/DataStore -Xcc -D_LIBCPP_HARDENING_MODE\=_LIBCPP_HARDENING_MODE_DEBUG -swift-version 6 -I /tmp/block-editor-prototype-focus-build/Build/Products/Debug-iphonesimulator -F /tmp/block-editor-prototype-focus-build/Build/Products/Debug-iphonesimulator/PackageFrameworks -F /tmp/block-editor-prototype-focus-build/Build/Products/Debug-iphonesimulator -c -j14 -enable-batch-mode -incremental -Xcc -ivfsstatcache -Xcc /tmp/block-editor-prototype-focus-build/SDKStatCaches.noindex/iphonesimulator27.0-24A430-e829b21a6f8c9b70876ba0858053c0448dc58220667be655e1bcc261a7455254.sdkstatcache -output-file-map /tmp/block-editor-prototype-focus-build/Build/Intermediates.noindex/ModernInteractionPrototype.build/Debug-iphonesimulator/ModernPrototypePhone.build/Objects-normal/arm64/ModernPrototypePhone-OutputFileMap.json -save-temps -no-color-diagnostics -explicit-module-build -module-cache-path /tmp/block-editor-prototype-focus-build/Build/Intermediates.noindex/SwiftExplicitPrecompiledModules -clang-scanner-module-cache-path /tmp/block-editor-prototype-focus-build/ModuleCache.noindex -sdk-module-cache-path /tmp/block-editor-prototype-focus-build/SDKExplicitPrecompiledModules -emit-dependencies -emit-module -emit-module-path /tmp/block-editor-prototype-focus-build/Build/Intermediates.noindex/ModernInteractionPrototype.build/Debug-iphonesimulator/ModernPrototypePhone.build/Objects-normal/arm64/ModernPrototypePhone.swiftmodule -serialize-diagnostics -dependency-scan-serialize-diagnostics-path /tmp/block-editor-prototype-focus-build/Build/Intermediates.noindex/ModernInteractionPrototype.build/Debug-iphonesimulator/ModernPrototypePhone.build/Objects-normal/arm64/ModernPrototypePhone-dependency-scan.dia -validate-clang-modules-once -clang-build-session-file /tmp/block-editor-prototype-focus-build/ModuleCache.noindex/Session.modulevalidation -Xcc -fmodules-prune-interval\=86400 -Xcc -fmodules-prune-after\=345600 -emit-const-values -const-gather-protocols-list /tmp/block-editor-prototype-focus-build/Build/Intermediates.noindex/ModernInteractionPrototype.build/Debug-iphonesimulator/ModernPrototypePhone.build/Objects-normal/arm64/ModernPrototypePhone_const_extract_protocols.json -Xcc -iquote -Xcc /tmp/block-editor-prototype-focus-build/Build/Intermediates.noindex/ModernInteractionPrototype.build/Debug-iphonesimulator/ModernPrototypePhone.build/ModernPrototypePhone-generated-files.hmap -Xcc -I/tmp/block-editor-prototype-focus-build/Build/Intermediates.noindex/ModernInteractionPrototype.build/Debug-iphonesimulator/ModernPrototypePhone.build/ModernPrototypePhone-own-target-headers.hmap -Xcc -I/tmp/block-editor-prototype-focus-build/Build/Intermediates.noindex/ModernInteractionPrototype.build/Debug-iphonesimulator/ModernPrototypePhone.build/ModernPrototypePhone-all-non-framework-target-headers.hmap -Xcc -ivfsoverlay -Xcc /tmp/block-editor-prototype-focus-build/Build/Intermediates.noindex/ModernInteractionPrototype.build/Debug-iphonesimulator/ModernInteractionPrototype-84df574b66901626253df89225d17f87-VFS-iphonesimulator/all-product-headers.yaml -Xcc -iquote -Xcc /tmp/block-editor-prototype-focus-build/Build/Intermediates.noindex/ModernInteractionPrototype.build/Debug-iphonesimulator/ModernPrototypePhone.build/ModernPrototypePhone-project-headers.hmap -Xcc -I/tmp/block-editor-prototype-focus-build/Build/Products/Debug-iphonesimulator/include -Xcc -I/tmp/block-editor-prototype-focus-build/Build/Intermediates.noindex/ModernInteractionPrototype.build/Debug-iphonesimulator/ModernPrototypePhone.build/DerivedSources-normal/arm64 -Xcc -I/tmp/block-editor-prototype-focus-build/Build/Intermediates.noindex/ModernInteractionPrototype.build/Debug-iphonesimulator/ModernPrototypePhone.build/DerivedSources/arm64 -Xcc -I/tmp/block-editor-prototype-focus-build/Build/Intermediates.noindex/ModernInteractionPrototype.build/Debug-iphonesimulator/ModernPrototypePhone.build/DerivedSources -Xcc -DDEBUG\=1 -emit-objc-header -emit-objc-header-path /tmp/block-editor-prototype-focus-build/Build/Intermediates.noindex/ModernInteractionPrototype.build/Debug-iphonesimulator/ModernPrototypePhone.build/Objects-normal/arm64/ModernPrototypePhone-Swift.h -working-directory /tmp/block-editor-prototype-input-focus/Examples/ModernInteractionPrototype -experimental-emit-module-separately -disable-cmo

SwiftDriverJobDiscovery normal arm64 Compiling Collaboration.swift (in target 'BlockEditorCore' from project 'BlockEditor')

SwiftExplicitDependencyGeneratePcm arm64 /tmp/block-editor-prototype-focus-build/SDKExplicitPrecompiledModules/_SwiftConcurrencyShims-56JBEGRSKF54GS6T8UMMS4X49.pcm

SwiftExplicitDependencyGeneratePcm arm64 /tmp/block-editor-prototype-focus-build/SDKExplicitPrecompiledModules/_Builtin_stdarg-8MHMJU9OG7XRKXPJ4XQQ7BAQG.pcm

SwiftExplicitDependencyGeneratePcm arm64 /tmp/block-editor-prototype-focus-build/SDKExplicitPrecompiledModules/ptrcheck-DTYNWGLCSBRR5A9HHMQFKD9EE.pcm

SwiftExplicitDependencyGeneratePcm arm64 /tmp/block-editor-prototype-focus-build/SDKExplicitPrecompiledModules/DeveloperToolsSupport-3RD9E5O7IO0T0CY27LYLA0HTR.pcm

SwiftExplicitDependencyGeneratePcm arm64 /tmp/block-editor-prototype-focus-build/SDKExplicitPrecompiledModules/ptrauth-AF7UN0ABI8HOTV1BA04C4R0QO.pcm

SwiftExplicitDependencyGeneratePcm arm64 /tmp/block-editor-prototype-focus-build/SDKExplicitPrecompiledModules/_Builtin_stddef-7AK11W456B2N36MAF2V82MBBH.pcm

SwiftExplicitDependencyGeneratePcm arm64 /tmp/block-editor-prototype-focus-build/SDKExplicitPrecompiledModules/SwiftShims-1TCQSDP1CAATWE1G8WL7ORXRR.pcm

SwiftExplicitDependencyGeneratePcm arm64 /tmp/block-editor-prototype-focus-build/SDKExplicitPrecompiledModules/_Builtin_stdbool-7E72H93F65KXAIPEMCECUZNEI.pcm

SwiftExplicitDependencyGeneratePcm arm64 /tmp/block-editor-prototype-focus-build/SDKExplicitPrecompiledModules/_AvailabilityInternal-4HZ02NQ1IXKU4A729IFN7GX56.pcm

SwiftExplicitDependencyGeneratePcm arm64 /tmp/block-editor-prototype-focus-build/SDKExplicitPrecompiledModules/_Builtin_float-731N7DZS5GO0WILT7T21KIA4S.pcm

SwiftExplicitDependencyGeneratePcm arm64 /tmp/block-editor-prototype-focus-build/SDKExplicitPrecompiledModules/_DarwinFoundation1-26VYXQE1A9HMD54C87SWKLZS4.pcm

SwiftExplicitDependencyGeneratePcm arm64 /tmp/block-editor-prototype-focus-build/SDKExplicitPrecompiledModules/_DarwinFoundation2-EP13PQ3D64GR3AL20OMSLD01G.pcm

SwiftExplicitDependencyGeneratePcm arm64 /tmp/block-editor-prototype-focus-build/SDKExplicitPrecompiledModules/_Builtin_limits-DF816BQLRICMZM5CSIOFO10JQ.pcm

SwiftExplicitDependencyGeneratePcm arm64 /tmp/block-editor-prototype-focus-build/SDKExplicitPrecompiledModules/string_h-76RC1GVCDYAEQTPRJYDHR5C1S.pcm

SwiftExplicitDependencyGeneratePcm arm64 /tmp/block-editor-prototype-focus-build/SDKExplicitPrecompiledModules/_Builtin_tgmath-65X54Q8E276NIVSYVOXHQBJQ9.pcm

SwiftExplicitDependencyGeneratePcm arm64 /tmp/block-editor-prototype-focus-build/SDKExplicitPrecompiledModules/sys_types-61I2EI9O8M836V8AV1BD68U42.pcm

SwiftExplicitDependencyGeneratePcm arm64 /tmp/block-editor-prototype-focus-build/SDKExplicitPrecompiledModules/_Builtin_stdint-4AC9OVY95G2L3XT5MY046L290.pcm

SwiftExplicitDependencyGeneratePcm arm64 /tmp/block-editor-prototype-focus-build/SDKExplicitPrecompiledModules/_Builtin_stdatomic-A95Z7FVPM1UVKFW3F0P3SDDYU.pcm

SwiftExplicitDependencyGeneratePcm arm64 /tmp/block-editor-prototype-focus-build/SDKExplicitPrecompiledModules/_Builtin_intrinsics-6R4Q5UXJ1U1PVR9A0ZN9QK1JW.pcm

SwiftExplicitDependencyGeneratePcm arm64 /tmp/block-editor-prototype-focus-build/SDKExplicitPrecompiledModules/_DarwinFoundation3-4GA7JD0F7U9IHZHLRJN9BJJ18.pcm

SwiftExplicitDependencyGeneratePcm arm64 /tmp/block-editor-prototype-focus-build/SDKExplicitPrecompiledModules/_Builtin_inttypes-2PTWFYAYF3ODUQVA6E679YC2H.pcm

SwiftExplicitDependencyGeneratePcm arm64 /tmp/block-editor-prototype-focus-build/SDKExplicitPrecompiledModules/Darwin-EK737776WGQGOCWN80D6FZUS3.pcm

SwiftExplicitDependencyGeneratePcm arm64 /tmp/block-editor-prototype-focus-build/SDKExplicitPrecompiledModules/simd-5ZAR9TGNSGYFEN8AXRDXNPXUV.pcm

SwiftExplicitDependencyGeneratePcm arm64 /tmp/block-editor-prototype-focus-build/SDKExplicitPrecompiledModules/MachO-51YQ6UIFCS4W89M0V7T40N6D8.pcm

SwiftExplicitDependencyGeneratePcm arm64 /tmp/block-editor-prototype-focus-build/SDKExplicitPrecompiledModules/ObjectiveC-3DTOKQ282Y46T288WJDZH182O.pcm

SwiftExplicitDependencyGeneratePcm arm64 /tmp/block-editor-prototype-focus-build/SDKExplicitPrecompiledModules/os_object-8K1Y2Y8PFF0AT80OLRNZ582L3.pcm

SwiftExplicitDependencyGeneratePcm arm64 /tmp/block-editor-prototype-focus-build/SDKExplicitPrecompiledModules/os_workgroup-41QC42DPJTWEEHVFQLNDFRFZO.pcm

SwiftExplicitDependencyGeneratePcm arm64 /tmp/block-editor-prototype-focus-build/SDKExplicitPrecompiledModules/Spatial-DWUMW31VA5MLHBKH2U0IYJWJX.pcm

SwiftExplicitDependencyGeneratePcm arm64 /tmp/block-editor-prototype-focus-build/SDKExplicitPrecompiledModules/Dispatch-B8QUN5R9MUN0QZ2O7X4HB4MQM.pcm

SwiftExplicitDependencyGeneratePcm arm64 /tmp/block-editor-prototype-focus-build/SDKExplicitPrecompiledModules/CoreFoundation-8I3B4739FZFDJKOPJEMP7LIAL.pcm

SwiftExplicitDependencyGeneratePcm arm64 /tmp/block-editor-prototype-focus-build/SDKExplicitPrecompiledModules/XPC-3JO9S5PAND48QNWX34TP9WC07.pcm

SwiftExplicitDependencyGeneratePcm arm64 /tmp/block-editor-prototype-focus-build/SDKExplicitPrecompiledModules/os-44BBDGHWGSRPIBANC5TRL9YDF.pcm

SwiftExplicitDependencyGeneratePcm arm64 /tmp/block-editor-prototype-focus-build/SDKExplicitPrecompiledModules/CoreAudioTypes-37911NQ3FYS32RHFK6ZEXWJMG.pcm

SwiftExplicitDependencyGeneratePcm arm64 /tmp/block-editor-prototype-focus-build/SDKExplicitPrecompiledModules/CoreGraphics-8DQRYTLU2F3HKBWU6FZPP18HB.pcm

SwiftExplicitDependencyGeneratePcm arm64 /tmp/block-editor-prototype-focus-build/SDKExplicitPrecompiledModules/Security-65YLCQZ4DWX8EO03CYBO7OICH.pcm

SwiftExplicitDependencyGeneratePcm arm64 /tmp/block-editor-prototype-focus-build/SDKExplicitPrecompiledModules/CFNetwork-C9350ECYKDNRCHLXOAX4ZMQ2R.pcm

SwiftExplicitDependencyGeneratePcm arm64 /tmp/block-editor-prototype-focus-build/SDKExplicitPrecompiledModules/CoreAudio-45LZYA7G7D34ICQ2G350XYZ7W.pcm

SwiftExplicitDependencyGeneratePcm arm64 /tmp/block-editor-prototype-focus-build/SDKExplicitPrecompiledModules/Foundation-QMX48A9UW8U89SBMD72KFGEM.pcm

SwiftExplicitDependencyGeneratePcm arm64 /tmp/block-editor-prototype-focus-build/SDKExplicitPrecompiledModules/ImageIO-EQJK25C47R4S9VVMHCDSOASYD.pcm

SwiftExplicitDependencyGeneratePcm arm64 /tmp/block-editor-prototype-focus-build/SDKExplicitPrecompiledModules/CoreText-1RV86Y1OWNKXKY28Q3PR6XMZZ.pcm

SwiftExplicitDependencyGeneratePcm arm64 /tmp/block-editor-prototype-focus-build/SDKExplicitPrecompiledModules/UIUtilities-3ED3XFXK5Q2QE2F6LULOVG6XR.pcm

SwiftExplicitDependencyGeneratePcm arm64 /tmp/block-editor-prototype-focus-build/SDKExplicitPrecompiledModules/IOSurface-4B74J9B9NTP26ZG1EX53JH6ZR.pcm

SwiftExplicitDependencyGeneratePcm arm64 /tmp/block-editor-prototype-focus-build/SDKExplicitPrecompiledModules/UserNotifications-42BD6EYXYTOSK8VR7I82J87H1.pcm

SwiftExplicitDependencyGeneratePcm arm64 /tmp/block-editor-prototype-focus-build/SDKExplicitPrecompiledModules/_LocationEssentials-HTR2H6R9FFS25HJ3ESNKM3T4.pcm

SwiftExplicitDependencyGeneratePcm arm64 /tmp/block-editor-prototype-focus-build/SDKExplicitPrecompiledModules/Symbols-C53B289NENP5NI5JX906H0M6Q.pcm

SwiftExplicitDependencyGeneratePcm arm64 /tmp/block-editor-prototype-focus-build/SDKExplicitPrecompiledModules/FileProvider-6WVVQ3ZJKANVZ4LLWO4HJB4LP.pcm

SwiftExplicitDependencyGeneratePcm arm64 /tmp/block-editor-prototype-focus-build/SDKExplicitPrecompiledModules/CoreTransferable-6NAWIEA1E4EXPM839NM9WZK9M.pcm

SwiftExplicitDependencyGeneratePcm arm64 /tmp/block-editor-prototype-focus-build/SDKExplicitPrecompiledModules/DataDetection-BNR4V8NHPZROPA9JR4BCSZTDB.pcm

SwiftExplicitDependencyGeneratePcm arm64 /tmp/block-editor-prototype-focus-build/SDKExplicitPrecompiledModules/Accessibility-A3R1Z4XXS69CI059N5G9ISEHV.pcm

SwiftExplicitDependencyGeneratePcm arm64 /tmp/block-editor-prototype-focus-build/SDKExplicitPrecompiledModules/CoreData-BXSQLEO4IGZEU8NCDUG0KUBLW.pcm

SwiftExplicitDependencyGeneratePcm arm64 /tmp/block-editor-prototype-focus-build/SDKExplicitPrecompiledModules/OpenGLES-6JO7FXY991NUE0LO0X094HF2E.pcm

SwiftExplicitDependencyGeneratePcm arm64 /tmp/block-editor-prototype-focus-build/SDKExplicitPrecompiledModules/UniformTypeIdentifiers-6M72TTP3218CRH121XNQ147EH.pcm

SwiftExplicitDependencyGeneratePcm arm64 /tmp/block-editor-prototype-focus-build/SDKExplicitPrecompiledModules/OSLog-2Z1WSQT1MRRRHVO6VOWRTNU66.pcm

SwiftExplicitDependencyGeneratePcm arm64 /tmp/block-editor-prototype-focus-build/SDKExplicitPrecompiledModules/Metal-6TEJ1QCX2NJPE8SKL1QMCT153.pcm

SwiftExplicitDependencyGeneratePcm arm64 /tmp/block-editor-prototype-focus-build/SDKExplicitPrecompiledModules/CoreLocation-BWXEHM3MUGV3LTQ4OEDZSYIQK.pcm

SwiftExplicitDependencyGeneratePcm arm64 /tmp/block-editor-prototype-focus-build/SDKExplicitPrecompiledModules/CoreMotion-4ZRDJW2ZUANYWGMWP7FBTLTSX.pcm

SwiftExplicitDependencyGeneratePcm arm64 /tmp/block-editor-prototype-focus-build/SDKExplicitPrecompiledModules/CoreVideo-3X2HEVGBFP2F8EASWICJS9GXQ.pcm

SwiftExplicitDependencyGeneratePcm arm64 /tmp/block-editor-prototype-focus-build/SDKExplicitPrecompiledModules/CoreImage-89DM9ROL72SG8A4F2M3BM5540.pcm

SwiftExplicitDependencyGeneratePcm arm64 /tmp/block-editor-prototype-focus-build/SDKExplicitPrecompiledModules/QuartzCore-62YI0ESL57SVO2BXZIXOWAFU8.pcm

SwiftExplicitDependencyGeneratePcm arm64 /tmp/block-editor-prototype-focus-build/SDKExplicitPrecompiledModules/CoreMedia-70ZUDFD7P9E8YJ7T0V3XVH9UH.pcm

SwiftExplicitDependencyGeneratePcm arm64 /tmp/block-editor-prototype-focus-build/SDKExplicitPrecompiledModules/SwiftUICore-2XTU3I7HKGE8CEX62QADK9TBR.pcm

SwiftExplicitDependencyGeneratePcm arm64 /tmp/block-editor-prototype-focus-build/SDKExplicitPrecompiledModules/UIKit-CQUX69ESIKQ8PQ6T5DZN1AS8R.pcm

SwiftDriverJobDiscovery normal arm64 Compiling WritingSession.swift (in target 'BlockEditorCore' from project 'BlockEditor')

SwiftDriver\ Compilation BlockEditorCore normal arm64 com.apple.xcode.tools.swift.compiler (in target 'BlockEditorCore' from project 'BlockEditor')
    cd /tmp/block-editor-prototype-input-focus/Examples/ModernInteractionPrototype/ModernInteractionPrototype.xcodeproj
    builtin-Swift-Compilation -- /Applications/Xcode.app/Contents/Developer/Toolchains/XcodeDefault.xctoolchain/usr/bin/swiftc -parse-as-library -module-name BlockEditorCore -Onone @/tmp/block-editor-prototype-focus-build/Build/Intermediates.noindex/BlockEditor.build/Debug-iphonesimulator/BlockEditorCore-t.build/Objects-normal/arm64/BlockEditorCore.SwiftFileList -DSWIFT_PACKAGE -DDEBUG -DSWIFT_MODULE_RESOURCE_BUNDLE_UNAVAILABLE -DXcode -plugin-path /Applications/Xcode.app/Contents/Developer/Toolchains/XcodeDefault.xctoolchain/usr/lib/swift/host/plugins/testing -enable-experimental-feature DebugDescriptionMacro -sdk /Applications/Xcode.app/Contents/Developer/Platforms/iPhoneSimulator.platform/Developer/SDKs/iPhoneSimulator27.0.sdk -target arm64-apple-ios26.0-simulator -g -module-cache-path /tmp/block-editor-prototype-focus-build/ModuleCache.noindex -Xfrontend -serialize-debugging-options -enable-testing -index-store-path /tmp/block-editor-prototype-focus-build/Index.noindex/DataStore -Xcc -D_LIBCPP_HARDENING_MODE\=_LIBCPP_HARDENING_MODE_DEBUG -swift-version 6 -I /tmp/block-editor-prototype-focus-build/Build/Products/Debug-iphonesimulator -Isystem /Applications/Xcode.app/Contents/Developer/Platforms/iPhoneSimulator.platform/Developer/usr/lib -F /tmp/block-editor-prototype-focus-build/Build/Products/Debug-iphonesimulator -F /Applications/Xcode.app/Contents/Developer/Platforms/iPhoneSimulator.platform/Developer/Library/Frameworks -F /Applications/Xcode.app/Contents/Developer/Platforms/iPhoneSimulator.platform/Developer/SDKs/iPhoneSimulator27.0.sdk/Developer/Library/Frameworks -c -j14 -enable-batch-mode -incremental -Xcc -ivfsstatcache -Xcc /tmp/block-editor-prototype-focus-build/SDKStatCaches.noindex/iphonesimulator27.0-24A430-e829b21a6f8c9b70876ba0858053c0448dc58220667be655e1bcc261a7455254.sdkstatcache -output-file-map /tmp/block-editor-prototype-focus-build/Build/Intermediates.noindex/BlockEditor.build/Debug-iphonesimulator/BlockEditorCore-t.build/Objects-normal/arm64/BlockEditorCore-OutputFileMap.json -save-temps -no-color-diagnostics -explicit-module-build -module-cache-path /tmp/block-editor-prototype-focus-build/Build/Intermediates.noindex/SwiftExplicitPrecompiledModules -clang-scanner-module-cache-path /tmp/block-editor-prototype-focus-build/ModuleCache.noindex -sdk-module-cache-path /tmp/block-editor-prototype-focus-build/SDKExplicitPrecompiledModules -emit-dependencies -emit-module -emit-module-path /tmp/block-editor-prototype-focus-build/Build/Intermediates.noindex/BlockEditor.build/Debug-iphonesimulator/BlockEditorCore-t.build/Objects-normal/arm64/BlockEditorCore.swiftmodule -serialize-diagnostics -dependency-scan-serialize-diagnostics-path /tmp/block-editor-prototype-focus-build/Build/Intermediates.noindex/BlockEditor.build/Debug-iphonesimulator/BlockEditorCore-t.build/Objects-normal/arm64/BlockEditorCore-dependency-scan.dia -validate-clang-modules-once -clang-build-session-file /tmp/block-editor-prototype-focus-build/ModuleCache.noindex/Session.modulevalidation -Xcc -fmodules-prune-interval\=86400 -Xcc -fmodules-prune-after\=345600 -package-name block_editor_prototype_input_focus -emit-const-values -const-gather-protocols-list /tmp/block-editor-prototype-focus-build/Build/Intermediates.noindex/BlockEditor.build/Debug-iphonesimulator/BlockEditorCore-t.build/Objects-normal/arm64/BlockEditorCore_const_extract_protocols.json -Xcc -I/tmp/block-editor-prototype-focus-build/Build/Products/Debug-iphonesimulator/include -Xcc -I/tmp/block-editor-prototype-focus-build/Build/Intermediates.noindex/BlockEditor.build/Debug-iphonesimulator/BlockEditorCore-t.build/DerivedSources-normal/arm64 -Xcc -I/tmp/block-editor-prototype-focus-build/Build/Intermediates.noindex/BlockEditor.build/Debug-iphonesimulator/BlockEditorCore-t.build/DerivedSources/arm64 -Xcc -I/tmp/block-editor-prototype-focus-build/Build/Intermediates.noindex/BlockEditor.build/Debug-iphonesimulator/BlockEditorCore-t.build/DerivedSources -Xcc -DSWIFT_PACKAGE -Xcc -DDEBUG\=1 -emit-objc-header -emit-objc-header-path /tmp/block-editor-prototype-focus-build/Build/Intermediates.noindex/BlockEditor.build/Debug-iphonesimulator/BlockEditorCore-t.build/Objects-normal/arm64/BlockEditorCore-Swift.h -working-directory /tmp/block-editor-prototype-input-focus/Examples/ModernInteractionPrototype/ModernInteractionPrototype.xcodeproj -experimental-emit-module-separately -disable-cmo

Ld /tmp/block-editor-prototype-focus-build/Build/Products/Debug-iphonesimulator/BlockEditorCore.o normal (in target 'BlockEditorCore' from project 'BlockEditor')
    cd /tmp/block-editor-prototype-input-focus
    /Applications/Xcode.app/Contents/Developer/Toolchains/XcodeDefault.xctoolchain/usr/bin/clang -Xlinker -reproducible -target arm64-apple-ios26.0-simulator -r -isysroot /Applications/Xcode.app/Contents/Developer/Platforms/iPhoneSimulator.platform/Developer/SDKs/iPhoneSimulator27.0.sdk -O0 -Xlinker -no_warn_duplicate_libraries -F/tmp/block-editor-prototype-focus-build/Build/Intermediates.noindex/EagerLinkingTBDs/Debug-iphonesimulator -F/tmp/block-editor-prototype-focus-build/Build/Products/Debug-iphonesimulator -iframework /Applications/Xcode.app/Contents/Developer/Platforms/iPhoneSimulator.platform/Developer/Library/Frameworks -iframework /Applications/Xcode.app/Contents/Developer/Platforms/iPhoneSimulator.platform/Developer/SDKs/iPhoneSimulator27.0.sdk/Developer/Library/Frameworks -filelist /tmp/block-editor-prototype-focus-build/Build/Intermediates.noindex/BlockEditor.build/Debug-iphonesimulator/BlockEditorCore-t.build/Objects-normal/arm64/BlockEditorCore.LinkFileList -nostdlib -Xlinker -object_path_lto -Xlinker /tmp/block-editor-prototype-focus-build/Build/Intermediates.noindex/BlockEditor.build/Debug-iphonesimulator/BlockEditorCore-t.build/Objects-normal/arm64/BlockEditorCore_lto.o -Xlinker -no_deduplicate -Xlinker -objc_abi_version -Xlinker 2 -Xlinker -dependency_info -Xlinker /tmp/block-editor-prototype-focus-build/Build/Intermediates.noindex/BlockEditor.build/Debug-iphonesimulator/BlockEditorCore-t.build/Objects-normal/arm64/BlockEditorCore_dependency_info.dat -fobjc-link-runtime -L/Applications/Xcode.app/Contents/Developer/Toolchains/XcodeDefault.xctoolchain/usr/lib/swift/iphonesimulator -L/usr/lib/swift -Xlinker -add_ast_path -Xlinker /tmp/block-editor-prototype-focus-build/Build/Intermediates.noindex/BlockEditor.build/Debug-iphonesimulator/BlockEditorCore-t.build/Objects-normal/arm64/BlockEditorCore.swiftmodule -o /tmp/block-editor-prototype-focus-build/Build/Products/Debug-iphonesimulator/BlockEditorCore.o

ExtractAppIntentsMetadata (in target 'BlockEditorCore' from project 'BlockEditor')
    cd /tmp/block-editor-prototype-input-focus
    /Applications/Xcode.app/Contents/Developer/Toolchains/XcodeDefault.xctoolchain/usr/bin/appintentsmetadataprocessor --toolchain-dir /var/run/com.apple.security.cryptexd/mnt/com.apple.MobileAsset.MetalToolchain-v27.1.266.1.aQZs6I/Metal.xctoolchain --module-name BlockEditorCore --sdk-root /Applications/Xcode.app/Contents/Developer/Platforms/iPhoneSimulator.platform/Developer/SDKs/iPhoneSimulator27.0.sdk --xcode-version 27A266a --platform-family iOS --deployment-target 26.0 --bundle-identifier block-editor-prototype-input-focus.BlockEditorCore --output /tmp/block-editor-prototype-focus-build/Build/Products/Debug-iphonesimulator/BlockEditorCore.appintents --target-triple arm64-apple-ios26.0-simulator --binary-file /tmp/block-editor-prototype-focus-build/Build/Products/Debug-iphonesimulator/BlockEditorCore.o --dependency-file /tmp/block-editor-prototype-focus-build/Build/Intermediates.noindex/BlockEditor.build/Debug-iphonesimulator/BlockEditorCore-t.build/Objects-normal/arm64/BlockEditorCore_dependency_info.dat --stringsdata-file /tmp/block-editor-prototype-focus-build/Build/Intermediates.noindex/BlockEditor.build/Debug-iphonesimulator/BlockEditorCore-t.build/Objects-normal/arm64/ExtractedAppShortcutsMetadata.stringsdata --source-file-list /tmp/block-editor-prototype-focus-build/Build/Intermediates.noindex/BlockEditor.build/Debug-iphonesimulator/BlockEditorCore-t.build/Objects-normal/arm64/BlockEditorCore.SwiftFileList --metadata-file-list /tmp/block-editor-prototype-focus-build/Build/Intermediates.noindex/BlockEditor.build/Debug-iphonesimulator/BlockEditorCore-t.build/BlockEditorCore.DependencyMetadataFileList --static-metadata-file-list /tmp/block-editor-prototype-focus-build/Build/Intermediates.noindex/BlockEditor.build/Debug-iphonesimulator/BlockEditorCore-t.build/BlockEditorCore.DependencyStaticMetadataFileList --swift-const-vals-list /tmp/block-editor-prototype-focus-build/Build/Intermediates.noindex/BlockEditor.build/Debug-iphonesimulator/BlockEditorCore-t.build/Objects-normal/arm64/BlockEditorCore.SwiftConstValuesFileList --force --compile-time-extraction --deployment-aware-processing --no-app-shortcuts-localization
2026-10-05 22:17:33.348 appintentsmetadataprocessor[39299:17768597] Starting appintentsmetadataprocessor export
2026-10-05 22:17:33.411 appintentsmetadataprocessor[39299:17768597] Extracted no relevant App Intents symbols, skipping writing output

CpResource /tmp/block-editor-prototype-focus-build/Build/Products/Debug-iphonesimulator/ModernPrototypePhone.app/rich-blocks.json /tmp/block-editor-prototype-input-focus/Examples/AppleDemo/Fixtures/rich-blocks.json (in target 'ModernPrototypePhone' from project 'ModernInteractionPrototype')
    cd /tmp/block-editor-prototype-input-focus/Examples/ModernInteractionPrototype
    builtin-copy -exclude .DS_Store -exclude CVS -exclude .svn -exclude .git -exclude .hg -resolve-src-symlinks /tmp/block-editor-prototype-input-focus/Examples/AppleDemo/Fixtures/rich-blocks.json /tmp/block-editor-prototype-focus-build/Build/Products/Debug-iphonesimulator/ModernPrototypePhone.app

Ld /tmp/block-editor-prototype-focus-build/Build/Products/Debug-iphonesimulator/ModernPrototypePhone.app/__preview.dylib normal (in target 'ModernPrototypePhone' from project 'ModernInteractionPrototype')
    cd /tmp/block-editor-prototype-input-focus/Examples/ModernInteractionPrototype
    /Applications/Xcode.app/Contents/Developer/Toolchains/XcodeDefault.xctoolchain/usr/bin/clang -Xlinker -reproducible -target arm64-apple-ios26.0-simulator -dynamiclib -isysroot /Applications/Xcode.app/Contents/Developer/Platforms/iPhoneSimulator.platform/Developer/SDKs/iPhoneSimulator27.0.sdk -O0 -Xlinker -no_warn_duplicate_libraries -L/tmp/block-editor-prototype-focus-build/Build/Products/Debug-iphonesimulator -F/tmp/block-editor-prototype-focus-build/Build/Products/Debug-iphonesimulator/PackageFrameworks -F/tmp/block-editor-prototype-focus-build/Build/Products/Debug-iphonesimulator -install_name @rpath/ModernPrototypePhone.debug.dylib -Xlinker -dead_strip -rdynamic -Xlinker -no_deduplicate -Xlinker -objc_abi_version -Xlinker 2 -Xlinker -dependency_info -Xlinker /tmp/block-editor-prototype-focus-build/Build/Intermediates.noindex/ModernInteractionPrototype.build/Debug-iphonesimulator/ModernPrototypePhone.build/Objects-normal/arm64/ModernPrototypePhone_dependency_info.dat -o /tmp/block-editor-prototype-focus-build/Build/Products/Debug-iphonesimulator/ModernPrototypePhone.app/__preview.dylib

ProcessInfoPlistFile /tmp/block-editor-prototype-focus-build/Build/Products/Debug-iphonesimulator/ModernPrototypePhone.app/Info.plist /tmp/block-editor-prototype-input-focus/Examples/ModernInteractionPrototype/Generated/ModernPrototypePhone-Info.plist (in target 'ModernPrototypePhone' from project 'ModernInteractionPrototype')
    cd /tmp/block-editor-prototype-input-focus/Examples/ModernInteractionPrototype
    builtin-infoPlistUtility /tmp/block-editor-prototype-input-focus/Examples/ModernInteractionPrototype/Generated/ModernPrototypePhone-Info.plist -producttype com.apple.product-type.application -genpkginfo /tmp/block-editor-prototype-focus-build/Build/Products/Debug-iphonesimulator/ModernPrototypePhone.app/PkgInfo -expandbuildsettings -format binary -platform iphonesimulator -o /tmp/block-editor-prototype-focus-build/Build/Products/Debug-iphonesimulator/ModernPrototypePhone.app/Info.plist

SwiftExplicitDependencyGeneratePcm arm64 /tmp/block-editor-prototype-focus-build/SDKExplicitPrecompiledModules/SwiftUI-BX67FVXP1CO78OU4IQ3DF61WT.pcm

SwiftCompile normal arm64 Compiling\ ReviewApp.swift /tmp/block-editor-prototype-input-focus/Examples/ModernInteractionPrototype/App/ReviewApp.swift (in target 'ModernPrototypePhone' from project 'ModernInteractionPrototype')

SwiftCompile normal arm64 /tmp/block-editor-prototype-input-focus/Examples/ModernInteractionPrototype/App/ReviewApp.swift (in target 'ModernPrototypePhone' from project 'ModernInteractionPrototype')
    cd /tmp/block-editor-prototype-input-focus/Examples/ModernInteractionPrototype
    builtin-SwiftPerFileCompile ReviewApp.swift

SwiftEmitModule normal arm64 Emitting\ module\ for\ ModernPrototypePhone (in target 'ModernPrototypePhone' from project 'ModernInteractionPrototype')

SwiftCompile normal arm64 (in target 'ModernPrototypePhone' from project 'ModernInteractionPrototype')
    cd /tmp/block-editor-prototype-input-focus/Examples/ModernInteractionPrototype
    

SwiftCompile normal arm64 Compiling\ ReviewModel.swift /tmp/block-editor-prototype-input-focus/Examples/ModernInteractionPrototype/App/ReviewModel.swift (in target 'ModernPrototypePhone' from project 'ModernInteractionPrototype')

SwiftCompile normal arm64 /tmp/block-editor-prototype-input-focus/Examples/ModernInteractionPrototype/App/ReviewModel.swift (in target 'ModernPrototypePhone' from project 'ModernInteractionPrototype')
    cd /tmp/block-editor-prototype-input-focus/Examples/ModernInteractionPrototype
    builtin-SwiftPerFileCompile ReviewModel.swift

SwiftCompile normal arm64 Compiling\ ReviewInput.swift /tmp/block-editor-prototype-input-focus/Examples/ModernInteractionPrototype/App/ReviewInput.swift (in target 'ModernPrototypePhone' from project 'ModernInteractionPrototype')

SwiftCompile normal arm64 /tmp/block-editor-prototype-input-focus/Examples/ModernInteractionPrototype/App/ReviewInput.swift (in target 'ModernPrototypePhone' from project 'ModernInteractionPrototype')
    cd /tmp/block-editor-prototype-input-focus/Examples/ModernInteractionPrototype
    builtin-SwiftPerFileCompile ReviewInput.swift

SwiftDriverJobDiscovery normal arm64 Emitting module for ModernPrototypePhone (in target 'ModernPrototypePhone' from project 'ModernInteractionPrototype')

SwiftDriver\ Compilation\ Requirements ModernPrototypePhone normal arm64 com.apple.xcode.tools.swift.compiler (in target 'ModernPrototypePhone' from project 'ModernInteractionPrototype')
    cd /tmp/block-editor-prototype-input-focus/Examples/ModernInteractionPrototype
    builtin-Swift-Compilation-Requirements -- /Applications/Xcode.app/Contents/Developer/Toolchains/XcodeDefault.xctoolchain/usr/bin/swiftc -module-name ModernPrototypePhone -Onone @/tmp/block-editor-prototype-focus-build/Build/Intermediates.noindex/ModernInteractionPrototype.build/Debug-iphonesimulator/ModernPrototypePhone.build/Objects-normal/arm64/ModernPrototypePhone.SwiftFileList -DDEBUG -enable-experimental-feature DebugDescriptionMacro -sdk /Applications/Xcode.app/Contents/Developer/Platforms/iPhoneSimulator.platform/Developer/SDKs/iPhoneSimulator27.0.sdk -target arm64-apple-ios26.0-simulator -g -module-cache-path /tmp/block-editor-prototype-focus-build/ModuleCache.noindex -Xfrontend -serialize-debugging-options -enable-testing -index-store-path /tmp/block-editor-prototype-focus-build/Index.noindex/DataStore -Xcc -D_LIBCPP_HARDENING_MODE\=_LIBCPP_HARDENING_MODE_DEBUG -swift-version 6 -I /tmp/block-editor-prototype-focus-build/Build/Products/Debug-iphonesimulator -F /tmp/block-editor-prototype-focus-build/Build/Products/Debug-iphonesimulator/PackageFrameworks -F /tmp/block-editor-prototype-focus-build/Build/Products/Debug-iphonesimulator -c -j14 -enable-batch-mode -incremental -Xcc -ivfsstatcache -Xcc /tmp/block-editor-prototype-focus-build/SDKStatCaches.noindex/iphonesimulator27.0-24A430-e829b21a6f8c9b70876ba0858053c0448dc58220667be655e1bcc261a7455254.sdkstatcache -output-file-map /tmp/block-editor-prototype-focus-build/Build/Intermediates.noindex/ModernInteractionPrototype.build/Debug-iphonesimulator/ModernPrototypePhone.build/Objects-normal/arm64/ModernPrototypePhone-OutputFileMap.json -save-temps -no-color-diagnostics -explicit-module-build -module-cache-path /tmp/block-editor-prototype-focus-build/Build/Intermediates.noindex/SwiftExplicitPrecompiledModules -clang-scanner-module-cache-path /tmp/block-editor-prototype-focus-build/ModuleCache.noindex -sdk-module-cache-path /tmp/block-editor-prototype-focus-build/SDKExplicitPrecompiledModules -emit-dependencies -emit-module -emit-module-path /tmp/block-editor-prototype-focus-build/Build/Intermediates.noindex/ModernInteractionPrototype.build/Debug-iphonesimulator/ModernPrototypePhone.build/Objects-normal/arm64/ModernPrototypePhone.swiftmodule -serialize-diagnostics -dependency-scan-serialize-diagnostics-path /tmp/block-editor-prototype-focus-build/Build/Intermediates.noindex/ModernInteractionPrototype.build/Debug-iphonesimulator/ModernPrototypePhone.build/Objects-normal/arm64/ModernPrototypePhone-dependency-scan.dia -validate-clang-modules-once -clang-build-session-file /tmp/block-editor-prototype-focus-build/ModuleCache.noindex/Session.modulevalidation -Xcc -fmodules-prune-interval\=86400 -Xcc -fmodules-prune-after\=345600 -emit-const-values -const-gather-protocols-list /tmp/block-editor-prototype-focus-build/Build/Intermediates.noindex/ModernInteractionPrototype.build/Debug-iphonesimulator/ModernPrototypePhone.build/Objects-normal/arm64/ModernPrototypePhone_const_extract_protocols.json -Xcc -iquote -Xcc /tmp/block-editor-prototype-focus-build/Build/Intermediates.noindex/ModernInteractionPrototype.build/Debug-iphonesimulator/ModernPrototypePhone.build/ModernPrototypePhone-generated-files.hmap -Xcc -I/tmp/block-editor-prototype-focus-build/Build/Intermediates.noindex/ModernInteractionPrototype.build/Debug-iphonesimulator/ModernPrototypePhone.build/ModernPrototypePhone-own-target-headers.hmap -Xcc -I/tmp/block-editor-prototype-focus-build/Build/Intermediates.noindex/ModernInteractionPrototype.build/Debug-iphonesimulator/ModernPrototypePhone.build/ModernPrototypePhone-all-non-framework-target-headers.hmap -Xcc -ivfsoverlay -Xcc /tmp/block-editor-prototype-focus-build/Build/Intermediates.noindex/ModernInteractionPrototype.build/Debug-iphonesimulator/ModernInteractionPrototype-84df574b66901626253df89225d17f87-VFS-iphonesimulator/all-product-headers.yaml -Xcc -iquote -Xcc /tmp/block-editor-prototype-focus-build/Build/Intermediates.noindex/ModernInteractionPrototype.build/Debug-iphonesimulator/ModernPrototypePhone.build/ModernPrototypePhone-project-headers.hmap -Xcc -I/tmp/block-editor-prototype-focus-build/Build/Products/Debug-iphonesimulator/include -Xcc -I/tmp/block-editor-prototype-focus-build/Build/Intermediates.noindex/ModernInteractionPrototype.build/Debug-iphonesimulator/ModernPrototypePhone.build/DerivedSources-normal/arm64 -Xcc -I/tmp/block-editor-prototype-focus-build/Build/Intermediates.noindex/ModernInteractionPrototype.build/Debug-iphonesimulator/ModernPrototypePhone.build/DerivedSources/arm64 -Xcc -I/tmp/block-editor-prototype-focus-build/Build/Intermediates.noindex/ModernInteractionPrototype.build/Debug-iphonesimulator/ModernPrototypePhone.build/DerivedSources -Xcc -DDEBUG\=1 -emit-objc-header -emit-objc-header-path /tmp/block-editor-prototype-focus-build/Build/Intermediates.noindex/ModernInteractionPrototype.build/Debug-iphonesimulator/ModernPrototypePhone.build/Objects-normal/arm64/ModernPrototypePhone-Swift.h -working-directory /tmp/block-editor-prototype-input-focus/Examples/ModernInteractionPrototype -experimental-emit-module-separately -disable-cmo

SwiftMergeGeneratedHeaders /tmp/block-editor-prototype-focus-build/Build/Intermediates.noindex/ModernInteractionPrototype.build/Debug-iphonesimulator/ModernPrototypePhone.build/DerivedSources/ModernPrototypePhone-Swift.h /tmp/block-editor-prototype-focus-build/Build/Intermediates.noindex/ModernInteractionPrototype.build/Debug-iphonesimulator/ModernPrototypePhone.build/Objects-normal/arm64/ModernPrototypePhone-Swift.h (in target 'ModernPrototypePhone' from project 'ModernInteractionPrototype')
    cd /tmp/block-editor-prototype-input-focus/Examples/ModernInteractionPrototype
    builtin-swiftHeaderTool -arch arm64 /tmp/block-editor-prototype-focus-build/Build/Intermediates.noindex/ModernInteractionPrototype.build/Debug-iphonesimulator/ModernPrototypePhone.build/Objects-normal/arm64/ModernPrototypePhone-Swift.h -o /tmp/block-editor-prototype-focus-build/Build/Intermediates.noindex/ModernInteractionPrototype.build/Debug-iphonesimulator/ModernPrototypePhone.build/DerivedSources/ModernPrototypePhone-Swift.h

Copy /tmp/block-editor-prototype-focus-build/Build/Products/Debug-iphonesimulator/ModernPrototypePhone.swiftmodule/arm64-apple-ios-simulator.swiftmodule /tmp/block-editor-prototype-focus-build/Build/Intermediates.noindex/ModernInteractionPrototype.build/Debug-iphonesimulator/ModernPrototypePhone.build/Objects-normal/arm64/ModernPrototypePhone.swiftmodule (in target 'ModernPrototypePhone' from project 'ModernInteractionPrototype')
    cd /tmp/block-editor-prototype-input-focus/Examples/ModernInteractionPrototype
    builtin-copy -exclude .DS_Store -exclude CVS -exclude .svn -exclude .git -exclude .hg -resolve-src-symlinks -rename /tmp/block-editor-prototype-focus-build/Build/Intermediates.noindex/ModernInteractionPrototype.build/Debug-iphonesimulator/ModernPrototypePhone.build/Objects-normal/arm64/ModernPrototypePhone.swiftmodule /tmp/block-editor-prototype-focus-build/Build/Products/Debug-iphonesimulator/ModernPrototypePhone.swiftmodule/arm64-apple-ios-simulator.swiftmodule

Copy /tmp/block-editor-prototype-focus-build/Build/Products/Debug-iphonesimulator/ModernPrototypePhone.swiftmodule/arm64-apple-ios-simulator.abi.json /tmp/block-editor-prototype-focus-build/Build/Intermediates.noindex/ModernInteractionPrototype.build/Debug-iphonesimulator/ModernPrototypePhone.build/Objects-normal/arm64/ModernPrototypePhone.abi.json (in target 'ModernPrototypePhone' from project 'ModernInteractionPrototype')
    cd /tmp/block-editor-prototype-input-focus/Examples/ModernInteractionPrototype
    builtin-copy -exclude .DS_Store -exclude CVS -exclude .svn -exclude .git -exclude .hg -resolve-src-symlinks -rename /tmp/block-editor-prototype-focus-build/Build/Intermediates.noindex/ModernInteractionPrototype.build/Debug-iphonesimulator/ModernPrototypePhone.build/Objects-normal/arm64/ModernPrototypePhone.abi.json /tmp/block-editor-prototype-focus-build/Build/Products/Debug-iphonesimulator/ModernPrototypePhone.swiftmodule/arm64-apple-ios-simulator.abi.json

Copy /tmp/block-editor-prototype-focus-build/Build/Products/Debug-iphonesimulator/ModernPrototypePhone.swiftmodule/arm64-apple-ios-simulator.swiftdoc /tmp/block-editor-prototype-focus-build/Build/Intermediates.noindex/ModernInteractionPrototype.build/Debug-iphonesimulator/ModernPrototypePhone.build/Objects-normal/arm64/ModernPrototypePhone.swiftdoc (in target 'ModernPrototypePhone' from project 'ModernInteractionPrototype')
    cd /tmp/block-editor-prototype-input-focus/Examples/ModernInteractionPrototype
    builtin-copy -exclude .DS_Store -exclude CVS -exclude .svn -exclude .git -exclude .hg -resolve-src-symlinks -rename /tmp/block-editor-prototype-focus-build/Build/Intermediates.noindex/ModernInteractionPrototype.build/Debug-iphonesimulator/ModernPrototypePhone.build/Objects-normal/arm64/ModernPrototypePhone.swiftdoc /tmp/block-editor-prototype-focus-build/Build/Products/Debug-iphonesimulator/ModernPrototypePhone.swiftmodule/arm64-apple-ios-simulator.swiftdoc

Copy /tmp/block-editor-prototype-focus-build/Build/Products/Debug-iphonesimulator/ModernPrototypePhone.swiftmodule/Project/arm64-apple-ios-simulator.swiftsourceinfo /tmp/block-editor-prototype-focus-build/Build/Intermediates.noindex/ModernInteractionPrototype.build/Debug-iphonesimulator/ModernPrototypePhone.build/Objects-normal/arm64/ModernPrototypePhone.swiftsourceinfo (in target 'ModernPrototypePhone' from project 'ModernInteractionPrototype')
    cd /tmp/block-editor-prototype-input-focus/Examples/ModernInteractionPrototype
    builtin-copy -exclude .DS_Store -exclude CVS -exclude .svn -exclude .git -exclude .hg -resolve-src-symlinks -rename /tmp/block-editor-prototype-focus-build/Build/Intermediates.noindex/ModernInteractionPrototype.build/Debug-iphonesimulator/ModernPrototypePhone.build/Objects-normal/arm64/ModernPrototypePhone.swiftsourceinfo /tmp/block-editor-prototype-focus-build/Build/Products/Debug-iphonesimulator/ModernPrototypePhone.swiftmodule/Project/arm64-apple-ios-simulator.swiftsourceinfo

SwiftDriver ModernPrototypePhoneTests normal arm64 com.apple.xcode.tools.swift.compiler (in target 'ModernPrototypePhoneTests' from project 'ModernInteractionPrototype')
    cd /tmp/block-editor-prototype-input-focus/Examples/ModernInteractionPrototype
    builtin-SwiftDriver -- /Applications/Xcode.app/Contents/Developer/Toolchains/XcodeDefault.xctoolchain/usr/bin/swiftc -module-name ModernPrototypePhoneTests -Onone @/tmp/block-editor-prototype-focus-build/Build/Intermediates.noindex/ModernInteractionPrototype.build/Debug-iphonesimulator/ModernPrototypePhoneTests.build/Objects-normal/arm64/ModernPrototypePhoneTests.SwiftFileList -DDEBUG -module-alias Testing\=_Testing_Unavailable -plugin-path /Applications/Xcode.app/Contents/Developer/Toolchains/XcodeDefault.xctoolchain/usr/lib/swift/host/plugins/testing -enable-experimental-feature DebugDescriptionMacro -sdk /Applications/Xcode.app/Contents/Developer/Platforms/iPhoneSimulator.platform/Developer/SDKs/iPhoneSimulator27.0.sdk -target arm64-apple-ios26.0-simulator -g -module-cache-path /tmp/block-editor-prototype-focus-build/ModuleCache.noindex -Xfrontend -serialize-debugging-options -enable-testing -index-store-path /tmp/block-editor-prototype-focus-build/Index.noindex/DataStore -Xcc -D_LIBCPP_HARDENING_MODE\=_LIBCPP_HARDENING_MODE_DEBUG -swift-version 6 -I /tmp/block-editor-prototype-focus-build/Build/Products/Debug-iphonesimulator -Isystem /Applications/Xcode.app/Contents/Developer/Platforms/iPhoneSimulator.platform/Developer/usr/lib -F /tmp/block-editor-prototype-focus-build/Build/Products/Debug-iphonesimulator -F /Applications/Xcode.app/Contents/Developer/Platforms/iPhoneSimulator.platform/Developer/Library/Frameworks -F /Applications/Xcode.app/Contents/Developer/Platforms/iPhoneSimulator.platform/Developer/SDKs/iPhoneSimulator27.0.sdk/Developer/Library/Frameworks -parse-as-library -c -j14 -enable-batch-mode -incremental -Xcc -ivfsstatcache -Xcc /tmp/block-editor-prototype-focus-build/SDKStatCaches.noindex/iphonesimulator27.0-24A430-e829b21a6f8c9b70876ba0858053c0448dc58220667be655e1bcc261a7455254.sdkstatcache -output-file-map /tmp/block-editor-prototype-focus-build/Build/Intermediates.noindex/ModernInteractionPrototype.build/Debug-iphonesimulator/ModernPrototypePhoneTests.build/Objects-normal/arm64/ModernPrototypePhoneTests-OutputFileMap.json -save-temps -no-color-diagnostics -explicit-module-build -module-cache-path /tmp/block-editor-prototype-focus-build/Build/Intermediates.noindex/SwiftExplicitPrecompiledModules -clang-scanner-module-cache-path /tmp/block-editor-prototype-focus-build/ModuleCache.noindex -sdk-module-cache-path /tmp/block-editor-prototype-focus-build/SDKExplicitPrecompiledModules -emit-dependencies -emit-module -emit-module-path /tmp/block-editor-prototype-focus-build/Build/Intermediates.noindex/ModernInteractionPrototype.build/Debug-iphonesimulator/ModernPrototypePhoneTests.build/Objects-normal/arm64/ModernPrototypePhoneTests.swiftmodule -serialize-diagnostics -dependency-scan-serialize-diagnostics-path /tmp/block-editor-prototype-focus-build/Build/Intermediates.noindex/ModernInteractionPrototype.build/Debug-iphonesimulator/ModernPrototypePhoneTests.build/Objects-normal/arm64/ModernPrototypePhoneTests-dependency-scan.dia -validate-clang-modules-once -clang-build-session-file /tmp/block-editor-prototype-focus-build/ModuleCache.noindex/Session.modulevalidation -Xcc -fmodules-prune-interval\=86400 -Xcc -fmodules-prune-after\=345600 -emit-const-values -const-gather-protocols-list /tmp/block-editor-prototype-focus-build/Build/Intermediates.noindex/ModernInteractionPrototype.build/Debug-iphonesimulator/ModernPrototypePhoneTests.build/Objects-normal/arm64/ModernPrototypePhoneTests_const_extract_protocols.json -Xcc -iquote -Xcc /tmp/block-editor-prototype-focus-build/Build/Intermediates.noindex/ModernInteractionPrototype.build/Debug-iphonesimulator/ModernPrototypePhoneTests.build/ModernPrototypePhoneTests-generated-files.hmap -Xcc -I/tmp/block-editor-prototype-focus-build/Build/Intermediates.noindex/ModernInteractionPrototype.build/Debug-iphonesimulator/ModernPrototypePhoneTests.build/ModernPrototypePhoneTests-own-target-headers.hmap -Xcc -I/tmp/block-editor-prototype-focus-build/Build/Intermediates.noindex/ModernInteractionPrototype.build/Debug-iphonesimulator/ModernPrototypePhoneTests.build/ModernPrototypePhoneTests-all-non-framework-target-headers.hmap -Xcc -ivfsoverlay -Xcc /tmp/block-editor-prototype-focus-build/Build/Intermediates.noindex/ModernInteractionPrototype.build/Debug-iphonesimulator/ModernInteractionPrototype-84df574b66901626253df89225d17f87-VFS-iphonesimulator/all-product-headers.yaml -Xcc -iquote -Xcc /tmp/block-editor-prototype-focus-build/Build/Intermediates.noindex/ModernInteractionPrototype.build/Debug-iphonesimulator/ModernPrototypePhoneTests.build/ModernPrototypePhoneTests-project-headers.hmap -Xcc -I/tmp/block-editor-prototype-focus-build/Build/Products/Debug-iphonesimulator/include -Xcc -I/tmp/block-editor-prototype-focus-build/Build/Intermediates.noindex/ModernInteractionPrototype.build/Debug-iphonesimulator/ModernPrototypePhoneTests.build/DerivedSources-normal/arm64 -Xcc -I/tmp/block-editor-prototype-focus-build/Build/Intermediates.noindex/ModernInteractionPrototype.build/Debug-iphonesimulator/ModernPrototypePhoneTests.build/DerivedSources/arm64 -Xcc -I/tmp/block-editor-prototype-focus-build/Build/Intermediates.noindex/ModernInteractionPrototype.build/Debug-iphonesimulator/ModernPrototypePhoneTests.build/DerivedSources -Xcc -DDEBUG\=1 -emit-objc-header -emit-objc-header-path /tmp/block-editor-prototype-focus-build/Build/Intermediates.noindex/ModernInteractionPrototype.build/Debug-iphonesimulator/ModernPrototypePhoneTests.build/Objects-normal/arm64/ModernPrototypePhoneTests-Swift.h -working-directory /tmp/block-editor-prototype-input-focus/Examples/ModernInteractionPrototype -experimental-emit-module-separately -disable-cmo

SwiftExplicitDependencyGeneratePcm arm64 /tmp/block-editor-prototype-focus-build/Build/Intermediates.noindex/SwiftExplicitPrecompiledModules/XCUIAutomation-6GOKA7IJJGET8QSVQ2LSNFN4V.pcm

SwiftDriverJobDiscovery normal arm64 Compiling ReviewModel.swift (in target 'ModernPrototypePhone' from project 'ModernInteractionPrototype')

SwiftExplicitDependencyCompileModuleFromInterface arm64 /tmp/block-editor-prototype-focus-build/Build/Intermediates.noindex/SwiftExplicitPrecompiledModules/XCUIAutomation-5BN2DPE21MKU.swiftmodule

SwiftExplicitDependencyGeneratePcm arm64 /tmp/block-editor-prototype-focus-build/Build/Intermediates.noindex/SwiftExplicitPrecompiledModules/XCTest-6XCUOIO3DK2M605KSGR68Y631.pcm

SwiftExplicitDependencyCompileModuleFromInterface arm64 /tmp/block-editor-prototype-focus-build/Build/Intermediates.noindex/SwiftExplicitPrecompiledModules/XCTest-3UED0KGOOJ4ER.swiftmodule

SwiftCompile normal arm64 Compiling\ InteractionReviewTests.swift /tmp/block-editor-prototype-input-focus/Examples/ModernInteractionPrototype/UITests/InteractionReviewTests.swift (in target 'ModernPrototypePhoneTests' from project 'ModernInteractionPrototype')

SwiftCompile normal arm64 /tmp/block-editor-prototype-input-focus/Examples/ModernInteractionPrototype/UITests/InteractionReviewTests.swift (in target 'ModernPrototypePhoneTests' from project 'ModernInteractionPrototype')
    cd /tmp/block-editor-prototype-input-focus/Examples/ModernInteractionPrototype
    builtin-SwiftPerFileCompile InteractionReviewTests.swift

SwiftEmitModule normal arm64 Emitting\ module\ for\ ModernPrototypePhoneTests (in target 'ModernPrototypePhoneTests' from project 'ModernInteractionPrototype')

SwiftCompile normal arm64 (in target 'ModernPrototypePhoneTests' from project 'ModernInteractionPrototype')
    cd /tmp/block-editor-prototype-input-focus/Examples/ModernInteractionPrototype
    

SwiftDriverJobDiscovery normal arm64 Emitting module for ModernPrototypePhoneTests (in target 'ModernPrototypePhoneTests' from project 'ModernInteractionPrototype')

SwiftDriver\ Compilation\ Requirements ModernPrototypePhoneTests normal arm64 com.apple.xcode.tools.swift.compiler (in target 'ModernPrototypePhoneTests' from project 'ModernInteractionPrototype')
    cd /tmp/block-editor-prototype-input-focus/Examples/ModernInteractionPrototype
    builtin-Swift-Compilation-Requirements -- /Applications/Xcode.app/Contents/Developer/Toolchains/XcodeDefault.xctoolchain/usr/bin/swiftc -module-name ModernPrototypePhoneTests -Onone @/tmp/block-editor-prototype-focus-build/Build/Intermediates.noindex/ModernInteractionPrototype.build/Debug-iphonesimulator/ModernPrototypePhoneTests.build/Objects-normal/arm64/ModernPrototypePhoneTests.SwiftFileList -DDEBUG -module-alias Testing\=_Testing_Unavailable -plugin-path /Applications/Xcode.app/Contents/Developer/Toolchains/XcodeDefault.xctoolchain/usr/lib/swift/host/plugins/testing -enable-experimental-feature DebugDescriptionMacro -sdk /Applications/Xcode.app/Contents/Developer/Platforms/iPhoneSimulator.platform/Developer/SDKs/iPhoneSimulator27.0.sdk -target arm64-apple-ios26.0-simulator -g -module-cache-path /tmp/block-editor-prototype-focus-build/ModuleCache.noindex -Xfrontend -serialize-debugging-options -enable-testing -index-store-path /tmp/block-editor-prototype-focus-build/Index.noindex/DataStore -Xcc -D_LIBCPP_HARDENING_MODE\=_LIBCPP_HARDENING_MODE_DEBUG -swift-version 6 -I /tmp/block-editor-prototype-focus-build/Build/Products/Debug-iphonesimulator -Isystem /Applications/Xcode.app/Contents/Developer/Platforms/iPhoneSimulator.platform/Developer/usr/lib -F /tmp/block-editor-prototype-focus-build/Build/Products/Debug-iphonesimulator -F /Applications/Xcode.app/Contents/Developer/Platforms/iPhoneSimulator.platform/Developer/Library/Frameworks -F /Applications/Xcode.app/Contents/Developer/Platforms/iPhoneSimulator.platform/Developer/SDKs/iPhoneSimulator27.0.sdk/Developer/Library/Frameworks -parse-as-library -c -j14 -enable-batch-mode -incremental -Xcc -ivfsstatcache -Xcc /tmp/block-editor-prototype-focus-build/SDKStatCaches.noindex/iphonesimulator27.0-24A430-e829b21a6f8c9b70876ba0858053c0448dc58220667be655e1bcc261a7455254.sdkstatcache -output-file-map /tmp/block-editor-prototype-focus-build/Build/Intermediates.noindex/ModernInteractionPrototype.build/Debug-iphonesimulator/ModernPrototypePhoneTests.build/Objects-normal/arm64/ModernPrototypePhoneTests-OutputFileMap.json -save-temps -no-color-diagnostics -explicit-module-build -module-cache-path /tmp/block-editor-prototype-focus-build/Build/Intermediates.noindex/SwiftExplicitPrecompiledModules -clang-scanner-module-cache-path /tmp/block-editor-prototype-focus-build/ModuleCache.noindex -sdk-module-cache-path /tmp/block-editor-prototype-focus-build/SDKExplicitPrecompiledModules -emit-dependencies -emit-module -emit-module-path /tmp/block-editor-prototype-focus-build/Build/Intermediates.noindex/ModernInteractionPrototype.build/Debug-iphonesimulator/ModernPrototypePhoneTests.build/Objects-normal/arm64/ModernPrototypePhoneTests.swiftmodule -serialize-diagnostics -dependency-scan-serialize-diagnostics-path /tmp/block-editor-prototype-focus-build/Build/Intermediates.noindex/ModernInteractionPrototype.build/Debug-iphonesimulator/ModernPrototypePhoneTests.build/Objects-normal/arm64/ModernPrototypePhoneTests-dependency-scan.dia -validate-clang-modules-once -clang-build-session-file /tmp/block-editor-prototype-focus-build/ModuleCache.noindex/Session.modulevalidation -Xcc -fmodules-prune-interval\=86400 -Xcc -fmodules-prune-after\=345600 -emit-const-values -const-gather-protocols-list /tmp/block-editor-prototype-focus-build/Build/Intermediates.noindex/ModernInteractionPrototype.build/Debug-iphonesimulator/ModernPrototypePhoneTests.build/Objects-normal/arm64/ModernPrototypePhoneTests_const_extract_protocols.json -Xcc -iquote -Xcc /tmp/block-editor-prototype-focus-build/Build/Intermediates.noindex/ModernInteractionPrototype.build/Debug-iphonesimulator/ModernPrototypePhoneTests.build/ModernPrototypePhoneTests-generated-files.hmap -Xcc -I/tmp/block-editor-prototype-focus-build/Build/Intermediates.noindex/ModernInteractionPrototype.build/Debug-iphonesimulator/ModernPrototypePhoneTests.build/ModernPrototypePhoneTests-own-target-headers.hmap -Xcc -I/tmp/block-editor-prototype-focus-build/Build/Intermediates.noindex/ModernInteractionPrototype.build/Debug-iphonesimulator/ModernPrototypePhoneTests.build/ModernPrototypePhoneTests-all-non-framework-target-headers.hmap -Xcc -ivfsoverlay -Xcc /tmp/block-editor-prototype-focus-build/Build/Intermediates.noindex/ModernInteractionPrototype.build/Debug-iphonesimulator/ModernInteractionPrototype-84df574b66901626253df89225d17f87-VFS-iphonesimulator/all-product-headers.yaml -Xcc -iquote -Xcc /tmp/block-editor-prototype-focus-build/Build/Intermediates.noindex/ModernInteractionPrototype.build/Debug-iphonesimulator/ModernPrototypePhoneTests.build/ModernPrototypePhoneTests-project-headers.hmap -Xcc -I/tmp/block-editor-prototype-focus-build/Build/Products/Debug-iphonesimulator/include -Xcc -I/tmp/block-editor-prototype-focus-build/Build/Intermediates.noindex/ModernInteractionPrototype.build/Debug-iphonesimulator/ModernPrototypePhoneTests.build/DerivedSources-normal/arm64 -Xcc -I/tmp/block-editor-prototype-focus-build/Build/Intermediates.noindex/ModernInteractionPrototype.build/Debug-iphonesimulator/ModernPrototypePhoneTests.build/DerivedSources/arm64 -Xcc -I/tmp/block-editor-prototype-focus-build/Build/Intermediates.noindex/ModernInteractionPrototype.build/Debug-iphonesimulator/ModernPrototypePhoneTests.build/DerivedSources -Xcc -DDEBUG\=1 -emit-objc-header -emit-objc-header-path /tmp/block-editor-prototype-focus-build/Build/Intermediates.noindex/ModernInteractionPrototype.build/Debug-iphonesimulator/ModernPrototypePhoneTests.build/Objects-normal/arm64/ModernPrototypePhoneTests-Swift.h -working-directory /tmp/block-editor-prototype-input-focus/Examples/ModernInteractionPrototype -experimental-emit-module-separately -disable-cmo

SwiftMergeGeneratedHeaders /tmp/block-editor-prototype-focus-build/Build/Intermediates.noindex/ModernInteractionPrototype.build/Debug-iphonesimulator/ModernPrototypePhoneTests.build/DerivedSources/ModernPrototypePhoneTests-Swift.h /tmp/block-editor-prototype-focus-build/Build/Intermediates.noindex/ModernInteractionPrototype.build/Debug-iphonesimulator/ModernPrototypePhoneTests.build/Objects-normal/arm64/ModernPrototypePhoneTests-Swift.h (in target 'ModernPrototypePhoneTests' from project 'ModernInteractionPrototype')
    cd /tmp/block-editor-prototype-input-focus/Examples/ModernInteractionPrototype
    builtin-swiftHeaderTool -arch arm64 /tmp/block-editor-prototype-focus-build/Build/Intermediates.noindex/ModernInteractionPrototype.build/Debug-iphonesimulator/ModernPrototypePhoneTests.build/Objects-normal/arm64/ModernPrototypePhoneTests-Swift.h -o /tmp/block-editor-prototype-focus-build/Build/Intermediates.noindex/ModernInteractionPrototype.build/Debug-iphonesimulator/ModernPrototypePhoneTests.build/DerivedSources/ModernPrototypePhoneTests-Swift.h

Copy /tmp/block-editor-prototype-focus-build/Build/Products/Debug-iphonesimulator/ModernPrototypePhoneTests.swiftmodule/arm64-apple-ios-simulator.swiftmodule /tmp/block-editor-prototype-focus-build/Build/Intermediates.noindex/ModernInteractionPrototype.build/Debug-iphonesimulator/ModernPrototypePhoneTests.build/Objects-normal/arm64/ModernPrototypePhoneTests.swiftmodule (in target 'ModernPrototypePhoneTests' from project 'ModernInteractionPrototype')
    cd /tmp/block-editor-prototype-input-focus/Examples/ModernInteractionPrototype
    builtin-copy -exclude .DS_Store -exclude CVS -exclude .svn -exclude .git -exclude .hg -resolve-src-symlinks -rename /tmp/block-editor-prototype-focus-build/Build/Intermediates.noindex/ModernInteractionPrototype.build/Debug-iphonesimulator/ModernPrototypePhoneTests.build/Objects-normal/arm64/ModernPrototypePhoneTests.swiftmodule /tmp/block-editor-prototype-focus-build/Build/Products/Debug-iphonesimulator/ModernPrototypePhoneTests.swiftmodule/arm64-apple-ios-simulator.swiftmodule

Copy /tmp/block-editor-prototype-focus-build/Build/Products/Debug-iphonesimulator/ModernPrototypePhoneTests.swiftmodule/arm64-apple-ios-simulator.swiftdoc /tmp/block-editor-prototype-focus-build/Build/Intermediates.noindex/ModernInteractionPrototype.build/Debug-iphonesimulator/ModernPrototypePhoneTests.build/Objects-normal/arm64/ModernPrototypePhoneTests.swiftdoc (in target 'ModernPrototypePhoneTests' from project 'ModernInteractionPrototype')
    cd /tmp/block-editor-prototype-input-focus/Examples/ModernInteractionPrototype
    builtin-copy -exclude .DS_Store -exclude CVS -exclude .svn -exclude .git -exclude .hg -resolve-src-symlinks -rename /tmp/block-editor-prototype-focus-build/Build/Intermediates.noindex/ModernInteractionPrototype.build/Debug-iphonesimulator/ModernPrototypePhoneTests.build/Objects-normal/arm64/ModernPrototypePhoneTests.swiftdoc /tmp/block-editor-prototype-focus-build/Build/Products/Debug-iphonesimulator/ModernPrototypePhoneTests.swiftmodule/arm64-apple-ios-simulator.swiftdoc

Copy /tmp/block-editor-prototype-focus-build/Build/Products/Debug-iphonesimulator/ModernPrototypePhoneTests.swiftmodule/arm64-apple-ios-simulator.abi.json /tmp/block-editor-prototype-focus-build/Build/Intermediates.noindex/ModernInteractionPrototype.build/Debug-iphonesimulator/ModernPrototypePhoneTests.build/Objects-normal/arm64/ModernPrototypePhoneTests.abi.json (in target 'ModernPrototypePhoneTests' from project 'ModernInteractionPrototype')
    cd /tmp/block-editor-prototype-input-focus/Examples/ModernInteractionPrototype
    builtin-copy -exclude .DS_Store -exclude CVS -exclude .svn -exclude .git -exclude .hg -resolve-src-symlinks -rename /tmp/block-editor-prototype-focus-build/Build/Intermediates.noindex/ModernInteractionPrototype.build/Debug-iphonesimulator/ModernPrototypePhoneTests.build/Objects-normal/arm64/ModernPrototypePhoneTests.abi.json /tmp/block-editor-prototype-focus-build/Build/Products/Debug-iphonesimulator/ModernPrototypePhoneTests.swiftmodule/arm64-apple-ios-simulator.abi.json

Copy /tmp/block-editor-prototype-focus-build/Build/Products/Debug-iphonesimulator/ModernPrototypePhoneTests.swiftmodule/Project/arm64-apple-ios-simulator.swiftsourceinfo /tmp/block-editor-prototype-focus-build/Build/Intermediates.noindex/ModernInteractionPrototype.build/Debug-iphonesimulator/ModernPrototypePhoneTests.build/Objects-normal/arm64/ModernPrototypePhoneTests.swiftsourceinfo (in target 'ModernPrototypePhoneTests' from project 'ModernInteractionPrototype')
    cd /tmp/block-editor-prototype-input-focus/Examples/ModernInteractionPrototype
    builtin-copy -exclude .DS_Store -exclude CVS -exclude .svn -exclude .git -exclude .hg -resolve-src-symlinks -rename /tmp/block-editor-prototype-focus-build/Build/Intermediates.noindex/ModernInteractionPrototype.build/Debug-iphonesimulator/ModernPrototypePhoneTests.build/Objects-normal/arm64/ModernPrototypePhoneTests.swiftsourceinfo /tmp/block-editor-prototype-focus-build/Build/Products/Debug-iphonesimulator/ModernPrototypePhoneTests.swiftmodule/Project/arm64-apple-ios-simulator.swiftsourceinfo

SwiftDriverJobDiscovery normal arm64 Compiling InteractionReviewTests.swift (in target 'ModernPrototypePhoneTests' from project 'ModernInteractionPrototype')

SwiftDriver\ Compilation ModernPrototypePhoneTests normal arm64 com.apple.xcode.tools.swift.compiler (in target 'ModernPrototypePhoneTests' from project 'ModernInteractionPrototype')
    cd /tmp/block-editor-prototype-input-focus/Examples/ModernInteractionPrototype
    builtin-Swift-Compilation -- /Applications/Xcode.app/Contents/Developer/Toolchains/XcodeDefault.xctoolchain/usr/bin/swiftc -module-name ModernPrototypePhoneTests -Onone @/tmp/block-editor-prototype-focus-build/Build/Intermediates.noindex/ModernInteractionPrototype.build/Debug-iphonesimulator/ModernPrototypePhoneTests.build/Objects-normal/arm64/ModernPrototypePhoneTests.SwiftFileList -DDEBUG -module-alias Testing\=_Testing_Unavailable -plugin-path /Applications/Xcode.app/Contents/Developer/Toolchains/XcodeDefault.xctoolchain/usr/lib/swift/host/plugins/testing -enable-experimental-feature DebugDescriptionMacro -sdk /Applications/Xcode.app/Contents/Developer/Platforms/iPhoneSimulator.platform/Developer/SDKs/iPhoneSimulator27.0.sdk -target arm64-apple-ios26.0-simulator -g -module-cache-path /tmp/block-editor-prototype-focus-build/ModuleCache.noindex -Xfrontend -serialize-debugging-options -enable-testing -index-store-path /tmp/block-editor-prototype-focus-build/Index.noindex/DataStore -Xcc -D_LIBCPP_HARDENING_MODE\=_LIBCPP_HARDENING_MODE_DEBUG -swift-version 6 -I /tmp/block-editor-prototype-focus-build/Build/Products/Debug-iphonesimulator -Isystem /Applications/Xcode.app/Contents/Developer/Platforms/iPhoneSimulator.platform/Developer/usr/lib -F /tmp/block-editor-prototype-focus-build/Build/Products/Debug-iphonesimulator -F /Applications/Xcode.app/Contents/Developer/Platforms/iPhoneSimulator.platform/Developer/Library/Frameworks -F /Applications/Xcode.app/Contents/Developer/Platforms/iPhoneSimulator.platform/Developer/SDKs/iPhoneSimulator27.0.sdk/Developer/Library/Frameworks -parse-as-library -c -j14 -enable-batch-mode -incremental -Xcc -ivfsstatcache -Xcc /tmp/block-editor-prototype-focus-build/SDKStatCaches.noindex/iphonesimulator27.0-24A430-e829b21a6f8c9b70876ba0858053c0448dc58220667be655e1bcc261a7455254.sdkstatcache -output-file-map /tmp/block-editor-prototype-focus-build/Build/Intermediates.noindex/ModernInteractionPrototype.build/Debug-iphonesimulator/ModernPrototypePhoneTests.build/Objects-normal/arm64/ModernPrototypePhoneTests-OutputFileMap.json -save-temps -no-color-diagnostics -explicit-module-build -module-cache-path /tmp/block-editor-prototype-focus-build/Build/Intermediates.noindex/SwiftExplicitPrecompiledModules -clang-scanner-module-cache-path /tmp/block-editor-prototype-focus-build/ModuleCache.noindex -sdk-module-cache-path /tmp/block-editor-prototype-focus-build/SDKExplicitPrecompiledModules -emit-dependencies -emit-module -emit-module-path /tmp/block-editor-prototype-focus-build/Build/Intermediates.noindex/ModernInteractionPrototype.build/Debug-iphonesimulator/ModernPrototypePhoneTests.build/Objects-normal/arm64/ModernPrototypePhoneTests.swiftmodule -serialize-diagnostics -dependency-scan-serialize-diagnostics-path /tmp/block-editor-prototype-focus-build/Build/Intermediates.noindex/ModernInteractionPrototype.build/Debug-iphonesimulator/ModernPrototypePhoneTests.build/Objects-normal/arm64/ModernPrototypePhoneTests-dependency-scan.dia -validate-clang-modules-once -clang-build-session-file /tmp/block-editor-prototype-focus-build/ModuleCache.noindex/Session.modulevalidation -Xcc -fmodules-prune-interval\=86400 -Xcc -fmodules-prune-after\=345600 -emit-const-values -const-gather-protocols-list /tmp/block-editor-prototype-focus-build/Build/Intermediates.noindex/ModernInteractionPrototype.build/Debug-iphonesimulator/ModernPrototypePhoneTests.build/Objects-normal/arm64/ModernPrototypePhoneTests_const_extract_protocols.json -Xcc -iquote -Xcc /tmp/block-editor-prototype-focus-build/Build/Intermediates.noindex/ModernInteractionPrototype.build/Debug-iphonesimulator/ModernPrototypePhoneTests.build/ModernPrototypePhoneTests-generated-files.hmap -Xcc -I/tmp/block-editor-prototype-focus-build/Build/Intermediates.noindex/ModernInteractionPrototype.build/Debug-iphonesimulator/ModernPrototypePhoneTests.build/ModernPrototypePhoneTests-own-target-headers.hmap -Xcc -I/tmp/block-editor-prototype-focus-build/Build/Intermediates.noindex/ModernInteractionPrototype.build/Debug-iphonesimulator/ModernPrototypePhoneTests.build/ModernPrototypePhoneTests-all-non-framework-target-headers.hmap -Xcc -ivfsoverlay -Xcc /tmp/block-editor-prototype-focus-build/Build/Intermediates.noindex/ModernInteractionPrototype.build/Debug-iphonesimulator/ModernInteractionPrototype-84df574b66901626253df89225d17f87-VFS-iphonesimulator/all-product-headers.yaml -Xcc -iquote -Xcc /tmp/block-editor-prototype-focus-build/Build/Intermediates.noindex/ModernInteractionPrototype.build/Debug-iphonesimulator/ModernPrototypePhoneTests.build/ModernPrototypePhoneTests-project-headers.hmap -Xcc -I/tmp/block-editor-prototype-focus-build/Build/Products/Debug-iphonesimulator/include -Xcc -I/tmp/block-editor-prototype-focus-build/Build/Intermediates.noindex/ModernInteractionPrototype.build/Debug-iphonesimulator/ModernPrototypePhoneTests.build/DerivedSources-normal/arm64 -Xcc -I/tmp/block-editor-prototype-focus-build/Build/Intermediates.noindex/ModernInteractionPrototype.build/Debug-iphonesimulator/ModernPrototypePhoneTests.build/DerivedSources/arm64 -Xcc -I/tmp/block-editor-prototype-focus-build/Build/Intermediates.noindex/ModernInteractionPrototype.build/Debug-iphonesimulator/ModernPrototypePhoneTests.build/DerivedSources -Xcc -DDEBUG\=1 -emit-objc-header -emit-objc-header-path /tmp/block-editor-prototype-focus-build/Build/Intermediates.noindex/ModernInteractionPrototype.build/Debug-iphonesimulator/ModernPrototypePhoneTests.build/Objects-normal/arm64/ModernPrototypePhoneTests-Swift.h -working-directory /tmp/block-editor-prototype-input-focus/Examples/ModernInteractionPrototype -experimental-emit-module-separately -disable-cmo

SwiftDriverJobDiscovery normal arm64 Compiling ReviewInput.swift (in target 'ModernPrototypePhone' from project 'ModernInteractionPrototype')

SwiftDriverJobDiscovery normal arm64 Compiling ReviewApp.swift (in target 'ModernPrototypePhone' from project 'ModernInteractionPrototype')

SwiftDriver\ Compilation ModernPrototypePhone normal arm64 com.apple.xcode.tools.swift.compiler (in target 'ModernPrototypePhone' from project 'ModernInteractionPrototype')
    cd /tmp/block-editor-prototype-input-focus/Examples/ModernInteractionPrototype
    builtin-Swift-Compilation -- /Applications/Xcode.app/Contents/Developer/Toolchains/XcodeDefault.xctoolchain/usr/bin/swiftc -module-name ModernPrototypePhone -Onone @/tmp/block-editor-prototype-focus-build/Build/Intermediates.noindex/ModernInteractionPrototype.build/Debug-iphonesimulator/ModernPrototypePhone.build/Objects-normal/arm64/ModernPrototypePhone.SwiftFileList -DDEBUG -enable-experimental-feature DebugDescriptionMacro -sdk /Applications/Xcode.app/Contents/Developer/Platforms/iPhoneSimulator.platform/Developer/SDKs/iPhoneSimulator27.0.sdk -target arm64-apple-ios26.0-simulator -g -module-cache-path /tmp/block-editor-prototype-focus-build/ModuleCache.noindex -Xfrontend -serialize-debugging-options -enable-testing -index-store-path /tmp/block-editor-prototype-focus-build/Index.noindex/DataStore -Xcc -D_LIBCPP_HARDENING_MODE\=_LIBCPP_HARDENING_MODE_DEBUG -swift-version 6 -I /tmp/block-editor-prototype-focus-build/Build/Products/Debug-iphonesimulator -F /tmp/block-editor-prototype-focus-build/Build/Products/Debug-iphonesimulator/PackageFrameworks -F /tmp/block-editor-prototype-focus-build/Build/Products/Debug-iphonesimulator -c -j14 -enable-batch-mode -incremental -Xcc -ivfsstatcache -Xcc /tmp/block-editor-prototype-focus-build/SDKStatCaches.noindex/iphonesimulator27.0-24A430-e829b21a6f8c9b70876ba0858053c0448dc58220667be655e1bcc261a7455254.sdkstatcache -output-file-map /tmp/block-editor-prototype-focus-build/Build/Intermediates.noindex/ModernInteractionPrototype.build/Debug-iphonesimulator/ModernPrototypePhone.build/Objects-normal/arm64/ModernPrototypePhone-OutputFileMap.json -save-temps -no-color-diagnostics -explicit-module-build -module-cache-path /tmp/block-editor-prototype-focus-build/Build/Intermediates.noindex/SwiftExplicitPrecompiledModules -clang-scanner-module-cache-path /tmp/block-editor-prototype-focus-build/ModuleCache.noindex -sdk-module-cache-path /tmp/block-editor-prototype-focus-build/SDKExplicitPrecompiledModules -emit-dependencies -emit-module -emit-module-path /tmp/block-editor-prototype-focus-build/Build/Intermediates.noindex/ModernInteractionPrototype.build/Debug-iphonesimulator/ModernPrototypePhone.build/Objects-normal/arm64/ModernPrototypePhone.swiftmodule -serialize-diagnostics -dependency-scan-serialize-diagnostics-path /tmp/block-editor-prototype-focus-build/Build/Intermediates.noindex/ModernInteractionPrototype.build/Debug-iphonesimulator/ModernPrototypePhone.build/Objects-normal/arm64/ModernPrototypePhone-dependency-scan.dia -validate-clang-modules-once -clang-build-session-file /tmp/block-editor-prototype-focus-build/ModuleCache.noindex/Session.modulevalidation -Xcc -fmodules-prune-interval\=86400 -Xcc -fmodules-prune-after\=345600 -emit-const-values -const-gather-protocols-list /tmp/block-editor-prototype-focus-build/Build/Intermediates.noindex/ModernInteractionPrototype.build/Debug-iphonesimulator/ModernPrototypePhone.build/Objects-normal/arm64/ModernPrototypePhone_const_extract_protocols.json -Xcc -iquote -Xcc /tmp/block-editor-prototype-focus-build/Build/Intermediates.noindex/ModernInteractionPrototype.build/Debug-iphonesimulator/ModernPrototypePhone.build/ModernPrototypePhone-generated-files.hmap -Xcc -I/tmp/block-editor-prototype-focus-build/Build/Intermediates.noindex/ModernInteractionPrototype.build/Debug-iphonesimulator/ModernPrototypePhone.build/ModernPrototypePhone-own-target-headers.hmap -Xcc -I/tmp/block-editor-prototype-focus-build/Build/Intermediates.noindex/ModernInteractionPrototype.build/Debug-iphonesimulator/ModernPrototypePhone.build/ModernPrototypePhone-all-non-framework-target-headers.hmap -Xcc -ivfsoverlay -Xcc /tmp/block-editor-prototype-focus-build/Build/Intermediates.noindex/ModernInteractionPrototype.build/Debug-iphonesimulator/ModernInteractionPrototype-84df574b66901626253df89225d17f87-VFS-iphonesimulator/all-product-headers.yaml -Xcc -iquote -Xcc /tmp/block-editor-prototype-focus-build/Build/Intermediates.noindex/ModernInteractionPrototype.build/Debug-iphonesimulator/ModernPrototypePhone.build/ModernPrototypePhone-project-headers.hmap -Xcc -I/tmp/block-editor-prototype-focus-build/Build/Products/Debug-iphonesimulator/include -Xcc -I/tmp/block-editor-prototype-focus-build/Build/Intermediates.noindex/ModernInteractionPrototype.build/Debug-iphonesimulator/ModernPrototypePhone.build/DerivedSources-normal/arm64 -Xcc -I/tmp/block-editor-prototype-focus-build/Build/Intermediates.noindex/ModernInteractionPrototype.build/Debug-iphonesimulator/ModernPrototypePhone.build/DerivedSources/arm64 -Xcc -I/tmp/block-editor-prototype-focus-build/Build/Intermediates.noindex/ModernInteractionPrototype.build/Debug-iphonesimulator/ModernPrototypePhone.build/DerivedSources -Xcc -DDEBUG\=1 -emit-objc-header -emit-objc-header-path /tmp/block-editor-prototype-focus-build/Build/Intermediates.noindex/ModernInteractionPrototype.build/Debug-iphonesimulator/ModernPrototypePhone.build/Objects-normal/arm64/ModernPrototypePhone-Swift.h -working-directory /tmp/block-editor-prototype-input-focus/Examples/ModernInteractionPrototype -experimental-emit-module-separately -disable-cmo

Ld /tmp/block-editor-prototype-focus-build/Build/Products/Debug-iphonesimulator/ModernPrototypePhone.app/ModernPrototypePhone.debug.dylib normal (in target 'ModernPrototypePhone' from project 'ModernInteractionPrototype')
    cd /tmp/block-editor-prototype-input-focus/Examples/ModernInteractionPrototype
    /Applications/Xcode.app/Contents/Developer/Toolchains/XcodeDefault.xctoolchain/usr/bin/clang -Xlinker -reproducible -target arm64-apple-ios26.0-simulator -dynamiclib -isysroot /Applications/Xcode.app/Contents/Developer/Platforms/iPhoneSimulator.platform/Developer/SDKs/iPhoneSimulator27.0.sdk -O0 -Xlinker -no_warn_duplicate_libraries -L/tmp/block-editor-prototype-focus-build/Build/Intermediates.noindex/EagerLinkingTBDs/Debug-iphonesimulator -L/tmp/block-editor-prototype-focus-build/Build/Products/Debug-iphonesimulator -F/tmp/block-editor-prototype-focus-build/Build/Intermediates.noindex/EagerLinkingTBDs/Debug-iphonesimulator -F/tmp/block-editor-prototype-focus-build/Build/Products/Debug-iphonesimulator/PackageFrameworks -F/tmp/block-editor-prototype-focus-build/Build/Products/Debug-iphonesimulator -filelist /tmp/block-editor-prototype-focus-build/Build/Intermediates.noindex/ModernInteractionPrototype.build/Debug-iphonesimulator/ModernPrototypePhone.build/Objects-normal/arm64/ModernPrototypePhone.LinkFileList -install_name @rpath/ModernPrototypePhone.debug.dylib -Xlinker -rpath -Xlinker @loader_path -Xlinker -rpath -Xlinker /tmp/block-editor-prototype-focus-build/Build/Products/Debug-iphonesimulator/PackageFrameworks -Xlinker -rpath -Xlinker @executable_path/Frameworks -Xlinker -dead_strip -Xlinker -object_path_lto -Xlinker /tmp/block-editor-prototype-focus-build/Build/Intermediates.noindex/ModernInteractionPrototype.build/Debug-iphonesimulator/ModernPrototypePhone.build/Objects-normal/arm64/ModernPrototypePhone_lto.o -rdynamic -Xlinker -no_deduplicate -Xlinker -objc_abi_version -Xlinker 2 -Xlinker -dependency_info -Xlinker /tmp/block-editor-prototype-focus-build/Build/Intermediates.noindex/ModernInteractionPrototype.build/Debug-iphonesimulator/ModernPrototypePhone.build/Objects-normal/arm64/ModernPrototypePhone_dependency_info.dat -fobjc-link-runtime -L/Applications/Xcode.app/Contents/Developer/Toolchains/XcodeDefault.xctoolchain/usr/lib/swift/iphonesimulator -L/usr/lib/swift -Xlinker -add_ast_path -Xlinker /tmp/block-editor-prototype-focus-build/Build/Intermediates.noindex/ModernInteractionPrototype.build/Debug-iphonesimulator/ModernPrototypePhone.build/Objects-normal/arm64/ModernPrototypePhone.swiftmodule -Xlinker -alias -Xlinker _main -Xlinker ___debug_main_executable_dylib_entry_point -o /tmp/block-editor-prototype-focus-build/Build/Products/Debug-iphonesimulator/ModernPrototypePhone.app/ModernPrototypePhone.debug.dylib

ConstructStubExecutorLinkFileList /tmp/block-editor-prototype-focus-build/Build/Intermediates.noindex/ModernInteractionPrototype.build/Debug-iphonesimulator/ModernPrototypePhone.build/ModernPrototypePhone-ExecutorLinkFileList-normal-arm64.txt (in target 'ModernPrototypePhone' from project 'ModernInteractionPrototype')
    cd /tmp/block-editor-prototype-input-focus/Examples/ModernInteractionPrototype
    construct-stub-executor-link-file-list /tmp/block-editor-prototype-focus-build/Build/Products/Debug-iphonesimulator/ModernPrototypePhone.app/ModernPrototypePhone.debug.dylib /Applications/Xcode.app/Contents/Developer/Platforms/iPhoneSimulator.platform/Developer/usr/lib/libPreviewsJITStubExecutor_no_swift_entry_point.a /Applications/Xcode.app/Contents/Developer/Platforms/iPhoneSimulator.platform/Developer/usr/lib/libPreviewsJITStubExecutor.a --output /tmp/block-editor-prototype-focus-build/Build/Intermediates.noindex/ModernInteractionPrototype.build/Debug-iphonesimulator/ModernPrototypePhone.build/ModernPrototypePhone-ExecutorLinkFileList-normal-arm64.txt
note: Using stub executor library with Swift entry point. (in target 'ModernPrototypePhone' from project 'ModernInteractionPrototype')

Ld /tmp/block-editor-prototype-focus-build/Build/Products/Debug-iphonesimulator/ModernPrototypePhone.app/ModernPrototypePhone normal (in target 'ModernPrototypePhone' from project 'ModernInteractionPrototype')
    cd /tmp/block-editor-prototype-input-focus/Examples/ModernInteractionPrototype
    /Applications/Xcode.app/Contents/Developer/Toolchains/XcodeDefault.xctoolchain/usr/bin/clang -Xlinker -reproducible -target arm64-apple-ios26.0-simulator -isysroot /Applications/Xcode.app/Contents/Developer/Platforms/iPhoneSimulator.platform/Developer/SDKs/iPhoneSimulator27.0.sdk -O0 -Xlinker -no_warn_duplicate_libraries -L/tmp/block-editor-prototype-focus-build/Build/Products/Debug-iphonesimulator -F/tmp/block-editor-prototype-focus-build/Build/Products/Debug-iphonesimulator/PackageFrameworks -F/tmp/block-editor-prototype-focus-build/Build/Products/Debug-iphonesimulator -Xlinker -rpath -Xlinker @executable_path -Xlinker -rpath -Xlinker @loader_path -Xlinker -rpath -Xlinker /tmp/block-editor-prototype-focus-build/Build/Products/Debug-iphonesimulator/PackageFrameworks -Xlinker -rpath -Xlinker @executable_path/Frameworks -rdynamic -Xlinker -no_deduplicate -Xlinker -objc_abi_version -Xlinker 2 -e ___debug_blank_executor_main -Xlinker -sectcreate -Xlinker __TEXT -Xlinker __debug_dylib -Xlinker /tmp/block-editor-prototype-focus-build/Build/Intermediates.noindex/ModernInteractionPrototype.build/Debug-iphonesimulator/ModernPrototypePhone.build/ModernPrototypePhone-DebugDylibPath-normal-arm64.txt -Xlinker -sectcreate -Xlinker __TEXT -Xlinker __debug_instlnm -Xlinker /tmp/block-editor-prototype-focus-build/Build/Intermediates.noindex/ModernInteractionPrototype.build/Debug-iphonesimulator/ModernPrototypePhone.build/ModernPrototypePhone-DebugDylibInstallName-normal-arm64.txt -Xlinker -filelist -Xlinker /tmp/block-editor-prototype-focus-build/Build/Intermediates.noindex/ModernInteractionPrototype.build/Debug-iphonesimulator/ModernPrototypePhone.build/ModernPrototypePhone-ExecutorLinkFileList-normal-arm64.txt /tmp/block-editor-prototype-focus-build/Build/Products/Debug-iphonesimulator/ModernPrototypePhone.app/ModernPrototypePhone.debug.dylib -o /tmp/block-editor-prototype-focus-build/Build/Products/Debug-iphonesimulator/ModernPrototypePhone.app/ModernPrototypePhone

CopySwiftLibs /tmp/block-editor-prototype-focus-build/Build/Products/Debug-iphonesimulator/ModernPrototypePhone.app (in target 'ModernPrototypePhone' from project 'ModernInteractionPrototype')
    cd /tmp/block-editor-prototype-input-focus/Examples/ModernInteractionPrototype
    builtin-swiftStdLibTool --copy --verbose --scan-executable /tmp/block-editor-prototype-focus-build/Build/Products/Debug-iphonesimulator/ModernPrototypePhone.app/ModernPrototypePhone.debug.dylib --scan-folder /tmp/block-editor-prototype-focus-build/Build/Products/Debug-iphonesimulator/ModernPrototypePhone.app/Frameworks --scan-folder /tmp/block-editor-prototype-focus-build/Build/Products/Debug-iphonesimulator/ModernPrototypePhone.app/PlugIns --scan-folder /tmp/block-editor-prototype-focus-build/Build/Products/Debug-iphonesimulator/ModernPrototypePhone.app/SystemExtensions --scan-folder /tmp/block-editor-prototype-focus-build/Build/Products/Debug-iphonesimulator/ModernPrototypePhone.app/Extensions --platform iphonesimulator --toolchain /var/run/com.apple.security.cryptexd/mnt/com.apple.MobileAsset.MetalToolchain-v27.1.266.1.aQZs6I/Metal.xctoolchain --toolchain /Applications/Xcode.app/Contents/Developer/Toolchains/XcodeDefault.xctoolchain --destination /tmp/block-editor-prototype-focus-build/Build/Products/Debug-iphonesimulator/ModernPrototypePhone.app/Frameworks --strip-bitcode --strip-bitcode-tool /Applications/Xcode.app/Contents/Developer/Toolchains/XcodeDefault.xctoolchain/usr/bin/bitcode_strip --emit-dependency-info /tmp/block-editor-prototype-focus-build/Build/Intermediates.noindex/ModernInteractionPrototype.build/Debug-iphonesimulator/ModernPrototypePhone.build/SwiftStdLibToolInputDependencies.dep --filter-for-swift-os
Ignoring --strip-bitcode because --sign was not passed

ExtractAppIntentsMetadata (in target 'ModernPrototypePhone' from project 'ModernInteractionPrototype')
    cd /tmp/block-editor-prototype-input-focus/Examples/ModernInteractionPrototype
    /Applications/Xcode.app/Contents/Developer/Toolchains/XcodeDefault.xctoolchain/usr/bin/appintentsmetadataprocessor --toolchain-dir /var/run/com.apple.security.cryptexd/mnt/com.apple.MobileAsset.MetalToolchain-v27.1.266.1.aQZs6I/Metal.xctoolchain --module-name ModernPrototypePhone --sdk-root /Applications/Xcode.app/Contents/Developer/Platforms/iPhoneSimulator.platform/Developer/SDKs/iPhoneSimulator27.0.sdk --xcode-version 27A266a --platform-family iOS --deployment-target 26.0 --bundle-identifier studio.seventwo.blockeditor.st121.ios --output /tmp/block-editor-prototype-focus-build/Build/Products/Debug-iphonesimulator/ModernPrototypePhone.app --target-triple arm64-apple-ios26.0-simulator --binary-file /tmp/block-editor-prototype-focus-build/Build/Products/Debug-iphonesimulator/ModernPrototypePhone.app/ModernPrototypePhone --dependency-file /tmp/block-editor-prototype-focus-build/Build/Intermediates.noindex/ModernInteractionPrototype.build/Debug-iphonesimulator/ModernPrototypePhone.build/Objects-normal/arm64/ModernPrototypePhone_dependency_info.dat --stringsdata-file /tmp/block-editor-prototype-focus-build/Build/Intermediates.noindex/ModernInteractionPrototype.build/Debug-iphonesimulator/ModernPrototypePhone.build/Objects-normal/arm64/ExtractedAppShortcutsMetadata.stringsdata --source-file-list /tmp/block-editor-prototype-focus-build/Build/Intermediates.noindex/ModernInteractionPrototype.build/Debug-iphonesimulator/ModernPrototypePhone.build/Objects-normal/arm64/ModernPrototypePhone.SwiftFileList --metadata-file-list /tmp/block-editor-prototype-focus-build/Build/Intermediates.noindex/ModernInteractionPrototype.build/Debug-iphonesimulator/ModernPrototypePhone.build/ModernPrototypePhone.DependencyMetadataFileList --static-metadata-file-list /tmp/block-editor-prototype-focus-build/Build/Intermediates.noindex/ModernInteractionPrototype.build/Debug-iphonesimulator/ModernPrototypePhone.build/ModernPrototypePhone.DependencyStaticMetadataFileList --swift-const-vals-list /tmp/block-editor-prototype-focus-build/Build/Intermediates.noindex/ModernInteractionPrototype.build/Debug-iphonesimulator/ModernPrototypePhone.build/Objects-normal/arm64/ModernPrototypePhone.SwiftConstValuesFileList --compile-time-extraction --deployment-aware-processing --no-app-shortcuts-localization
2026-10-05 22:17:36.299 appintentsmetadataprocessor[39374:17769052] Starting appintentsmetadataprocessor export
2026-10-05 22:17:36.300 appintentsmetadataprocessor[39374:17769052] warning: Metadata extraction skipped, no AppIntents.framework dependency found

AppIntentsSSUTraining (in target 'ModernPrototypePhone' from project 'ModernInteractionPrototype')
    cd /tmp/block-editor-prototype-input-focus/Examples/ModernInteractionPrototype
    /Applications/Xcode.app/Contents/Developer/Toolchains/XcodeDefault.xctoolchain/usr/bin/appintentsnltrainingprocessor --infoplist-path /tmp/block-editor-prototype-focus-build/Build/Products/Debug-iphonesimulator/ModernPrototypePhone.app/Info.plist --temp-dir-path /tmp/block-editor-prototype-focus-build/Build/Intermediates.noindex/ModernInteractionPrototype.build/Debug-iphonesimulator/ModernPrototypePhone.build/ssu --bundle-id studio.seventwo.blockeditor.st121.ios --product-path /tmp/block-editor-prototype-focus-build/Build/Products/Debug-iphonesimulator/ModernPrototypePhone.app --extracted-metadata-path /tmp/block-editor-prototype-focus-build/Build/Products/Debug-iphonesimulator/ModernPrototypePhone.app/Metadata.appintents --metadata-file-list /tmp/block-editor-prototype-focus-build/Build/Intermediates.noindex/ModernInteractionPrototype.build/Debug-iphonesimulator/ModernPrototypePhone.build/ModernPrototypePhone.DependencyMetadataFileList --source-file /tmp/block-editor-prototype-focus-build/Build/Products/Debug-iphonesimulator/ModernPrototypePhone.app/Info.plist --archive-ssu-assets
2026-10-05 22:17:36.327 appintentsnltrainingprocessor[39375:17769054] Parsing options for appintentsnltrainingprocessor
2026-10-05 22:17:36.327 appintentsnltrainingprocessor[39375:17769054] Starting AppIntents SSU YAML Generation
2026-10-05 22:17:36.330 appintentsnltrainingprocessor[39375:17769054] No AppShortcuts found - Skipping.

RegisterExecutionPolicyException /tmp/block-editor-prototype-focus-build/Build/Products/Debug-iphonesimulator/ModernPrototypePhone.app (in target 'ModernPrototypePhone' from project 'ModernInteractionPrototype')
    cd /tmp/block-editor-prototype-input-focus/Examples/ModernInteractionPrototype
    builtin-RegisterExecutionPolicyException /tmp/block-editor-prototype-focus-build/Build/Products/Debug-iphonesimulator/ModernPrototypePhone.app

Validate /tmp/block-editor-prototype-focus-build/Build/Products/Debug-iphonesimulator/ModernPrototypePhone.app (in target 'ModernPrototypePhone' from project 'ModernInteractionPrototype')
    cd /tmp/block-editor-prototype-input-focus/Examples/ModernInteractionPrototype
    builtin-validationUtility /tmp/block-editor-prototype-focus-build/Build/Products/Debug-iphonesimulator/ModernPrototypePhone.app -shallow-bundle -infoplist-subpath Info.plist

Touch /tmp/block-editor-prototype-focus-build/Build/Products/Debug-iphonesimulator/ModernPrototypePhone.app (in target 'ModernPrototypePhone' from project 'ModernInteractionPrototype')
    cd /tmp/block-editor-prototype-input-focus/Examples/ModernInteractionPrototype
    /usr/bin/touch -c /tmp/block-editor-prototype-focus-build/Build/Products/Debug-iphonesimulator/ModernPrototypePhone.app

ProcessInfoPlistFile /tmp/block-editor-prototype-focus-build/Build/Products/Debug-iphonesimulator/ModernPrototypePhoneTests-Runner.app/PlugIns/ModernPrototypePhoneTests.xctest/Info.plist /tmp/block-editor-prototype-focus-build/Build/Intermediates.noindex/ModernInteractionPrototype.build/Debug-iphonesimulator/ModernPrototypePhoneTests.build/empty-ModernPrototypePhoneTests.plist (in target 'ModernPrototypePhoneTests' from project 'ModernInteractionPrototype')
    cd /tmp/block-editor-prototype-input-focus/Examples/ModernInteractionPrototype
    builtin-infoPlistUtility /tmp/block-editor-prototype-focus-build/Build/Intermediates.noindex/ModernInteractionPrototype.build/Debug-iphonesimulator/ModernPrototypePhoneTests.build/empty-ModernPrototypePhoneTests.plist -producttype com.apple.product-type.bundle.ui-testing -expandbuildsettings -format binary -platform iphonesimulator -additionalcontentfile /tmp/block-editor-prototype-focus-build/Build/Intermediates.noindex/ModernInteractionPrototype.build/Debug-iphonesimulator/ModernPrototypePhoneTests.build/ProductTypeInfoPlistAdditions.plist -o /tmp/block-editor-prototype-focus-build/Build/Products/Debug-iphonesimulator/ModernPrototypePhoneTests-Runner.app/PlugIns/ModernPrototypePhoneTests.xctest/Info.plist

Ld /tmp/block-editor-prototype-focus-build/Build/Products/Debug-iphonesimulator/ModernPrototypePhoneTests-Runner.app/PlugIns/ModernPrototypePhoneTests.xctest/ModernPrototypePhoneTests normal (in target 'ModernPrototypePhoneTests' from project 'ModernInteractionPrototype')
    cd /tmp/block-editor-prototype-input-focus/Examples/ModernInteractionPrototype
    /Applications/Xcode.app/Contents/Developer/Toolchains/XcodeDefault.xctoolchain/usr/bin/clang -Xlinker -reproducible -target arm64-apple-ios26.0-simulator -bundle -isysroot /Applications/Xcode.app/Contents/Developer/Platforms/iPhoneSimulator.platform/Developer/SDKs/iPhoneSimulator27.0.sdk -O0 -Xlinker -no_warn_duplicate_libraries -L/tmp/block-editor-prototype-focus-build/Build/Intermediates.noindex/EagerLinkingTBDs/Debug-iphonesimulator -L/tmp/block-editor-prototype-focus-build/Build/Products/Debug-iphonesimulator -L/Applications/Xcode.app/Contents/Developer/Platforms/iPhoneSimulator.platform/Developer/usr/lib -F/tmp/block-editor-prototype-focus-build/Build/Intermediates.noindex/EagerLinkingTBDs/Debug-iphonesimulator -F/tmp/block-editor-prototype-focus-build/Build/Products/Debug-iphonesimulator -iframework /Applications/Xcode.app/Contents/Developer/Platforms/iPhoneSimulator.platform/Developer/Library/Frameworks -iframework /Applications/Xcode.app/Contents/Developer/Platforms/iPhoneSimulator.platform/Developer/SDKs/iPhoneSimulator27.0.sdk/Developer/Library/Frameworks -filelist /tmp/block-editor-prototype-focus-build/Build/Intermediates.noindex/ModernInteractionPrototype.build/Debug-iphonesimulator/ModernPrototypePhoneTests.build/Objects-normal/arm64/ModernPrototypePhoneTests.LinkFileList -Xlinker -rpath -Xlinker @loader_path/Frameworks -Xlinker -rpath -Xlinker @executable_path/Frameworks -Xlinker -dead_strip -Xlinker -object_path_lto -Xlinker /tmp/block-editor-prototype-focus-build/Build/Intermediates.noindex/ModernInteractionPrototype.build/Debug-iphonesimulator/ModernPrototypePhoneTests.build/Objects-normal/arm64/ModernPrototypePhoneTests_lto.o -rdynamic -Xlinker -no_deduplicate -Xlinker -objc_abi_version -Xlinker 2 -Xlinker -dependency_info -Xlinker /tmp/block-editor-prototype-focus-build/Build/Intermediates.noindex/ModernInteractionPrototype.build/Debug-iphonesimulator/ModernPrototypePhoneTests.build/Objects-normal/arm64/ModernPrototypePhoneTests_dependency_info.dat -fobjc-link-runtime -L/Applications/Xcode.app/Contents/Developer/Toolchains/XcodeDefault.xctoolchain/usr/lib/swift/iphonesimulator -L/usr/lib/swift -Xlinker -add_ast_path -Xlinker /tmp/block-editor-prototype-focus-build/Build/Intermediates.noindex/ModernInteractionPrototype.build/Debug-iphonesimulator/ModernPrototypePhoneTests.build/Objects-normal/arm64/ModernPrototypePhoneTests.swiftmodule -Xlinker -needed_framework -Xlinker XCTest -framework XCTest -Xlinker -needed-lXCTestSwiftSupport -lXCTestSwiftSupport -o /tmp/block-editor-prototype-focus-build/Build/Products/Debug-iphonesimulator/ModernPrototypePhoneTests-Runner.app/PlugIns/ModernPrototypePhoneTests.xctest/ModernPrototypePhoneTests

CopySwiftLibs /tmp/block-editor-prototype-focus-build/Build/Products/Debug-iphonesimulator/ModernPrototypePhoneTests-Runner.app/PlugIns/ModernPrototypePhoneTests.xctest (in target 'ModernPrototypePhoneTests' from project 'ModernInteractionPrototype')
    cd /tmp/block-editor-prototype-input-focus/Examples/ModernInteractionPrototype
    builtin-swiftStdLibTool --copy --verbose --scan-executable /tmp/block-editor-prototype-focus-build/Build/Products/Debug-iphonesimulator/ModernPrototypePhoneTests-Runner.app/PlugIns/ModernPrototypePhoneTests.xctest/ModernPrototypePhoneTests --scan-folder /tmp/block-editor-prototype-focus-build/Build/Products/Debug-iphonesimulator/ModernPrototypePhoneTests-Runner.app/PlugIns/ModernPrototypePhoneTests.xctest/Frameworks --scan-folder /tmp/block-editor-prototype-focus-build/Build/Products/Debug-iphonesimulator/ModernPrototypePhoneTests-Runner.app/PlugIns/ModernPrototypePhoneTests.xctest/PlugIns --scan-folder /tmp/block-editor-prototype-focus-build/Build/Products/Debug-iphonesimulator/ModernPrototypePhoneTests-Runner.app/PlugIns/ModernPrototypePhoneTests.xctest/SystemExtensions --scan-folder /tmp/block-editor-prototype-focus-build/Build/Products/Debug-iphonesimulator/ModernPrototypePhoneTests-Runner.app/PlugIns/ModernPrototypePhoneTests.xctest/Extensions --platform iphonesimulator --toolchain /var/run/com.apple.security.cryptexd/mnt/com.apple.MobileAsset.MetalToolchain-v27.1.266.1.aQZs6I/Metal.xctoolchain --toolchain /Applications/Xcode.app/Contents/Developer/Toolchains/XcodeDefault.xctoolchain --destination /tmp/block-editor-prototype-focus-build/Build/Products/Debug-iphonesimulator/ModernPrototypePhoneTests-Runner.app/PlugIns/ModernPrototypePhoneTests.xctest/Frameworks --strip-bitcode --scan-executable /Applications/Xcode.app/Contents/Developer/Platforms/iPhoneSimulator.platform/Developer/usr/lib/libXCTestSwiftSupport.dylib --strip-bitcode-tool /Applications/Xcode.app/Contents/Developer/Toolchains/XcodeDefault.xctoolchain/usr/bin/bitcode_strip --emit-dependency-info /tmp/block-editor-prototype-focus-build/Build/Intermediates.noindex/ModernInteractionPrototype.build/Debug-iphonesimulator/ModernPrototypePhoneTests.build/SwiftStdLibToolInputDependencies.dep --filter-for-swift-os
Ignoring --strip-bitcode because --sign was not passed

ExtractAppIntentsMetadata (in target 'ModernPrototypePhoneTests' from project 'ModernInteractionPrototype')
    cd /tmp/block-editor-prototype-input-focus/Examples/ModernInteractionPrototype
    /Applications/Xcode.app/Contents/Developer/Toolchains/XcodeDefault.xctoolchain/usr/bin/appintentsmetadataprocessor --toolchain-dir /var/run/com.apple.security.cryptexd/mnt/com.apple.MobileAsset.MetalToolchain-v27.1.266.1.aQZs6I/Metal.xctoolchain --module-name ModernPrototypePhoneTests --sdk-root /Applications/Xcode.app/Contents/Developer/Platforms/iPhoneSimulator.platform/Developer/SDKs/iPhoneSimulator27.0.sdk --xcode-version 27A266a --platform-family iOS --deployment-target 26.0 --bundle-identifier studio.seventwo.blockeditor.st121.ios.tests --output /tmp/block-editor-prototype-focus-build/Build/Products/Debug-iphonesimulator/ModernPrototypePhoneTests-Runner.app/PlugIns/ModernPrototypePhoneTests.xctest --target-triple arm64-apple-ios26.0-simulator --binary-file /tmp/block-editor-prototype-focus-build/Build/Products/Debug-iphonesimulator/ModernPrototypePhoneTests-Runner.app/PlugIns/ModernPrototypePhoneTests.xctest/ModernPrototypePhoneTests --dependency-file /tmp/block-editor-prototype-focus-build/Build/Intermediates.noindex/ModernInteractionPrototype.build/Debug-iphonesimulator/ModernPrototypePhoneTests.build/Objects-normal/arm64/ModernPrototypePhoneTests_dependency_info.dat --stringsdata-file /tmp/block-editor-prototype-focus-build/Build/Intermediates.noindex/ModernInteractionPrototype.build/Debug-iphonesimulator/ModernPrototypePhoneTests.build/Objects-normal/arm64/ExtractedAppShortcutsMetadata.stringsdata --source-file-list /tmp/block-editor-prototype-focus-build/Build/Intermediates.noindex/ModernInteractionPrototype.build/Debug-iphonesimulator/ModernPrototypePhoneTests.build/Objects-normal/arm64/ModernPrototypePhoneTests.SwiftFileList --metadata-file-list /tmp/block-editor-prototype-focus-build/Build/Intermediates.noindex/ModernInteractionPrototype.build/Debug-iphonesimulator/ModernPrototypePhoneTests.build/ModernPrototypePhoneTests.DependencyMetadataFileList --static-metadata-file-list /tmp/block-editor-prototype-focus-build/Build/Intermediates.noindex/ModernInteractionPrototype.build/Debug-iphonesimulator/ModernPrototypePhoneTests.build/ModernPrototypePhoneTests.DependencyStaticMetadataFileList --swift-const-vals-list /tmp/block-editor-prototype-focus-build/Build/Intermediates.noindex/ModernInteractionPrototype.build/Debug-iphonesimulator/ModernPrototypePhoneTests.build/Objects-normal/arm64/ModernPrototypePhoneTests.SwiftConstValuesFileList --compile-time-extraction --deployment-aware-processing --no-app-shortcuts-localization
2026-10-05 22:17:36.517 appintentsmetadataprocessor[39390:17769118] Starting appintentsmetadataprocessor export
2026-10-05 22:17:36.519 appintentsmetadataprocessor[39390:17769118] warning: Metadata extraction skipped, no AppIntents.framework dependency found

AppIntentsSSUTraining (in target 'ModernPrototypePhoneTests' from project 'ModernInteractionPrototype')
    cd /tmp/block-editor-prototype-input-focus/Examples/ModernInteractionPrototype
    /Applications/Xcode.app/Contents/Developer/Toolchains/XcodeDefault.xctoolchain/usr/bin/appintentsnltrainingprocessor --infoplist-path /tmp/block-editor-prototype-focus-build/Build/Products/Debug-iphonesimulator/ModernPrototypePhoneTests-Runner.app/PlugIns/ModernPrototypePhoneTests.xctest/Info.plist --temp-dir-path /tmp/block-editor-prototype-focus-build/Build/Intermediates.noindex/ModernInteractionPrototype.build/Debug-iphonesimulator/ModernPrototypePhoneTests.build/ssu --bundle-id studio.seventwo.blockeditor.st121.ios.tests --product-path /tmp/block-editor-prototype-focus-build/Build/Products/Debug-iphonesimulator/ModernPrototypePhoneTests-Runner.app/PlugIns/ModernPrototypePhoneTests.xctest --extracted-metadata-path /tmp/block-editor-prototype-focus-build/Build/Products/Debug-iphonesimulator/ModernPrototypePhoneTests-Runner.app/PlugIns/ModernPrototypePhoneTests.xctest/Metadata.appintents --metadata-file-list /tmp/block-editor-prototype-focus-build/Build/Intermediates.noindex/ModernInteractionPrototype.build/Debug-iphonesimulator/ModernPrototypePhoneTests.build/ModernPrototypePhoneTests.DependencyMetadataFileList --source-file /tmp/block-editor-prototype-focus-build/Build/Products/Debug-iphonesimulator/ModernPrototypePhoneTests-Runner.app/PlugIns/ModernPrototypePhoneTests.xctest/Info.plist --archive-ssu-assets
2026-10-05 22:17:36.546 appintentsnltrainingprocessor[39391:17769135] Parsing options for appintentsnltrainingprocessor
2026-10-05 22:17:36.546 appintentsnltrainingprocessor[39391:17769135] Starting AppIntents SSU YAML Generation
2026-10-05 22:17:36.546 appintentsnltrainingprocessor[39391:17769135] No AppShortcuts found - Skipping.

CopyPlistFile /tmp/block-editor-prototype-focus-build/Build/Products/Debug-iphonesimulator/ModernPrototypePhoneTests-Runner.app/Info.plist /Applications/Xcode.app/Contents/Developer/Platforms/iPhoneSimulator.platform/Developer/Library/Xcode/Agents/XCTRunner.app/Info.plist (in target 'ModernPrototypePhoneTests' from project 'ModernInteractionPrototype')
    cd /tmp/block-editor-prototype-input-focus/Examples/ModernInteractionPrototype
    builtin-copyPlist --validate --convert xml1 --macro-expansion WRAPPEDPRODUCTNAME ModernPrototypePhoneTests-Runner --macro-expansion WRAPPEDPRODUCTBUNDLEIDENTIFIER studio.seventwo.blockeditor.st121.ios.tests.xctrunner --macro-expansion TESTPRODUCTNAME ModernPrototypePhoneTests --macro-expansion TESTPRODUCTBUNDLEIDENTIFIER studio.seventwo.blockeditor.st121.ios.tests --copy-value UIDeviceFamily /tmp/block-editor-prototype-focus-build/Build/Products/Debug-iphonesimulator/ModernPrototypePhoneTests-Runner.app/PlugIns/ModernPrototypePhoneTests.xctest/Info.plist --outdir /tmp/block-editor-prototype-focus-build/Build/Products/Debug-iphonesimulator/ModernPrototypePhoneTests-Runner.app -- /Applications/Xcode.app/Contents/Developer/Platforms/iPhoneSimulator.platform/Developer/Library/Xcode/Agents/XCTRunner.app/Info.plist

MkDir /tmp/block-editor-prototype-focus-build/Build/Products/Debug-iphonesimulator/ModernPrototypePhoneTests-Runner.app (in target 'ModernPrototypePhoneTests' from project 'ModernInteractionPrototype')
    cd /tmp/block-editor-prototype-input-focus/Examples/ModernInteractionPrototype
    /bin/mkdir -p /tmp/block-editor-prototype-focus-build/Build/Products/Debug-iphonesimulator/ModernPrototypePhoneTests-Runner.app

CopyAndPreserveArchs /tmp/block-editor-prototype-focus-build/Build/Products/Debug-iphonesimulator/ModernPrototypePhoneTests-Runner.app/ModernPrototypePhoneTests-Runner (in target 'ModernPrototypePhoneTests' from project 'ModernInteractionPrototype')
    cd /tmp/block-editor-prototype-input-focus/Examples/ModernInteractionPrototype
    /Applications/Xcode.app/Contents/Developer/Toolchains/XcodeDefault.xctoolchain/usr/bin/lipo /Applications/Xcode.app/Contents/Developer/Platforms/iPhoneSimulator.platform/Developer/Library/Xcode/Agents/XCTRunner.app/XCTRunner -output /tmp/block-editor-prototype-focus-build/Build/Products/Debug-iphonesimulator/ModernPrototypePhoneTests-Runner.app/ModernPrototypePhoneTests-Runner -extract arm64

Copy /tmp/block-editor-prototype-focus-build/Build/Products/Debug-iphonesimulator/ModernPrototypePhoneTests-Runner.app/PkgInfo /Applications/Xcode.app/Contents/Developer/Platforms/iPhoneSimulator.platform/Developer/Library/Xcode/Agents/XCTRunner.app/PkgInfo (in target 'ModernPrototypePhoneTests' from project 'ModernInteractionPrototype')
    cd /tmp/block-editor-prototype-input-focus/Examples/ModernInteractionPrototype
    builtin-copy -exclude .DS_Store -exclude CVS -exclude .svn -exclude .git -exclude .hg -resolve-src-symlinks /Applications/Xcode.app/Contents/Developer/Platforms/iPhoneSimulator.platform/Developer/Library/Xcode/Agents/XCTRunner.app/PkgInfo /tmp/block-editor-prototype-focus-build/Build/Products/Debug-iphonesimulator/ModernPrototypePhoneTests-Runner.app

RegisterExecutionPolicyException /tmp/block-editor-prototype-focus-build/Build/Products/Debug-iphonesimulator/ModernPrototypePhoneTests-Runner.app/PlugIns/ModernPrototypePhoneTests.xctest (in target 'ModernPrototypePhoneTests' from project 'ModernInteractionPrototype')
    cd /tmp/block-editor-prototype-input-focus/Examples/ModernInteractionPrototype
    builtin-RegisterExecutionPolicyException /tmp/block-editor-prototype-focus-build/Build/Products/Debug-iphonesimulator/ModernPrototypePhoneTests-Runner.app/PlugIns/ModernPrototypePhoneTests.xctest

Touch /tmp/block-editor-prototype-focus-build/Build/Products/Debug-iphonesimulator/ModernPrototypePhoneTests-Runner.app/PlugIns/ModernPrototypePhoneTests.xctest (in target 'ModernPrototypePhoneTests' from project 'ModernInteractionPrototype')
    cd /tmp/block-editor-prototype-input-focus/Examples/ModernInteractionPrototype
    /usr/bin/touch -c /tmp/block-editor-prototype-focus-build/Build/Products/Debug-iphonesimulator/ModernPrototypePhoneTests-Runner.app/PlugIns/ModernPrototypePhoneTests.xctest

PruneExplicitPrecompiledModules /tmp/block-editor-prototype-focus-build/Build/Intermediates.noindex/SwiftExplicitPrecompiledModules

PruneExplicitPrecompiledModules /tmp/block-editor-prototype-focus-build/SDKExplicitPrecompiledModules

PruneExplicitPrecompiledModules /tmp/block-editor-prototype-focus-build/Build/Intermediates.noindex/ExplicitPrecompiledModules

2026-10-05 22:17:48.437769+0200 ModernPrototypePhoneTests-Runner[39879:17771933] [Default] Running tests...
objc[39879]: Class UIAccessibilityLoaderWebShared is implemented in both /private/var/run/com.apple.security.cryptexd/mnt/iOS_23A343/Library/Developer/CoreSimulator/Profiles/Runtimes/iOS 26.0.simruntime/Contents/Resources/RuntimeRoot/System/Library/AccessibilityBundles/WebCore.axbundle/WebCore (0x152d84310) and /private/var/run/com.apple.security.cryptexd/mnt/iOS_23A343/Library/Developer/CoreSimulator/Profiles/Runtimes/iOS 26.0.simruntime/Contents/Resources/RuntimeRoot/System/Library/AccessibilityBundles/WebKit.axbundle/WebKit (0x152d20398). This may cause spurious casting failures and mysterious crashes. One of the duplicates must be removed or renamed.
Test Suite 'Selected tests' started at 2026-10-05 22:17:51.142.
Test Suite 'ModernPrototypePhoneTests.xctest' started at 2026-10-05 22:17:51.142.
Test Suite 'InteractionReviewTests' started at 2026-10-05 22:17:51.142.
Test Case '-[ModernPrototypePhoneTests.InteractionReviewTests testColumnFocusOrderAndContainment]' started.
    t =     0.00s Start Test at 2026-10-05 22:17:51.143
    t =     0.21s Set Up
    t =     0.22s Open studio.seventwo.blockeditor.st121.ios
    t =     0.22s     Launch studio.seventwo.blockeditor.st121.ios
2026-10-05 22:17:51.519 xcodebuild[38951:17766983] [MT] IDELaunchParametersSnapshot: debugger version lookup failed for path '<nil>': noURL
2026-10-05 22:17:51.519 xcodebuild[38951:17766983] [MT] IDELaunchParametersSnapshot: no debugger version
    t =     1.69s         Setting up automation session
    t =     2.30s         Wait for studio.seventwo.blockeditor.st121.ios to idle
    t =     3.67s Waiting 10.0s for "Text second" TextView to exist
    t =     4.72s     Checking `Expect predicate `existsNoRetry == 1` for object "Text second" TextView`
    t =     4.72s         Checking existence of `"Text second" TextView`
    t =     4.91s Tap "Text second" TextView
    t =     4.91s     Wait for studio.seventwo.blockeditor.st121.ios to idle
    t =     4.92s     Find the "Text second" TextView
    t =     5.04s     Check for interrupting elements affecting "Text second" TextView
    t =     5.11s     Synthesize event
    t =     5.52s     Wait for studio.seventwo.blockeditor.st121.ios to idle
    t =     7.90s Type 'before ' into "Text second" TextView
    t =     7.90s     Wait for studio.seventwo.blockeditor.st121.ios to idle
    t =     8.27s     Find the "Text second" TextView
    t =     8.39s     Check for interrupting elements affecting "Text second" TextView
    t =     8.47s     Synthesize event
    t =     8.78s     Wait for studio.seventwo.blockeditor.st121.ios to idle
    t =    16.20s Find the "Text second" TextView
    t =    16.33s Tap "Select blocks" Any
    t =    16.33s     Wait for studio.seventwo.blockeditor.st121.ios to idle
    t =    16.34s     Find the "Select blocks" Any
    t =    16.40s     Check for interrupting elements affecting "Select blocks" Switch
    t =    16.48s     Synthesize event
    t =    16.77s     Wait for studio.seventwo.blockeditor.st121.ios to idle
    t =    17.84s Tap "Select first" Button
    t =    17.84s     Wait for studio.seventwo.blockeditor.st121.ios to idle
    t =    17.84s     Find the "Select first" Button
    t =    17.98s     Check for interrupting elements affecting "circle" Button
    t =    18.08s         Wait for com.apple.springboard to idle
    t =    18.16s     Synthesize event
    t =    18.47s     Wait for studio.seventwo.blockeditor.st121.ios to idle
    t =    19.96s Tap "Select second" Button
    t =    19.96s     Wait for studio.seventwo.blockeditor.st121.ios to idle
    t =    19.96s     Find the "Select second" Button
    t =    20.10s     Check for interrupting elements affecting "circle" Button
    t =    20.19s         Wait for com.apple.springboard to idle
    t =    21.27s     Synthesize event
    t =    21.28s         Scroll element to visible
    t =    21.28s         Find the "circle" Button
    t =    21.43s         Computed hit point {38.166666666666664, 265.49999999999994} after scrolling to visible
    t =    21.71s     Wait for studio.seventwo.blockeditor.st121.ios to idle
    t =    22.65s Tap "Create two columns" Button
    t =    22.65s     Wait for studio.seventwo.blockeditor.st121.ios to idle
    t =    22.65s     Find the "Create two columns" Button
    t =    22.79s     Check for interrupting elements affecting "Create two columns" Button
    t =    22.88s         Wait for com.apple.springboard to idle
    t =    22.90s     Synthesize event
    t =    22.91s         Scroll element to visible
    t =    22.91s         Find the "Create two columns" Button
    t =    23.16s         Computed hit point {159.83333333333331, 174.49999999999997} after scrolling to visible
    t =    23.45s     Wait for studio.seventwo.blockeditor.st121.ios to idle
    t =    25.94s Type 'after create ' into Target Application 'studio.seventwo.blockeditor.st121.ios'
    t =    25.94s     Wait for studio.seventwo.blockeditor.st121.ios to idle
    t =    25.95s     Find the Target Application 'studio.seventwo.blockeditor.st121.ios'
    t =    26.04s     Check for interrupting elements affecting "ModernPrototypePhone" Application
    t =    26.12s         Wait for com.apple.springboard to idle
    t =    26.15s     Found 1 interrupting element:
    t =    26.15s         Find the "NotificationShortLookView" BannerNotification
    t =    26.17s "NotificationShortLookView" BannerNotification from Application 'com.apple.springboard'
    t =    26.17s     Invoking UI interruption monitors for "NotificationShortLookView" BannerNotification from Application 'com.apple.springboard'
    t =    26.17s         Find the "NotificationShortLookView" BannerNotification
    t =    26.19s Default interruption handler ignoring non-alert type element "NotificationShortLookView" BannerNotification.
    t =    26.19s         Find the "NotificationShortLookView" BannerNotification
    t =    26.20s         Default interruption handler waiting for banner notification to expire/automatically dismiss
    t =    26.21s             Waiting 15.0s for "NotificationShortLookView" BannerNotification to not exist
    t =    27.24s                 Checking `Expect predicate `existsNoRetry == 0` for object "NotificationShortLookView" BannerNotification`
    t =    27.24s                     Checking existence of `"NotificationShortLookView" BannerNotification`
    t =    27.25s                     Capturing element debug description
    t =    27.26s                         Requesting snapshot of accessibility hierarchy for app with pid 38740
    t =    27.30s                         Find: Descendants matching type BannerNotification
    t =    27.30s                         Requesting snapshot of accessibility hierarchy for app with pid 38740
    t =    27.33s                         Find: Descendants matching type BannerNotification
    t =    27.34s                         Requesting snapshot of accessibility hierarchy for app with pid 38740
    t =    28.21s                 Checking `Expect predicate `existsNoRetry == 0` for object "NotificationShortLookView" BannerNotification`
    t =    28.21s                     Checking existence of `"NotificationShortLookView" BannerNotification`
    t =    28.23s         Verifying handling...
    t =    28.32s             Wait for com.apple.springboard to idle
    t =    28.53s Confirmed successful handling of interrupting element
    t =    28.54s     Synthesize event
    t =    28.54s         Get number of matches for: Elements containing elements matching predicate 'hasKeyboardFocus == 1'
    t =    28.62s         Requesting snapshot of accessibility hierarchy for app with pid 40148
    t =    29.24s         Requesting snapshot of accessibility hierarchy for app with pid 40148
    t =    29.39s         Requesting snapshot of accessibility hierarchy for app with pid 40148
    t =    30.05s         Requesting snapshot of accessibility hierarchy for app with pid 40148
    t =    30.19s         Failed: Neither element nor any descendant has keyboard focus. Event dispatch snapshot: Application, pid: 40148, label: 'ModernPrototypePhone'
Element debug description:
Attributes: Application, 0x10460a330, pid: 40148, label: 'ModernPrototypePhone'
Element subtree:
 →Application, 0x10460a330, pid: 40148, label: 'ModernPrototypePhone'
    Window (Main), 0x1046087e0, {{0.0, 0.0}, {393.0, 852.0}}
      Other, 0x10460c550, {{0.0, 0.0}, {393.0, 852.0}}
        Other, 0x10460c670, {{0.0, 0.0}, {393.0, 852.0}}
          Other, 0x104609ef0, {{0.0, 0.0}, {393.0, 852.0}}
            Other, 0x10460b8b0, {{0.0, 0.0}, {393.0, 852.0}}
              ScrollView, 0x10460c790, {{0.0, 0.0}, {393.0, 117.3}}
                Other, 0x10460c8b0, {{0.0, 0.0}, {745.3, 117.3}}
                  Button, 0x10460c9d0, {{12.0, 78.0}, {87.3, 20.3}}, label: 'Outline'
                    Image, 0x10460caf0, {{14.0, 82.0}, {21.0, 12.3}}, identifier: 'list.bullet.indent', label: 'Bulletest List Indent'
                    StaticText, 0x10460cc10, {{12.0, 78.0}, {87.3, 20.3}}, label: 'Outline'
                  Button, 0x10460cd30, {{111.3, 78.0}, {74.3, 20.3}}, label: 'Focus'
                    Image, 0x10460cec0, {{113.3, 80.0}, {16.3, 16.3}}, identifier: 'viewfinder', label: 'Scan'
                    StaticText, 0x10460cfe0, {{111.3, 78.0}, {74.3, 20.3}}, label: 'Focus'
                  Button, 0x10460d100, {{197.7, 78.0}, {69.3, 20.3}}, label: 'Insert'
                    Image, 0x10460d220, {{199.7, 81.3}, {14.0, 14.0}}, identifier: 'plus', label: 'Add'
                    StaticText, 0x103e13ae0, {{197.7, 78.0}, {69.3, 20.3}}, label: 'Insert'
                  Switch, 0x103e13e70, {{279.0, 71.0}, {126.0, 34.3}}, label: 'Select blocks', value: 1
                  Switch, 0x103e0e140, {{449.0, 78.0}, {76.3, 20.3}}, label: 'Large text', value: 0
                  Switch, 0x103e15d40, {{561.3, 78.0}, {36.0, 20.3}}, label: 'Dark', value: 0
                  Switch, 0x103e15e60, {{621.3, 71.0}, {112.0, 34.3}}, label: 'Touch tools', value: 1
                Other, 0x103e15f80, {{0.0, 84.3}, {393.0, 30.0}}, label: 'Horizontal scroll bar, 2 pages', value: 0%
                  Other, 0x103e160a0, {{3.0, 111.3}, {204.0, 3.0}}
                Other, 0x103e161c0, {{0.0, 84.3}, {393.0, 30.0}}, label: 'Horizontal scroll bar, 2 pages', value: 0%
                  Other, 0x103e162e0, {{3.0, 111.3}, {204.0, 3.0}}
              ScrollView, 0x103e16400, {{0.0, 117.3}, {393.0, 577.7}}
                Other, 0x103e16520, {{0.0, 27.0}, {393.0, 7804.3}}
                  TextField, 0x103e16640, {{20.0, 59.0}, {353.0, 44.0}}, identifier: 'Document title', label: 'Document title', placeholderValue: 'Untitled', value: Studio field notes
                  Button, 0x103e16760, {{29.7, 134.7}, {17.0, 17.0}}, identifier: 'circle', label: 'Select intro'
                  TextView, 0x103e16880, {{60.0, 127.0}, {309.0, 54.0}}, identifier: 'Text intro', label: 'Text intro', value: Start with the doc...
                    Other, 0x103e169a0, {{336.0, 127.0}, {30.0, 54.0}}, label: 'Vertical scroll bar, 1 page', value: 0%
                      Other, 0x103e16ac0, {{363.0, 130.0}, {3.0, 48.0}}
                    Other, 0x103e16be0, {{60.0, 151.0}, {309.0, 27.0}}, label: 'Horizontal scroll bar, 1 page', value: 0%
                      Other, 0x103e16d00, {{63.0, 175.0}, {339.0, 3.0}}
                  Button, 0x103e16e20, {{32.0, 217.1}, {190.3, 14.3}}, identifier: 'Column presentation layout-101', label: 'Columns stacked in reading order'
                  Button, 0x103e16f40, {{32.0, 239.3}, {88.0, 14.3}}, label: 'Resize columns'
                  Button, 0x103e17060, {{128.0, 239.3}, {96.0, 14.3}}, label: 'Remove columns'
                  StaticText, 0x103e17180, {{32.0, 265.8}, {69.3, 14.3}}, identifier: 'Stacked split value', label: 'Split 50 / 50'
                  Other, 0x103e17360, {{32.0, 292.1}, {325.0, 152.9}}, label: 'First column'
                    StaticText, 0x103e17480, {{32.0, 292.1}, {69.7, 14.3}}, label: 'First column'
                    Button, 0x103e175a0, {{41.7, 334.0}, {17.0, 17.0}}, identifier: 'circle', label: 'Select first'
                    TextView, 0x103e176c0, {{72.0, 326.3}, {285.0, 36.3}}, identifier: 'Text first', label: 'Text first', value: First thought
                      Other, 0x103e177e0, {{324.0, 326.3}, {30.0, 36.3}}, label: 'Vertical scroll bar, 1 page', value: 0%
                        Other, 0x103e17900, {{351.0, 323.7}, {3.0, 36.0}}
                      Other, 0x103e17a20, {{72.0, 341.5}, {285.0, 18.2}}, label: 'Horizontal scroll bar, 1 page', value: 0%
                        Other, 0x103e17b40, {{75.0, 356.7}, {279.0, 3.0}}
                    Button, 0x103e17c60, {{41.7, 394.0}, {17.0, 17.0}}, identifier: 'circle', label: 'Select second'
                    TextView, 0x103e17d80, {{72.0, 386.7}, {285.0, 36.0}}, identifier: 'Text second', label: 'Text second', value: before Second thou...
                      Other, 0x103e17ea0, {{324.0, 386.7}, {30.0, 36.0}}, label: 'Vertical scroll bar, 1 page', value: 0%
                        Other, 0x103e144b0, {{351.0, 383.7}, {3.0, 36.0}}
                      Other, 0x103e145d0, {{72.0, 401.7}, {285.0, 18.0}}, label: 'Horizontal scroll bar, 1 page', value: 0%
                        Other, 0x103e146f0, {{75.0, 416.7}, {279.0, 3.0}}
                    Button, 0x103e14810, {{72.0, 430.7}, {76.0, 14.3}}, identifier: 'Block actions second', label: 'Block actions', value: paragraph
                      Button, 0x103e14930, {{72.0, 430.7}, {76.0, 14.3}}
                        StaticText, 0x103e14a50, {{72.0, 430.6}, {76.0, 14.3}}, label: 'Block actions'
                  Other, 0x103e14b70, {{32.0, 460.9}, {329.0, 64.4}}, label: 'Second column'
                    StaticText, 0x103e14c90, {{32.0, 460.9}, {87.7, 14.3}}, label: 'Second column'
                    TextField, 0x103e182b0, {{32.0, 503.3}, {329.0, 22.0}}, identifier: 'Empty Second column layout-101', placeholderValue: 'Start writing'
                  Button, 0x103e183d0, {{29.7, 580.7}, {17.0, 17.0}}, identifier: 'circle', label: 'Select section'
                  TextView, 0x103e184f0, {{60.0, 573.3}, {309.0, 51.3}}, identifier: 'Text section', label: 'Text section', value: Structured notes
                    Other, 0x103e18610, {{336.0, 573.3}, {30.0, 51.3}}, label: 'Vertical scroll bar, 1 page', value: 0%
                      Other, 0x103e18730, {{363.0, 576.3}, {3.0, 45.3}}
                    Other, 0x103e18850, {{60.0, 596.0}, {309.0, 25.7}}, label: 'Horizontal scroll bar, 1 page', value: 0%
                      Other, 0x103e18970, {{63.0, 618.7}, {339.0, 3.0}}
                  Button, 0x103e18a90, {{29.7, 660.3}, {17.0, 17.0}}, identifier: 'circle', label: 'Select table'
                  ScrollView, 0x103e18bf0, {{60.0, 652.7}, {309.0, 60.0}}
                    Other, 0x103e18d10, {{60.0, 652.7}, {356.0, 60.0}}
                      TextView, 0x103e18e30, {{72.0, 664.7}, {160.0, 36.0}}, identifier: 'Cell left', label: 'Cell left', value: First cell
                        Other, 0x103e18f50, {{199.0, 664.7}, {30.0, 36.0}}, label: 'Vertical scroll bar, 1 page', value: 0%
                          Other, 0x103e19070, {{226.0, 661.7}, {3.0, 36.0}}
                        Other, 0x103e19190, {{72.0, 679.7}, {160.0, 18.0}}, label: 'Horizontal scroll bar, 1 page', value: 0%
                          Other, 0x103e192b0, {{75.0, 694.7}, {154.0, 3.0}}
                      TextView, 0x103e193d0, {{244.0, 664.7}, {160.0, 36.0}}, identifier: 'Cell right', label: 'Cell right', value: Second cell
                        Other, 0x103e194f0, {{371.0, 664.7}, {30.0, 36.0}}, label: 'Vertical scroll bar, 1 page', value: 0%
                          Other, 0x103e19610, {{398.0, 661.7}, {3.0, 36.0}}
                        Other, 0x103e19730, {{244.0, 679.7}, {160.0, 18.0}}, label: 'Horizontal scroll bar, 1 page', value: 0%
                          Other, 0x103e19850, {{247.0, 694.7}, {154.0, 3.0}}
                    Other, 0x103e19970, {{60.0, 679.7}, {309.0, 30.0}}, label: 'Horizontal scroll bar, 2 pages', value: 0%
                      Other, 0x103e19a90, {{395.0, 706.7}, {7.0, 3.0}}
                    Other, 0x103e19bb0, {{60.0, 679.7}, {309.0, 30.0}}, label: 'Horizontal scroll bar, 2 pages', value: 0%
                      Other, 0x103e19cd0, {{395.0, 706.7}, {7.0, 3.0}}
                  Button, 0x103e19df0, {{29.7, 748.3}, {17.0, 17.0}}, identifier: 'circle', label: 'Select toggle'
                  Button, 0x103e19f10, {{60.0, 740.7}, {309.0, 44.0}}, identifier: 'Toggle toggle-Disclosure toggle', label: 'Toggle toggle', value: Details
                    TextView, 0x103e1a030, {{60.0, 744.7}, {210.7, 36.0}}, identifier: 'Toggle toggle', label: 'Toggle toggle', value: Details
                      Other, 0x103e1a150, {{237.7, 744.7}, {30.0, 36.0}}, label: 'Vertical scroll bar, 1 page', value: 0%
                        Other, 0x103e1a270, {{264.7, 741.7}, {3.0, 36.0}}
                      Other, 0x103e1a390, {{60.0, 759.7}, {210.7, 18.0}}, label: 'Horizontal scroll bar, 1 page', value: 0%
                        Other, 0x103e1a4b0, {{63.0, 774.7}, {240.7, 3.0}}
                    Button, 0x103e1a5d0, {{278.7, 755.7}, {72.0, 14.3}}, identifier: 'Disclosure toggle', label: 'Show details'
                    Image, 0x103e1a6f0, {{361.3, 756.7}, {7.0, 12.0}}, identifier: 'collapsed'
                  Button, 0x103e1a810, {{29.7, 820.3}, {17.0, 17.0}}, identifier: 'circle', label: 'Select list'
                  StaticText, 0x103e1a930, {{60.0, 818.8}, {7.7, 20.3}}, label: '•'
                  TextView, 0x103e1aa50, {{75.7, 812.7}, {293.3, 36.3}}, identifier: 'List parent', label: 'List parent', value: Parent item
                    Other, 0x103e1ab70, {{336.0, 812.7}, {30.0, 36.3}}, label: 'Vertical scroll bar, 1 page', value: 0%
                      Other, 0x103e1ac90, {{363.0, 810.0}, {3.0, 36.0}}
                    Other, 0x103e1adb0, {{75.7, 827.8}, {293.3, 18.2}}, label: 'Horizontal scroll bar, 1 page', value: 0%
                      Other, 0x103e1aed0, {{78.7, 843.0}, {323.3, 3.0}}
                  StaticText, 0x103e1aff0, {{84.0, 862.9}, {7.7, 20.3}}, label: '•'
                  TextView, 0x103e1b110, {{99.7, 857.0}, {269.3, 36.0}}, identifier: 'List child', label: 'List child', value: Nested list item
                    Other, 0x103e1b230, {{336.0, 857.0}, {30.0, 36.0}}, label: 'Vertical scroll bar, 1 page', value: 0%
                      Other, 0x103e1b350, {{363.0, 854.0}, {3.0, 36.0}}
                    Other, 0x103e1b470, {{99.7, 872.0}, {269.3, 18.0}}, label: 'Horizontal scroll bar, 1 page', value: 0%
                      Other, 0x103e1b590, {{102.7, 887.0}, {299.3, 3.0}}
                  Button, 0x103e1b6b0, {{29.7, 928.3}, {17.0, 17.0}}, identifier: 'circle', label: 'Select media'
                  Image, 0x103e1b7d0, {{60.0, 921.0}, {309.0, 150.0}}, identifier: 'mountain.2', label: 'Local coastline illustration'
                  TextView, 0x103e1b8f0, {{60.0, 1079.0}, {309.0, 49.0}}, identifier: 'Media caption', label: 'Media caption', value: A local visual ref...
                    Other, 0x103e1ba10, {{336.0, 1079.0}, {30.0, 49.0}}, label: 'Vertical scroll bar, 1 page', value: 0%
                      Other, 0x103e1bb30, {{363.0, 1072.7}, {3.0, 36.0}}
                    Other, 0x103e1bc50, {{60.0, 1100.5}, {309.0, 24.5}}, label: 'Horizontal scroll bar, 1 page', value: 0%
                      Other, 0x103e1bd70, {{63.0, 1122.0}, {339.0, 3.0}}
                  Button, 0x103e1be90, {{29.7, 1163.3}, {17.0, 17.0}}, identifier: 'circle', label: 'Select review-code'
                  TextView, 0x103e1bfb0, {{60.0, 1156.0}, {309.0, 80.0}}, identifier: 'Code review-code', label: 'Code review-code', value: 	let coast = "世界😀...
                    Other, 0x103e1c0d0, {{336.0, 1156.0}, {30.0, 80.0}}, label: 'Vertical scroll bar, 1 page', value: 0%
                      Other, 0x103e1c1f0, {{363.0, 1159.0}, {3.0, 74.0}}
                    Other, 0x103e1c310, {{60.0, 1203.0}, {309.0, 30.0}}, label: 'Horizontal scroll bar, 1 page', value: 0%
                      Other, 0x103e1c430, {{63.0, 1230.0}, {339.0, 3.0}}
                  Button, 0x103e1c550, {{29.7, 1271.3}, {17.0, 17.0}}, identifier: 'circle', label: 'Select note-1'
                  TextView, 0x103e1c670, {{60.0, 1264.0}, {309.0, 80.0}}, identifier: 'Text note-1', label: 'Text note-1', value: Field note 1. Long...
                    Other, 0x103e1c790, {{336.0, 1264.0}, {30.0, 80.0}}, label: 'Vertical scroll bar, 1 page', value: 0%
                      Other, 0x103e1c8b0, {{363.0, 1267.0}, {3.0, 74.0}}
                    Other, 0x103e1c9d0, {{60.0, 1311.0}, {309.0, 30.0}}, label: 'Horizontal scroll bar, 1 page', value: 0%
                      Other, 0x103e1caf0, {{63.0, 1338.0}, {339.0, 3.0}}
                  Button, 0x103e1cd60, {{29.7, 1379.3}, {17.0, 17.0}}, identifier: 'circle', label: 'Select note-2'
                  TextView, 0x103e1ce80, {{60.0, 1372.0}, {309.0, 80.0}}, identifier: 'Text note-2', label: 'Text note-2', value: Field note 2. Long...
                    Other, 0x103e1cfa0, {{336.0, 1372.0}, {30.0, 80.0}}, label: 'Vertical scroll bar, 1 page', value: 0%
                      Other, 0x103e1d0c0, {{363.0, 1375.0}, {3.0, 74.0}}
                    Other, 0x103e1d1e0, {{60.0, 1419.0}, {309.0, 30.0}}, label: 'Horizontal scroll bar, 1 page', value: 0%
                      Other, 0x103e1d300, {{63.0, 1446.0}, {339.0, 3.0}}
                  Button, 0x103e1d420, {{29.7, 1487.3}, {17.0, 17.0}}, identifier: 'circle', label: 'Select note-3'
                  TextView, 0x103e1d540, {{60.0, 1480.0}, {309.0, 80.0}}, identifier: 'Text note-3', label: 'Text note-3', value: Field note 3. Long...
                    Other, 0x103e1d660, {{336.0, 1480.0}, {30.0, 80.0}}, label: 'Vertical scroll bar, 1 page', value: 0%
                      Other, 0x103e1d780, {{363.0, 1483.0}, {3.0, 74.0}}
                    Other, 0x103e1d8a0, {{60.0, 1527.0}, {309.0, 30.0}}, label: 'Horizontal scroll bar, 1 page', value: 0%
                      Other, 0x103e1d9c0, {{63.0, 1554.0}, {339.0, 3.0}}
                  Button, 0x103e1dae0, {{29.7, 1595.3}, {17.0, 17.0}}, identifier: 'circle', label: 'Select note-4'
                  TextView, 0x103e1dc00, {{60.0, 1588.0}, {309.0, 80.0}}, identifier: 'Text note-4', label: 'Text note-4', value: Field note 4. Long...
                    Other, 0x103e1dd20, {{336.0, 1588.0}, {30.0, 80.0}}, label: 'Vertical scroll bar, 1 page', value: 0%
                      Other, 0x103e1de40, {{363.0, 1591.0}, {3.0, 74.0}}
                    Other, 0x103e1df60, {{60.0, 1635.0}, {309.0, 30.0}}, label: 'Horizontal scroll bar, 1 page', value: 0%
                      Other, 0x103e1e080, {{63.0, 1662.0}, {339.0, 3.0}}
                  Button, 0x103e1e1a0, {{29.7, 1703.3}, {17.0, 17.0}}, identifier: 'circle', label: 'Select note-5'
                  TextView, 0x103e1e2c0, {{60.0, 1696.0}, {309.0, 80.0}}, identifier: 'Text note-5', label: 'Text note-5', value: Field note 5. Long...
                    Other, 0x103e1e3e0, {{336.0, 1696.0}, {30.0, 80.0}}, label: 'Vertical scroll bar, 1 page', value: 0%
                      Other, 0x103e1e500, {{363.0, 1699.0}, {3.0, 74.0}}
                    Other, 0x103e1e620, {{60.0, 1743.0}, {309.0, 30.0}}, label: 'Horizontal scroll bar, 1 page', value: 0%
                      Other, 0x103e1e740, {{63.0, 1770.0}, {339.0, 3.0}}
                  Button, 0x103e1e860, {{29.7, 1811.3}, {17.0, 17.0}}, identifier: 'circle', label: 'Select note-6'
                  TextView, 0x103e1e980, {{60.0, 1804.0}, {309.0, 80.0}}, identifier: 'Text note-6', label: 'Text note-6', value: Field note 6. Long...
                    Other, 0x103e1eaa0, {{336.0, 1804.0}, {30.0, 80.0}}, label: 'Vertical scroll bar, 1 page', value: 0%
                      Other, 0x103e1ebc0, {{363.0, 1807.0}, {3.0, 74.0}}
                    Other, 0x103e1ece0, {{60.0, 1851.0}, {309.0, 30.0}}, label: 'Horizontal scroll bar, 1 page', value: 0%
                      Other, 0x103e1ee00, {{63.0, 1878.0}, {339.0, 3.0}}
                  Button, 0x103e1ef20, {{29.7, 1919.3}, {17.0, 17.0}}, identifier: 'circle', label: 'Select note-7'
                  TextView, 0x103e1f040, {{60.0, 1912.0}, {309.0, 80.0}}, identifier: 'Text note-7', label: 'Text note-7', value: Field note 7. Long...
                    Other, 0x103e1f160, {{336.0, 1912.0}, {30.0, 80.0}}, label: 'Vertical scroll bar, 1 page', value: 0%
                      Other, 0x103e1f280, {{363.0, 1915.0}, {3.0, 74.0}}
                    Other, 0x103e1f3a0, {{60.0, 1959.0}, {309.0, 30.0}}, label: 'Horizontal scroll bar, 1 page', value: 0%
                      Other, 0x103e1f4c0, {{63.0, 1986.0}, {339.0, 3.0}}
                  Button, 0x103e1f5e0, {{29.7, 2027.3}, {17.0, 17.0}}, identifier: 'circle', label: 'Select note-8'
                  TextView, 0x103e1f700, {{60.0, 2020.0}, {309.0, 80.0}}, identifier: 'Text note-8', label: 'Text note-8', value: Field note 8. Long...
                    Other, 0x103e1f820, {{336.0, 2020.0}, {30.0, 80.0}}, label: 'Vertical scroll bar, 1 page', value: 0%
                      Other, 0x103e1f940, {{363.0, 2023.0}, {3.0, 74.0}}
                    Other, 0x103e1fa60, {{60.0, 2067.0}, {309.0, 30.0}}, label: 'Horizontal scroll bar, 1 page', value: 0%
                      Other, 0x103e1fb80, {{63.0, 2094.0}, {339.0, 3.0}}
                  Button, 0x103e1fca0, {{29.7, 2135.3}, {17.0, 17.0}}, identifier: 'circle', label: 'Select note-9'
                  TextView, 0x103e1fdc0, {{60.0, 2128.0}, {309.0, 80.0}}, identifier: 'Text note-9', label: 'Text note-9', value: Field note 9. Long...
                    Other, 0x103e1fee0, {{336.0, 2128.0}, {30.0, 80.0}}, label: 'Vertical scroll bar, 1 page', value: 0%
                      Other, 0x103e20000, {{363.0, 2131.0}, {3.0, 74.0}}
                    Other, 0x103e20120, {{60.0, 2175.0}, {309.0, 30.0}}, label: 'Horizontal scroll bar, 1 page', value: 0%
                      Other, 0x103e20240, {{63.0, 2202.0}, {339.0, 3.0}}
                  Button, 0x103e1cc10, {{29.7, 2243.3}, {17.0, 17.0}}, identifier: 'circle', label: 'Select note-10'
                  TextView, 0x103e20580, {{60.0, 2236.0}, {309.0, 80.0}}, identifier: 'Text note-10', label: 'Text note-10', value: Field note 10. Lon...
                    Other, 0x103e206a0, {{336.0, 2236.0}, {30.0, 80.0}}, label: 'Vertical scroll bar, 1 page', value: 0%
                      Other, 0x103e207c0, {{363.0, 2239.0}, {3.0, 74.0}}
                    Other, 0x103e208e0, {{60.0, 2283.0}, {309.0, 30.0}}, label: 'Horizontal scroll bar, 1 page', value: 0%
                      Other, 0x103e20a00, {{63.0, 2310.0}, {339.0, 3.0}}
                  Button, 0x103e20b20, {{29.7, 2351.3}, {17.0, 17.0}}, identifier: 'circle', label: 'Select note-11'
                  TextView, 0x103e20c40, {{60.0, 2344.0}, {309.0, 80.0}}, identifier: 'Text note-11', label: 'Text note-11', value: Field note 11. Lon...
                    Other, 0x103e20d60, {{336.0, 2344.0}, {30.0, 80.0}}, label: 'Vertical scroll bar, 1 page', value: 0%
                      Other, 0x103e20e80, {{363.0, 2347.0}, {3.0, 74.0}}
                    Other, 0x103e20fa0, {{60.0, 2391.0}, {309.0, 30.0}}, label: 'Horizontal scroll bar, 1 page', value: 0%
                      Other, 0x103e210c0, {{63.0, 2418.0}, {339.0, 3.0}}
                  Button, 0x103e211e0, {{29.7, 2459.3}, {17.0, 17.0}}, identifier: 'circle', label: 'Select note-12'
                  TextView, 0x103e21300, {{60.0, 2452.0}, {309.0, 80.0}}, identifier: 'Text note-12', label: 'Text note-12', value: Field note 12. Lon...
                    Other, 0x103e21420, {{336.0, 2452.0}, {30.0, 80.0}}, label: 'Vertical scroll bar, 1 page', value: 0%
                      Other, 0x103e21540, {{363.0, 2455.0}, {3.0, 74.0}}
                    Other, 0x103e21660, {{60.0, 2499.0}, {309.0, 30.0}}, label: 'Horizontal scroll bar, 1 page', value: 0%
                      Other, 0x103e21780, {{63.0, 2526.0}, {339.0, 3.0}}
                  Button, 0x103e218a0, {{29.7, 2567.3}, {17.0, 17.0}}, identifier: 'circle', label: 'Select note-13'
                  TextView, 0x103e219c0, {{60.0, 2560.0}, {309.0, 80.0}}, identifier: 'Text note-13', label: 'Text note-13', value: Field note 13. Lon...
                    Other, 0x103e21ae0, {{336.0, 2560.0}, {30.0, 80.0}}, label: 'Vertical scroll bar, 1 page', value: 0%
                      Other, 0x103e21c00, {{363.0, 2563.0}, {3.0, 74.0}}
                    Other, 0x103e21d20, {{60.0, 2607.0}, {309.0, 30.0}}, label: 'Horizontal scroll bar, 1 page', value: 0%
                      Other, 0x103e21e40, {{63.0, 2634.0}, {339.0, 3.0}}
                  Button, 0x103e21f60, {{29.7, 2675.3}, {17.0, 17.0}}, identifier: 'circle', label: 'Select note-14'
                  TextView, 0x103e22080, {{60.0, 2668.0}, {309.0, 80.0}}, identifier: 'Text note-14', label: 'Text note-14', value: Field note 14. Lon...
                    Other, 0x103e221a0, {{336.0, 2668.0}, {30.0, 80.0}}, label: 'Vertical scroll bar, 1 page', value: 0%
                      Other, 0x103e222c0, {{363.0, 2671.0}, {3.0, 74.0}}
                    Other, 0x103e223e0, {{60.0, 2715.0}, {309.0, 30.0}}, label: 'Horizontal scroll bar, 1 page', value: 0%
                      Other, 0x103e22500, {{63.0, 2742.0}, {339.0, 3.0}}
                  Button, 0x103e22620, {{29.7, 2783.3}, {17.0, 17.0}}, identifier: 'circle', label: 'Select note-15'
                  TextView, 0x103e22740, {{60.0, 2776.0}, {309.0, 80.0}}, identifier: 'Text note-15', label: 'Text note-15', value: Field note 15. Lon...
                    Other, 0x103e22860, {{336.0, 2776.0}, {30.0, 80.0}}, label: 'Vertical scroll bar, 1 page', value: 0%
                      Other, 0x103e22980, {{363.0, 2779.0}, {3.0, 74.0}}
                    Other, 0x103e22aa0, {{60.0, 2823.0}, {309.0, 30.0}}, label: 'Horizontal scroll bar, 1 page', value: 0%
                      Other, 0x103e22bc0, {{63.0, 2850.0}, {339.0, 3.0}}
                  Button, 0x103e22ce0, {{29.7, 2891.3}, {17.0, 17.0}}, identifier: 'circle', label: 'Select note-16'
                  TextView, 0x103e22e00, {{60.0, 2884.0}, {309.0, 80.0}}, identifier: 'Text note-16', label: 'Text note-16', value: Field note 16. Lon...
                    Other, 0x103e22f20, {{336.0, 2884.0}, {30.0, 80.0}}, label: 'Vertical scroll bar, 1 page', value: 0%
                      Other, 0x103e23040, {{363.0, 2887.0}, {3.0, 74.0}}
                    Other, 0x103e23160, {{60.0, 2931.0}, {309.0, 30.0}}, label: 'Horizontal scroll bar, 1 page', value: 0%
                      Other, 0x103e23280, {{63.0, 2958.0}, {339.0, 3.0}}
                  Button, 0x103e233a0, {{29.7, 2999.3}, {17.0, 17.0}}, identifier: 'circle', label: 'Select note-17'
                  TextView, 0x103e234c0, {{60.0, 2992.0}, {309.0, 80.0}}, identifier: 'Text note-17', label: 'Text note-17', value: Field note 17. Lon...
                    Other, 0x103e235e0, {{336.0, 2992.0}, {30.0, 80.0}}, label: 'Vertical scroll bar, 1 page', value: 0%
                      Other, 0x103e23700, {{363.0, 2995.0}, {3.0, 74.0}}
                    Other, 0x103e23820, {{60.0, 3039.0}, {309.0, 30.0}}, label: 'Horizontal scroll bar, 1 page', value: 0%
                      Other, 0x103e23940, {{63.0, 3066.0}, {339.0, 3.0}}
                  Button, 0x103e23a60, {{29.7, 3107.3}, {17.0, 17.0}}, identifier: 'circle', label: 'Select note-18'
                  TextView, 0x103e23b80, {{60.0, 3100.0}, {309.0, 80.0}}, identifier: 'Text note-18', label: 'Text note-18', value: Field note 18. Lon...
                    Other, 0x103e23ca0, {{336.0, 3100.0}, {30.0, 80.0}}, label: 'Vertical scroll bar, 1 page', value: 0%
                      Other, 0x103e23dc0, {{363.0, 3103.0}, {3.0, 74.0}}
                    Other, 0x103e23ee0, {{60.0, 3147.0}, {309.0, 30.0}}, label: 'Horizontal scroll bar, 1 page', value: 0%
                      Other, 0x103e24000, {{63.0, 3174.0}, {339.0, 3.0}}
                  Button, 0x103e24120, {{29.7, 3215.3}, {17.0, 17.0}}, identifier: 'circle', label: 'Select note-19'
                  TextView, 0x103e24240, {{60.0, 3208.0}, {309.0, 80.0}}, identifier: 'Text note-19', label: 'Text note-19', value: Field note 19. Lon...
                    Other, 0x103e24360, {{336.0, 3208.0}, {30.0, 80.0}}, label: 'Vertical scroll bar, 1 page', value: 0%
                      Other, 0x103e24480, {{363.0, 3211.0}, {3.0, 74.0}}
                    Other, 0x103e245a0, {{60.0, 3255.0}, {309.0, 30.0}}, label: 'Horizontal scroll bar, 1 page', value: 0%
                      Other, 0x103e246c0, {{63.0, 3282.0}, {339.0, 3.0}}
                  Button, 0x103e247e0, {{29.7, 3323.3}, {17.0, 17.0}}, identifier: 'circle', label: 'Select note-20'
                  TextView, 0x103e24900, {{60.0, 3316.0}, {309.0, 80.0}}, identifier: 'Text note-20', label: 'Text note-20', value: Field note 20. Lon...
                    Other, 0x103e24a20, {{336.0, 3316.0}, {30.0, 80.0}}, label: 'Vertical scroll bar, 1 page', value: 0%
                      Other, 0x103e24b40, {{363.0, 3319.0}, {3.0, 74.0}}
                    Other, 0x103e24c60, {{60.0, 3363.0}, {309.0, 30.0}}, label: 'Horizontal scroll bar, 1 page', value: 0%
                      Other, 0x103e24d80, {{63.0, 3390.0}, {339.0, 3.0}}
                  Button, 0x103e24ea0, {{29.7, 3431.3}, {17.0, 17.0}}, identifier: 'circle', label: 'Select note-21'
                  TextView, 0x103e24fc0, {{60.0, 3424.0}, {309.0, 80.0}}, identifier: 'Text note-21', label: 'Text note-21', value: Field note 21. Lon...
                    Other, 0x103e250e0, {{336.0, 3424.0}, {30.0, 80.0}}, label: 'Vertical scroll bar, 1 page', value: 0%
                      Other, 0x103e25200, {{363.0, 3427.0}, {3.0, 74.0}}
                    Other, 0x103e25320, {{60.0, 3471.0}, {309.0, 30.0}}, label: 'Horizontal scroll bar, 1 page', value: 0%
                      Other, 0x103e25440, {{63.0, 3498.0}, {339.0, 3.0}}
                  Button, 0x103e25560, {{29.7, 3539.3}, {17.0, 17.0}}, identifier: 'circle', label: 'Select note-22'
                  TextView, 0x103e25680, {{60.0, 3532.0}, {309.0, 80.0}}, identifier: 'Text note-22', label: 'Text note-22', value: Field note 22. Lon...
                    Other, 0x103e257a0, {{336.0, 3532.0}, {30.0, 80.0}}, label: 'Vertical scroll bar, 1 page', value: 0%
                      Other, 0x103e258c0, {{363.0, 3535.0}, {3.0, 74.0}}
                    Other, 0x103e259e0, {{60.0, 3579.0}, {309.0, 30.0}}, label: 'Horizontal scroll bar, 1 page', value: 0%
                      Other, 0x103e25b00, {{63.0, 3606.0}, {339.0, 3.0}}
                  Button, 0x103e20360, {{29.7, 3647.3}, {17.0, 17.0}}, identifier: 'circle', label: 'Select note-23'
                  TextView, 0x103e25f90, {{60.0, 3640.0}, {309.0, 80.0}}, identifier: 'Text note-23', label: 'Text note-23', value: Field note 23. Lon...
                    Other, 0x103e260b0, {{336.0, 3640.0}, {30.0, 80.0}}, label: 'Vertical scroll bar, 1 page', value: 0%
                      Other, 0x103e261d0, {{363.0, 3643.0}, {3.0, 74.0}}
                    Other, 0x103e262f0, {{60.0, 3687.0}, {309.0, 30.0}}, label: 'Horizontal scroll bar, 1 page', value: 0%
                      Other, 0x103e26410, {{63.0, 3714.0}, {339.0, 3.0}}
                  Button, 0x103e26530, {{29.7, 3755.3}, {17.0, 17.0}}, identifier: 'circle', label: 'Select note-24'
                  TextView, 0x103e26650, {{60.0, 3748.0}, {309.0, 80.0}}, identifier: 'Text note-24', label: 'Text note-24', value: Field note 24. Lon...
                    Other, 0x103e26770, {{336.0, 3748.0}, {30.0, 80.0}}, label: 'Vertical scroll bar, 1 page', value: 0%
                      Other, 0x103e26890, {{363.0, 3751.0}, {3.0, 74.0}}
                    Other, 0x103e269b0, {{60.0, 3795.0}, {309.0, 30.0}}, label: 'Horizontal scroll bar, 1 page', value: 0%
                      Other, 0x103e26ad0, {{63.0, 3822.0}, {339.0, 3.0}}
                  Button, 0x103e26bf0, {{29.7, 3863.3}, {17.0, 17.0}}, identifier: 'circle', label: 'Select note-25'
                  TextView, 0x103e26d10, {{60.0, 3856.0}, {309.0, 80.0}}, identifier: 'Text note-25', label: 'Text note-25', value: Field note 25. Lon...
                    Other, 0x103e26e30, {{336.0, 3856.0}, {30.0, 80.0}}, label: 'Vertical scroll bar, 1 page', value: 0%
                      Other, 0x103e26f50, {{363.0, 3859.0}, {3.0, 74.0}}
                    Other, 0x103e27070, {{60.0, 3903.0}, {309.0, 30.0}}, label: 'Horizontal scroll bar, 1 page', value: 0%
                      Other, 0x103e27190, {{63.0, 3930.0}, {339.0, 3.0}}
                  Button, 0x103e272b0, {{29.7, 3971.3}, {17.0, 17.0}}, identifier: 'circle', label: 'Select note-26'
                  TextView, 0x103e273d0, {{60.0, 3964.0}, {309.0, 80.0}}, identifier: 'Text note-26', label: 'Text note-26', value: Field note 26. Lon...
                    Other, 0x103e274f0, {{336.0, 3964.0}, {30.0, 80.0}}, label: 'Vertical scroll bar, 1 page', value: 0%
                      Other, 0x103e27610, {{363.0, 3967.0}, {3.0, 74.0}}
                    Other, 0x103e27730, {{60.0, 4011.0}, {309.0, 30.0}}, label: 'Horizontal scroll bar, 1 page', value: 0%
                      Other, 0x103e27850, {{63.0, 4038.0}, {339.0, 3.0}}
                  Button, 0x103e27970, {{29.7, 4079.3}, {17.0, 17.0}}, identifier: 'circle', label: 'Select note-27'
                  TextView, 0x103e27a90, {{60.0, 4072.0}, {309.0, 80.0}}, identifier: 'Text note-27', label: 'Text note-27', value: Field note 27. Lon...
                    Other, 0x103e27bb0, {{336.0, 4072.0}, {30.0, 80.0}}, label: 'Vertical scroll bar, 1 page', value: 0%
                      Other, 0x103e27cd0, {{363.0, 4075.0}, {3.0, 74.0}}
                    Other, 0x103e27df0, {{60.0, 4119.0}, {309.0, 30.0}}, label: 'Horizontal scroll bar, 1 page', value: 0%
                      Other, 0x103e27f10, {{63.0, 4146.0}, {339.0, 3.0}}
                  Button, 0x103e28030, {{29.7, 4187.3}, {17.0, 17.0}}, identifier: 'circle', label: 'Select note-28'
                  TextView, 0x103e28150, {{60.0, 4180.0}, {309.0, 80.0}}, identifier: 'Text note-28', label: 'Text note-28', value: Field note 28. Lon...
                    Other, 0x103e28270, {{336.0, 4180.0}, {30.0, 80.0}}, label: 'Vertical scroll bar, 1 page', value: 0%
                      Other, 0x103e28390, {{363.0, 4183.0}, {3.0, 74.0}}
                    Other, 0x103e284b0, {{60.0, 4227.0}, {309.0, 30.0}}, label: 'Horizontal scroll bar, 1 page', value: 0%
                      Other, 0x103e285d0, {{63.0, 4254.0}, {339.0, 3.0}}
                  Button, 0x103e286f0, {{29.7, 4295.3}, {17.0, 17.0}}, identifier: 'circle', label: 'Select note-29'
                  TextView, 0x103e28810, {{60.0, 4288.0}, {309.0, 80.0}}, identifier: 'Text note-29', label: 'Text note-29', value: Field note 29. Lon...
                    Other, 0x103e28930, {{336.0, 4288.0}, {30.0, 80.0}}, label: 'Vertical scroll bar, 1 page', value: 0%
                      Other, 0x103e28a50, {{363.0, 4291.0}, {3.0, 74.0}}
                    Other, 0x103e28b70, {{60.0, 4335.0}, {309.0, 30.0}}, label: 'Horizontal scroll bar, 1 page', value: 0%
                      Other, 0x103e28c90, {{63.0, 4362.0}, {339.0, 3.0}}
                  Button, 0x103e28db0, {{29.7, 4403.3}, {17.0, 17.0}}, identifier: 'circle', label: 'Select note-30'
                  TextView, 0x103e28ed0, {{60.0, 4396.0}, {309.0, 80.0}}, identifier: 'Text note-30', label: 'Text note-30', value: Field note 30. Lon...
                    Other, 0x103e28ff0, {{336.0, 4396.0}, {30.0, 80.0}}, label: 'Vertical scroll bar, 1 page', value: 0%
                      Other, 0x103e29110, {{363.0, 4399.0}, {3.0, 74.0}}
                    Other, 0x103e29230, {{60.0, 4443.0}, {309.0, 30.0}}, label: 'Horizontal scroll bar, 1 page', value: 0%
                      Other, 0x103e29350, {{63.0, 4470.0}, {339.0, 3.0}}
                  Button, 0x103e29470, {{29.7, 4511.3}, {17.0, 17.0}}, identifier: 'circle', label: 'Select note-31'
                  TextView, 0x103e29590, {{60.0, 4504.0}, {309.0, 80.0}}, identifier: 'Text note-31', label: 'Text note-31', value: Field note 31. Lon...
                    Other, 0x103e296b0, {{336.0, 4504.0}, {30.0, 80.0}}, label: 'Vertical scroll bar, 1 page', value: 0%
                      Other, 0x103e297d0, {{363.0, 4507.0}, {3.0, 74.0}}
                    Other, 0x103e298f0, {{60.0, 4551.0}, {309.0, 30.0}}, label: 'Horizontal scroll bar, 1 page', value: 0%
                      Other, 0x103e29a10, {{63.0, 4578.0}, {339.0, 3.0}}
                  Button, 0x103e29b30, {{29.7, 4619.3}, {17.0, 17.0}}, identifier: 'circle', label: 'Select note-32'
                  TextView, 0x103e29c50, {{60.0, 4612.0}, {309.0, 80.0}}, identifier: 'Text note-32', label: 'Text note-32', value: Field note 32. Lon...
                    Other, 0x103e29d70, {{336.0, 4612.0}, {30.0, 80.0}}, label: 'Vertical scroll bar, 1 page', value: 0%
                      Other, 0x103e29e90, {{363.0, 4615.0}, {3.0, 74.0}}
                    Other, 0x103e29fb0, {{60.0, 4659.0}, {309.0, 30.0}}, label: 'Horizontal scroll bar, 1 page', value: 0%
                      Other, 0x103e2a0d0, {{63.0, 4686.0}, {339.0, 3.0}}
                  Button, 0x103e2a1f0, {{29.7, 4727.3}, {17.0, 17.0}}, identifier: 'circle', label: 'Select note-33'
                  TextView, 0x103e2a310, {{60.0, 4720.0}, {309.0, 80.0}}, identifier: 'Text note-33', label: 'Text note-33', value: Field note 33. Lon...
                    Other, 0x103e2a430, {{336.0, 4720.0}, {30.0, 80.0}}, label: 'Vertical scroll bar, 1 page', value: 0%
                      Other, 0x103e2a550, {{363.0, 4723.0}, {3.0, 74.0}}
                    Other, 0x103e2a670, {{60.0, 4767.0}, {309.0, 30.0}}, label: 'Horizontal scroll bar, 1 page', value: 0%
                      Other, 0x103e2a790, {{63.0, 4794.0}, {339.0, 3.0}}
                  Button, 0x103e2a8b0, {{29.7, 4835.3}, {17.0, 17.0}}, identifier: 'circle', label: 'Select note-34'
                  TextView, 0x103e2a9d0, {{60.0, 4828.0}, {309.0, 80.0}}, identifier: 'Text note-34', label: 'Text note-34', value: Field note 34. Lon...
                    Other, 0x103e2aaf0, {{336.0, 4828.0}, {30.0, 80.0}}, label: 'Vertical scroll bar, 1 page', value: 0%
                      Other, 0x103e2ac10, {{363.0, 4831.0}, {3.0, 74.0}}
                    Other, 0x103e2ad30, {{60.0, 4875.0}, {309.0, 30.0}}, label: 'Horizontal scroll bar, 1 page', value: 0%
                      Other, 0x103e2ae50, {{63.0, 4902.0}, {339.0, 3.0}}
                  Button, 0x103e2af70, {{29.7, 4943.3}, {17.0, 17.0}}, identifier: 'circle', label: 'Select note-35'
                  TextView, 0x103e2b090, {{60.0, 4936.0}, {309.0, 80.0}}, identifier: 'Text note-35', label: 'Text note-35', value: Field note 35. Lon...
                    Other, 0x103e2b1b0, {{336.0, 4936.0}, {30.0, 80.0}}, label: 'Vertical scroll bar, 1 page', value: 0%
                      Other, 0x103e2b2d0, {{363.0, 4939.0}, {3.0, 74.0}}
                    Other, 0x103e2b3f0, {{60.0, 4983.0}, {309.0, 30.0}}, label: 'Horizontal scroll bar, 1 page', value: 0%
                      Other, 0x103e2b510, {{63.0, 5010.0}, {339.0, 3.0}}
                  Button, 0x103e2b630, {{29.7, 5051.3}, {17.0, 17.0}}, identifier: 'circle', label: 'Select note-36'
                  TextView, 0x103e2b750, {{60.0, 5044.0}, {309.0, 80.0}}, identifier: 'Text note-36', label: 'Text note-36', value: Field note 36. Lon...
                    Other, 0x103e2b870, {{336.0, 5044.0}, {30.0, 80.0}}, label: 'Vertical scroll bar, 1 page', value: 0%
                      Other, 0x103e2b990, {{363.0, 5047.0}, {3.0, 74.0}}
                    Other, 0x103e2bab0, {{60.0, 5091.0}, {309.0, 30.0}}, label: 'Horizontal scroll bar, 1 page', value: 0%
                      Other, 0x103e2bbd0, {{63.0, 5118.0}, {339.0, 3.0}}
                  Button, 0x103e2bcf0, {{29.7, 5159.3}, {17.0, 17.0}}, identifier: 'circle', label: 'Select note-37'
                  TextView, 0x103e2be10, {{60.0, 5152.0}, {309.0, 80.0}}, identifier: 'Text note-37', label: 'Text note-37', value: Field note 37. Lon...
                    Other, 0x103e2bf30, {{336.0, 5152.0}, {30.0, 80.0}}, label: 'Vertical scroll bar, 1 page', value: 0%
                      Other, 0x103e2c050, {{363.0, 5155.0}, {3.0, 74.0}}
                    Other, 0x103e2c170, {{60.0, 5199.0}, {309.0, 30.0}}, label: 'Horizontal scroll bar, 1 page', value: 0%
                      Other, 0x103e2c290, {{63.0, 5226.0}, {339.0, 3.0}}
                  Button, 0x103e2c3b0, {{29.7, 5267.3}, {17.0, 17.0}}, identifier: 'circle', label: 'Select note-38'
                  TextView, 0x103e2c4d0, {{60.0, 5260.0}, {309.0, 80.0}}, identifier: 'Text note-38', label: 'Text note-38', value: Field note 38. Lon...
                    Other, 0x103e2c5f0, {{336.0, 5260.0}, {30.0, 80.0}}, label: 'Vertical scroll bar, 1 page', value: 0%
                      Other, 0x103e2c710, {{363.0, 5263.0}, {3.0, 74.0}}
                    Other, 0x103e2c830, {{60.0, 5307.0}, {309.0, 30.0}}, label: 'Horizontal scroll bar, 1 page', value: 0%
                      Other, 0x103e2c950, {{63.0, 5334.0}, {339.0, 3.0}}
                  Button, 0x103e2ca70, {{29.7, 5375.3}, {17.0, 17.0}}, identifier: 'circle', label: 'Select note-39'
                  TextView, 0x103e2cb90, {{60.0, 5368.0}, {309.0, 80.0}}, identifier: 'Text note-39', label: 'Text note-39', value: Field note 39. Lon...
                    Other, 0x103e2ccb0, {{336.0, 5368.0}, {30.0, 80.0}}, label: 'Vertical scroll bar, 1 page', value: 0%
                      Other, 0x103e2cdd0, {{363.0, 5371.0}, {3.0, 74.0}}
                    Other, 0x103e2cef0, {{60.0, 5415.0}, {309.0, 30.0}}, label: 'Horizontal scroll bar, 1 page', value: 0%
                      Other, 0x103e2d010, {{63.0, 5442.0}, {339.0, 3.0}}
                  Button, 0x103e2d130, {{29.7, 5483.3}, {17.0, 17.0}}, identifier: 'circle', label: 'Select note-40'
                  TextView, 0x103e2d250, {{60.0, 5476.0}, {309.0, 80.0}}, identifier: 'Text note-40', label: 'Text note-40', value: Field note 40. Lon...
                    Other, 0x103e2d370, {{336.0, 5476.0}, {30.0, 80.0}}, label: 'Vertical scroll bar, 1 page', value: 0%
                      Other, 0x103e2d490, {{363.0, 5479.0}, {3.0, 74.0}}
                    Other, 0x103e2d5b0, {{60.0, 5523.0}, {309.0, 30.0}}, label: 'Horizontal scroll bar, 1 page', value: 0%
                      Other, 0x103e2d6d0, {{63.0, 5550.0}, {339.0, 3.0}}
                  Button, 0x103e2d7f0, {{29.7, 5591.3}, {17.0, 17.0}}, identifier: 'circle', label: 'Select note-41'
                  TextView, 0x103e2d910, {{60.0, 5584.0}, {309.0, 80.0}}, identifier: 'Text note-41', label: 'Text note-41', value: Field note 41. Lon...
                    Other, 0x103e2da30, {{336.0, 5584.0}, {30.0, 80.0}}, label: 'Vertical scroll bar, 1 page', value: 0%
                      Other, 0x103e2db50, {{363.0, 5587.0}, {3.0, 74.0}}
                    Other, 0x103e2dc70, {{60.0, 5631.0}, {309.0, 30.0}}, label: 'Horizontal scroll bar, 1 page', value: 0%
                      Other, 0x103e2dd90, {{63.0, 5658.0}, {339.0, 3.0}}
                  Button, 0x103e2deb0, {{29.7, 5699.3}, {17.0, 17.0}}, identifier: 'circle', label: 'Select note-42'
                  TextView, 0x103e2dfd0, {{60.0, 5692.0}, {309.0, 80.0}}, identifier: 'Text note-42', label: 'Text note-42', value: Field note 42. Lon...
                    Other, 0x103e2e0f0, {{336.0, 5692.0}, {30.0, 80.0}}, label: 'Vertical scroll bar, 1 page', value: 0%
                      Other, 0x103e2e210, {{363.0, 5695.0}, {3.0, 74.0}}
                    Other, 0x103e2e330, {{60.0, 5739.0}, {309.0, 30.0}}, label: 'Horizontal scroll bar, 1 page', value: 0%
                      Other, 0x103e2e450, {{63.0, 5766.0}, {339.0, 3.0}}
                  Button, 0x103e2e570, {{29.7, 5807.3}, {17.0, 17.0}}, identifier: 'circle', label: 'Select note-43'
                  TextView, 0x103e2e690, {{60.0, 5800.0}, {309.0, 80.0}}, identifier: 'Text note-43', label: 'Text note-43', value: Field note 43. Lon...
                    Other, 0x103e2e7b0, {{336.0, 5800.0}, {30.0, 80.0}}, label: 'Vertical scroll bar, 1 page', value: 0%
                      Other, 0x103e2e8d0, {{363.0, 5803.0}, {3.0, 74.0}}
                    Other, 0x103e2e9f0, {{60.0, 5847.0}, {309.0, 30.0}}, label: 'Horizontal scroll bar, 1 page', value: 0%
                      Other, 0x103e2eb10, {{63.0, 5874.0}, {339.0, 3.0}}
                  Button, 0x103e25c20, {{29.7, 5915.3}, {17.0, 17.0}}, identifier: 'circle', label: 'Select note-44'
                  TextView, 0x103e25d40, {{60.0, 5908.0}, {309.0, 80.0}}, identifier: 'Text note-44', label: 'Text note-44', value: Field note 44. Lon...
                    Other, 0x103e25e60, {{336.0, 5908.0}, {30.0, 80.0}}, label: 'Vertical scroll bar, 1 page', value: 0%
                      Other, 0x103e2ec30, {{363.0, 5911.0}, {3.0, 74.0}}
                    Other, 0x103e2ed50, {{60.0, 5955.0}, {309.0, 30.0}}, label: 'Horizontal scroll bar, 1 page', value: 0%
                      Other, 0x103e2ee70, {{63.0, 5982.0}, {339.0, 3.0}}
                  Button, 0x103e2ef90, {{29.7, 6023.3}, {17.0, 17.0}}, identifier: 'circle', label: 'Select note-45'
                  TextView, 0x103e2f0b0, {{60.0, 6016.0}, {309.0, 80.0}}, identifier: 'Text note-45', label: 'Text note-45', value: Field note 45. Lon...
                    Other, 0x103e2f1d0, {{336.0, 6016.0}, {30.0, 80.0}}, label: 'Vertical scroll bar, 1 page', value: 0%
                      Other, 0x103e2f2f0, {{363.0, 6019.0}, {3.0, 74.0}}
                    Other, 0x103e2f410, {{60.0, 6063.0}, {309.0, 30.0}}, label: 'Horizontal scroll bar, 1 page', value: 0%
                      Other, 0x103e2f530, {{63.0, 6090.0}, {339.0, 3.0}}
                  Button, 0x103e2f650, {{29.7, 6131.3}, {17.0, 17.0}}, identifier: 'circle', label: 'Select note-46'
                  TextView, 0x103e2f770, {{60.0, 6124.0}, {309.0, 80.0}}, identifier: 'Text note-46', label: 'Text note-46', value: Field note 46. Lon...
                    Other, 0x103e2f890, {{336.0, 6124.0}, {30.0, 80.0}}, label: 'Vertical scroll bar, 1 page', value: 0%
                      Other, 0x103e2f9b0, {{363.0, 6127.0}, {3.0, 74.0}}
                    Other, 0x103e2fad0, {{60.0, 6171.0}, {309.0, 30.0}}, label: 'Horizontal scroll bar, 1 page', value: 0%
                      Other, 0x103e2fbf0, {{63.0, 6198.0}, {339.0, 3.0}}
                  Button, 0x103e2fd10, {{29.7, 6239.3}, {17.0, 17.0}}, identifier: 'circle', label: 'Select note-47'
                  TextView, 0x103e2fe30, {{60.0, 6232.0}, {309.0, 80.0}}, identifier: 'Text note-47', label: 'Text note-47', value: Field note 47. Lon...
                    Other, 0x103e2ff50, {{336.0, 6232.0}, {30.0, 80.0}}, label: 'Vertical scroll bar, 1 page', value: 0%
                      Other, 0x103e30070, {{363.0, 6235.0}, {3.0, 74.0}}
                    Other, 0x103e30190, {{60.0, 6279.0}, {309.0, 30.0}}, label: 'Horizontal scroll bar, 1 page', value: 0%
                      Other, 0x103e302b0, {{63.0, 6306.0}, {339.0, 3.0}}
                  Button, 0x103e303d0, {{29.7, 6347.3}, {17.0, 17.0}}, identifier: 'circle', label: 'Select note-48'
                  TextView, 0x103e304f0, {{60.0, 6340.0}, {309.0, 80.0}}, identifier: 'Text note-48', label: 'Text note-48', value: Field note 48. Lon...
                    Other, 0x103e30610, {{336.0, 6340.0}, {30.0, 80.0}}, label: 'Vertical scroll bar, 1 page', value: 0%
                      Other, 0x103e30730, {{363.0, 6343.0}, {3.0, 74.0}}
                    Other, 0x103e30850, {{60.0, 6387.0}, {309.0, 30.0}}, label: 'Horizontal scroll bar, 1 page', value: 0%
                      Other, 0x103e30970, {{63.0, 6414.0}, {339.0, 3.0}}
                  Button, 0x103e30a90, {{29.7, 6455.3}, {17.0, 17.0}}, identifier: 'circle', label: 'Select note-49'
                  TextView, 0x103e30bb0, {{60.0, 6448.0}, {309.0, 80.0}}, identifier: 'Text note-49', label: 'Text note-49', value: Field note 49. Lon...
                    Other, 0x103e30cd0, {{336.0, 6448.0}, {30.0, 80.0}}, label: 'Vertical scroll bar, 1 page', value: 0%
                      Other, 0x103e30df0, {{363.0, 6451.0}, {3.0, 74.0}}
                    Other, 0x103e30f10, {{60.0, 6495.0}, {309.0, 30.0}}, label: 'Horizontal scroll bar, 1 page', value: 0%
                      Other, 0x103e31030, {{63.0, 6522.0}, {339.0, 3.0}}
                  Button, 0x103e31150, {{29.7, 6563.3}, {17.0, 17.0}}, identifier: 'circle', label: 'Select note-50'
                  TextView, 0x103e31270, {{60.0, 6556.0}, {309.0, 80.0}}, identifier: 'Text note-50', label: 'Text note-50', value: Field note 50. Lon...
                    Other, 0x103e31390, {{336.0, 6556.0}, {30.0, 80.0}}, label: 'Vertical scroll bar, 1 page', value: 0%
                      Other, 0x103e314b0, {{363.0, 6559.0}, {3.0, 74.0}}
                    Other, 0x103e315d0, {{60.0, 6603.0}, {309.0, 30.0}}, label: 'Horizontal scroll bar, 1 page', value: 0%
                      Other, 0x103e316f0, {{63.0, 6630.0}, {339.0, 3.0}}
                  Button, 0x103e31810, {{29.7, 6671.3}, {17.0, 17.0}}, identifier: 'circle', label: 'Select note-51'
                  TextView, 0x103e31930, {{60.0, 6664.0}, {309.0, 80.0}}, identifier: 'Text note-51', label: 'Text note-51', value: Field note 51. Lon...
                    Other, 0x103e31a50, {{336.0, 6664.0}, {30.0, 80.0}}, label: 'Vertical scroll bar, 1 page', value: 0%
                      Other, 0x103e31b70, {{363.0, 6667.0}, {3.0, 74.0}}
                    Other, 0x103e31c90, {{60.0, 6711.0}, {309.0, 30.0}}, label: 'Horizontal scroll bar, 1 page', value: 0%
                      Other, 0x103e31db0, {{63.0, 6738.0}, {339.0, 3.0}}
                  Button, 0x103e31ed0, {{29.7, 6779.3}, {17.0, 17.0}}, identifier: 'circle', label: 'Select note-52'
                  TextView, 0x103e31ff0, {{60.0, 6772.0}, {309.0, 80.0}}, identifier: 'Text note-52', label: 'Text note-52', value: Field note 52. Lon...
                    Other, 0x103e32110, {{336.0, 6772.0}, {30.0, 80.0}}, label: 'Vertical scroll bar, 1 page', value: 0%
                      Other, 0x103e32230, {{363.0, 6775.0}, {3.0, 74.0}}
                    Other, 0x103e32350, {{60.0, 6819.0}, {309.0, 30.0}}, label: 'Horizontal scroll bar, 1 page', value: 0%
                      Other, 0x103e32470, {{63.0, 6846.0}, {339.0, 3.0}}
                  Button, 0x103e32590, {{29.7, 6887.3}, {17.0, 17.0}}, identifier: 'circle', label: 'Select note-53'
                  TextView, 0x103e326b0, {{60.0, 6880.0}, {309.0, 80.0}}, identifier: 'Text note-53', label: 'Text note-53', value: Field note 53. Lon...
                    Other, 0x103e327d0, {{336.0, 6880.0}, {30.0, 80.0}}, label: 'Vertical scroll bar, 1 page', value: 0%
                      Other, 0x103e328f0, {{363.0, 6883.0}, {3.0, 74.0}}
                    Other, 0x103e32a10, {{60.0, 6927.0}, {309.0, 30.0}}, label: 'Horizontal scroll bar, 1 page', value: 0%
                      Other, 0x103e32b30, {{63.0, 6954.0}, {339.0, 3.0}}
                  Button, 0x103e32c50, {{29.7, 6995.3}, {17.0, 17.0}}, identifier: 'circle', label: 'Select note-54'
                  TextView, 0x103e32d70, {{60.0, 6988.0}, {309.0, 80.0}}, identifier: 'Text note-54', label: 'Text note-54', value: Field note 54. Lon...
                    Other, 0x103e32e90, {{336.0, 6988.0}, {30.0, 80.0}}, label: 'Vertical scroll bar, 1 page', value: 0%
                      Other, 0x103e32fb0, {{363.0, 6991.0}, {3.0, 74.0}}
                    Other, 0x103e330d0, {{60.0, 7035.0}, {309.0, 30.0}}, label: 'Horizontal scroll bar, 1 page', value: 0%
                      Other, 0x103e331f0, {{63.0, 7062.0}, {339.0, 3.0}}
                  Button, 0x103e33310, {{29.7, 7103.3}, {17.0, 17.0}}, identifier: 'circle', label: 'Select note-55'
                  TextView, 0x103e33430, {{60.0, 7096.0}, {309.0, 80.0}}, identifier: 'Text note-55', label: 'Text note-55', value: Field note 55. Lon...
                    Other, 0x103e33550, {{336.0, 7096.0}, {30.0, 80.0}}, label: 'Vertical scroll bar, 1 page', value: 0%
                      Other, 0x103e33670, {{363.0, 7099.0}, {3.0, 74.0}}
                    Other, 0x103e33790, {{60.0, 7143.0}, {309.0, 30.0}}, label: 'Horizontal scroll bar, 1 page', value: 0%
                      Other, 0x103e338b0, {{63.0, 7170.0}, {339.0, 3.0}}
                  Button, 0x103e339d0, {{29.7, 7211.3}, {17.0, 17.0}}, identifier: 'circle', label: 'Select note-56'
                  TextView, 0x103e33af0, {{60.0, 7204.0}, {309.0, 80.0}}, identifier: 'Text note-56', label: 'Text note-56', value: Field note 56. Lon...
                    Other, 0x103e33c10, {{336.0, 7204.0}, {30.0, 80.0}}, label: 'Vertical scroll bar, 1 page', value: 0%
                      Other, 0x103e33d30, {{363.0, 7207.0}, {3.0, 74.0}}
                    Other, 0x103e33e50, {{60.0, 7251.0}, {309.0, 30.0}}, label: 'Horizontal scroll bar, 1 page', value: 0%
                      Other, 0x103e33f70, {{63.0, 7278.0}, {339.0, 3.0}}
                  Button, 0x103e34090, {{29.7, 7319.3}, {17.0, 17.0}}, identifier: 'circle', label: 'Select note-57'
                  TextView, 0x103e341b0, {{60.0, 7312.0}, {309.0, 80.0}}, identifier: 'Text note-57', label: 'Text note-57', value: Field note 57. Lon...
                    Other, 0x103e342d0, {{336.0, 7312.0}, {30.0, 80.0}}, label: 'Vertical scroll bar, 1 page', value: 0%
                      Other, 0x103e343f0, {{363.0, 7315.0}, {3.0, 74.0}}
                    Other, 0x103e34510, {{60.0, 7359.0}, {309.0, 30.0}}, label: 'Horizontal scroll bar, 1 page', value: 0%
                      Other, 0x103e34630, {{63.0, 7386.0}, {339.0, 3.0}}
                  Button, 0x103e34750, {{29.7, 7427.3}, {17.0, 17.0}}, identifier: 'circle', label: 'Select note-58'
                  TextView, 0x103e34870, {{60.0, 7420.0}, {309.0, 80.0}}, identifier: 'Text note-58', label: 'Text note-58', value: Field note 58. Lon...
                    Other, 0x103e34990, {{336.0, 7420.0}, {30.0, 80.0}}, label: 'Vertical scroll bar, 1 page', value: 0%
                      Other, 0x103e34ab0, {{363.0, 7423.0}, {3.0, 74.0}}
                    Other, 0x103e34bd0, {{60.0, 7467.0}, {309.0, 30.0}}, label: 'Horizontal scroll bar, 1 page', value: 0%
                      Other, 0x103e34cf0, {{63.0, 7494.0}, {339.0, 3.0}}
                  Button, 0x103e34e10, {{29.7, 7535.3}, {17.0, 17.0}}, identifier: 'circle', label: 'Select note-59'
                  TextView, 0x103e34f30, {{60.0, 7528.0}, {309.0, 80.0}}, identifier: 'Text note-59', label: 'Text note-59', value: Field note 59. Lon...
                    Other, 0x103e35050, {{336.0, 7528.0}, {30.0, 80.0}}, label: 'Vertical scroll bar, 1 page', value: 0%
                      Other, 0x103e35170, {{363.0, 7531.0}, {3.0, 74.0}}
                    Other, 0x103e35290, {{60.0, 7575.0}, {309.0, 30.0}}, label: 'Horizontal scroll bar, 1 page', value: 0%
                      Other, 0x103e353b0, {{63.0, 7602.0}, {339.0, 3.0}}
                  Button, 0x103e354d0, {{29.7, 7643.3}, {17.0, 17.0}}, identifier: 'circle', label: 'Select note-60'
                  TextView, 0x10460d340, {{60.0, 7636.0}, {309.0, 80.0}}, identifier: 'Text note-60', label: 'Text note-60', value: Field note 60. Lon...
                    Other, 0x10460d460, {{336.0, 7636.0}, {30.0, 80.0}}, label: 'Vertical scroll bar, 1 page', value: 0%
                      Other, 0x10460d580, {{363.0, 7639.0}, {3.0, 74.0}}
                    Other, 0x10460d6a0, {{60.0, 7683.0}, {309.0, 30.0}}, label: 'Horizontal scroll bar, 1 page', value: 0%
                      Other, 0x10460d7c0, {{63.0, 7710.0}, {339.0, 3.0}}
                  Button, 0x10460d8e0, {{29.7, 7751.3}, {17.0, 17.0}}, identifier: 'circle', label: 'Select closing'
                  TextView, 0x10460da00, {{60.0, 7744.0}, {309.0, 51.3}}, identifier: 'Text closing', label: 'Text closing', value: Closing notes
                    Other, 0x10460db20, {{336.0, 7744.0}, {30.0, 51.3}}, label: 'Vertical scroll bar, 1 page', value: 0%
                      Other, 0x10460dc40, {{363.0, 7747.0}, {3.0, 45.3}}
                    Other, 0x10460dd60, {{60.0, 7766.7}, {309.0, 25.7}}, label: 'Horizontal scroll bar, 1 page', value: 0%
                      Other, 0x10460de80, {{63.0, 7789.3}, {339.0, 3.0}}
                Other, 0x10460dfa0, {{360.0, 117.3}, {30.0, 577.7}}, label: 'Vertical scroll bar, 14 pages', value: 1%
                  Other, 0x10460e0c0, {{387.0, 123.3}, {3.0, 36.0}}
                Other, 0x10460e1e0, {{360.0, 117.3}, {30.0, 577.7}}, label: 'Vertical scroll bar, 14 pages', value: 1%
                  Other, 0x10460e300, {{387.0, 123.3}, {3.0, 36.0}}
              ScrollView, 0x10460e420, {{0.0, 695.0}, {393.0, 58.3}}
                Other, 0x10460e540, {{0.0, 695.0}, {623.0, 58.3}}
                  Button, 0x10460e660, {{12.0, 707.0}, {113.3, 34.3}}, label: 'Insert block'
                  Button, 0x10460e780, {{137.3, 707.0}, {58.3, 34.3}}, identifier: 'Accessory bold', label: 'Bold', Disabled
                  Button, 0x10460e8a0, {{207.7, 707.0}, {59.7, 34.3}}, identifier: 'Accessory italic', label: 'Italic', Disabled
                  Button, 0x10460e9c0, {{279.3, 707.0}, {177.0, 34.3}}, label: 'Select current block'
                  Button, 0x10460eae0, {{468.3, 707.0}, {142.7, 34.3}}, identifier: 'Accessory resize', label: 'Resize columns'
                Other, 0x10460ec00, {{0.0, 721.2}, {393.0, 29.2}}, label: 'Horizontal scroll bar, 2 pages', value: 0%
                  Other, 0x10460ed20, {{383.0, 747.3}, {7.0, 3.0}}
                Other, 0x10460ee40, {{0.0, 721.2}, {393.0, 29.2}}, label: 'Horizontal scroll bar, 2 pages', value: 0%
                  Other, 0x10460ef60, {{383.0, 747.3}, {7.0, 3.0}}
              StaticText, 0x10460f080, {{103.3, 761.3}, {186.3, 14.3}}, identifier: 'Review action', label: 'Create two-column review layout'
              StaticText, 0x10460f1a0, {{22.3, 779.7}, {348.3, 30.3}}, label: 'ST-121 local interaction study · body: shared protocol 6 · title/columns: review state'
    Window, 0x10460f2c0, {{0.0, 0.0}, {393.0, 852.0}}
      Other, 0x10460f3e0, {{0.0, 0.0}, {393.0, 852.0}}
        Other, 0x10460f500, {{0.0, 0.0}, {393.0, 852.0}}
Path to element:
 →Application, 0x10460a330, pid: 40148, label: 'ModernPrototypePhone'
Query chain:
 →Find: Target Application 'studio.seventwo.blockeditor.st121.ios'
  Output: {
    Application, 0x103e36220, pid: 40148, label: 'ModernPrototypePhone'
  }

    t =    30.20s         Requesting snapshot of accessibility hierarchy for app with pid 40148
    t =    30.36s     Wait for studio.seventwo.blockeditor.st121.ios to idle
    t =    31.37s     Retrying `Type 'after create ' into Target Application 'studio.seventwo.blockeditor.st121.ios'` (attempt #2)
    t =    31.37s         Wait for studio.seventwo.blockeditor.st121.ios to idle
    t =    31.37s         Find the Target Application 'studio.seventwo.blockeditor.st121.ios'
    t =    31.45s         Check for interrupting elements affecting "ModernPrototypePhone" Application
    t =    31.54s         Synthesize event
    t =    31.54s             Get number of matches for: Elements containing elements matching predicate 'hasKeyboardFocus == 1'
    t =    31.63s             Requesting snapshot of accessibility hierarchy for app with pid 40148
    t =    32.32s             Requesting snapshot of accessibility hierarchy for app with pid 40148
    t =    32.46s             Requesting snapshot of accessibility hierarchy for app with pid 40148
    t =    33.18s             Requesting snapshot of accessibility hierarchy for app with pid 40148
    t =    33.33s             Failed: Neither element nor any descendant has keyboard focus. Event dispatch snapshot: Application, pid: 40148, label: 'ModernPrototypePhone'
Element debug description:
Attributes: Application, 0x103b202b0, pid: 40148, label: 'ModernPrototypePhone'
Element subtree:
 →Application, 0x103b202b0, pid: 40148, label: 'ModernPrototypePhone'
    Window (Main), 0x103b203d0, {{0.0, 0.0}, {393.0, 852.0}}
      Other, 0x103b20790, {{0.0, 0.0}, {393.0, 852.0}}
        Other, 0x103b208b0, {{0.0, 0.0}, {393.0, 852.0}}
          Other, 0x103b204f0, {{0.0, 0.0}, {393.0, 852.0}}
            Other, 0x103b20610, {{0.0, 0.0}, {393.0, 852.0}}
              ScrollView, 0x103b209d0, {{0.0, 0.0}, {393.0, 117.3}}
                Other, 0x103b20af0, {{0.0, 0.0}, {745.3, 117.3}}
                  Button, 0x103b20c10, {{12.0, 78.0}, {87.3, 20.3}}, label: 'Outline'
                    Image, 0x103b20d30, {{14.0, 82.0}, {21.0, 12.3}}, identifier: 'list.bullet.indent', label: 'Bulletest List Indent'
                    StaticText, 0x103b20e50, {{12.0, 78.0}, {87.3, 20.3}}, label: 'Outline'
                  Button, 0x103b20f70, {{111.3, 78.0}, {74.3, 20.3}}, label: 'Focus'
                    Image, 0x103b21090, {{113.3, 80.0}, {16.3, 16.3}}, identifier: 'viewfinder', label: 'Scan'
                    StaticText, 0x103b211b0, {{111.3, 78.0}, {74.3, 20.3}}, label: 'Focus'
                  Button, 0x103b212d0, {{197.7, 78.0}, {69.3, 20.3}}, label: 'Insert'
                    Image, 0x103b213f0, {{199.7, 81.3}, {14.0, 14.0}}, identifier: 'plus', label: 'Add'
                    StaticText, 0x103b21510, {{197.7, 78.0}, {69.3, 20.3}}, label: 'Insert'
                  Switch, 0x103b21630, {{279.0, 71.0}, {126.0, 34.3}}, label: 'Select blocks', value: 1
                  Switch, 0x103b21750, {{449.0, 78.0}, {76.3, 20.3}}, label: 'Large text', value: 0
                  Switch, 0x103b21870, {{561.3, 78.0}, {36.0, 20.3}}, label: 'Dark', value: 0
                  Switch, 0x103b21990, {{621.3, 71.0}, {112.0, 34.3}}, label: 'Touch tools', value: 1
                Other, 0x103b21ab0, {{0.0, 84.3}, {393.0, 30.0}}, label: 'Horizontal scroll bar, 2 pages', value: 0%
                  Other, 0x103b21bd0, {{3.0, 111.3}, {204.0, 3.0}}
                Other, 0x103b21cf0, {{0.0, 84.3}, {393.0, 30.0}}, label: 'Horizontal scroll bar, 2 pages', value: 0%
                  Other, 0x103b21e10, {{3.0, 111.3}, {204.0, 3.0}}
              ScrollView, 0x103b21f30, {{0.0, 117.3}, {393.0, 577.7}}
                Other, 0x103b22050, {{0.0, 27.0}, {393.0, 7804.3}}
                  TextField, 0x103b22170, {{20.0, 59.0}, {353.0, 44.0}}, identifier: 'Document title', label: 'Document title', placeholderValue: 'Untitled', value: Studio field notes
                  Button, 0x103b22290, {{29.7, 134.7}, {17.0, 17.0}}, identifier: 'circle', label: 'Select intro'
                  TextView, 0x103b223b0, {{60.0, 127.0}, {309.0, 54.0}}, identifier: 'Text intro', label: 'Text intro', value: Start with the doc...
                    Other, 0x103b224d0, {{336.0, 127.0}, {30.0, 54.0}}, label: 'Vertical scroll bar, 1 page', value: 0%
                      Other, 0x103b225f0, {{363.0, 130.0}, {3.0, 48.0}}
                    Other, 0x103b22710, {{60.0, 151.0}, {309.0, 27.0}}, label: 'Horizontal scroll bar, 1 page', value: 0%
                      Other, 0x103b22830, {{63.0, 175.0}, {339.0, 3.0}}
                  Button, 0x103b22950, {{32.0, 217.1}, {190.3, 14.3}}, identifier: 'Column presentation layout-101', label: 'Columns stacked in reading order'
                  Button, 0x103b22a70, {{32.0, 239.3}, {88.0, 14.3}}, label: 'Resize columns'
                  Button, 0x103b22b90, {{128.0, 239.3}, {96.0, 14.3}}, label: 'Remove columns'
                  StaticText, 0x103b22cb0, {{32.0, 265.8}, {69.3, 14.3}}, identifier: 'Stacked split value', label: 'Split 50 / 50'
                  Other, 0x103b22dd0, {{32.0, 292.1}, {325.0, 152.9}}, label: 'First column'
                    StaticText, 0x103b22ef0, {{32.0, 292.1}, {69.7, 14.3}}, label: 'First column'
                    Button, 0x103b23010, {{41.7, 334.0}, {17.0, 17.0}}, identifier: 'circle', label: 'Select first'
                    TextView, 0x1045165a0, {{72.0, 326.3}, {285.0, 36.3}}, identifier: 'Text first', label: 'Text first', value: First thought
                      Other, 0x1045182e0, {{324.0, 326.3}, {30.0, 36.3}}, label: 'Vertical scroll bar, 1 page', value: 0%
                        Other, 0x104518650, {{351.0, 323.7}, {3.0, 36.0}}
                      Other, 0x1035081c0, {{72.0, 341.5}, {285.0, 18.2}}, label: 'Horizontal scroll bar, 1 page', value: 0%
                        Other, 0x10350f420, {{75.0, 356.7}, {279.0, 3.0}}
                    Button, 0x10400cae0, {{41.7, 394.0}, {17.0, 17.0}}, identifier: 'circle', label: 'Select second'
                    TextView, 0x10400c7c0, {{72.0, 386.7}, {285.0, 36.0}}, identifier: 'Text second', label: 'Text second', value: before Second thou...
                      Other, 0x10400dc70, {{324.0, 386.7}, {30.0, 36.0}}, label: 'Vertical scroll bar, 1 page', value: 0%
                        Other, 0x10400dd90, {{351.0, 383.7}, {3.0, 36.0}}
                      Other, 0x10400deb0, {{72.0, 401.7}, {285.0, 18.0}}, label: 'Horizontal scroll bar, 1 page', value: 0%
                        Other, 0x10400dfd0, {{75.0, 416.7}, {279.0, 3.0}}
                    Button, 0x10400e320, {{72.0, 430.7}, {76.0, 14.3}}, identifier: 'Block actions second', label: 'Block actions', value: paragraph
                      Button, 0x10400e440, {{72.0, 430.7}, {76.0, 14.3}}
                        StaticText, 0x10400e560, {{72.0, 430.6}, {76.0, 14.3}}, label: 'Block actions'
                  Other, 0x10400e680, {{32.0, 460.9}, {329.0, 64.4}}, label: 'Second column'
                    StaticText, 0x10400e7a0, {{32.0, 460.9}, {87.7, 14.3}}, label: 'Second column'
                    TextField, 0x10400e8c0, {{32.0, 503.3}, {329.0, 22.0}}, identifier: 'Empty Second column layout-101', placeholderValue: 'Start writing'
                  Button, 0x10400e9e0, {{29.7, 580.7}, {17.0, 17.0}}, identifier: 'circle', label: 'Select section'
                  TextView, 0x10400eb00, {{60.0, 573.3}, {309.0, 51.3}}, identifier: 'Text section', label: 'Text section', value: Structured notes
                    Other, 0x10400ec20, {{336.0, 573.3}, {30.0, 51.3}}, label: 'Vertical scroll bar, 1 page', value: 0%
                      Other, 0x10400ed40, {{363.0, 576.3}, {3.0, 45.3}}
                    Other, 0x10400ee60, {{60.0, 596.0}, {309.0, 25.7}}, label: 'Horizontal scroll bar, 1 page', value: 0%
                      Other, 0x10400ef80, {{63.0, 618.7}, {339.0, 3.0}}
                  Button, 0x10400f0a0, {{29.7, 660.3}, {17.0, 17.0}}, identifier: 'circle', label: 'Select table'
                  ScrollView, 0x10400f920, {{60.0, 652.7}, {309.0, 60.0}}
                    Other, 0x10400fa40, {{60.0, 652.7}, {356.0, 60.0}}
                      TextView, 0x10400fb60, {{72.0, 664.7}, {160.0, 36.0}}, identifier: 'Cell left', label: 'Cell left', value: First cell
                        Other, 0x10400fc80, {{199.0, 664.7}, {30.0, 36.0}}, label: 'Vertical scroll bar, 1 page', value: 0%
                          Other, 0x10400fda0, {{226.0, 661.7}, {3.0, 36.0}}
                        Other, 0x10400fec0, {{72.0, 679.7}, {160.0, 18.0}}, label: 'Horizontal scroll bar, 1 page', value: 0%
                          Other, 0x10400ffe0, {{75.0, 694.7}, {154.0, 3.0}}
                      TextView, 0x104010100, {{244.0, 664.7}, {160.0, 36.0}}, identifier: 'Cell right', label: 'Cell right', value: Second cell
                        Other, 0x104010220, {{371.0, 664.7}, {30.0, 36.0}}, label: 'Vertical scroll bar, 1 page', value: 0%
                          Other, 0x104010340, {{398.0, 661.7}, {3.0, 36.0}}
                        Other, 0x104010460, {{244.0, 679.7}, {160.0, 18.0}}, label: 'Horizontal scroll bar, 1 page', value: 0%
                          Other, 0x104010580, {{247.0, 694.7}, {154.0, 3.0}}
                    Other, 0x1040106a0, {{60.0, 679.7}, {309.0, 30.0}}, label: 'Horizontal scroll bar, 2 pages', value: 0%
                      Other, 0x1040107c0, {{395.0, 706.7}, {7.0, 3.0}}
                    Other, 0x1040108e0, {{60.0, 679.7}, {309.0, 30.0}}, label: 'Horizontal scroll bar, 2 pages', value: 0%
                      Other, 0x104010a00, {{395.0, 706.7}, {7.0, 3.0}}
                  Button, 0x104010b20, {{29.7, 748.3}, {17.0, 17.0}}, identifier: 'circle', label: 'Select toggle'
                  Button, 0x104010c40, {{60.0, 740.7}, {309.0, 44.0}}, identifier: 'Toggle toggle-Disclosure toggle', label: 'Toggle toggle', value: Details
                    TextView, 0x104010d60, {{60.0, 744.7}, {210.7, 36.0}}, identifier: 'Toggle toggle', label: 'Toggle toggle', value: Details
                      Other, 0x104010e80, {{237.7, 744.7}, {30.0, 36.0}}, label: 'Vertical scroll bar, 1 page', value: 0%
                        Other, 0x104010fa0, {{264.7, 741.7}, {3.0, 36.0}}
                      Other, 0x1040110c0, {{60.0, 759.7}, {210.7, 18.0}}, label: 'Horizontal scroll bar, 1 page', value: 0%
                        Other, 0x1040111e0, {{63.0, 774.7}, {240.7, 3.0}}
                    Button, 0x104011300, {{278.7, 755.7}, {72.0, 14.3}}, identifier: 'Disclosure toggle', label: 'Show details'
                    Image, 0x104011420, {{361.3, 756.7}, {7.0, 12.0}}, identifier: 'collapsed'
                  Button, 0x104011540, {{29.7, 820.3}, {17.0, 17.0}}, identifier: 'circle', label: 'Select list'
                  StaticText, 0x104011660, {{60.0, 818.8}, {7.7, 20.3}}, label: '•'
                  TextView, 0x104011780, {{75.7, 812.7}, {293.3, 36.3}}, identifier: 'List parent', label: 'List parent', value: Parent item
                    Other, 0x1040118a0, {{336.0, 812.7}, {30.0, 36.3}}, label: 'Vertical scroll bar, 1 page', value: 0%
                      Other, 0x1040119c0, {{363.0, 810.0}, {3.0, 36.0}}
                    Other, 0x104011ae0, {{75.7, 827.8}, {293.3, 18.2}}, label: 'Horizontal scroll bar, 1 page', value: 0%
                      Other, 0x104011c00, {{78.7, 843.0}, {323.3, 3.0}}
                  StaticText, 0x104011d20, {{84.0, 862.9}, {7.7, 20.3}}, label: '•'
                  TextView, 0x104011e40, {{99.7, 857.0}, {269.3, 36.0}}, identifier: 'List child', label: 'List child', value: Nested list item
                    Other, 0x104011f60, {{336.0, 857.0}, {30.0, 36.0}}, label: 'Vertical scroll bar, 1 page', value: 0%
                      Other, 0x104012080, {{363.0, 854.0}, {3.0, 36.0}}
                    Other, 0x1040121a0, {{99.7, 872.0}, {269.3, 18.0}}, label: 'Horizontal scroll bar, 1 page', value: 0%
                      Other, 0x1040122c0, {{102.7, 887.0}, {299.3, 3.0}}
                  Button, 0x1040123e0, {{29.7, 928.3}, {17.0, 17.0}}, identifier: 'circle', label: 'Select media'
                  Image, 0x104012500, {{60.0, 921.0}, {309.0, 150.0}}, identifier: 'mountain.2', label: 'Local coastline illustration'
                  TextView, 0x104012620, {{60.0, 1079.0}, {309.0, 49.0}}, identifier: 'Media caption', label: 'Media caption', value: A local visual ref...
                    Other, 0x104012740, {{336.0, 1079.0}, {30.0, 49.0}}, label: 'Vertical scroll bar, 1 page', value: 0%
                      Other, 0x104012860, {{363.0, 1072.7}, {3.0, 36.0}}
                    Other, 0x104012980, {{60.0, 1100.5}, {309.0, 24.5}}, label: 'Horizontal scroll bar, 1 page', value: 0%
                      Other, 0x104012aa0, {{63.0, 1122.0}, {339.0, 3.0}}
                  Button, 0x104012bc0, {{29.7, 1163.3}, {17.0, 17.0}}, identifier: 'circle', label: 'Select review-code'
                  TextView, 0x104012ce0, {{60.0, 1156.0}, {309.0, 80.0}}, identifier: 'Code review-code', label: 'Code review-code', value: 	let coast = "世界😀...
                    Other, 0x104012e00, {{336.0, 1156.0}, {30.0, 80.0}}, label: 'Vertical scroll bar, 1 page', value: 0%
                      Other, 0x104012f20, {{363.0, 1159.0}, {3.0, 74.0}}
                    Other, 0x104013040, {{60.0, 1203.0}, {309.0, 30.0}}, label: 'Horizontal scroll bar, 1 page', value: 0%
                      Other, 0x104013160, {{63.0, 1230.0}, {339.0, 3.0}}
                  Button, 0x104013280, {{29.7, 1271.3}, {17.0, 17.0}}, identifier: 'circle', label: 'Select note-1'
                  TextView, 0x1040133a0, {{60.0, 1264.0}, {309.0, 80.0}}, identifier: 'Text note-1', label: 'Text note-1', value: Field note 1. Long...
                    Other, 0x1040134c0, {{336.0, 1264.0}, {30.0, 80.0}}, label: 'Vertical scroll bar, 1 page', value: 0%
                      Other, 0x1040135e0, {{363.0, 1267.0}, {3.0, 74.0}}
                    Other, 0x104013700, {{60.0, 1311.0}, {309.0, 30.0}}, label: 'Horizontal scroll bar, 1 page', value: 0%
                      Other, 0x104013820, {{63.0, 1338.0}, {339.0, 3.0}}
                  Button, 0x104013a90, {{29.7, 1379.3}, {17.0, 17.0}}, identifier: 'circle', label: 'Select note-2'
                  TextView, 0x104013bb0, {{60.0, 1372.0}, {309.0, 80.0}}, identifier: 'Text note-2', label: 'Text note-2', value: Field note 2. Long...
                    Other, 0x104013cd0, {{336.0, 1372.0}, {30.0, 80.0}}, label: 'Vertical scroll bar, 1 page', value: 0%
                      Other, 0x104013df0, {{363.0, 1375.0}, {3.0, 74.0}}
                    Other, 0x104013f10, {{60.0, 1419.0}, {309.0, 30.0}}, label: 'Horizontal scroll bar, 1 page', value: 0%
                      Other, 0x104014030, {{63.0, 1446.0}, {339.0, 3.0}}
                  Button, 0x104014150, {{29.7, 1487.3}, {17.0, 17.0}}, identifier: 'circle', label: 'Select note-3'
                  TextView, 0x104014270, {{60.0, 1480.0}, {309.0, 80.0}}, identifier: 'Text note-3', label: 'Text note-3', value: Field note 3. Long...
                    Other, 0x104014390, {{336.0, 1480.0}, {30.0, 80.0}}, label: 'Vertical scroll bar, 1 page', value: 0%
                      Other, 0x1040144b0, {{363.0, 1483.0}, {3.0, 74.0}}
                    Other, 0x1040145d0, {{60.0, 1527.0}, {309.0, 30.0}}, label: 'Horizontal scroll bar, 1 page', value: 0%
                      Other, 0x1040146f0, {{63.0, 1554.0}, {339.0, 3.0}}
                  Button, 0x104014810, {{29.7, 1595.3}, {17.0, 17.0}}, identifier: 'circle', label: 'Select note-4'
                  TextView, 0x104014930, {{60.0, 1588.0}, {309.0, 80.0}}, identifier: 'Text note-4', label: 'Text note-4', value: Field note 4. Long...
                    Other, 0x104014a50, {{336.0, 1588.0}, {30.0, 80.0}}, label: 'Vertical scroll bar, 1 page', value: 0%
                      Other, 0x104014b70, {{363.0, 1591.0}, {3.0, 74.0}}
                    Other, 0x104014c90, {{60.0, 1635.0}, {309.0, 30.0}}, label: 'Horizontal scroll bar, 1 page', value: 0%
                      Other, 0x104014db0, {{63.0, 1662.0}, {339.0, 3.0}}
                  Button, 0x104014ed0, {{29.7, 1703.3}, {17.0, 17.0}}, identifier: 'circle', label: 'Select note-5'
                  TextView, 0x104014ff0, {{60.0, 1696.0}, {309.0, 80.0}}, identifier: 'Text note-5', label: 'Text note-5', value: Field note 5. Long...
                    Other, 0x104015110, {{336.0, 1696.0}, {30.0, 80.0}}, label: 'Vertical scroll bar, 1 page', value: 0%
                      Other, 0x104015230, {{363.0, 1699.0}, {3.0, 74.0}}
                    Other, 0x104015350, {{60.0, 1743.0}, {309.0, 30.0}}, label: 'Horizontal scroll bar, 1 page', value: 0%
                      Other, 0x104015470, {{63.0, 1770.0}, {339.0, 3.0}}
                  Button, 0x104015590, {{29.7, 1811.3}, {17.0, 17.0}}, identifier: 'circle', label: 'Select note-6'
                  TextView, 0x1040156b0, {{60.0, 1804.0}, {309.0, 80.0}}, identifier: 'Text note-6', label: 'Text note-6', value: Field note 6. Long...
                    Other, 0x1040157d0, {{336.0, 1804.0}, {30.0, 80.0}}, label: 'Vertical scroll bar, 1 page', value: 0%
                      Other, 0x1040158f0, {{363.0, 1807.0}, {3.0, 74.0}}
                    Other, 0x104015a10, {{60.0, 1851.0}, {309.0, 30.0}}, label: 'Horizontal scroll bar, 1 page', value: 0%
                      Other, 0x104015b30, {{63.0, 1878.0}, {339.0, 3.0}}
                  Button, 0x104015c50, {{29.7, 1919.3}, {17.0, 17.0}}, identifier: 'circle', label: 'Select note-7'
                  TextView, 0x104015d70, {{60.0, 1912.0}, {309.0, 80.0}}, identifier: 'Text note-7', label: 'Text note-7', value: Field note 7. Long...
                    Other, 0x104015e90, {{336.0, 1912.0}, {30.0, 80.0}}, label: 'Vertical scroll bar, 1 page', value: 0%
                      Other, 0x104015fb0, {{363.0, 1915.0}, {3.0, 74.0}}
                    Other, 0x1040160d0, {{60.0, 1959.0}, {309.0, 30.0}}, label: 'Horizontal scroll bar, 1 page', value: 0%
                      Other, 0x1040161f0, {{63.0, 1986.0}, {339.0, 3.0}}
                  Button, 0x104016310, {{29.7, 2027.3}, {17.0, 17.0}}, identifier: 'circle', label: 'Select note-8'
                  TextView, 0x104016430, {{60.0, 2020.0}, {309.0, 80.0}}, identifier: 'Text note-8', label: 'Text note-8', value: Field note 8. Long...
                    Other, 0x104016550, {{336.0, 2020.0}, {30.0, 80.0}}, label: 'Vertical scroll bar, 1 page', value: 0%
                      Other, 0x104016670, {{363.0, 2023.0}, {3.0, 74.0}}
                    Other, 0x104016790, {{60.0, 2067.0}, {309.0, 30.0}}, label: 'Horizontal scroll bar, 1 page', value: 0%
                      Other, 0x1040168b0, {{63.0, 2094.0}, {339.0, 3.0}}
                  Button, 0x1040169d0, {{29.7, 2135.3}, {17.0, 17.0}}, identifier: 'circle', label: 'Select note-9'
                  TextView, 0x104016af0, {{60.0, 2128.0}, {309.0, 80.0}}, identifier: 'Text note-9', label: 'Text note-9', value: Field note 9. Long...
                    Other, 0x104016c10, {{336.0, 2128.0}, {30.0, 80.0}}, label: 'Vertical scroll bar, 1 page', value: 0%
                      Other, 0x104016d30, {{363.0, 2131.0}, {3.0, 74.0}}
                    Other, 0x104016e50, {{60.0, 2175.0}, {309.0, 30.0}}, label: 'Horizontal scroll bar, 1 page', value: 0%
                      Other, 0x104016f70, {{63.0, 2202.0}, {339.0, 3.0}}
                  Button, 0x104013940, {{29.7, 2243.3}, {17.0, 17.0}}, identifier: 'circle', label: 'Select note-10'
                  TextView, 0x1040172b0, {{60.0, 2236.0}, {309.0, 80.0}}, identifier: 'Text note-10', label: 'Text note-10', value: Field note 10. Lon...
                    Other, 0x1040173d0, {{336.0, 2236.0}, {30.0, 80.0}}, label: 'Vertical scroll bar, 1 page', value: 0%
                      Other, 0x1040174f0, {{363.0, 2239.0}, {3.0, 74.0}}
                    Other, 0x104017610, {{60.0, 2283.0}, {309.0, 30.0}}, label: 'Horizontal scroll bar, 1 page', value: 0%
                      Other, 0x104017730, {{63.0, 2310.0}, {339.0, 3.0}}
                  Button, 0x104017850, {{29.7, 2351.3}, {17.0, 17.0}}, identifier: 'circle', label: 'Select note-11'
                  TextView, 0x104017970, {{60.0, 2344.0}, {309.0, 80.0}}, identifier: 'Text note-11', label: 'Text note-11', value: Field note 11. Lon...
                    Other, 0x104017a90, {{336.0, 2344.0}, {30.0, 80.0}}, label: 'Vertical scroll bar, 1 page', value: 0%
                      Other, 0x104017bb0, {{363.0, 2347.0}, {3.0, 74.0}}
                    Other, 0x104017cd0, {{60.0, 2391.0}, {309.0, 30.0}}, label: 'Horizontal scroll bar, 1 page', value: 0%
                      Other, 0x104017df0, {{63.0, 2418.0}, {339.0, 3.0}}
                  Button, 0x104017f10, {{29.7, 2459.3}, {17.0, 17.0}}, identifier: 'circle', label: 'Select note-12'
                  TextView, 0x104018030, {{60.0, 2452.0}, {309.0, 80.0}}, identifier: 'Text note-12', label: 'Text note-12', value: Field note 12. Lon...
                    Other, 0x104018150, {{336.0, 2452.0}, {30.0, 80.0}}, label: 'Vertical scroll bar, 1 page', value: 0%
                      Other, 0x104018270, {{363.0, 2455.0}, {3.0, 74.0}}
                    Other, 0x104018390, {{60.0, 2499.0}, {309.0, 30.0}}, label: 'Horizontal scroll bar, 1 page', value: 0%
                      Other, 0x1040184b0, {{63.0, 2526.0}, {339.0, 3.0}}
                  Button, 0x1040185d0, {{29.7, 2567.3}, {17.0, 17.0}}, identifier: 'circle', label: 'Select note-13'
                  TextView, 0x1040186f0, {{60.0, 2560.0}, {309.0, 80.0}}, identifier: 'Text note-13', label: 'Text note-13', value: Field note 13. Lon...
                    Other, 0x104018810, {{336.0, 2560.0}, {30.0, 80.0}}, label: 'Vertical scroll bar, 1 page', value: 0%
                      Other, 0x104018930, {{363.0, 2563.0}, {3.0, 74.0}}
                    Other, 0x104018a50, {{60.0, 2607.0}, {309.0, 30.0}}, label: 'Horizontal scroll bar, 1 page', value: 0%
                      Other, 0x104018b70, {{63.0, 2634.0}, {339.0, 3.0}}
                  Button, 0x104018c90, {{29.7, 2675.3}, {17.0, 17.0}}, identifier: 'circle', label: 'Select note-14'
                  TextView, 0x104018db0, {{60.0, 2668.0}, {309.0, 80.0}}, identifier: 'Text note-14', label: 'Text note-14', value: Field note 14. Lon...
                    Other, 0x104018ed0, {{336.0, 2668.0}, {30.0, 80.0}}, label: 'Vertical scroll bar, 1 page', value: 0%
                      Other, 0x104018ff0, {{363.0, 2671.0}, {3.0, 74.0}}
                    Other, 0x104019110, {{60.0, 2715.0}, {309.0, 30.0}}, label: 'Horizontal scroll bar, 1 page', value: 0%
                      Other, 0x104019230, {{63.0, 2742.0}, {339.0, 3.0}}
                  Button, 0x104019350, {{29.7, 2783.3}, {17.0, 17.0}}, identifier: 'circle', label: 'Select note-15'
                  TextView, 0x104019470, {{60.0, 2776.0}, {309.0, 80.0}}, identifier: 'Text note-15', label: 'Text note-15', value: Field note 15. Lon...
                    Other, 0x104019590, {{336.0, 2776.0}, {30.0, 80.0}}, label: 'Vertical scroll bar, 1 page', value: 0%
                      Other, 0x1040196b0, {{363.0, 2779.0}, {3.0, 74.0}}
                    Other, 0x1040197d0, {{60.0, 2823.0}, {309.0, 30.0}}, label: 'Horizontal scroll bar, 1 page', value: 0%
                      Other, 0x1040198f0, {{63.0, 2850.0}, {339.0, 3.0}}
                  Button, 0x104019a10, {{29.7, 2891.3}, {17.0, 17.0}}, identifier: 'circle', label: 'Select note-16'
                  TextView, 0x104019b30, {{60.0, 2884.0}, {309.0, 80.0}}, identifier: 'Text note-16', label: 'Text note-16', value: Field note 16. Lon...
                    Other, 0x104019c50, {{336.0, 2884.0}, {30.0, 80.0}}, label: 'Vertical scroll bar, 1 page', value: 0%
                      Other, 0x104019d70, {{363.0, 2887.0}, {3.0, 74.0}}
                    Other, 0x104019e90, {{60.0, 2931.0}, {309.0, 30.0}}, label: 'Horizontal scroll bar, 1 page', value: 0%
                      Other, 0x104019fb0, {{63.0, 2958.0}, {339.0, 3.0}}
                  Button, 0x10401a0d0, {{29.7, 2999.3}, {17.0, 17.0}}, identifier: 'circle', label: 'Select note-17'
                  TextView, 0x10401a1f0, {{60.0, 2992.0}, {309.0, 80.0}}, identifier: 'Text note-17', label: 'Text note-17', value: Field note 17. Lon...
                    Other, 0x10401a310, {{336.0, 2992.0}, {30.0, 80.0}}, label: 'Vertical scroll bar, 1 page', value: 0%
                      Other, 0x10401a430, {{363.0, 2995.0}, {3.0, 74.0}}
                    Other, 0x10401a550, {{60.0, 3039.0}, {309.0, 30.0}}, label: 'Horizontal scroll bar, 1 page', value: 0%
                      Other, 0x10401a670, {{63.0, 3066.0}, {339.0, 3.0}}
                  Button, 0x10401a790, {{29.7, 3107.3}, {17.0, 17.0}}, identifier: 'circle', label: 'Select note-18'
                  TextView, 0x10401a8b0, {{60.0, 3100.0}, {309.0, 80.0}}, identifier: 'Text note-18', label: 'Text note-18', value: Field note 18. Lon...
                    Other, 0x10401a9d0, {{336.0, 3100.0}, {30.0, 80.0}}, label: 'Vertical scroll bar, 1 page', value: 0%
                      Other, 0x10401aaf0, {{363.0, 3103.0}, {3.0, 74.0}}
                    Other, 0x10401ac10, {{60.0, 3147.0}, {309.0, 30.0}}, label: 'Horizontal scroll bar, 1 page', value: 0%
                      Other, 0x10401ad30, {{63.0, 3174.0}, {339.0, 3.0}}
                  Button, 0x10401ae50, {{29.7, 3215.3}, {17.0, 17.0}}, identifier: 'circle', label: 'Select note-19'
                  TextView, 0x10401af70, {{60.0, 3208.0}, {309.0, 80.0}}, identifier: 'Text note-19', label: 'Text note-19', value: Field note 19. Lon...
                    Other, 0x10401b090, {{336.0, 3208.0}, {30.0, 80.0}}, label: 'Vertical scroll bar, 1 page', value: 0%
                      Other, 0x10401b1b0, {{363.0, 3211.0}, {3.0, 74.0}}
                    Other, 0x10401b2d0, {{60.0, 3255.0}, {309.0, 30.0}}, label: 'Horizontal scroll bar, 1 page', value: 0%
                      Other, 0x10401b3f0, {{63.0, 3282.0}, {339.0, 3.0}}
                  Button, 0x10401b510, {{29.7, 3323.3}, {17.0, 17.0}}, identifier: 'circle', label: 'Select note-20'
                  TextView, 0x10401b630, {{60.0, 3316.0}, {309.0, 80.0}}, identifier: 'Text note-20', label: 'Text note-20', value: Field note 20. Lon...
                    Other, 0x10401b750, {{336.0, 3316.0}, {30.0, 80.0}}, label: 'Vertical scroll bar, 1 page', value: 0%
                      Other, 0x10401b870, {{363.0, 3319.0}, {3.0, 74.0}}
                    Other, 0x10401b990, {{60.0, 3363.0}, {309.0, 30.0}}, label: 'Horizontal scroll bar, 1 page', value: 0%
                      Other, 0x10401bab0, {{63.0, 3390.0}, {339.0, 3.0}}
                  Button, 0x10401bbd0, {{29.7, 3431.3}, {17.0, 17.0}}, identifier: 'circle', label: 'Select note-21'
                  TextView, 0x10401bcf0, {{60.0, 3424.0}, {309.0, 80.0}}, identifier: 'Text note-21', label: 'Text note-21', value: Field note 21. Lon...
                    Other, 0x10401be10, {{336.0, 3424.0}, {30.0, 80.0}}, label: 'Vertical scroll bar, 1 page', value: 0%
                      Other, 0x10401bf30, {{363.0, 3427.0}, {3.0, 74.0}}
                    Other, 0x10401c050, {{60.0, 3471.0}, {309.0, 30.0}}, label: 'Horizontal scroll bar, 1 page', value: 0%
                      Other, 0x10401c170, {{63.0, 3498.0}, {339.0, 3.0}}
                  Button, 0x10401c290, {{29.7, 3539.3}, {17.0, 17.0}}, identifier: 'circle', label: 'Select note-22'
                  TextView, 0x10401c3b0, {{60.0, 3532.0}, {309.0, 80.0}}, identifier: 'Text note-22', label: 'Text note-22', value: Field note 22. Lon...
                    Other, 0x10401c4d0, {{336.0, 3532.0}, {30.0, 80.0}}, label: 'Vertical scroll bar, 1 page', value: 0%
                      Other, 0x10401c5f0, {{363.0, 3535.0}, {3.0, 74.0}}
                    Other, 0x10401c710, {{60.0, 3579.0}, {309.0, 30.0}}, label: 'Horizontal scroll bar, 1 page', value: 0%
                      Other, 0x10401c830, {{63.0, 3606.0}, {339.0, 3.0}}
                  Button, 0x104017090, {{29.7, 3647.3}, {17.0, 17.0}}, identifier: 'circle', label: 'Select note-23'
                  TextView, 0x10401ccc0, {{60.0, 3640.0}, {309.0, 80.0}}, identifier: 'Text note-23', label: 'Text note-23', value: Field note 23. Lon...
                    Other, 0x10401cde0, {{336.0, 3640.0}, {30.0, 80.0}}, label: 'Vertical scroll bar, 1 page', value: 0%
                      Other, 0x10401cf00, {{363.0, 3643.0}, {3.0, 74.0}}
                    Other, 0x10401d020, {{60.0, 3687.0}, {309.0, 30.0}}, label: 'Horizontal scroll bar, 1 page', value: 0%
                      Other, 0x10401d140, {{63.0, 3714.0}, {339.0, 3.0}}
                  Button, 0x10401d260, {{29.7, 3755.3}, {17.0, 17.0}}, identifier: 'circle', label: 'Select note-24'
                  TextView, 0x10401d380, {{60.0, 3748.0}, {309.0, 80.0}}, identifier: 'Text note-24', label: 'Text note-24', value: Field note 24. Lon...
                    Other, 0x10401d4a0, {{336.0, 3748.0}, {30.0, 80.0}}, label: 'Vertical scroll bar, 1 page', value: 0%
                      Other, 0x10401d5c0, {{363.0, 3751.0}, {3.0, 74.0}}
                    Other, 0x10401d6e0, {{60.0, 3795.0}, {309.0, 30.0}}, label: 'Horizontal scroll bar, 1 page', value: 0%
                      Other, 0x10401d800, {{63.0, 3822.0}, {339.0, 3.0}}
                  Button, 0x10401d920, {{29.7, 3863.3}, {17.0, 17.0}}, identifier: 'circle', label: 'Select note-25'
                  TextView, 0x10401da40, {{60.0, 3856.0}, {309.0, 80.0}}, identifier: 'Text note-25', label: 'Text note-25', value: Field note 25. Lon...
                    Other, 0x10401db60, {{336.0, 3856.0}, {30.0, 80.0}}, label: 'Vertical scroll bar, 1 page', value: 0%
                      Other, 0x10401dc80, {{363.0, 3859.0}, {3.0, 74.0}}
                    Other, 0x10401dda0, {{60.0, 3903.0}, {309.0, 30.0}}, label: 'Horizontal scroll bar, 1 page', value: 0%
                      Other, 0x10401dec0, {{63.0, 3930.0}, {339.0, 3.0}}
                  Button, 0x10401dfe0, {{29.7, 3971.3}, {17.0, 17.0}}, identifier: 'circle', label: 'Select note-26'
                  TextView, 0x10401e100, {{60.0, 3964.0}, {309.0, 80.0}}, identifier: 'Text note-26', label: 'Text note-26', value: Field note 26. Lon...
                    Other, 0x10401e220, {{336.0, 3964.0}, {30.0, 80.0}}, label: 'Vertical scroll bar, 1 page', value: 0%
                      Other, 0x10401e340, {{363.0, 3967.0}, {3.0, 74.0}}
                    Other, 0x10401e460, {{60.0, 4011.0}, {309.0, 30.0}}, label: 'Horizontal scroll bar, 1 page', value: 0%
                      Other, 0x10401e580, {{63.0, 4038.0}, {339.0, 3.0}}
                  Button, 0x10401e6a0, {{29.7, 4079.3}, {17.0, 17.0}}, identifier: 'circle', label: 'Select note-27'
                  TextView, 0x10401e7c0, {{60.0, 4072.0}, {309.0, 80.0}}, identifier: 'Text note-27', label: 'Text note-27', value: Field note 27. Lon...
                    Other, 0x10401e8e0, {{336.0, 4072.0}, {30.0, 80.0}}, label: 'Vertical scroll bar, 1 page', value: 0%
                      Other, 0x10401ea00, {{363.0, 4075.0}, {3.0, 74.0}}
                    Other, 0x10401eb20, {{60.0, 4119.0}, {309.0, 30.0}}, label: 'Horizontal scroll bar, 1 page', value: 0%
                      Other, 0x10401ec40, {{63.0, 4146.0}, {339.0, 3.0}}
                  Button, 0x10401ed60, {{29.7, 4187.3}, {17.0, 17.0}}, identifier: 'circle', label: 'Select note-28'
                  TextView, 0x10401ee80, {{60.0, 4180.0}, {309.0, 80.0}}, identifier: 'Text note-28', label: 'Text note-28', value: Field note 28. Lon...
                    Other, 0x10401efa0, {{336.0, 4180.0}, {30.0, 80.0}}, label: 'Vertical scroll bar, 1 page', value: 0%
                      Other, 0x10401f0c0, {{363.0, 4183.0}, {3.0, 74.0}}
                    Other, 0x10401f1e0, {{60.0, 4227.0}, {309.0, 30.0}}, label: 'Horizontal scroll bar, 1 page', value: 0%
                      Other, 0x10401f300, {{63.0, 4254.0}, {339.0, 3.0}}
                  Button, 0x10401f420, {{29.7, 4295.3}, {17.0, 17.0}}, identifier: 'circle', label: 'Select note-29'
                  TextView, 0x10401f540, {{60.0, 4288.0}, {309.0, 80.0}}, identifier: 'Text note-29', label: 'Text note-29', value: Field note 29. Lon...
                    Other, 0x10401f660, {{336.0, 4288.0}, {30.0, 80.0}}, label: 'Vertical scroll bar, 1 page', value: 0%
                      Other, 0x10401f780, {{363.0, 4291.0}, {3.0, 74.0}}
                    Other, 0x10401f8a0, {{60.0, 4335.0}, {309.0, 30.0}}, label: 'Horizontal scroll bar, 1 page', value: 0%
                      Other, 0x10401f9c0, {{63.0, 4362.0}, {339.0, 3.0}}
                  Button, 0x10401fae0, {{29.7, 4403.3}, {17.0, 17.0}}, identifier: 'circle', label: 'Select note-30'
                  TextView, 0x10401fc00, {{60.0, 4396.0}, {309.0, 80.0}}, identifier: 'Text note-30', label: 'Text note-30', value: Field note 30. Lon...
                    Other, 0x10401fd20, {{336.0, 4396.0}, {30.0, 80.0}}, label: 'Vertical scroll bar, 1 page', value: 0%
                      Other, 0x10401fe40, {{363.0, 4399.0}, {3.0, 74.0}}
                    Other, 0x10401ff60, {{60.0, 4443.0}, {309.0, 30.0}}, label: 'Horizontal scroll bar, 1 page', value: 0%
                      Other, 0x104020080, {{63.0, 4470.0}, {339.0, 3.0}}
                  Button, 0x1040201a0, {{29.7, 4511.3}, {17.0, 17.0}}, identifier: 'circle', label: 'Select note-31'
                  TextView, 0x1040202c0, {{60.0, 4504.0}, {309.0, 80.0}}, identifier: 'Text note-31', label: 'Text note-31', value: Field note 31. Lon...
                    Other, 0x1040203e0, {{336.0, 4504.0}, {30.0, 80.0}}, label: 'Vertical scroll bar, 1 page', value: 0%
                      Other, 0x104020500, {{363.0, 4507.0}, {3.0, 74.0}}
                    Other, 0x104020620, {{60.0, 4551.0}, {309.0, 30.0}}, label: 'Horizontal scroll bar, 1 page', value: 0%
                      Other, 0x104020740, {{63.0, 4578.0}, {339.0, 3.0}}
                  Button, 0x104020860, {{29.7, 4619.3}, {17.0, 17.0}}, identifier: 'circle', label: 'Select note-32'
                  TextView, 0x104020980, {{60.0, 4612.0}, {309.0, 80.0}}, identifier: 'Text note-32', label: 'Text note-32', value: Field note 32. Lon...
                    Other, 0x104020aa0, {{336.0, 4612.0}, {30.0, 80.0}}, label: 'Vertical scroll bar, 1 page', value: 0%
                      Other, 0x104020bc0, {{363.0, 4615.0}, {3.0, 74.0}}
                    Other, 0x104020ce0, {{60.0, 4659.0}, {309.0, 30.0}}, label: 'Horizontal scroll bar, 1 page', value: 0%
                      Other, 0x104020e00, {{63.0, 4686.0}, {339.0, 3.0}}
                  Button, 0x104020f20, {{29.7, 4727.3}, {17.0, 17.0}}, identifier: 'circle', label: 'Select note-33'
                  TextView, 0x104021040, {{60.0, 4720.0}, {309.0, 80.0}}, identifier: 'Text note-33', label: 'Text note-33', value: Field note 33. Lon...
                    Other, 0x104021160, {{336.0, 4720.0}, {30.0, 80.0}}, label: 'Vertical scroll bar, 1 page', value: 0%
                      Other, 0x104021280, {{363.0, 4723.0}, {3.0, 74.0}}
                    Other, 0x1040213a0, {{60.0, 4767.0}, {309.0, 30.0}}, label: 'Horizontal scroll bar, 1 page', value: 0%
                      Other, 0x1040214c0, {{63.0, 4794.0}, {339.0, 3.0}}
                  Button, 0x1040215e0, {{29.7, 4835.3}, {17.0, 17.0}}, identifier: 'circle', label: 'Select note-34'
                  TextView, 0x104021700, {{60.0, 4828.0}, {309.0, 80.0}}, identifier: 'Text note-34', label: 'Text note-34', value: Field note 34. Lon...
                    Other, 0x104021820, {{336.0, 4828.0}, {30.0, 80.0}}, label: 'Vertical scroll bar, 1 page', value: 0%
                      Other, 0x104021940, {{363.0, 4831.0}, {3.0, 74.0}}
                    Other, 0x104021a60, {{60.0, 4875.0}, {309.0, 30.0}}, label: 'Horizontal scroll bar, 1 page', value: 0%
                      Other, 0x104021b80, {{63.0, 4902.0}, {339.0, 3.0}}
                  Button, 0x104021ca0, {{29.7, 4943.3}, {17.0, 17.0}}, identifier: 'circle', label: 'Select note-35'
                  TextView, 0x104021dc0, {{60.0, 4936.0}, {309.0, 80.0}}, identifier: 'Text note-35', label: 'Text note-35', value: Field note 35. Lon...
                    Other, 0x104021ee0, {{336.0, 4936.0}, {30.0, 80.0}}, label: 'Vertical scroll bar, 1 page', value: 0%
                      Other, 0x104022000, {{363.0, 4939.0}, {3.0, 74.0}}
                    Other, 0x104022120, {{60.0, 4983.0}, {309.0, 30.0}}, label: 'Horizontal scroll bar, 1 page', value: 0%
                      Other, 0x104022240, {{63.0, 5010.0}, {339.0, 3.0}}
                  Button, 0x104022360, {{29.7, 5051.3}, {17.0, 17.0}}, identifier: 'circle', label: 'Select note-36'
                  TextView, 0x104022480, {{60.0, 5044.0}, {309.0, 80.0}}, identifier: 'Text note-36', label: 'Text note-36', value: Field note 36. Lon...
                    Other, 0x1040225a0, {{336.0, 5044.0}, {30.0, 80.0}}, label: 'Vertical scroll bar, 1 page', value: 0%
                      Other, 0x1040226c0, {{363.0, 5047.0}, {3.0, 74.0}}
                    Other, 0x1040227e0, {{60.0, 5091.0}, {309.0, 30.0}}, label: 'Horizontal scroll bar, 1 page', value: 0%
                      Other, 0x104022900, {{63.0, 5118.0}, {339.0, 3.0}}
                  Button, 0x104022a20, {{29.7, 5159.3}, {17.0, 17.0}}, identifier: 'circle', label: 'Select note-37'
                  TextView, 0x104022b40, {{60.0, 5152.0}, {309.0, 80.0}}, identifier: 'Text note-37', label: 'Text note-37', value: Field note 37. Lon...
                    Other, 0x104022c60, {{336.0, 5152.0}, {30.0, 80.0}}, label: 'Vertical scroll bar, 1 page', value: 0%
                      Other, 0x104022d80, {{363.0, 5155.0}, {3.0, 74.0}}
                    Other, 0x104022ea0, {{60.0, 5199.0}, {309.0, 30.0}}, label: 'Horizontal scroll bar, 1 page', value: 0%
                      Other, 0x104022fc0, {{63.0, 5226.0}, {339.0, 3.0}}
                  Button, 0x1040230e0, {{29.7, 5267.3}, {17.0, 17.0}}, identifier: 'circle', label: 'Select note-38'
                  TextView, 0x104023200, {{60.0, 5260.0}, {309.0, 80.0}}, identifier: 'Text note-38', label: 'Text note-38', value: Field note 38. Lon...
                    Other, 0x104023320, {{336.0, 5260.0}, {30.0, 80.0}}, label: 'Vertical scroll bar, 1 page', value: 0%
                      Other, 0x104023440, {{363.0, 5263.0}, {3.0, 74.0}}
                    Other, 0x104023560, {{60.0, 5307.0}, {309.0, 30.0}}, label: 'Horizontal scroll bar, 1 page', value: 0%
                      Other, 0x104023680, {{63.0, 5334.0}, {339.0, 3.0}}
                  Button, 0x1040237a0, {{29.7, 5375.3}, {17.0, 17.0}}, identifier: 'circle', label: 'Select note-39'
                  TextView, 0x1040238c0, {{60.0, 5368.0}, {309.0, 80.0}}, identifier: 'Text note-39', label: 'Text note-39', value: Field note 39. Lon...
                    Other, 0x1040239e0, {{336.0, 5368.0}, {30.0, 80.0}}, label: 'Vertical scroll bar, 1 page', value: 0%
                      Other, 0x104023b00, {{363.0, 5371.0}, {3.0, 74.0}}
                    Other, 0x104023c20, {{60.0, 5415.0}, {309.0, 30.0}}, label: 'Horizontal scroll bar, 1 page', value: 0%
                      Other, 0x104023d40, {{63.0, 5442.0}, {339.0, 3.0}}
                  Button, 0x104023e60, {{29.7, 5483.3}, {17.0, 17.0}}, identifier: 'circle', label: 'Select note-40'
                  TextView, 0x104023f80, {{60.0, 5476.0}, {309.0, 80.0}}, identifier: 'Text note-40', label: 'Text note-40', value: Field note 40. Lon...
                    Other, 0x1040240a0, {{336.0, 5476.0}, {30.0, 80.0}}, label: 'Vertical scroll bar, 1 page', value: 0%
                      Other, 0x1040241c0, {{363.0, 5479.0}, {3.0, 74.0}}
                    Other, 0x1040242e0, {{60.0, 5523.0}, {309.0, 30.0}}, label: 'Horizontal scroll bar, 1 page', value: 0%
                      Other, 0x104024400, {{63.0, 5550.0}, {339.0, 3.0}}
                  Button, 0x104024520, {{29.7, 5591.3}, {17.0, 17.0}}, identifier: 'circle', label: 'Select note-41'
                  TextView, 0x104024640, {{60.0, 5584.0}, {309.0, 80.0}}, identifier: 'Text note-41', label: 'Text note-41', value: Field note 41. Lon...
                    Other, 0x104024760, {{336.0, 5584.0}, {30.0, 80.0}}, label: 'Vertical scroll bar, 1 page', value: 0%
                      Other, 0x104024880, {{363.0, 5587.0}, {3.0, 74.0}}
                    Other, 0x1040249a0, {{60.0, 5631.0}, {309.0, 30.0}}, label: 'Horizontal scroll bar, 1 page', value: 0%
                      Other, 0x104024ac0, {{63.0, 5658.0}, {339.0, 3.0}}
                  Button, 0x104024be0, {{29.7, 5699.3}, {17.0, 17.0}}, identifier: 'circle', label: 'Select note-42'
                  TextView, 0x104024d00, {{60.0, 5692.0}, {309.0, 80.0}}, identifier: 'Text note-42', label: 'Text note-42', value: Field note 42. Lon...
                    Other, 0x104024e20, {{336.0, 5692.0}, {30.0, 80.0}}, label: 'Vertical scroll bar, 1 page', value: 0%
                      Other, 0x104024f40, {{363.0, 5695.0}, {3.0, 74.0}}
                    Other, 0x104025060, {{60.0, 5739.0}, {309.0, 30.0}}, label: 'Horizontal scroll bar, 1 page', value: 0%
                      Other, 0x104025180, {{63.0, 5766.0}, {339.0, 3.0}}
                  Button, 0x1040252a0, {{29.7, 5807.3}, {17.0, 17.0}}, identifier: 'circle', label: 'Select note-43'
                  TextView, 0x1040253c0, {{60.0, 5800.0}, {309.0, 80.0}}, identifier: 'Text note-43', label: 'Text note-43', value: Field note 43. Lon...
                    Other, 0x1040254e0, {{336.0, 5800.0}, {30.0, 80.0}}, label: 'Vertical scroll bar, 1 page', value: 0%
                      Other, 0x104025600, {{363.0, 5803.0}, {3.0, 74.0}}
                    Other, 0x104025720, {{60.0, 5847.0}, {309.0, 30.0}}, label: 'Horizontal scroll bar, 1 page', value: 0%
                      Other, 0x104025840, {{63.0, 5874.0}, {339.0, 3.0}}
                  Button, 0x10401c950, {{29.7, 5915.3}, {17.0, 17.0}}, identifier: 'circle', label: 'Select note-44'
                  TextView, 0x10401ca70, {{60.0, 5908.0}, {309.0, 80.0}}, identifier: 'Text note-44', label: 'Text note-44', value: Field note 44. Lon...
                    Other, 0x10401cb90, {{336.0, 5908.0}, {30.0, 80.0}}, label: 'Vertical scroll bar, 1 page', value: 0%
                      Other, 0x104025960, {{363.0, 5911.0}, {3.0, 74.0}}
                    Other, 0x104025a80, {{60.0, 5955.0}, {309.0, 30.0}}, label: 'Horizontal scroll bar, 1 page', value: 0%
                      Other, 0x104025ba0, {{63.0, 5982.0}, {339.0, 3.0}}
                  Button, 0x104025cc0, {{29.7, 6023.3}, {17.0, 17.0}}, identifier: 'circle', label: 'Select note-45'
                  TextView, 0x104025de0, {{60.0, 6016.0}, {309.0, 80.0}}, identifier: 'Text note-45', label: 'Text note-45', value: Field note 45. Lon...
                    Other, 0x104025f00, {{336.0, 6016.0}, {30.0, 80.0}}, label: 'Vertical scroll bar, 1 page', value: 0%
                      Other, 0x104026020, {{363.0, 6019.0}, {3.0, 74.0}}
                    Other, 0x104026140, {{60.0, 6063.0}, {309.0, 30.0}}, label: 'Horizontal scroll bar, 1 page', value: 0%
                      Other, 0x104026260, {{63.0, 6090.0}, {339.0, 3.0}}
                  Button, 0x104026380, {{29.7, 6131.3}, {17.0, 17.0}}, identifier: 'circle', label: 'Select note-46'
                  TextView, 0x1040264a0, {{60.0, 6124.0}, {309.0, 80.0}}, identifier: 'Text note-46', label: 'Text note-46', value: Field note 46. Lon...
                    Other, 0x1040265c0, {{336.0, 6124.0}, {30.0, 80.0}}, label: 'Vertical scroll bar, 1 page', value: 0%
                      Other, 0x1040266e0, {{363.0, 6127.0}, {3.0, 74.0}}
                    Other, 0x104026800, {{60.0, 6171.0}, {309.0, 30.0}}, label: 'Horizontal scroll bar, 1 page', value: 0%
                      Other, 0x104026920, {{63.0, 6198.0}, {339.0, 3.0}}
                  Button, 0x104026a40, {{29.7, 6239.3}, {17.0, 17.0}}, identifier: 'circle', label: 'Select note-47'
                  TextView, 0x104026b60, {{60.0, 6232.0}, {309.0, 80.0}}, identifier: 'Text note-47', label: 'Text note-47', value: Field note 47. Lon...
                    Other, 0x104026c80, {{336.0, 6232.0}, {30.0, 80.0}}, label: 'Vertical scroll bar, 1 page', value: 0%
                      Other, 0x104026da0, {{363.0, 6235.0}, {3.0, 74.0}}
                    Other, 0x104026ec0, {{60.0, 6279.0}, {309.0, 30.0}}, label: 'Horizontal scroll bar, 1 page', value: 0%
                      Other, 0x104026fe0, {{63.0, 6306.0}, {339.0, 3.0}}
                  Button, 0x104027100, {{29.7, 6347.3}, {17.0, 17.0}}, identifier: 'circle', label: 'Select note-48'
                  TextView, 0x104027220, {{60.0, 6340.0}, {309.0, 80.0}}, identifier: 'Text note-48', label: 'Text note-48', value: Field note 48. Lon...
                    Other, 0x104027340, {{336.0, 6340.0}, {30.0, 80.0}}, label: 'Vertical scroll bar, 1 page', value: 0%
                      Other, 0x104027460, {{363.0, 6343.0}, {3.0, 74.0}}
                    Other, 0x104027580, {{60.0, 6387.0}, {309.0, 30.0}}, label: 'Horizontal scroll bar, 1 page', value: 0%
                      Other, 0x1040276a0, {{63.0, 6414.0}, {339.0, 3.0}}
                  Button, 0x1040277c0, {{29.7, 6455.3}, {17.0, 17.0}}, identifier: 'circle', label: 'Select note-49'
                  TextView, 0x1040278e0, {{60.0, 6448.0}, {309.0, 80.0}}, identifier: 'Text note-49', label: 'Text note-49', value: Field note 49. Lon...
                    Other, 0x104027a00, {{336.0, 6448.0}, {30.0, 80.0}}, label: 'Vertical scroll bar, 1 page', value: 0%
                      Other, 0x104027b20, {{363.0, 6451.0}, {3.0, 74.0}}
                    Other, 0x104027c40, {{60.0, 6495.0}, {309.0, 30.0}}, label: 'Horizontal scroll bar, 1 page', value: 0%
                      Other, 0x104027d60, {{63.0, 6522.0}, {339.0, 3.0}}
                  Button, 0x104027e80, {{29.7, 6563.3}, {17.0, 17.0}}, identifier: 'circle', label: 'Select note-50'
                  TextView, 0x104027fa0, {{60.0, 6556.0}, {309.0, 80.0}}, identifier: 'Text note-50', label: 'Text note-50', value: Field note 50. Lon...
                    Other, 0x1040280c0, {{336.0, 6556.0}, {30.0, 80.0}}, label: 'Vertical scroll bar, 1 page', value: 0%
                      Other, 0x1040281e0, {{363.0, 6559.0}, {3.0, 74.0}}
                    Other, 0x104028300, {{60.0, 6603.0}, {309.0, 30.0}}, label: 'Horizontal scroll bar, 1 page', value: 0%
                      Other, 0x104028420, {{63.0, 6630.0}, {339.0, 3.0}}
                  Button, 0x104028540, {{29.7, 6671.3}, {17.0, 17.0}}, identifier: 'circle', label: 'Select note-51'
                  TextView, 0x104028660, {{60.0, 6664.0}, {309.0, 80.0}}, identifier: 'Text note-51', label: 'Text note-51', value: Field note 51. Lon...
                    Other, 0x104028780, {{336.0, 6664.0}, {30.0, 80.0}}, label: 'Vertical scroll bar, 1 page', value: 0%
                      Other, 0x1040288a0, {{363.0, 6667.0}, {3.0, 74.0}}
                    Other, 0x1040289c0, {{60.0, 6711.0}, {309.0, 30.0}}, label: 'Horizontal scroll bar, 1 page', value: 0%
                      Other, 0x104028ae0, {{63.0, 6738.0}, {339.0, 3.0}}
                  Button, 0x104028c00, {{29.7, 6779.3}, {17.0, 17.0}}, identifier: 'circle', label: 'Select note-52'
                  TextView, 0x104028d20, {{60.0, 6772.0}, {309.0, 80.0}}, identifier: 'Text note-52', label: 'Text note-52', value: Field note 52. Lon...
                    Other, 0x104028e40, {{336.0, 6772.0}, {30.0, 80.0}}, label: 'Vertical scroll bar, 1 page', value: 0%
                      Other, 0x104028f60, {{363.0, 6775.0}, {3.0, 74.0}}
                    Other, 0x104029080, {{60.0, 6819.0}, {309.0, 30.0}}, label: 'Horizontal scroll bar, 1 page', value: 0%
                      Other, 0x1040291a0, {{63.0, 6846.0}, {339.0, 3.0}}
                  Button, 0x1040292c0, {{29.7, 6887.3}, {17.0, 17.0}}, identifier: 'circle', label: 'Select note-53'
                  TextView, 0x1040293e0, {{60.0, 6880.0}, {309.0, 80.0}}, identifier: 'Text note-53', label: 'Text note-53', value: Field note 53. Lon...
                    Other, 0x104029500, {{336.0, 6880.0}, {30.0, 80.0}}, label: 'Vertical scroll bar, 1 page', value: 0%
                      Other, 0x104029620, {{363.0, 6883.0}, {3.0, 74.0}}
                    Other, 0x104029740, {{60.0, 6927.0}, {309.0, 30.0}}, label: 'Horizontal scroll bar, 1 page', value: 0%
                      Other, 0x104029860, {{63.0, 6954.0}, {339.0, 3.0}}
                  Button, 0x104029980, {{29.7, 6995.3}, {17.0, 17.0}}, identifier: 'circle', label: 'Select note-54'
                  TextView, 0x104029aa0, {{60.0, 6988.0}, {309.0, 80.0}}, identifier: 'Text note-54', label: 'Text note-54', value: Field note 54. Lon...
                    Other, 0x104029bc0, {{336.0, 6988.0}, {30.0, 80.0}}, label: 'Vertical scroll bar, 1 page', value: 0%
                      Other, 0x104029ce0, {{363.0, 6991.0}, {3.0, 74.0}}
                    Other, 0x104029e00, {{60.0, 7035.0}, {309.0, 30.0}}, label: 'Horizontal scroll bar, 1 page', value: 0%
                      Other, 0x104029f20, {{63.0, 7062.0}, {339.0, 3.0}}
                  Button, 0x10402a040, {{29.7, 7103.3}, {17.0, 17.0}}, identifier: 'circle', label: 'Select note-55'
                  TextView, 0x10402a160, {{60.0, 7096.0}, {309.0, 80.0}}, identifier: 'Text note-55', label: 'Text note-55', value: Field note 55. Lon...
                    Other, 0x10402a280, {{336.0, 7096.0}, {30.0, 80.0}}, label: 'Vertical scroll bar, 1 page', value: 0%
                      Other, 0x10402a3a0, {{363.0, 7099.0}, {3.0, 74.0}}
                    Other, 0x10402a4c0, {{60.0, 7143.0}, {309.0, 30.0}}, label: 'Horizontal scroll bar, 1 page', value: 0%
                      Other, 0x10402a5e0, {{63.0, 7170.0}, {339.0, 3.0}}
                  Button, 0x10402a700, {{29.7, 7211.3}, {17.0, 17.0}}, identifier: 'circle', label: 'Select note-56'
                  TextView, 0x10402a820, {{60.0, 7204.0}, {309.0, 80.0}}, identifier: 'Text note-56', label: 'Text note-56', value: Field note 56. Lon...
                    Other, 0x10402a940, {{336.0, 7204.0}, {30.0, 80.0}}, label: 'Vertical scroll bar, 1 page', value: 0%
                      Other, 0x10402aa60, {{363.0, 7207.0}, {3.0, 74.0}}
                    Other, 0x10402ab80, {{60.0, 7251.0}, {309.0, 30.0}}, label: 'Horizontal scroll bar, 1 page', value: 0%
                      Other, 0x10402aca0, {{63.0, 7278.0}, {339.0, 3.0}}
                  Button, 0x10402adc0, {{29.7, 7319.3}, {17.0, 17.0}}, identifier: 'circle', label: 'Select note-57'
                  TextView, 0x10402aee0, {{60.0, 7312.0}, {309.0, 80.0}}, identifier: 'Text note-57', label: 'Text note-57', value: Field note 57. Lon...
                    Other, 0x10402b000, {{336.0, 7312.0}, {30.0, 80.0}}, label: 'Vertical scroll bar, 1 page', value: 0%
                      Other, 0x10402b120, {{363.0, 7315.0}, {3.0, 74.0}}
                    Other, 0x10402b240, {{60.0, 7359.0}, {309.0, 30.0}}, label: 'Horizontal scroll bar, 1 page', value: 0%
                      Other, 0x10402b360, {{63.0, 7386.0}, {339.0, 3.0}}
                  Button, 0x10402b480, {{29.7, 7427.3}, {17.0, 17.0}}, identifier: 'circle', label: 'Select note-58'
                  TextView, 0x10402b5a0, {{60.0, 7420.0}, {309.0, 80.0}}, identifier: 'Text note-58', label: 'Text note-58', value: Field note 58. Lon...
                    Other, 0x10402b6c0, {{336.0, 7420.0}, {30.0, 80.0}}, label: 'Vertical scroll bar, 1 page', value: 0%
                      Other, 0x10402b7e0, {{363.0, 7423.0}, {3.0, 74.0}}
                    Other, 0x10402b900, {{60.0, 7467.0}, {309.0, 30.0}}, label: 'Horizontal scroll bar, 1 page', value: 0%
                      Other, 0x10402ba20, {{63.0, 7494.0}, {339.0, 3.0}}
                  Button, 0x10402bb40, {{29.7, 7535.3}, {17.0, 17.0}}, identifier: 'circle', label: 'Select note-59'
                  TextView, 0x10402bc60, {{60.0, 7528.0}, {309.0, 80.0}}, identifier: 'Text note-59', label: 'Text note-59', value: Field note 59. Lon...
                    Other, 0x10402bd80, {{336.0, 7528.0}, {30.0, 80.0}}, label: 'Vertical scroll bar, 1 page', value: 0%
                      Other, 0x10402bea0, {{363.0, 7531.0}, {3.0, 74.0}}
                    Other, 0x10402bfc0, {{60.0, 7575.0}, {309.0, 30.0}}, label: 'Horizontal scroll bar, 1 page', value: 0%
                      Other, 0x10402c0e0, {{63.0, 7602.0}, {339.0, 3.0}}
                  Button, 0x10402c200, {{29.7, 7643.3}, {17.0, 17.0}}, identifier: 'circle', label: 'Select note-60'
                  TextView, 0x10402c320, {{60.0, 7636.0}, {309.0, 80.0}}, identifier: 'Text note-60', label: 'Text note-60', value: Field note 60. Lon...
                    Other, 0x10402c440, {{336.0, 7636.0}, {30.0, 80.0}}, label: 'Vertical scroll bar, 1 page', value: 0%
                      Other, 0x10402c560, {{363.0, 7639.0}, {3.0, 74.0}}
                    Other, 0x10402c680, {{60.0, 7683.0}, {309.0, 30.0}}, label: 'Horizontal scroll bar, 1 page', value: 0%
                      Other, 0x10402c7a0, {{63.0, 7710.0}, {339.0, 3.0}}
                  Button, 0x10402c8c0, {{29.7, 7751.3}, {17.0, 17.0}}, identifier: 'circle', label: 'Select closing'
                  TextView, 0x10402c9e0, {{60.0, 7744.0}, {309.0, 51.3}}, identifier: 'Text closing', label: 'Text closing', value: Closing notes
                    Other, 0x10402cb00, {{336.0, 7744.0}, {30.0, 51.3}}, label: 'Vertical scroll bar, 1 page', value: 0%
                      Other, 0x10402cc20, {{363.0, 7747.0}, {3.0, 45.3}}
                    Other, 0x10402cd40, {{60.0, 7766.7}, {309.0, 25.7}}, label: 'Horizontal scroll bar, 1 page', value: 0%
                      Other, 0x10402ce60, {{63.0, 7789.3}, {339.0, 3.0}}
                Other, 0x10402cf80, {{360.0, 117.3}, {30.0, 577.7}}, label: 'Vertical scroll bar, 14 pages', value: 1%
                  Other, 0x10402d0a0, {{387.0, 123.3}, {3.0, 36.0}}
                Other, 0x10402d1c0, {{360.0, 117.3}, {30.0, 577.7}}, label: 'Vertical scroll bar, 14 pages', value: 1%
                  Other, 0x10402d2e0, {{387.0, 123.3}, {3.0, 36.0}}
              ScrollView, 0x10402d400, {{0.0, 695.0}, {393.0, 58.3}}
                Other, 0x10402d520, {{0.0, 695.0}, {623.0, 58.3}}
                  Button, 0x10402d640, {{12.0, 707.0}, {113.3, 34.3}}, label: 'Insert block'
                  Button, 0x10402d760, {{137.3, 707.0}, {58.3, 34.3}}, identifier: 'Accessory bold', label: 'Bold', Disabled
                  Button, 0x10402d880, {{207.7, 707.0}, {59.7, 34.3}}, identifier: 'Accessory italic', label: 'Italic', Disabled
                  Button, 0x10402d9a0, {{279.3, 707.0}, {177.0, 34.3}}, label: 'Select current block'
                  Button, 0x10402dac0, {{468.3, 707.0}, {142.7, 34.3}}, identifier: 'Accessory resize', label: 'Resize columns'
                Other, 0x10402dbe0, {{0.0, 721.2}, {393.0, 29.2}}, label: 'Horizontal scroll bar, 2 pages', value: 0%
                  Other, 0x10402dd00, {{383.0, 747.3}, {7.0, 3.0}}
                Other, 0x10402de20, {{0.0, 721.2}, {393.0, 29.2}}, label: 'Horizontal scroll bar, 2 pages', value: 0%
                  Other, 0x10402df40, {{383.0, 747.3}, {7.0, 3.0}}
              StaticText, 0x10402e060, {{103.3, 761.3}, {186.3, 14.3}}, identifier: 'Review action', label: 'Create two-column review layout'
              StaticText, 0x10402e180, {{22.3, 779.7}, {348.3, 30.3}}, label: 'ST-121 local interaction study · body: shared protocol 6 · title/columns: review state'
    Window, 0x10402e2a0, {{0.0, 0.0}, {393.0, 852.0}}
      Other, 0x10402e3c0, {{0.0, 0.0}, {393.0, 852.0}}
        Other, 0x10402e4e0, {{0.0, 0.0}, {393.0, 852.0}}
Path to element:
 →Application, 0x103b202b0, pid: 40148, label: 'ModernPrototypePhone'
Query chain:
 →Find: Target Application 'studio.seventwo.blockeditor.st121.ios'
  Output: {
    Application, 0x10350e780, pid: 40148, label: 'ModernPrototypePhone'
  }

    t =    33.34s             Requesting snapshot of accessibility hierarchy for app with pid 40148
    t =    33.51s         Wait for studio.seventwo.blockeditor.st121.ios to idle
    t =    34.52s     Retrying `Type 'after create ' into Target Application 'studio.seventwo.blockeditor.st121.ios'` (attempt #3)
    t =    34.52s         Wait for studio.seventwo.blockeditor.st121.ios to idle
    t =    34.52s         Find the Target Application 'studio.seventwo.blockeditor.st121.ios'
    t =    34.60s         Check for interrupting elements affecting "ModernPrototypePhone" Application
    t =    34.68s         Synthesize event
    t =    34.68s             Get number of matches for: Elements containing elements matching predicate 'hasKeyboardFocus == 1'
    t =    34.76s             Requesting snapshot of accessibility hierarchy for app with pid 40148
    t =    35.37s             Requesting snapshot of accessibility hierarchy for app with pid 40148
    t =    35.52s             Requesting snapshot of accessibility hierarchy for app with pid 40148
    t =    36.22s             Requesting snapshot of accessibility hierarchy for app with pid 40148
    t =    36.36s             Failed: Neither element nor any descendant has keyboard focus. Event dispatch snapshot: Application, pid: 40148, label: 'ModernPrototypePhone'
Element debug description:
Attributes: Application, 0x103c1d280, pid: 40148, label: 'ModernPrototypePhone'
Element subtree:
 →Application, 0x103c1d280, pid: 40148, label: 'ModernPrototypePhone'
    Window (Main), 0x103c171a0, {{0.0, 0.0}, {393.0, 852.0}}
      Other, 0x103c1bd20, {{0.0, 0.0}, {393.0, 852.0}}
        Other, 0x103c1c420, {{0.0, 0.0}, {393.0, 852.0}}
          Other, 0x103c13a50, {{0.0, 0.0}, {393.0, 852.0}}
            Other, 0x103c1cef0, {{0.0, 0.0}, {393.0, 852.0}}
              ScrollView, 0x103c1c7a0, {{0.0, 0.0}, {393.0, 117.3}}
                Other, 0x103c44580, {{0.0, 0.0}, {745.3, 117.3}}
                  Button, 0x103c1c0a0, {{12.0, 78.0}, {87.3, 20.3}}, label: 'Outline'
                    Image, 0x103c1b980, {{14.0, 82.0}, {21.0, 12.3}}, identifier: 'list.bullet.indent', label: 'Bulletest List Indent'
                    StaticText, 0x103c1d610, {{12.0, 78.0}, {87.3, 20.3}}, label: 'Outline'
                  Button, 0x103c1cb50, {{111.3, 78.0}, {74.3, 20.3}}, label: 'Focus'
                    Image, 0x103c1e7f0, {{113.3, 80.0}, {16.3, 16.3}}, identifier: 'viewfinder', label: 'Scan'
                    StaticText, 0x103c1dd20, {{111.3, 78.0}, {74.3, 20.3}}, label: 'Focus'
                  Button, 0x103c1f2c0, {{197.7, 78.0}, {69.3, 20.3}}, label: 'Insert'
                    Image, 0x103c1eba0, {{199.7, 81.3}, {14.0, 14.0}}, identifier: 'plus', label: 'Add'
                    StaticText, 0x103c1e0a0, {{197.7, 78.0}, {69.3, 20.3}}, label: 'Insert'
                  Switch, 0x103c1ef10, {{279.0, 71.0}, {126.0, 34.3}}, label: 'Select blocks', value: 1
                  Switch, 0x1045165a0, {{449.0, 78.0}, {76.3, 20.3}}, label: 'Large text', value: 0
                  Switch, 0x1045182e0, {{561.3, 78.0}, {36.0, 20.3}}, label: 'Dark', value: 0
                  Switch, 0x104515ab0, {{621.3, 71.0}, {112.0, 34.3}}, label: 'Touch tools', value: 1
                Other, 0x104515bd0, {{0.0, 84.3}, {393.0, 30.0}}, label: 'Horizontal scroll bar, 2 pages', value: 0%
                  Other, 0x104515cf0, {{3.0, 111.3}, {204.0, 3.0}}
                Other, 0x1045195a0, {{0.0, 84.3}, {393.0, 30.0}}, label: 'Horizontal scroll bar, 2 pages', value: 0%
                  Other, 0x1045196c0, {{3.0, 111.3}, {204.0, 3.0}}
              ScrollView, 0x1045197e0, {{0.0, 117.3}, {393.0, 577.7}}
                Other, 0x104519900, {{0.0, 27.0}, {393.0, 7804.3}}
                  TextField, 0x104519a20, {{20.0, 59.0}, {353.0, 44.0}}, identifier: 'Document title', label: 'Document title', placeholderValue: 'Untitled', value: Studio field notes
                  Button, 0x104519b40, {{29.7, 134.7}, {17.0, 17.0}}, identifier: 'circle', label: 'Select intro'
                  TextView, 0x104519c60, {{60.0, 127.0}, {309.0, 54.0}}, identifier: 'Text intro', label: 'Text intro', value: Start with the doc...
                    Other, 0x104519d80, {{336.0, 127.0}, {30.0, 54.0}}, label: 'Vertical scroll bar, 1 page', value: 0%
                      Other, 0x104519ea0, {{363.0, 130.0}, {3.0, 48.0}}
                    Other, 0x104519fc0, {{60.0, 151.0}, {309.0, 27.0}}, label: 'Horizontal scroll bar, 1 page', value: 0%
                      Other, 0x10451a0e0, {{63.0, 175.0}, {339.0, 3.0}}
                  Button, 0x10451a200, {{32.0, 217.1}, {190.3, 14.3}}, identifier: 'Column presentation layout-101', label: 'Columns stacked in reading order'
                  Button, 0x10451a320, {{32.0, 239.3}, {88.0, 14.3}}, label: 'Resize columns'
                  Button, 0x10451a440, {{128.0, 239.3}, {96.0, 14.3}}, label: 'Remove columns'
                  StaticText, 0x10451a560, {{32.0, 265.8}, {69.3, 14.3}}, identifier: 'Stacked split value', label: 'Split 50 / 50'
                  Other, 0x10451a680, {{32.0, 292.1}, {325.0, 152.9}}, label: 'First column'
                    StaticText, 0x10451a7a0, {{32.0, 292.1}, {69.7, 14.3}}, label: 'First column'
                    Button, 0x10451a8c0, {{41.7, 334.0}, {17.0, 17.0}}, identifier: 'circle', label: 'Select first'
                    TextView, 0x10451a9e0, {{72.0, 326.3}, {285.0, 36.3}}, identifier: 'Text first', label: 'Text first', value: First thought
                      Other, 0x10451ab00, {{324.0, 326.3}, {30.0, 36.3}}, label: 'Vertical scroll bar, 1 page', value: 0%
                        Other, 0x10451ac20, {{351.0, 323.7}, {3.0, 36.0}}
                      Other, 0x10451ad40, {{72.0, 341.5}, {285.0, 18.2}}, label: 'Horizontal scroll bar, 1 page', value: 0%
                        Other, 0x10451ae60, {{75.0, 356.7}, {279.0, 3.0}}
                    Button, 0x10451af80, {{41.7, 394.0}, {17.0, 17.0}}, identifier: 'circle', label: 'Select second'
                    TextView, 0x10451b0a0, {{72.0, 386.7}, {285.0, 36.0}}, identifier: 'Text second', label: 'Text second', value: before Second thou...
                      Other, 0x10451b1c0, {{324.0, 386.7}, {30.0, 36.0}}, label: 'Vertical scroll bar, 1 page', value: 0%
                        Other, 0x10451b2e0, {{351.0, 383.7}, {3.0, 36.0}}
                      Other, 0x10451b400, {{72.0, 401.7}, {285.0, 18.0}}, label: 'Horizontal scroll bar, 1 page', value: 0%
                        Other, 0x10451b520, {{75.0, 416.7}, {279.0, 3.0}}
                    Button, 0x10451b640, {{72.0, 430.7}, {76.0, 14.3}}, identifier: 'Block actions second', label: 'Block actions', value: paragraph
                      Button, 0x10451b760, {{72.0, 430.7}, {76.0, 14.3}}
                        StaticText, 0x10451b880, {{72.0, 430.6}, {76.0, 14.3}}, label: 'Block actions'
                  Other, 0x10451b9a0, {{32.0, 460.9}, {329.0, 64.4}}, label: 'Second column'
                    StaticText, 0x10451bac0, {{32.0, 460.9}, {87.7, 14.3}}, label: 'Second column'
                    TextField, 0x10451bbe0, {{32.0, 503.3}, {329.0, 22.0}}, identifier: 'Empty Second column layout-101', placeholderValue: 'Start writing'
                  Button, 0x10451bd00, {{29.7, 580.7}, {17.0, 17.0}}, identifier: 'circle', label: 'Select section'
                  TextView, 0x10451be20, {{60.0, 573.3}, {309.0, 51.3}}, identifier: 'Text section', label: 'Text section', value: Structured notes
                    Other, 0x10451bf40, {{336.0, 573.3}, {30.0, 51.3}}, label: 'Vertical scroll bar, 1 page', value: 0%
                      Other, 0x10451c060, {{363.0, 576.3}, {3.0, 45.3}}
                    Other, 0x10451c180, {{60.0, 596.0}, {309.0, 25.7}}, label: 'Horizontal scroll bar, 1 page', value: 0%
                      Other, 0x10451c2a0, {{63.0, 618.7}, {339.0, 3.0}}
                  Button, 0x10451c3c0, {{29.7, 660.3}, {17.0, 17.0}}, identifier: 'circle', label: 'Select table'
                  ScrollView, 0x10451c4e0, {{60.0, 652.7}, {309.0, 60.0}}
                    Other, 0x10451c600, {{60.0, 652.7}, {356.0, 60.0}}
                      TextView, 0x10451c720, {{72.0, 664.7}, {160.0, 36.0}}, identifier: 'Cell left', label: 'Cell left', value: First cell
                        Other, 0x10451c840, {{199.0, 664.7}, {30.0, 36.0}}, label: 'Vertical scroll bar, 1 page', value: 0%
                          Other, 0x10451c960, {{226.0, 661.7}, {3.0, 36.0}}
                        Other, 0x10451ca80, {{72.0, 679.7}, {160.0, 18.0}}, label: 'Horizontal scroll bar, 1 page', value: 0%
                          Other, 0x10451cba0, {{75.0, 694.7}, {154.0, 3.0}}
                      TextView, 0x10451ccc0, {{244.0, 664.7}, {160.0, 36.0}}, identifier: 'Cell right', label: 'Cell right', value: Second cell
                        Other, 0x10451cde0, {{371.0, 664.7}, {30.0, 36.0}}, label: 'Vertical scroll bar, 1 page', value: 0%
                          Other, 0x10451cf00, {{398.0, 661.7}, {3.0, 36.0}}
                        Other, 0x10451d020, {{244.0, 679.7}, {160.0, 18.0}}, label: 'Horizontal scroll bar, 1 page', value: 0%
                          Other, 0x10451d140, {{247.0, 694.7}, {154.0, 3.0}}
                    Other, 0x10451d260, {{60.0, 679.7}, {309.0, 30.0}}, label: 'Horizontal scroll bar, 2 pages', value: 0%
                      Other, 0x10451d380, {{395.0, 706.7}, {7.0, 3.0}}
                    Other, 0x10451d4a0, {{60.0, 679.7}, {309.0, 30.0}}, label: 'Horizontal scroll bar, 2 pages', value: 0%
                      Other, 0x10451d5c0, {{395.0, 706.7}, {7.0, 3.0}}
                  Button, 0x10451d6e0, {{29.7, 748.3}, {17.0, 17.0}}, identifier: 'circle', label: 'Select toggle'
                  Button, 0x10451d800, {{60.0, 740.7}, {309.0, 44.0}}, identifier: 'Toggle toggle-Disclosure toggle', label: 'Toggle toggle', value: Details
                    TextView, 0x10451d920, {{60.0, 744.7}, {210.7, 36.0}}, identifier: 'Toggle toggle', label: 'Toggle toggle', value: Details
                      Other, 0x10451da40, {{237.7, 744.7}, {30.0, 36.0}}, label: 'Vertical scroll bar, 1 page', value: 0%
                        Other, 0x10451db60, {{264.7, 741.7}, {3.0, 36.0}}
                      Other, 0x10451dc80, {{60.0, 759.7}, {210.7, 18.0}}, label: 'Horizontal scroll bar, 1 page', value: 0%
                        Other, 0x10451dda0, {{63.0, 774.7}, {240.7, 3.0}}
                    Button, 0x10451dec0, {{278.7, 755.7}, {72.0, 14.3}}, identifier: 'Disclosure toggle', label: 'Show details'
                    Image, 0x10451dfe0, {{361.3, 756.7}, {7.0, 12.0}}, identifier: 'collapsed'
                  Button, 0x10451e100, {{29.7, 820.3}, {17.0, 17.0}}, identifier: 'circle', label: 'Select list'
                  StaticText, 0x10451e220, {{60.0, 818.8}, {7.7, 20.3}}, label: '•'
                  TextView, 0x10451e340, {{75.7, 812.7}, {293.3, 36.3}}, identifier: 'List parent', label: 'List parent', value: Parent item
                    Other, 0x10451e460, {{336.0, 812.7}, {30.0, 36.3}}, label: 'Vertical scroll bar, 1 page', value: 0%
                      Other, 0x10451e580, {{363.0, 810.0}, {3.0, 36.0}}
                    Other, 0x10451e6a0, {{75.7, 827.8}, {293.3, 18.2}}, label: 'Horizontal scroll bar, 1 page', value: 0%
                      Other, 0x10451e7c0, {{78.7, 843.0}, {323.3, 3.0}}
                  StaticText, 0x10451e8e0, {{84.0, 862.9}, {7.7, 20.3}}, label: '•'
                  TextView, 0x10451ea00, {{99.7, 857.0}, {269.3, 36.0}}, identifier: 'List child', label: 'List child', value: Nested list item
                    Other, 0x10451eb20, {{336.0, 857.0}, {30.0, 36.0}}, label: 'Vertical scroll bar, 1 page', value: 0%
                      Other, 0x10451ec40, {{363.0, 854.0}, {3.0, 36.0}}
                    Other, 0x10451ed60, {{99.7, 872.0}, {269.3, 18.0}}, label: 'Horizontal scroll bar, 1 page', value: 0%
                      Other, 0x10451ee80, {{102.7, 887.0}, {299.3, 3.0}}
                  Button, 0x10451efa0, {{29.7, 928.3}, {17.0, 17.0}}, identifier: 'circle', label: 'Select media'
                  Image, 0x10451f0c0, {{60.0, 921.0}, {309.0, 150.0}}, identifier: 'mountain.2', label: 'Local coastline illustration'
                  TextView, 0x10451f1e0, {{60.0, 1079.0}, {309.0, 49.0}}, identifier: 'Media caption', label: 'Media caption', value: A local visual ref...
                    Other, 0x10451f300, {{336.0, 1079.0}, {30.0, 49.0}}, label: 'Vertical scroll bar, 1 page', value: 0%
                      Other, 0x10451f420, {{363.0, 1072.7}, {3.0, 36.0}}
                    Other, 0x10451f540, {{60.0, 1100.5}, {309.0, 24.5}}, label: 'Horizontal scroll bar, 1 page', value: 0%
                      Other, 0x10451f660, {{63.0, 1122.0}, {339.0, 3.0}}
                  Button, 0x10451f780, {{29.7, 1163.3}, {17.0, 17.0}}, identifier: 'circle', label: 'Select review-code'
                  TextView, 0x10451f8a0, {{60.0, 1156.0}, {309.0, 80.0}}, identifier: 'Code review-code', label: 'Code review-code', value: 	let coast = "世界😀...
                    Other, 0x10451f9c0, {{336.0, 1156.0}, {30.0, 80.0}}, label: 'Vertical scroll bar, 1 page', value: 0%
                      Other, 0x10451fae0, {{363.0, 1159.0}, {3.0, 74.0}}
                    Other, 0x10451fc00, {{60.0, 1203.0}, {309.0, 30.0}}, label: 'Horizontal scroll bar, 1 page', value: 0%
                      Other, 0x10451fd20, {{63.0, 1230.0}, {339.0, 3.0}}
                  Button, 0x10451fe40, {{29.7, 1271.3}, {17.0, 17.0}}, identifier: 'circle', label: 'Select note-1'
                  TextView, 0x10451ff60, {{60.0, 1264.0}, {309.0, 80.0}}, identifier: 'Text note-1', label: 'Text note-1', value: Field note 1. Long...
                    Other, 0x104520080, {{336.0, 1264.0}, {30.0, 80.0}}, label: 'Vertical scroll bar, 1 page', value: 0%
                      Other, 0x1045201a0, {{363.0, 1267.0}, {3.0, 74.0}}
                    Other, 0x1045202c0, {{60.0, 1311.0}, {309.0, 30.0}}, label: 'Horizontal scroll bar, 1 page', value: 0%
                      Other, 0x1045203e0, {{63.0, 1338.0}, {339.0, 3.0}}
                  Button, 0x104520650, {{29.7, 1379.3}, {17.0, 17.0}}, identifier: 'circle', label: 'Select note-2'
                  TextView, 0x104520770, {{60.0, 1372.0}, {309.0, 80.0}}, identifier: 'Text note-2', label: 'Text note-2', value: Field note 2. Long...
                    Other, 0x104520890, {{336.0, 1372.0}, {30.0, 80.0}}, label: 'Vertical scroll bar, 1 page', value: 0%
                      Other, 0x1045209b0, {{363.0, 1375.0}, {3.0, 74.0}}
                    Other, 0x104520ad0, {{60.0, 1419.0}, {309.0, 30.0}}, label: 'Horizontal scroll bar, 1 page', value: 0%
                      Other, 0x104520bf0, {{63.0, 1446.0}, {339.0, 3.0}}
                  Button, 0x104520d10, {{29.7, 1487.3}, {17.0, 17.0}}, identifier: 'circle', label: 'Select note-3'
                  TextView, 0x104520e30, {{60.0, 1480.0}, {309.0, 80.0}}, identifier: 'Text note-3', label: 'Text note-3', value: Field note 3. Long...
                    Other, 0x104520f50, {{336.0, 1480.0}, {30.0, 80.0}}, label: 'Vertical scroll bar, 1 page', value: 0%
                      Other, 0x104521070, {{363.0, 1483.0}, {3.0, 74.0}}
                    Other, 0x104521190, {{60.0, 1527.0}, {309.0, 30.0}}, label: 'Horizontal scroll bar, 1 page', value: 0%
                      Other, 0x1045212b0, {{63.0, 1554.0}, {339.0, 3.0}}
                  Button, 0x1045213d0, {{29.7, 1595.3}, {17.0, 17.0}}, identifier: 'circle', label: 'Select note-4'
                  TextView, 0x1045214f0, {{60.0, 1588.0}, {309.0, 80.0}}, identifier: 'Text note-4', label: 'Text note-4', value: Field note 4. Long...
                    Other, 0x104521610, {{336.0, 1588.0}, {30.0, 80.0}}, label: 'Vertical scroll bar, 1 page', value: 0%
                      Other, 0x104521730, {{363.0, 1591.0}, {3.0, 74.0}}
                    Other, 0x104521850, {{60.0, 1635.0}, {309.0, 30.0}}, label: 'Horizontal scroll bar, 1 page', value: 0%
                      Other, 0x104521970, {{63.0, 1662.0}, {339.0, 3.0}}
                  Button, 0x104521a90, {{29.7, 1703.3}, {17.0, 17.0}}, identifier: 'circle', label: 'Select note-5'
                  TextView, 0x104521bb0, {{60.0, 1696.0}, {309.0, 80.0}}, identifier: 'Text note-5', label: 'Text note-5', value: Field note 5. Long...
                    Other, 0x104521cd0, {{336.0, 1696.0}, {30.0, 80.0}}, label: 'Vertical scroll bar, 1 page', value: 0%
                      Other, 0x104521df0, {{363.0, 1699.0}, {3.0, 74.0}}
                    Other, 0x104521f10, {{60.0, 1743.0}, {309.0, 30.0}}, label: 'Horizontal scroll bar, 1 page', value: 0%
                      Other, 0x104522030, {{63.0, 1770.0}, {339.0, 3.0}}
                  Button, 0x104522150, {{29.7, 1811.3}, {17.0, 17.0}}, identifier: 'circle', label: 'Select note-6'
                  TextView, 0x104522270, {{60.0, 1804.0}, {309.0, 80.0}}, identifier: 'Text note-6', label: 'Text note-6', value: Field note 6. Long...
                    Other, 0x104522390, {{336.0, 1804.0}, {30.0, 80.0}}, label: 'Vertical scroll bar, 1 page', value: 0%
                      Other, 0x1045224b0, {{363.0, 1807.0}, {3.0, 74.0}}
                    Other, 0x1045225d0, {{60.0, 1851.0}, {309.0, 30.0}}, label: 'Horizontal scroll bar, 1 page', value: 0%
                      Other, 0x1045226f0, {{63.0, 1878.0}, {339.0, 3.0}}
                  Button, 0x104522810, {{29.7, 1919.3}, {17.0, 17.0}}, identifier: 'circle', label: 'Select note-7'
                  TextView, 0x104522930, {{60.0, 1912.0}, {309.0, 80.0}}, identifier: 'Text note-7', label: 'Text note-7', value: Field note 7. Long...
                    Other, 0x104522a50, {{336.0, 1912.0}, {30.0, 80.0}}, label: 'Vertical scroll bar, 1 page', value: 0%
                      Other, 0x104522b70, {{363.0, 1915.0}, {3.0, 74.0}}
                    Other, 0x104522c90, {{60.0, 1959.0}, {309.0, 30.0}}, label: 'Horizontal scroll bar, 1 page', value: 0%
                      Other, 0x104522db0, {{63.0, 1986.0}, {339.0, 3.0}}
                  Button, 0x104522ed0, {{29.7, 2027.3}, {17.0, 17.0}}, identifier: 'circle', label: 'Select note-8'
                  TextView, 0x104522ff0, {{60.0, 2020.0}, {309.0, 80.0}}, identifier: 'Text note-8', label: 'Text note-8', value: Field note 8. Long...
                    Other, 0x104523110, {{336.0, 2020.0}, {30.0, 80.0}}, label: 'Vertical scroll bar, 1 page', value: 0%
                      Other, 0x104523230, {{363.0, 2023.0}, {3.0, 74.0}}
                    Other, 0x104523350, {{60.0, 2067.0}, {309.0, 30.0}}, label: 'Horizontal scroll bar, 1 page', value: 0%
                      Other, 0x104523470, {{63.0, 2094.0}, {339.0, 3.0}}
                  Button, 0x104523590, {{29.7, 2135.3}, {17.0, 17.0}}, identifier: 'circle', label: 'Select note-9'
                  TextView, 0x1045236b0, {{60.0, 2128.0}, {309.0, 80.0}}, identifier: 'Text note-9', label: 'Text note-9', value: Field note 9. Long...
                    Other, 0x1045237d0, {{336.0, 2128.0}, {30.0, 80.0}}, label: 'Vertical scroll bar, 1 page', value: 0%
                      Other, 0x1045238f0, {{363.0, 2131.0}, {3.0, 74.0}}
                    Other, 0x104523a10, {{60.0, 2175.0}, {309.0, 30.0}}, label: 'Horizontal scroll bar, 1 page', value: 0%
                      Other, 0x104523b30, {{63.0, 2202.0}, {339.0, 3.0}}
                  Button, 0x104520500, {{29.7, 2243.3}, {17.0, 17.0}}, identifier: 'circle', label: 'Select note-10'
                  TextView, 0x104523e70, {{60.0, 2236.0}, {309.0, 80.0}}, identifier: 'Text note-10', label: 'Text note-10', value: Field note 10. Lon...
                    Other, 0x104523f90, {{336.0, 2236.0}, {30.0, 80.0}}, label: 'Vertical scroll bar, 1 page', value: 0%
                      Other, 0x1045240b0, {{363.0, 2239.0}, {3.0, 74.0}}
                    Other, 0x1045241d0, {{60.0, 2283.0}, {309.0, 30.0}}, label: 'Horizontal scroll bar, 1 page', value: 0%
                      Other, 0x1045242f0, {{63.0, 2310.0}, {339.0, 3.0}}
                  Button, 0x104524410, {{29.7, 2351.3}, {17.0, 17.0}}, identifier: 'circle', label: 'Select note-11'
                  TextView, 0x104524530, {{60.0, 2344.0}, {309.0, 80.0}}, identifier: 'Text note-11', label: 'Text note-11', value: Field note 11. Lon...
                    Other, 0x104524650, {{336.0, 2344.0}, {30.0, 80.0}}, label: 'Vertical scroll bar, 1 page', value: 0%
                      Other, 0x104524770, {{363.0, 2347.0}, {3.0, 74.0}}
                    Other, 0x104524890, {{60.0, 2391.0}, {309.0, 30.0}}, label: 'Horizontal scroll bar, 1 page', value: 0%
                      Other, 0x1045249b0, {{63.0, 2418.0}, {339.0, 3.0}}
                  Button, 0x104524ad0, {{29.7, 2459.3}, {17.0, 17.0}}, identifier: 'circle', label: 'Select note-12'
                  TextView, 0x104524bf0, {{60.0, 2452.0}, {309.0, 80.0}}, identifier: 'Text note-12', label: 'Text note-12', value: Field note 12. Lon...
                    Other, 0x104524d10, {{336.0, 2452.0}, {30.0, 80.0}}, label: 'Vertical scroll bar, 1 page', value: 0%
                      Other, 0x104524e30, {{363.0, 2455.0}, {3.0, 74.0}}
                    Other, 0x104524f50, {{60.0, 2499.0}, {309.0, 30.0}}, label: 'Horizontal scroll bar, 1 page', value: 0%
                      Other, 0x104525070, {{63.0, 2526.0}, {339.0, 3.0}}
                  Button, 0x104525190, {{29.7, 2567.3}, {17.0, 17.0}}, identifier: 'circle', label: 'Select note-13'
                  TextView, 0x1045252b0, {{60.0, 2560.0}, {309.0, 80.0}}, identifier: 'Text note-13', label: 'Text note-13', value: Field note 13. Lon...
                    Other, 0x1045253d0, {{336.0, 2560.0}, {30.0, 80.0}}, label: 'Vertical scroll bar, 1 page', value: 0%
                      Other, 0x1045254f0, {{363.0, 2563.0}, {3.0, 74.0}}
                    Other, 0x104525610, {{60.0, 2607.0}, {309.0, 30.0}}, label: 'Horizontal scroll bar, 1 page', value: 0%
                      Other, 0x104525730, {{63.0, 2634.0}, {339.0, 3.0}}
                  Button, 0x104525850, {{29.7, 2675.3}, {17.0, 17.0}}, identifier: 'circle', label: 'Select note-14'
                  TextView, 0x104525970, {{60.0, 2668.0}, {309.0, 80.0}}, identifier: 'Text note-14', label: 'Text note-14', value: Field note 14. Lon...
                    Other, 0x104525a90, {{336.0, 2668.0}, {30.0, 80.0}}, label: 'Vertical scroll bar, 1 page', value: 0%
                      Other, 0x104525bb0, {{363.0, 2671.0}, {3.0, 74.0}}
                    Other, 0x104525cd0, {{60.0, 2715.0}, {309.0, 30.0}}, label: 'Horizontal scroll bar, 1 page', value: 0%
                      Other, 0x104525df0, {{63.0, 2742.0}, {339.0, 3.0}}
                  Button, 0x104525f10, {{29.7, 2783.3}, {17.0, 17.0}}, identifier: 'circle', label: 'Select note-15'
                  TextView, 0x104526030, {{60.0, 2776.0}, {309.0, 80.0}}, identifier: 'Text note-15', label: 'Text note-15', value: Field note 15. Lon...
                    Other, 0x104526150, {{336.0, 2776.0}, {30.0, 80.0}}, label: 'Vertical scroll bar, 1 page', value: 0%
                      Other, 0x104526270, {{363.0, 2779.0}, {3.0, 74.0}}
                    Other, 0x104526390, {{60.0, 2823.0}, {309.0, 30.0}}, label: 'Horizontal scroll bar, 1 page', value: 0%
                      Other, 0x1045264b0, {{63.0, 2850.0}, {339.0, 3.0}}
                  Button, 0x1045265d0, {{29.7, 2891.3}, {17.0, 17.0}}, identifier: 'circle', label: 'Select note-16'
                  TextView, 0x1045266f0, {{60.0, 2884.0}, {309.0, 80.0}}, identifier: 'Text note-16', label: 'Text note-16', value: Field note 16. Lon...
                    Other, 0x104526810, {{336.0, 2884.0}, {30.0, 80.0}}, label: 'Vertical scroll bar, 1 page', value: 0%
                      Other, 0x104526930, {{363.0, 2887.0}, {3.0, 74.0}}
                    Other, 0x104526a50, {{60.0, 2931.0}, {309.0, 30.0}}, label: 'Horizontal scroll bar, 1 page', value: 0%
                      Other, 0x104526b70, {{63.0, 2958.0}, {339.0, 3.0}}
                  Button, 0x104526c90, {{29.7, 2999.3}, {17.0, 17.0}}, identifier: 'circle', label: 'Select note-17'
                  TextView, 0x104526db0, {{60.0, 2992.0}, {309.0, 80.0}}, identifier: 'Text note-17', label: 'Text note-17', value: Field note 17. Lon...
                    Other, 0x104526ed0, {{336.0, 2992.0}, {30.0, 80.0}}, label: 'Vertical scroll bar, 1 page', value: 0%
                      Other, 0x104526ff0, {{363.0, 2995.0}, {3.0, 74.0}}
                    Other, 0x104527110, {{60.0, 3039.0}, {309.0, 30.0}}, label: 'Horizontal scroll bar, 1 page', value: 0%
                      Other, 0x104527230, {{63.0, 3066.0}, {339.0, 3.0}}
                  Button, 0x104527350, {{29.7, 3107.3}, {17.0, 17.0}}, identifier: 'circle', label: 'Select note-18'
                  TextView, 0x104527470, {{60.0, 3100.0}, {309.0, 80.0}}, identifier: 'Text note-18', label: 'Text note-18', value: Field note 18. Lon...
                    Other, 0x104527590, {{336.0, 3100.0}, {30.0, 80.0}}, label: 'Vertical scroll bar, 1 page', value: 0%
                      Other, 0x1045276b0, {{363.0, 3103.0}, {3.0, 74.0}}
                    Other, 0x1045277d0, {{60.0, 3147.0}, {309.0, 30.0}}, label: 'Horizontal scroll bar, 1 page', value: 0%
                      Other, 0x1045278f0, {{63.0, 3174.0}, {339.0, 3.0}}
                  Button, 0x104527a10, {{29.7, 3215.3}, {17.0, 17.0}}, identifier: 'circle', label: 'Select note-19'
                  TextView, 0x104527b30, {{60.0, 3208.0}, {309.0, 80.0}}, identifier: 'Text note-19', label: 'Text note-19', value: Field note 19. Lon...
                    Other, 0x104527c50, {{336.0, 3208.0}, {30.0, 80.0}}, label: 'Vertical scroll bar, 1 page', value: 0%
                      Other, 0x104527d70, {{363.0, 3211.0}, {3.0, 74.0}}
                    Other, 0x104527e90, {{60.0, 3255.0}, {309.0, 30.0}}, label: 'Horizontal scroll bar, 1 page', value: 0%
                      Other, 0x104527fb0, {{63.0, 3282.0}, {339.0, 3.0}}
                  Button, 0x1045280d0, {{29.7, 3323.3}, {17.0, 17.0}}, identifier: 'circle', label: 'Select note-20'
                  TextView, 0x1045281f0, {{60.0, 3316.0}, {309.0, 80.0}}, identifier: 'Text note-20', label: 'Text note-20', value: Field note 20. Lon...
                    Other, 0x104528310, {{336.0, 3316.0}, {30.0, 80.0}}, label: 'Vertical scroll bar, 1 page', value: 0%
                      Other, 0x104528430, {{363.0, 3319.0}, {3.0, 74.0}}
                    Other, 0x104528550, {{60.0, 3363.0}, {309.0, 30.0}}, label: 'Horizontal scroll bar, 1 page', value: 0%
                      Other, 0x104528670, {{63.0, 3390.0}, {339.0, 3.0}}
                  Button, 0x104528790, {{29.7, 3431.3}, {17.0, 17.0}}, identifier: 'circle', label: 'Select note-21'
                  TextView, 0x1045288b0, {{60.0, 3424.0}, {309.0, 80.0}}, identifier: 'Text note-21', label: 'Text note-21', value: Field note 21. Lon...
                    Other, 0x1045289d0, {{336.0, 3424.0}, {30.0, 80.0}}, label: 'Vertical scroll bar, 1 page', value: 0%
                      Other, 0x104528af0, {{363.0, 3427.0}, {3.0, 74.0}}
                    Other, 0x104528c10, {{60.0, 3471.0}, {309.0, 30.0}}, label: 'Horizontal scroll bar, 1 page', value: 0%
                      Other, 0x104528d30, {{63.0, 3498.0}, {339.0, 3.0}}
                  Button, 0x104528e50, {{29.7, 3539.3}, {17.0, 17.0}}, identifier: 'circle', label: 'Select note-22'
                  TextView, 0x104528f70, {{60.0, 3532.0}, {309.0, 80.0}}, identifier: 'Text note-22', label: 'Text note-22', value: Field note 22. Lon...
                    Other, 0x104529090, {{336.0, 3532.0}, {30.0, 80.0}}, label: 'Vertical scroll bar, 1 page', value: 0%
                      Other, 0x1045291b0, {{363.0, 3535.0}, {3.0, 74.0}}
                    Other, 0x1045292d0, {{60.0, 3579.0}, {309.0, 30.0}}, label: 'Horizontal scroll bar, 1 page', value: 0%
                      Other, 0x1045293f0, {{63.0, 3606.0}, {339.0, 3.0}}
                  Button, 0x104523c50, {{29.7, 3647.3}, {17.0, 17.0}}, identifier: 'circle', label: 'Select note-23'
                  TextView, 0x104529880, {{60.0, 3640.0}, {309.0, 80.0}}, identifier: 'Text note-23', label: 'Text note-23', value: Field note 23. Lon...
                    Other, 0x1045299a0, {{336.0, 3640.0}, {30.0, 80.0}}, label: 'Vertical scroll bar, 1 page', value: 0%
                      Other, 0x104529ac0, {{363.0, 3643.0}, {3.0, 74.0}}
                    Other, 0x104529be0, {{60.0, 3687.0}, {309.0, 30.0}}, label: 'Horizontal scroll bar, 1 page', value: 0%
                      Other, 0x104529d00, {{63.0, 3714.0}, {339.0, 3.0}}
                  Button, 0x104529e20, {{29.7, 3755.3}, {17.0, 17.0}}, identifier: 'circle', label: 'Select note-24'
                  TextView, 0x104529f40, {{60.0, 3748.0}, {309.0, 80.0}}, identifier: 'Text note-24', label: 'Text note-24', value: Field note 24. Lon...
                    Other, 0x10452a060, {{336.0, 3748.0}, {30.0, 80.0}}, label: 'Vertical scroll bar, 1 page', value: 0%
                      Other, 0x10452a180, {{363.0, 3751.0}, {3.0, 74.0}}
                    Other, 0x10452a2a0, {{60.0, 3795.0}, {309.0, 30.0}}, label: 'Horizontal scroll bar, 1 page', value: 0%
                      Other, 0x10452a3c0, {{63.0, 3822.0}, {339.0, 3.0}}
                  Button, 0x10452a4e0, {{29.7, 3863.3}, {17.0, 17.0}}, identifier: 'circle', label: 'Select note-25'
                  TextView, 0x10452a600, {{60.0, 3856.0}, {309.0, 80.0}}, identifier: 'Text note-25', label: 'Text note-25', value: Field note 25. Lon...
                    Other, 0x10452a720, {{336.0, 3856.0}, {30.0, 80.0}}, label: 'Vertical scroll bar, 1 page', value: 0%
                      Other, 0x10452a840, {{363.0, 3859.0}, {3.0, 74.0}}
                    Other, 0x10452a960, {{60.0, 3903.0}, {309.0, 30.0}}, label: 'Horizontal scroll bar, 1 page', value: 0%
                      Other, 0x10452aa80, {{63.0, 3930.0}, {339.0, 3.0}}
                  Button, 0x10452aba0, {{29.7, 3971.3}, {17.0, 17.0}}, identifier: 'circle', label: 'Select note-26'
                  TextView, 0x10452acc0, {{60.0, 3964.0}, {309.0, 80.0}}, identifier: 'Text note-26', label: 'Text note-26', value: Field note 26. Lon...
                    Other, 0x10452ade0, {{336.0, 3964.0}, {30.0, 80.0}}, label: 'Vertical scroll bar, 1 page', value: 0%
                      Other, 0x10452af00, {{363.0, 3967.0}, {3.0, 74.0}}
                    Other, 0x10452b020, {{60.0, 4011.0}, {309.0, 30.0}}, label: 'Horizontal scroll bar, 1 page', value: 0%
                      Other, 0x10452b140, {{63.0, 4038.0}, {339.0, 3.0}}
                  Button, 0x10452b260, {{29.7, 4079.3}, {17.0, 17.0}}, identifier: 'circle', label: 'Select note-27'
                  TextView, 0x10452b380, {{60.0, 4072.0}, {309.0, 80.0}}, identifier: 'Text note-27', label: 'Text note-27', value: Field note 27. Lon...
                    Other, 0x10452b4a0, {{336.0, 4072.0}, {30.0, 80.0}}, label: 'Vertical scroll bar, 1 page', value: 0%
                      Other, 0x10452b5c0, {{363.0, 4075.0}, {3.0, 74.0}}
                    Other, 0x10452b6e0, {{60.0, 4119.0}, {309.0, 30.0}}, label: 'Horizontal scroll bar, 1 page', value: 0%
                      Other, 0x10452b800, {{63.0, 4146.0}, {339.0, 3.0}}
                  Button, 0x10452b920, {{29.7, 4187.3}, {17.0, 17.0}}, identifier: 'circle', label: 'Select note-28'
                  TextView, 0x10452ba40, {{60.0, 4180.0}, {309.0, 80.0}}, identifier: 'Text note-28', label: 'Text note-28', value: Field note 28. Lon...
                    Other, 0x10452bb60, {{336.0, 4180.0}, {30.0, 80.0}}, label: 'Vertical scroll bar, 1 page', value: 0%
                      Other, 0x10452bc80, {{363.0, 4183.0}, {3.0, 74.0}}
                    Other, 0x10452bda0, {{60.0, 4227.0}, {309.0, 30.0}}, label: 'Horizontal scroll bar, 1 page', value: 0%
                      Other, 0x10452bec0, {{63.0, 4254.0}, {339.0, 3.0}}
                  Button, 0x10452bfe0, {{29.7, 4295.3}, {17.0, 17.0}}, identifier: 'circle', label: 'Select note-29'
                  TextView, 0x10452c100, {{60.0, 4288.0}, {309.0, 80.0}}, identifier: 'Text note-29', label: 'Text note-29', value: Field note 29. Lon...
                    Other, 0x10452c220, {{336.0, 4288.0}, {30.0, 80.0}}, label: 'Vertical scroll bar, 1 page', value: 0%
                      Other, 0x10452c340, {{363.0, 4291.0}, {3.0, 74.0}}
                    Other, 0x10452c460, {{60.0, 4335.0}, {309.0, 30.0}}, label: 'Horizontal scroll bar, 1 page', value: 0%
                      Other, 0x10452c580, {{63.0, 4362.0}, {339.0, 3.0}}
                  Button, 0x10452c6a0, {{29.7, 4403.3}, {17.0, 17.0}}, identifier: 'circle', label: 'Select note-30'
                  TextView, 0x10452c7c0, {{60.0, 4396.0}, {309.0, 80.0}}, identifier: 'Text note-30', label: 'Text note-30', value: Field note 30. Lon...
                    Other, 0x10452c8e0, {{336.0, 4396.0}, {30.0, 80.0}}, label: 'Vertical scroll bar, 1 page', value: 0%
                      Other, 0x10452ca00, {{363.0, 4399.0}, {3.0, 74.0}}
                    Other, 0x10452cb20, {{60.0, 4443.0}, {309.0, 30.0}}, label: 'Horizontal scroll bar, 1 page', value: 0%
                      Other, 0x10452cc40, {{63.0, 4470.0}, {339.0, 3.0}}
                  Button, 0x10452cd60, {{29.7, 4511.3}, {17.0, 17.0}}, identifier: 'circle', label: 'Select note-31'
                  TextView, 0x10452ce80, {{60.0, 4504.0}, {309.0, 80.0}}, identifier: 'Text note-31', label: 'Text note-31', value: Field note 31. Lon...
                    Other, 0x10452cfa0, {{336.0, 4504.0}, {30.0, 80.0}}, label: 'Vertical scroll bar, 1 page', value: 0%
                      Other, 0x10452d0c0, {{363.0, 4507.0}, {3.0, 74.0}}
                    Other, 0x10452d1e0, {{60.0, 4551.0}, {309.0, 30.0}}, label: 'Horizontal scroll bar, 1 page', value: 0%
                      Other, 0x10452d300, {{63.0, 4578.0}, {339.0, 3.0}}
                  Button, 0x10452d420, {{29.7, 4619.3}, {17.0, 17.0}}, identifier: 'circle', label: 'Select note-32'
                  TextView, 0x10452d540, {{60.0, 4612.0}, {309.0, 80.0}}, identifier: 'Text note-32', label: 'Text note-32', value: Field note 32. Lon...
                    Other, 0x10452d660, {{336.0, 4612.0}, {30.0, 80.0}}, label: 'Vertical scroll bar, 1 page', value: 0%
                      Other, 0x10452d780, {{363.0, 4615.0}, {3.0, 74.0}}
                    Other, 0x10452d8a0, {{60.0, 4659.0}, {309.0, 30.0}}, label: 'Horizontal scroll bar, 1 page', value: 0%
                      Other, 0x10452d9c0, {{63.0, 4686.0}, {339.0, 3.0}}
                  Button, 0x10452dae0, {{29.7, 4727.3}, {17.0, 17.0}}, identifier: 'circle', label: 'Select note-33'
                  TextView, 0x10452dc00, {{60.0, 4720.0}, {309.0, 80.0}}, identifier: 'Text note-33', label: 'Text note-33', value: Field note 33. Lon...
                    Other, 0x10452dd20, {{336.0, 4720.0}, {30.0, 80.0}}, label: 'Vertical scroll bar, 1 page', value: 0%
                      Other, 0x10452de40, {{363.0, 4723.0}, {3.0, 74.0}}
                    Other, 0x10452df60, {{60.0, 4767.0}, {309.0, 30.0}}, label: 'Horizontal scroll bar, 1 page', value: 0%
                      Other, 0x10452e080, {{63.0, 4794.0}, {339.0, 3.0}}
                  Button, 0x10452e1a0, {{29.7, 4835.3}, {17.0, 17.0}}, identifier: 'circle', label: 'Select note-34'
                  TextView, 0x10452e2c0, {{60.0, 4828.0}, {309.0, 80.0}}, identifier: 'Text note-34', label: 'Text note-34', value: Field note 34. Lon...
                    Other, 0x10452e3e0, {{336.0, 4828.0}, {30.0, 80.0}}, label: 'Vertical scroll bar, 1 page', value: 0%
                      Other, 0x10452e500, {{363.0, 4831.0}, {3.0, 74.0}}
                    Other, 0x10452e620, {{60.0, 4875.0}, {309.0, 30.0}}, label: 'Horizontal scroll bar, 1 page', value: 0%
                      Other, 0x10452e740, {{63.0, 4902.0}, {339.0, 3.0}}
                  Button, 0x10452e860, {{29.7, 4943.3}, {17.0, 17.0}}, identifier: 'circle', label: 'Select note-35'
                  TextView, 0x10452e980, {{60.0, 4936.0}, {309.0, 80.0}}, identifier: 'Text note-35', label: 'Text note-35', value: Field note 35. Lon...
                    Other, 0x10452eaa0, {{336.0, 4936.0}, {30.0, 80.0}}, label: 'Vertical scroll bar, 1 page', value: 0%
                      Other, 0x10452ebc0, {{363.0, 4939.0}, {3.0, 74.0}}
                    Other, 0x10452ece0, {{60.0, 4983.0}, {309.0, 30.0}}, label: 'Horizontal scroll bar, 1 page', value: 0%
                      Other, 0x10452ee00, {{63.0, 5010.0}, {339.0, 3.0}}
                  Button, 0x10452ef20, {{29.7, 5051.3}, {17.0, 17.0}}, identifier: 'circle', label: 'Select note-36'
                  TextView, 0x10452f040, {{60.0, 5044.0}, {309.0, 80.0}}, identifier: 'Text note-36', label: 'Text note-36', value: Field note 36. Lon...
                    Other, 0x10452f160, {{336.0, 5044.0}, {30.0, 80.0}}, label: 'Vertical scroll bar, 1 page', value: 0%
                      Other, 0x10452f280, {{363.0, 5047.0}, {3.0, 74.0}}
                    Other, 0x10452f3a0, {{60.0, 5091.0}, {309.0, 30.0}}, label: 'Horizontal scroll bar, 1 page', value: 0%
                      Other, 0x10452f4c0, {{63.0, 5118.0}, {339.0, 3.0}}
                  Button, 0x10452f5e0, {{29.7, 5159.3}, {17.0, 17.0}}, identifier: 'circle', label: 'Select note-37'
                  TextView, 0x10452f700, {{60.0, 5152.0}, {309.0, 80.0}}, identifier: 'Text note-37', label: 'Text note-37', value: Field note 37. Lon...
                    Other, 0x10452f820, {{336.0, 5152.0}, {30.0, 80.0}}, label: 'Vertical scroll bar, 1 page', value: 0%
                      Other, 0x10452f940, {{363.0, 5155.0}, {3.0, 74.0}}
                    Other, 0x10452fa60, {{60.0, 5199.0}, {309.0, 30.0}}, label: 'Horizontal scroll bar, 1 page', value: 0%
                      Other, 0x10452fb80, {{63.0, 5226.0}, {339.0, 3.0}}
                  Button, 0x10452fca0, {{29.7, 5267.3}, {17.0, 17.0}}, identifier: 'circle', label: 'Select note-38'
                  TextView, 0x10452fdc0, {{60.0, 5260.0}, {309.0, 80.0}}, identifier: 'Text note-38', label: 'Text note-38', value: Field note 38. Lon...
                    Other, 0x10452fee0, {{336.0, 5260.0}, {30.0, 80.0}}, label: 'Vertical scroll bar, 1 page', value: 0%
                      Other, 0x104530000, {{363.0, 5263.0}, {3.0, 74.0}}
                    Other, 0x104530120, {{60.0, 5307.0}, {309.0, 30.0}}, label: 'Horizontal scroll bar, 1 page', value: 0%
                      Other, 0x104530240, {{63.0, 5334.0}, {339.0, 3.0}}
                  Button, 0x104530360, {{29.7, 5375.3}, {17.0, 17.0}}, identifier: 'circle', label: 'Select note-39'
                  TextView, 0x104530480, {{60.0, 5368.0}, {309.0, 80.0}}, identifier: 'Text note-39', label: 'Text note-39', value: Field note 39. Lon...
                    Other, 0x1045305a0, {{336.0, 5368.0}, {30.0, 80.0}}, label: 'Vertical scroll bar, 1 page', value: 0%
                      Other, 0x1045306c0, {{363.0, 5371.0}, {3.0, 74.0}}
                    Other, 0x1045307e0, {{60.0, 5415.0}, {309.0, 30.0}}, label: 'Horizontal scroll bar, 1 page', value: 0%
                      Other, 0x104530900, {{63.0, 5442.0}, {339.0, 3.0}}
                  Button, 0x104530a20, {{29.7, 5483.3}, {17.0, 17.0}}, identifier: 'circle', label: 'Select note-40'
                  TextView, 0x104530b40, {{60.0, 5476.0}, {309.0, 80.0}}, identifier: 'Text note-40', label: 'Text note-40', value: Field note 40. Lon...
                    Other, 0x104530c60, {{336.0, 5476.0}, {30.0, 80.0}}, label: 'Vertical scroll bar, 1 page', value: 0%
                      Other, 0x104530d80, {{363.0, 5479.0}, {3.0, 74.0}}
                    Other, 0x104530ea0, {{60.0, 5523.0}, {309.0, 30.0}}, label: 'Horizontal scroll bar, 1 page', value: 0%
                      Other, 0x104530fc0, {{63.0, 5550.0}, {339.0, 3.0}}
                  Button, 0x1045310e0, {{29.7, 5591.3}, {17.0, 17.0}}, identifier: 'circle', label: 'Select note-41'
                  TextView, 0x104531200, {{60.0, 5584.0}, {309.0, 80.0}}, identifier: 'Text note-41', label: 'Text note-41', value: Field note 41. Lon...
                    Other, 0x104531320, {{336.0, 5584.0}, {30.0, 80.0}}, label: 'Vertical scroll bar, 1 page', value: 0%
                      Other, 0x104531440, {{363.0, 5587.0}, {3.0, 74.0}}
                    Other, 0x104531560, {{60.0, 5631.0}, {309.0, 30.0}}, label: 'Horizontal scroll bar, 1 page', value: 0%
                      Other, 0x104531680, {{63.0, 5658.0}, {339.0, 3.0}}
                  Button, 0x1045317a0, {{29.7, 5699.3}, {17.0, 17.0}}, identifier: 'circle', label: 'Select note-42'
                  TextView, 0x1045318c0, {{60.0, 5692.0}, {309.0, 80.0}}, identifier: 'Text note-42', label: 'Text note-42', value: Field note 42. Lon...
                    Other, 0x1045319e0, {{336.0, 5692.0}, {30.0, 80.0}}, label: 'Vertical scroll bar, 1 page', value: 0%
                      Other, 0x104531b00, {{363.0, 5695.0}, {3.0, 74.0}}
                    Other, 0x104531c20, {{60.0, 5739.0}, {309.0, 30.0}}, label: 'Horizontal scroll bar, 1 page', value: 0%
                      Other, 0x104531d40, {{63.0, 5766.0}, {339.0, 3.0}}
                  Button, 0x104531e60, {{29.7, 5807.3}, {17.0, 17.0}}, identifier: 'circle', label: 'Select note-43'
                  TextView, 0x104531f80, {{60.0, 5800.0}, {309.0, 80.0}}, identifier: 'Text note-43', label: 'Text note-43', value: Field note 43. Lon...
                    Other, 0x1045320a0, {{336.0, 5800.0}, {30.0, 80.0}}, label: 'Vertical scroll bar, 1 page', value: 0%
                      Other, 0x1045321c0, {{363.0, 5803.0}, {3.0, 74.0}}
                    Other, 0x1045322e0, {{60.0, 5847.0}, {309.0, 30.0}}, label: 'Horizontal scroll bar, 1 page', value: 0%
                      Other, 0x104532400, {{63.0, 5874.0}, {339.0, 3.0}}
                  Button, 0x104529510, {{29.7, 5915.3}, {17.0, 17.0}}, identifier: 'circle', label: 'Select note-44'
                  TextView, 0x104529630, {{60.0, 5908.0}, {309.0, 80.0}}, identifier: 'Text note-44', label: 'Text note-44', value: Field note 44. Lon...
                    Other, 0x104529750, {{336.0, 5908.0}, {30.0, 80.0}}, label: 'Vertical scroll bar, 1 page', value: 0%
                      Other, 0x104532520, {{363.0, 5911.0}, {3.0, 74.0}}
                    Other, 0x104532640, {{60.0, 5955.0}, {309.0, 30.0}}, label: 'Horizontal scroll bar, 1 page', value: 0%
                      Other, 0x104532760, {{63.0, 5982.0}, {339.0, 3.0}}
                  Button, 0x104532880, {{29.7, 6023.3}, {17.0, 17.0}}, identifier: 'circle', label: 'Select note-45'
                  TextView, 0x1045329a0, {{60.0, 6016.0}, {309.0, 80.0}}, identifier: 'Text note-45', label: 'Text note-45', value: Field note 45. Lon...
                    Other, 0x104532ac0, {{336.0, 6016.0}, {30.0, 80.0}}, label: 'Vertical scroll bar, 1 page', value: 0%
                      Other, 0x104532be0, {{363.0, 6019.0}, {3.0, 74.0}}
                    Other, 0x104532d00, {{60.0, 6063.0}, {309.0, 30.0}}, label: 'Horizontal scroll bar, 1 page', value: 0%
                      Other, 0x104532e20, {{63.0, 6090.0}, {339.0, 3.0}}
                  Button, 0x104532f40, {{29.7, 6131.3}, {17.0, 17.0}}, identifier: 'circle', label: 'Select note-46'
                  TextView, 0x104533060, {{60.0, 6124.0}, {309.0, 80.0}}, identifier: 'Text note-46', label: 'Text note-46', value: Field note 46. Lon...
                    Other, 0x104533180, {{336.0, 6124.0}, {30.0, 80.0}}, label: 'Vertical scroll bar, 1 page', value: 0%
                      Other, 0x1045332a0, {{363.0, 6127.0}, {3.0, 74.0}}
                    Other, 0x1045333c0, {{60.0, 6171.0}, {309.0, 30.0}}, label: 'Horizontal scroll bar, 1 page', value: 0%
                      Other, 0x1045334e0, {{63.0, 6198.0}, {339.0, 3.0}}
                  Button, 0x104533600, {{29.7, 6239.3}, {17.0, 17.0}}, identifier: 'circle', label: 'Select note-47'
                  TextView, 0x104533720, {{60.0, 6232.0}, {309.0, 80.0}}, identifier: 'Text note-47', label: 'Text note-47', value: Field note 47. Lon...
                    Other, 0x104533840, {{336.0, 6232.0}, {30.0, 80.0}}, label: 'Vertical scroll bar, 1 page', value: 0%
                      Other, 0x104533960, {{363.0, 6235.0}, {3.0, 74.0}}
                    Other, 0x104533a80, {{60.0, 6279.0}, {309.0, 30.0}}, label: 'Horizontal scroll bar, 1 page', value: 0%
                      Other, 0x104533ba0, {{63.0, 6306.0}, {339.0, 3.0}}
                  Button, 0x104533cc0, {{29.7, 6347.3}, {17.0, 17.0}}, identifier: 'circle', label: 'Select note-48'
                  TextView, 0x104533de0, {{60.0, 6340.0}, {309.0, 80.0}}, identifier: 'Text note-48', label: 'Text note-48', value: Field note 48. Lon...
                    Other, 0x104533f00, {{336.0, 6340.0}, {30.0, 80.0}}, label: 'Vertical scroll bar, 1 page', value: 0%
                      Other, 0x104534020, {{363.0, 6343.0}, {3.0, 74.0}}
                    Other, 0x104534140, {{60.0, 6387.0}, {309.0, 30.0}}, label: 'Horizontal scroll bar, 1 page', value: 0%
                      Other, 0x104534260, {{63.0, 6414.0}, {339.0, 3.0}}
                  Button, 0x104534380, {{29.7, 6455.3}, {17.0, 17.0}}, identifier: 'circle', label: 'Select note-49'
                  TextView, 0x1045344a0, {{60.0, 6448.0}, {309.0, 80.0}}, identifier: 'Text note-49', label: 'Text note-49', value: Field note 49. Lon...
                    Other, 0x1045345c0, {{336.0, 6448.0}, {30.0, 80.0}}, label: 'Vertical scroll bar, 1 page', value: 0%
                      Other, 0x1045346e0, {{363.0, 6451.0}, {3.0, 74.0}}
                    Other, 0x104534800, {{60.0, 6495.0}, {309.0, 30.0}}, label: 'Horizontal scroll bar, 1 page', value: 0%
                      Other, 0x104534920, {{63.0, 6522.0}, {339.0, 3.0}}
                  Button, 0x104534a40, {{29.7, 6563.3}, {17.0, 17.0}}, identifier: 'circle', label: 'Select note-50'
                  TextView, 0x104534b60, {{60.0, 6556.0}, {309.0, 80.0}}, identifier: 'Text note-50', label: 'Text note-50', value: Field note 50. Lon...
                    Other, 0x104534c80, {{336.0, 6556.0}, {30.0, 80.0}}, label: 'Vertical scroll bar, 1 page', value: 0%
                      Other, 0x104534da0, {{363.0, 6559.0}, {3.0, 74.0}}
                    Other, 0x104534ec0, {{60.0, 6603.0}, {309.0, 30.0}}, label: 'Horizontal scroll bar, 1 page', value: 0%
                      Other, 0x104534fe0, {{63.0, 6630.0}, {339.0, 3.0}}
                  Button, 0x104535100, {{29.7, 6671.3}, {17.0, 17.0}}, identifier: 'circle', label: 'Select note-51'
                  TextView, 0x104535220, {{60.0, 6664.0}, {309.0, 80.0}}, identifier: 'Text note-51', label: 'Text note-51', value: Field note 51. Lon...
                    Other, 0x104535340, {{336.0, 6664.0}, {30.0, 80.0}}, label: 'Vertical scroll bar, 1 page', value: 0%
                      Other, 0x104535460, {{363.0, 6667.0}, {3.0, 74.0}}
                    Other, 0x104535580, {{60.0, 6711.0}, {309.0, 30.0}}, label: 'Horizontal scroll bar, 1 page', value: 0%
                      Other, 0x1045356a0, {{63.0, 6738.0}, {339.0, 3.0}}
                  Button, 0x1045357c0, {{29.7, 6779.3}, {17.0, 17.0}}, identifier: 'circle', label: 'Select note-52'
                  TextView, 0x1045358e0, {{60.0, 6772.0}, {309.0, 80.0}}, identifier: 'Text note-52', label: 'Text note-52', value: Field note 52. Lon...
                    Other, 0x104535a00, {{336.0, 6772.0}, {30.0, 80.0}}, label: 'Vertical scroll bar, 1 page', value: 0%
                      Other, 0x104535b20, {{363.0, 6775.0}, {3.0, 74.0}}
                    Other, 0x104535c40, {{60.0, 6819.0}, {309.0, 30.0}}, label: 'Horizontal scroll bar, 1 page', value: 0%
                      Other, 0x104535d60, {{63.0, 6846.0}, {339.0, 3.0}}
                  Button, 0x104535e80, {{29.7, 6887.3}, {17.0, 17.0}}, identifier: 'circle', label: 'Select note-53'
                  TextView, 0x104535fa0, {{60.0, 6880.0}, {309.0, 80.0}}, identifier: 'Text note-53', label: 'Text note-53', value: Field note 53. Lon...
                    Other, 0x1045360c0, {{336.0, 6880.0}, {30.0, 80.0}}, label: 'Vertical scroll bar, 1 page', value: 0%
                      Other, 0x1045361e0, {{363.0, 6883.0}, {3.0, 74.0}}
                    Other, 0x104536300, {{60.0, 6927.0}, {309.0, 30.0}}, label: 'Horizontal scroll bar, 1 page', value: 0%
                      Other, 0x104536420, {{63.0, 6954.0}, {339.0, 3.0}}
                  Button, 0x104536540, {{29.7, 6995.3}, {17.0, 17.0}}, identifier: 'circle', label: 'Select note-54'
                  TextView, 0x104536660, {{60.0, 6988.0}, {309.0, 80.0}}, identifier: 'Text note-54', label: 'Text note-54', value: Field note 54. Lon...
                    Other, 0x104536780, {{336.0, 6988.0}, {30.0, 80.0}}, label: 'Vertical scroll bar, 1 page', value: 0%
                      Other, 0x1045368a0, {{363.0, 6991.0}, {3.0, 74.0}}
                    Other, 0x1045369c0, {{60.0, 7035.0}, {309.0, 30.0}}, label: 'Horizontal scroll bar, 1 page', value: 0%
                      Other, 0x104536ae0, {{63.0, 7062.0}, {339.0, 3.0}}
                  Button, 0x104536c00, {{29.7, 7103.3}, {17.0, 17.0}}, identifier: 'circle', label: 'Select note-55'
                  TextView, 0x104536d20, {{60.0, 7096.0}, {309.0, 80.0}}, identifier: 'Text note-55', label: 'Text note-55', value: Field note 55. Lon...
                    Other, 0x104536e40, {{336.0, 7096.0}, {30.0, 80.0}}, label: 'Vertical scroll bar, 1 page', value: 0%
                      Other, 0x104536f60, {{363.0, 7099.0}, {3.0, 74.0}}
                    Other, 0x104537080, {{60.0, 7143.0}, {309.0, 30.0}}, label: 'Horizontal scroll bar, 1 page', value: 0%
                      Other, 0x1045371a0, {{63.0, 7170.0}, {339.0, 3.0}}
                  Button, 0x1045372c0, {{29.7, 7211.3}, {17.0, 17.0}}, identifier: 'circle', label: 'Select note-56'
                  TextView, 0x1045373e0, {{60.0, 7204.0}, {309.0, 80.0}}, identifier: 'Text note-56', label: 'Text note-56', value: Field note 56. Lon...
                    Other, 0x104537500, {{336.0, 7204.0}, {30.0, 80.0}}, label: 'Vertical scroll bar, 1 page', value: 0%
                      Other, 0x104537620, {{363.0, 7207.0}, {3.0, 74.0}}
                    Other, 0x104537740, {{60.0, 7251.0}, {309.0, 30.0}}, label: 'Horizontal scroll bar, 1 page', value: 0%
                      Other, 0x104537860, {{63.0, 7278.0}, {339.0, 3.0}}
                  Button, 0x104537980, {{29.7, 7319.3}, {17.0, 17.0}}, identifier: 'circle', label: 'Select note-57'
                  TextView, 0x104537aa0, {{60.0, 7312.0}, {309.0, 80.0}}, identifier: 'Text note-57', label: 'Text note-57', value: Field note 57. Lon...
                    Other, 0x104537bc0, {{336.0, 7312.0}, {30.0, 80.0}}, label: 'Vertical scroll bar, 1 page', value: 0%
                      Other, 0x104537ce0, {{363.0, 7315.0}, {3.0, 74.0}}
                    Other, 0x104537e00, {{60.0, 7359.0}, {309.0, 30.0}}, label: 'Horizontal scroll bar, 1 page', value: 0%
                      Other, 0x104537f20, {{63.0, 7386.0}, {339.0, 3.0}}
                  Button, 0x104538040, {{29.7, 7427.3}, {17.0, 17.0}}, identifier: 'circle', label: 'Select note-58'
                  TextView, 0x104538160, {{60.0, 7420.0}, {309.0, 80.0}}, identifier: 'Text note-58', label: 'Text note-58', value: Field note 58. Lon...
                    Other, 0x104538280, {{336.0, 7420.0}, {30.0, 80.0}}, label: 'Vertical scroll bar, 1 page', value: 0%
                      Other, 0x1045383a0, {{363.0, 7423.0}, {3.0, 74.0}}
                    Other, 0x1045384c0, {{60.0, 7467.0}, {309.0, 30.0}}, label: 'Horizontal scroll bar, 1 page', value: 0%
                      Other, 0x1045385e0, {{63.0, 7494.0}, {339.0, 3.0}}
                  Button, 0x104538700, {{29.7, 7535.3}, {17.0, 17.0}}, identifier: 'circle', label: 'Select note-59'
                  TextView, 0x104538820, {{60.0, 7528.0}, {309.0, 80.0}}, identifier: 'Text note-59', label: 'Text note-59', value: Field note 59. Lon...
                    Other, 0x104538940, {{336.0, 7528.0}, {30.0, 80.0}}, label: 'Vertical scroll bar, 1 page', value: 0%
                      Other, 0x104538a60, {{363.0, 7531.0}, {3.0, 74.0}}
                    Other, 0x104538b80, {{60.0, 7575.0}, {309.0, 30.0}}, label: 'Horizontal scroll bar, 1 page', value: 0%
                      Other, 0x104538ca0, {{63.0, 7602.0}, {339.0, 3.0}}
                  Button, 0x104538dc0, {{29.7, 7643.3}, {17.0, 17.0}}, identifier: 'circle', label: 'Select note-60'
                  TextView, 0x104538ee0, {{60.0, 7636.0}, {309.0, 80.0}}, identifier: 'Text note-60', label: 'Text note-60', value: Field note 60. Lon...
                    Other, 0x104539000, {{336.0, 7636.0}, {30.0, 80.0}}, label: 'Vertical scroll bar, 1 page', value: 0%
                      Other, 0x104539120, {{363.0, 7639.0}, {3.0, 74.0}}
                    Other, 0x104539240, {{60.0, 7683.0}, {309.0, 30.0}}, label: 'Horizontal scroll bar, 1 page', value: 0%
                      Other, 0x104539360, {{63.0, 7710.0}, {339.0, 3.0}}
                  Button, 0x104539480, {{29.7, 7751.3}, {17.0, 17.0}}, identifier: 'circle', label: 'Select closing'
                  TextView, 0x1045395a0, {{60.0, 7744.0}, {309.0, 51.3}}, identifier: 'Text closing', label: 'Text closing', value: Closing notes
                    Other, 0x1045396c0, {{336.0, 7744.0}, {30.0, 51.3}}, label: 'Vertical scroll bar, 1 page', value: 0%
                      Other, 0x1045397e0, {{363.0, 7747.0}, {3.0, 45.3}}
                    Other, 0x104539900, {{60.0, 7766.7}, {309.0, 25.7}}, label: 'Horizontal scroll bar, 1 page', value: 0%
                      Other, 0x104539a20, {{63.0, 7789.3}, {339.0, 3.0}}
                Other, 0x103b204d0, {{360.0, 117.3}, {30.0, 577.7}}, label: 'Vertical scroll bar, 14 pages', value: 1%
                  Other, 0x103b205f0, {{387.0, 123.3}, {3.0, 36.0}}
                Other, 0x103b20710, {{360.0, 117.3}, {30.0, 577.7}}, label: 'Vertical scroll bar, 14 pages', value: 1%
                  Other, 0x104539b40, {{387.0, 123.3}, {3.0, 36.0}}
              ScrollView, 0x104539c60, {{0.0, 695.0}, {393.0, 58.3}}
                Other, 0x104539d80, {{0.0, 695.0}, {623.0, 58.3}}
                  Button, 0x104539ea0, {{12.0, 707.0}, {113.3, 34.3}}, label: 'Insert block'
                  Button, 0x104539fc0, {{137.3, 707.0}, {58.3, 34.3}}, identifier: 'Accessory bold', label: 'Bold', Disabled
                  Button, 0x10453a0e0, {{207.7, 707.0}, {59.7, 34.3}}, identifier: 'Accessory italic', label: 'Italic', Disabled
                  Button, 0x10453a200, {{279.3, 707.0}, {177.0, 34.3}}, label: 'Select current block'
                  Button, 0x10453a320, {{468.3, 707.0}, {142.7, 34.3}}, identifier: 'Accessory resize', label: 'Resize columns'
                Other, 0x10453a440, {{0.0, 721.2}, {393.0, 29.2}}, label: 'Horizontal scroll bar, 2 pages', value: 0%
                  Other, 0x10453a560, {{383.0, 747.3}, {7.0, 3.0}}
                Other, 0x10453a680, {{0.0, 721.2}, {393.0, 29.2}}, label: 'Horizontal scroll bar, 2 pages', value: 0%
                  Other, 0x10453a7a0, {{383.0, 747.3}, {7.0, 3.0}}
              StaticText, 0x10453a8c0, {{103.3, 761.3}, {186.3, 14.3}}, identifier: 'Review action', label: 'Create two-column review layout'
              StaticText, 0x10453a9e0, {{22.3, 779.7}, {348.3, 30.3}}, label: 'ST-121 local interaction study · body: shared protocol 6 · title/columns: review state'
    Window, 0x10453ab00, {{0.0, 0.0}, {393.0, 852.0}}
      Other, 0x10453ac20, {{0.0, 0.0}, {393.0, 852.0}}
        Other, 0x10453ad40, {{0.0, 0.0}, {393.0, 852.0}}
Path to element:
 →Application, 0x103c1d280, pid: 40148, label: 'ModernPrototypePhone'
Query chain:
 →Find: Target Application 'studio.seventwo.blockeditor.st121.ios'
  Output: {
    Application, 0x103f070b0, pid: 40148, label: 'ModernPrototypePhone'
  }

    t =    36.36s             Requesting snapshot of accessibility hierarchy for app with pid 40148
    t =    36.53s         Wait for studio.seventwo.blockeditor.st121.ios to idle
    t =    36.53s     Requesting snapshot of accessibility hierarchy for app with pid 40148
<unknown>:0: error: -[ModernPrototypePhoneTests.InteractionReviewTests testColumnFocusOrderAndContainment] : Failed to synthesize event: Neither element nor any descendant has keyboard focus. Event dispatch snapshot: Application, pid: 40148, label: 'ModernPrototypePhone'
Element debug description:
Attributes: Application, 0x103c1d280, pid: 40148, label: 'ModernPrototypePhone'
Element subtree:
 →Application, 0x103c1d280, pid: 40148, label: 'ModernPrototypePhone'
    Window (Main), 0x103c171a0, {{0.0, 0.0}, {393.0, 852.0}}
      Other, 0x103c1bd20, {{0.0, 0.0}, {393.0, 852.0}}
        Other, 0x103c1c420, {{0.0, 0.0}, {393.0, 852.0}}
          Other, 0x103c13a50, {{0.0, 0.0}, {393.0, 852.0}}
            Other, 0x103c1cef0, {{0.0, 0.0}, {393.0, 852.0}}
              ScrollView, 0x103c1c7a0, {{0.0, 0.0}, {393.0, 117.3}}
                Other, 0x103c44580, {{0.0, 0.0}, {745.3, 117.3}}
                  Button, 0x103c1c0a0, {{12.0, 78.0}, {87.3, 20.3}}, label: 'Outline'
                    Image, 0x103c1b980, {{14.0, 82.0}, {21.0, 12.3}}, identifier: 'list.bullet.indent', label: 'Bulletest List Indent'
                    StaticText, 0x103c1d610, {{12.0, 78.0}, {87.3, 20.3}}, label: 'Outline'
                  Button, 0x103c1cb50, {{111.3, 78.0}, {74.3, 20.3}}, label: 'Focus'
                    Image, 0x103c1e7f0, {{113.3, 80.0}, {16.3, 16.3}}, identifier: 'viewfinder', label: 'Scan'
                    StaticText, 0x103c1dd20, {{111.3, 78.0}, {74.3, 20.3}}, label: 'Focus'
                  Button, 0x103c1f2c0, {{197.7, 78.0}, {69.3, 20.3}}, label: 'Insert'
                    Image, 0x103c1eba0, {{199.7, 81.3}, {14.0, 14.0}}, identifier: 'plus', label: 'Add'
                    StaticText, 0x103c1e0a0, {{197.7, 78.0}, {69.3, 20.3}}, label: 'Insert'
                  Switch, 0x103c1ef10, {{279.0, 71.0}, {126.0, 34.3}}, label: 'Select blocks', value: 1
                  Switch, 0x1045165a0, {{449.0, 78.0}, {76.3, 20.3}}, label: 'Large text', value: 0
                  Switch, 0x1045182e0, {{561.3, 78.0}, {36.0, 20.3}}, label: 'Dark', value: 0
                  Switch, 0x104515ab0, {{621.3, 71.0}, {112.0, 34.3}}, label: 'Touch tools', value: 1
                Other, 0x104515bd0, {{0.0, 84.3}, {393.0, 30.0}}, label: 'Horizontal scroll bar, 2 pages', value: 0%
                  Other, 0x104515cf0, {{3.0, 111.3}, {204.0, 3.0}}
                Other, 0x1045195a0, {{0.0, 84.3}, {393.0, 30.0}}, label: 'Horizontal scroll bar, 2 pages', value: 0%
                  Other, 0x1045196c0, {{3.0, 111.3}, {204.0, 3.0}}
              ScrollView, 0x1045197e0, {{0.0, 117.3}, {393.0, 577.7}}
                Other, 0x104519900, {{0.0, 27.0}, {393.0, 7804.3}}
                  TextField, 0x104519a20, {{20.0, 59.0}, {353.0, 44.0}}, identifier: 'Document title', label: 'Document title', placeholderValue: 'Untitled', value: Studio field notes
                  Button, 0x104519b40, {{29.7, 134.7}, {17.0, 17.0}}, identifier: 'circle', label: 'Select intro'
                  TextView, 0x104519c60, {{60.0, 127.0}, {309.0, 54.0}}, identifier: 'Text intro', label: 'Text intro', value: Start with the doc...
                    Other, 0x104519d80, {{336.0, 127.0}, {30.0, 54.0}}, label: 'Vertical scroll bar, 1 page', value: 0%
                      Other, 0x104519ea0, {{363.0, 130.0}, {3.0, 48.0}}
                    Other, 0x104519fc0, {{60.0, 151.0}, {309.0, 27.0}}, label: 'Horizontal scroll bar, 1 page', value: 0%
                      Other, 0x10451a0e0, {{63.0, 175.0}, {339.0, 3.0}}
                  Button, 0x10451a200, {{32.0, 217.1}, {190.3, 14.3}}, identifier: 'Column presentation layout-101', label: 'Columns stacked in reading order'
                  Button, 0x10451a320, {{32.0, 239.3}, {88.0, 14.3}}, label: 'Resize columns'
                  Button, 0x10451a440, {{128.0, 239.3}, {96.0, 14.3}}, label: 'Remove columns'
                  StaticText, 0x10451a560, {{32.0, 265.8}, {69.3, 14.3}}, identifier: 'Stacked split value', label: 'Split 50 / 50'
                  Other, 0x10451a680, {{32.0, 292.1}, {325.0, 152.9}}, label: 'First column'
                    StaticText, 0x10451a7a0, {{32.0, 292.1}, {69.7, 14.3}}, label: 'First column'
                    Button, 0x10451a8c0, {{41.7, 334.0}, {17.0, 17.0}}, identifier: 'circle', label: 'Select first'
                    TextView, 0x10451a9e0, {{72.0, 326.3}, {285.0, 36.3}}, identifier: 'Text first', label: 'Text first', value: First thought
                      Other, 0x10451ab00, {{324.0, 326.3}, {30.0, 36.3}}, label: 'Vertical scroll bar, 1 page', value: 0%
                        Other, 0x10451ac20, {{351.0, 323.7}, {3.0, 36.0}}
                      Other, 0x10451ad40, {{72.0, 341.5}, {285.0, 18.2}}, label: 'Horizontal scroll bar, 1 page', value: 0%
                        Other, 0x10451ae60, {{75.0, 356.7}, {279.0, 3.0}}
                    Button, 0x10451af80, {{41.7, 394.0}, {17.0, 17.0}}, identifier: 'circle', label: 'Select second'
                    TextView, 0x10451b0a0, {{72.0, 386.7}, {285.0, 36.0}}, identifier: 'Text second', label: 'Text second', value: before Second thou...
                      Other, 0x10451b1c0, {{324.0, 386.7}, {30.0, 36.0}}, label: 'Vertical scroll bar, 1 page', value: 0%
                        Other, 0x10451b2e0, {{351.0, 383.7}, {3.0, 36.0}}
                      Other, 0x10451b400, {{72.0, 401.7}, {285.0, 18.0}}, label: 'Horizontal scroll bar, 1 page', value: 0%
                        Other, 0x10451b520, {{75.0, 416.7}, {279.0, 3.0}}
                    Button, 0x10451b640, {{72.0, 430.7}, {76.0, 14.3}}, identifier: 'Block actions second', label: 'Block actions', value: paragraph
                      Button, 0x10451b760, {{72.0, 430.7}, {76.0, 14.3}}
                        StaticText, 0x10451b880, {{72.0, 430.6}, {76.0, 14.3}}, label: 'Block actions'
                  Other, 0x10451b9a0, {{32.0, 460.9}, {329.0, 64.4}}, label: 'Second column'
                    StaticText, 0x10451bac0, {{32.0, 460.9}, {87.7, 14.3}}, label: 'Second column'
                    TextField, 0x10451bbe0, {{32.0, 503.3}, {329.0, 22.0}}, identifier: 'Empty Second column layout-101', placeholderValue: 'Start writing'
                  Button, 0x10451bd00, {{29.7, 580.7}, {17.0, 17.0}}, identifier: 'circle', label: 'Select section'
                  TextView, 0x10451be20, {{60.0, 573.3}, {309.0, 51.3}}, identifier: 'Text section', label: 'Text section', value: Structured notes
                    Other, 0x10451bf40, {{336.0, 573.3}, {30.0, 51.3}}, label: 'Vertical scroll bar, 1 page', value: 0%
                      Other, 0x10451c060, {{363.0, 576.3}, {3.0, 45.3}}
                    Other, 0x10451c180, {{60.0, 596.0}, {309.0, 25.7}}, label: 'Horizontal scroll bar, 1 page', value: 0%
                      Other, 0x10451c2a0, {{63.0, 618.7}, {339.0, 3.0}}
                  Button, 0x10451c3c0, {{29.7, 660.3}, {17.0, 17.0}}, identifier: 'circle', label: 'Select table'
                  ScrollView, 0x10451c4e0, {{60.0, 652.7}, {309.0, 60.0}}
                    Other, 0x10451c600, {{60.0, 652.7}, {356.0, 60.0}}
                      TextView, 0x10451c720, {{72.0, 664.7}, {160.0, 36.0}}, identifier: 'Cell left', label: 'Cell left', value: First cell
                        Other, 0x10451c840, {{199.0, 664.7}, {30.0, 36.0}}, label: 'Vertical scroll bar, 1 page', value: 0%
                          Other, 0x10451c960, {{226.0, 661.7}, {3.0, 36.0}}
                        Other, 0x10451ca80, {{72.0, 679.7}, {160.0, 18.0}}, label: 'Horizontal scroll bar, 1 page', value: 0%
                          Other, 0x10451cba0, {{75.0, 694.7}, {154.0, 3.0}}
                      TextView, 0x10451ccc0, {{244.0, 664.7}, {160.0, 36.0}}, identifier: 'Cell right', label: 'Cell right', value: Second cell
                        Other, 0x10451cde0, {{371.0, 664.7}, {30.0, 36.0}}, label: 'Vertical scroll bar, 1 page', value: 0%
                          Other, 0x10451cf00, {{398.0, 661.7}, {3.0, 36.0}}
                        Other, 0x10451d020, {{244.0, 679.7}, {160.0, 18.0}}, label: 'Horizontal scroll bar, 1 page', value: 0%
                          Other, 0x10451d140, {{247.0, 694.7}, {154.0, 3.0}}
                    Other, 0x10451d260, {{60.0, 679.7}, {309.0, 30.0}}, label: 'Horizontal scroll bar, 2 pages', value: 0%
                      Other, 0x10451d380, {{395.0, 706.7}, {7.0, 3.0}}
                    Other, 0x10451d4a0, {{60.0, 679.7}, {309.0, 30.0}}, label: 'Horizontal scroll bar, 2 pages', value: 0%
                      Other, 0x10451d5c0, {{395.0, 706.7}, {7.0, 3.0}}
                  Button, 0x10451d6e0, {{29.7, 748.3}, {17.0, 17.0}}, identifier: 'circle', label: 'Select toggle'
                  Button, 0x10451d800, {{60.0, 740.7}, {309.0, 44.0}}, identifier: 'Toggle toggle-Disclosure toggle', label: 'Toggle toggle', value: Details
                    TextView, 0x10451d920, {{60.0, 744.7}, {210.7, 36.0}}, identifier: 'Toggle toggle', label: 'Toggle toggle', value: Details
                      Other, 0x10451da40, {{237.7, 744.7}, {30.0, 36.0}}, label: 'Vertical scroll bar, 1 page', value: 0%
                        Other, 0x10451db60, {{264.7, 741.7}, {3.0, 36.0}}
                      Other, 0x10451dc80, {{60.0, 759.7}, {210.7, 18.0}}, label: 'Horizontal scroll bar, 1 page', value: 0%
                        Other, 0x10451dda0, {{63.0, 774.7}, {240.7, 3.0}}
                    Button, 0x10451dec0, {{278.7, 755.7}, {72.0, 14.3}}, identifier: 'Disclosure toggle', label: 'Show details'
                    Image, 0x10451dfe0, {{361.3, 756.7}, {7.0, 12.0}}, identifier: 'collapsed'
                  Button, 0x10451e100, {{29.7, 820.3}, {17.0, 17.0}}, identifier: 'circle', label: 'Select list'
                  StaticText, 0x10451e220, {{60.0, 818.8}, {7.7, 20.3}}, label: '•'
                  TextView, 0x10451e340, {{75.7, 812.7}, {293.3, 36.3}}, identifier: 'List parent', label: 'List parent', value: Parent item
                    Other, 0x10451e460, {{336.0, 812.7}, {30.0, 36.3}}, label: 'Vertical scroll bar, 1 page', value: 0%
                      Other, 0x10451e580, {{363.0, 810.0}, {3.0, 36.0}}
                    Other, 0x10451e6a0, {{75.7, 827.8}, {293.3, 18.2}}, label: 'Horizontal scroll bar, 1 page', value: 0%
                      Other, 0x10451e7c0, {{78.7, 843.0}, {323.3, 3.0}}
                  StaticText, 0x10451e8e0, {{84.0, 862.9}, {7.7, 20.3}}, label: '•'
                  TextView, 0x10451ea00, {{99.7, 857.0}, {269.3, 36.0}}, identifier: 'List child', label: 'List child', value: Nested list item
                    Other, 0x10451eb20, {{336.0, 857.0}, {30.0, 36.0}}, label: 'Vertical scroll bar, 1 page', value: 0%
                      Other, 0x10451ec40, {{363.0, 854.0}, {3.0, 36.0}}
                    Other, 0x10451ed60, {{99.7, 872.0}, {269.3, 18.0}}, label: 'Horizontal scroll bar, 1 page', value: 0%
                      Other, 0x10451ee80, {{102.7, 887.0}, {299.3, 3.0}}
                  Button, 0x10451efa0, {{29.7, 928.3}, {17.0, 17.0}}, identifier: 'circle', label: 'Select media'
                  Image, 0x10451f0c0, {{60.0, 921.0}, {309.0, 150.0}}, identifier: 'mountain.2', label: 'Local coastline illustration'
                  TextView, 0x10451f1e0, {{60.0, 1079.0}, {309.0, 49.0}}, identifier: 'Media caption', label: 'Media caption', value: A local visual ref...
                    Other, 0x10451f300, {{336.0, 1079.0}, {30.0, 49.0}}, label: 'Vertical scroll bar, 1 page', value: 0%
                      Other, 0x10451f420, {{363.0, 1072.7}, {3.0, 36.0}}
                    Other, 0x10451f540, {{60.0, 1100.5}, {309.0, 24.5}}, label: 'Horizontal scroll bar, 1 page', value: 0%
                      Other, 0x10451f660, {{63.0, 1122.0}, {339.0, 3.0}}
                  Button, 0x10451f780, {{29.7, 1163.3}, {17.0, 17.0}}, identifier: 'circle', label: 'Select review-code'
                  TextView, 0x10451f8a0, {{60.0, 1156.0}, {309.0, 80.0}}, identifier: 'Code review-code', label: 'Code review-code', value: 	let coast = "世界😀...
                    Other, 0x10451f9c0, {{336.0, 1156.0}, {30.0, 80.0}}, label: 'Vertical scroll bar, 1 page', value: 0%
                      Other, 0x10451fae0, {{363.0, 1159.0}, {3.0, 74.0}}
                    Other, 0x10451fc00, {{60.0, 1203.0}, {309.0, 30.0}}, label: 'Horizontal scroll bar, 1 page', value: 0%
                      Other, 0x10451fd20, {{63.0, 1230.0}, {339.0, 3.0}}
                  Button, 0x10451fe40, {{29.7, 1271.3}, {17.0, 17.0}}, identifier: 'circle', label: 'Select note-1'
                  TextView, 0x10451ff60, {{60.0, 1264.0}, {309.0, 80.0}}, identifier: 'Text note-1', label: 'Text note-1', value: Field note 1. Long...
                    Other, 0x104520080, {{336.0, 1264.0}, {30.0, 80.0}}, label: 'Vertical scroll bar, 1 page', value: 0%
                      Other, 0x1045201a0, {{363.0, 1267.0}, {3.0, 74.0}}
                    Other, 0x1045202c0, {{60.0, 1311.0}, {309.0, 30.0}}, label: 'Horizontal scroll bar, 1 page', value: 0%
                      Other, 0x1045203e0, {{63.0, 1338.0}, {339.0, 3.0}}
                  Button, 0x104520650, {{29.7, 1379.3}, {17.0, 17.0}}, identifier: 'circle', label: 'Select note-2'
                  TextView, 0x104520770, {{60.0, 1372.0}, {309.0, 80.0}}, identifier: 'Text note-2', label: 'Text note-2', value: Field note 2. Long...
                    Other, 0x104520890, {{336.0, 1372.0}, {30.0, 80.0}}, label: 'Vertical scroll bar, 1 page', value: 0%
                      Other, 0x1045209b0, {{363.0, 1375.0}, {3.0, 74.0}}
                    Other, 0x104520ad0, {{60.0, 1419.0}, {309.0, 30.0}}, label: 'Horizontal scroll bar, 1 page', value: 0%
                      Other, 0x104520bf0, {{63.0, 1446.0}, {339.0, 3.0}}
                  Button, 0x104520d10, {{29.7, 1487.3}, {17.0, 17.0}}, identifier: 'circle', label: 'Select note-3'
                  TextView, 0x104520e30, {{60.0, 1480.0}, {309.0, 80.0}}, identifier: 'Text note-3', label: 'Text note-3', value: Field note 3. Long...
                    Other, 0x104520f50, {{336.0, 1480.0}, {30.0, 80.0}}, label: 'Vertical scroll bar, 1 page', value: 0%
                      Other, 0x104521070, {{363.0, 1483.0}, {3.0, 74.0}}
                    Other, 0x104521190, {{60.0, 1527.0}, {309.0, 30.0}}, label: 'Horizontal scroll bar, 1 page', value: 0%
                      Other, 0x1045212b0, {{63.0, 1554.0}, {339.0, 3.0}}
                  Button, 0x1045213d0, {{29.7, 1595.3}, {17.0, 17.0}}, identifier: 'circle', label: 'Select note-4'
                  TextView, 0x1045214f0, {{60.0, 1588.0}, {309.0, 80.0}}, identifier: 'Text note-4', label: 'Text note-4', value: Field note 4. Long...
                    Other, 0x104521610, {{336.0, 1588.0}, {30.0, 80.0}}, label: 'Vertical scroll bar, 1 page', value: 0%
                      Other, 0x104521730, {{363.0, 1591.0}, {3.0, 74.0}}
                    Other, 0x104521850, {{60.0, 1635.0}, {309.0, 30.0}}, label: 'Horizontal scroll bar, 1 page', value: 0%
                      Other, 0x104521970, {{63.0, 1662.0}, {339.0, 3.0}}
                  Button, 0x104521a90, {{29.7, 1703.3}, {17.0, 17.0}}, identifier: 'circle', label: 'Select note-5'
                  TextView, 0x104521bb0, {{60.0, 1696.0}, {309.0, 80.0}}, identifier: 'Text note-5', label: 'Text note-5', value: Field note 5. Long...
                    Other, 0x104521cd0, {{336.0, 1696.0}, {30.0, 80.0}}, label: 'Vertical scroll bar, 1 page', value: 0%
                      Other, 0x104521df0, {{363.0, 1699.0}, {3.0, 74.0}}
                    Other, 0x104521f10, {{60.0, 1743.0}, {309.0, 30.0}}, label: 'Horizontal scroll bar, 1 page', value: 0%
                      Other, 0x104522030, {{63.0, 1770.0}, {339.0, 3.0}}
                  Button, 0x104522150, {{29.7, 1811.3}, {17.0, 17.0}}, identifier: 'circle', label: 'Select note-6'
                  TextView, 0x104522270, {{60.0, 1804.0}, {309.0, 80.0}}, identifier: 'Text note-6', label: 'Text note-6', value: Field note 6. Long...
                    Other, 0x104522390, {{336.0, 1804.0}, {30.0, 80.0}}, label: 'Vertical scroll bar, 1 page', value: 0%
                      Other, 0x1045224b0, {{363.0, 1807.0}, {3.0, 74.0}}
                    Other, 0x1045225d0, {{60.0, 1851.0}, {309.0, 30.0}}, label: 'Horizontal scroll bar, 1 page', value: 0%
                      Other, 0x1045226f0, {{63.0, 1878.0}, {339.0, 3.0}}
                  Button, 0x104522810, {{29.7, 1919.3}, {17.0, 17.0}}, identifier: 'circle', label: 'Select note-7'
                  TextView, 0x104522930, {{60.0, 1912.0}, {309.0, 80.0}}, identifier: 'Text note-7', label: 'Text note-7', value: Field note 7. Long...
                    Other, 0x104522a50, {{336.0, 1912.0}, {30.0, 80.0}}, label: 'Vertical scroll bar, 1 page', value: 0%
                      Other, 0x104522b70, {{363.0, 1915.0}, {3.0, 74.0}}
                    Other, 0x104522c90, {{60.0, 1959.0}, {309.0, 30.0}}, label: 'Horizontal scroll bar, 1 page', value: 0%
                      Other, 0x104522db0, {{63.0, 1986.0}, {339.0, 3.0}}
                  Button, 0x104522ed0, {{29.7, 2027.3}, {17.0, 17.0}}, identifier: 'circle', label: 'Select note-8'
                  TextView, 0x104522ff0, {{60.0, 2020.0}, {309.0, 80.0}}, identifier: 'Text note-8', label: 'Text note-8', value: Field note 8. Long...
                    Other, 0x104523110, {{336.0, 2020.0}, {30.0, 80.0}}, label: 'Vertical scroll bar, 1 page', value: 0%
                      Other, 0x104523230, {{363.0, 2023.0}, {3.0, 74.0}}
                    Other, 0x104523350, {{60.0, 2067.0}, {309.0, 30.0}}, label: 'Horizontal scroll bar, 1 page', value: 0%
                      Other, 0x104523470, {{63.0, 2094.0}, {339.0, 3.0}}
                  Button, 0x104523590, {{29.7, 2135.3}, {17.0, 17.0}}, identifier: 'circle', label: 'Select note-9'
                  TextView, 0x1045236b0, {{60.0, 2128.0}, {309.0, 80.0}}, identifier: 'Text note-9', label: 'Text note-9', value: Field note 9. Long...
                    Other, 0x1045237d0, {{336.0, 2128.0}, {30.0, 80.0}}, label: 'Vertical scroll bar, 1 page', value: 0%
                      Other, 0x1045238f0, {{363.0, 2131.0}, {3.0, 74.0}}
                    Other, 0x104523a10, {{60.0, 2175.0}, {309.0, 30.0}}, label: 'Horizontal scroll bar, 1 page', value: 0%
                      Other, 0x104523b30, {{63.0, 2202.0}, {339.0, 3.0}}
                  Button, 0x104520500, {{29.7, 2243.3}, {17.0, 17.0}}, identifier: 'circle', label: 'Select note-10'
                  TextView, 0x104523e70, {{60.0, 2236.0}, {309.0, 80.0}}, identifier: 'Text note-10', label: 'Text note-10', value: Field note 10. Lon...
                    Other, 0x104523f90, {{336.0, 2236.0}, {30.0, 80.0}}, label: 'Vertical scroll bar, 1 page', value: 0%
                      Other, 0x1045240b0, {{363.0, 2239.0}, {3.0, 74.0}}
                    Other, 0x1045241d0, {{60.0, 2283.0}, {309.0, 30.0}}, label: 'Horizontal scroll bar, 1 page', value: 0%
                      Other, 0x1045242f0, {{63.0, 2310.0}, {339.0, 3.0}}
                  Button, 0x104524410, {{29.7, 2351.3}, {17.0, 17.0}}, identifier: 'circle', label: 'Select note-11'
                  TextView, 0x104524530, {{60.0, 2344.0}, {309.0, 80.0}}, identifier: 'Text note-11', label: 'Text note-11', value: Field note 11. Lon...
                    Other, 0x104524650, {{336.0, 2344.0}, {30.0, 80.0}}, label: 'Vertical scroll bar, 1 page', value: 0%
                      Other, 0x104524770, {{363.0, 2347.0}, {3.0, 74.0}}
                    Other, 0x104524890, {{60.0, 2391.0}, {309.0, 30.0}}, label: 'Horizontal scroll bar, 1 page', value: 0%
                      Other, 0x1045249b0, {{63.0, 2418.0}, {339.0, 3.0}}
                  Button, 0x104524ad0, {{29.7, 2459.3}, {17.0, 17.0}}, identifier: 'circle', label: 'Select note-12'
                  TextView, 0x104524bf0, {{60.0, 2452.0}, {309.0, 80.0}}, identifier: 'Text note-12', label: 'Text note-12', value: Field note 12. Lon...
                    Other, 0x104524d10, {{336.0, 2452.0}, {30.0, 80.0}}, label: 'Vertical scroll bar, 1 page', value: 0%
                      Other, 0x104524e30, {{363.0, 2455.0}, {3.0, 74.0}}
                    Other, 0x104524f50, {{60.0, 2499.0}, {309.0, 30.0}}, label: 'Horizontal scroll bar, 1 page', value: 0%
                      Other, 0x104525070, {{63.0, 2526.0}, {339.0, 3.0}}
                  Button, 0x104525190, {{29.7, 2567.3}, {17.0, 17.0}}, identifier: 'circle', label: 'Select note-13'
                  TextView, 0x1045252b0, {{60.0, 2560.0}, {309.0, 80.0}}, identifier: 'Text note-13', label: 'Text note-13', value: Field note 13. Lon...
                    Other, 0x1045253d0, {{336.0, 2560.0}, {30.0, 80.0}}, label: 'Vertical scroll bar, 1 page', value: 0%
                      Other, 0x1045254f0, {{363.0, 2563.0}, {3.0, 74.0}}
                    Other, 0x104525610, {{60.0, 2607.0}, {309.0, 30.0}}, label: 'Horizontal scroll bar, 1 page', value: 0%
                      Other, 0x104525730, {{63.0, 2634.0}, {339.0, 3.0}}
                  Button, 0x104525850, {{29.7, 2675.3}, {17.0, 17.0}}, identifier: 'circle', label: 'Select note-14'
                  TextView, 0x104525970, {{60.0, 2668.0}, {309.0, 80.0}}, identifier: 'Text note-14', label: 'Text note-14', value: Field note 14. Lon...
                    Other, 0x104525a90, {{336.0, 2668.0}, {30.0, 80.0}}, label: 'Vertical scroll bar, 1 page', value: 0%
                      Other, 0x104525bb0, {{363.0, 2671.0}, {3.0, 74.0}}
                    Other, 0x104525cd0, {{60.0, 2715.0}, {309.0, 30.0}}, label: 'Horizontal scroll bar, 1 page', value: 0%
                      Other, 0x104525df0, {{63.0, 2742.0}, {339.0, 3.0}}
                  Button, 0x104525f10, {{29.7, 2783.3}, {17.0, 17.0}}, identifier: 'circle', label: 'Select note-15'
                  TextView, 0x104526030, {{60.0, 2776.0}, {309.0, 80.0}}, identifier: 'Text note-15', label: 'Text note-15', value: Field note 15. Lon...
                    Other, 0x104526150, {{336.0, 2776.0}, {30.0, 80.0}}, label: 'Vertical scroll bar, 1 page', value: 0%
                      Other, 0x104526270, {{363.0, 2779.0}, {3.0, 74.0}}
                    Other, 0x104526390, {{60.0, 2823.0}, {309.0, 30.0}}, label: 'Horizontal scroll bar, 1 page', value: 0%
                      Other, 0x1045264b0, {{63.0, 2850.0}, {339.0, 3.0}}
                  Button, 0x1045265d0, {{29.7, 2891.3}, {17.0, 17.0}}, identifier: 'circle', label: 'Select note-16'
                  TextView, 0x1045266f0, {{60.0, 2884.0}, {309.0, 80.0}}, identifier: 'Text note-16', label: 'Text note-16', value: Field note 16. Lon...
                    Other, 0x104526810, {{336.0, 2884.0}, {30.0, 80.0}}, label: 'Vertical scroll bar, 1 page', value: 0%
                      Other, 0x104526930, {{363.0, 2887.0}, {3.0, 74.0}}
                    Other, 0x104526a50, {{60.0, 2931.0}, {309.0, 30.0}}, label: 'Horizontal scroll bar, 1 page', value: 0%
                      Other, 0x104526b70, {{63.0, 2958.0}, {339.0, 3.0}}
                  Button, 0x104526c90, {{29.7, 2999.3}, {17.0, 17.0}}, identifier: 'circle', label: 'Select note-17'
                  TextView, 0x104526db0, {{60.0, 2992.0}, {309.0, 80.0}}, identifier: 'Text note-17', label: 'Text note-17', value: Field note 17. Lon...
                    Other, 0x104526ed0, {{336.0, 2992.0}, {30.0, 80.0}}, label: 'Vertical scroll bar, 1 page', value: 0%
                      Other, 0x104526ff0, {{363.0, 2995.0}, {3.0, 74.0}}
                    Other, 0x104527110, {{60.0, 3039.0}, {309.0, 30.0}}, label: 'Horizontal scroll bar, 1 page', value: 0%
                      Other, 0x104527230, {{63.0, 3066.0}, {339.0, 3.0}}
                  Button, 0x104527350, {{29.7, 3107.3}, {17.0, 17.0}}, identifier: 'circle', label: 'Select note-18'
                  TextView, 0x104527470, {{60.0, 3100.0}, {309.0, 80.0}}, identifier: 'Text note-18', label: 'Text note-18', value: Field note 18. Lon...
                    Other, 0x104527590, {{336.0, 3100.0}, {30.0, 80.0}}, label: 'Vertical scroll bar, 1 page', value: 0%
                      Other, 0x1045276b0, {{363.0, 3103.0}, {3.0, 74.0}}
                    Other, 0x1045277d0, {{60.0, 3147.0}, {309.0, 30.0}}, label: 'Horizontal scroll bar, 1 page', value: 0%
                      Other, 0x1045278f0, {{63.0, 3174.0}, {339.0, 3.0}}
                  Button, 0x104527a10, {{29.7, 3215.3}, {17.0, 17.0}}, identifier: 'circle', label: 'Select note-19'
                  TextView, 0x104527b30, {{60.0, 3208.0}, {309.0, 80.0}}, identifier: 'Text note-19', label: 'Text note-19', value: Field note 19. Lon...
                    Other, 0x104527c50, {{336.0, 3208.0}, {30.0, 80.0}}, label: 'Vertical scroll bar, 1 page', value: 0%
                      Other, 0x104527d70, {{363.0, 3211.0}, {3.0, 74.0}}
                    Other, 0x104527e90, {{60.0, 3255.0}, {309.0, 30.0}}, label: 'Horizontal scroll bar, 1 page', value: 0%
                      Other, 0x104527fb0, {{63.0, 3282.0}, {339.0, 3.0}}
                  Button, 0x1045280d0, {{29.7, 3323.3}, {17.0, 17.0}}, identifier: 'circle', label: 'Select note-20'
                  TextView, 0x1045281f0, {{60.0, 3316.0}, {309.0, 80.0}}, identifier: 'Text note-20', label: 'Text note-20', value: Field note 20. Lon...
                    Other, 0x104528310, {{336.0, 3316.0}, {30.0, 80.0}}, label: 'Vertical scroll bar, 1 page', value: 0%
                      Other, 0x104528430, {{363.0, 3319.0}, {3.0, 74.0}}
                    Other, 0x104528550, {{60.0, 3363.0}, {309.0, 30.0}}, label: 'Horizontal scroll bar, 1 page', value: 0%
                      Other, 0x104528670, {{63.0, 3390.0}, {339.0, 3.0}}
                  Button, 0x104528790, {{29.7, 3431.3}, {17.0, 17.0}}, identifier: 'circle', label: 'Select note-21'
                  TextView, 0x1045288b0, {{60.0, 3424.0}, {309.0, 80.0}}, identifier: 'Text note-21', label: 'Text note-21', value: Field note 21. Lon...
                    Other, 0x1045289d0, {{336.0, 3424.0}, {30.0, 80.0}}, label: 'Vertical scroll bar, 1 page', value: 0%
                      Other, 0x104528af0, {{363.0, 3427.0}, {3.0, 74.0}}
                    Other, 0x104528c10, {{60.0, 3471.0}, {309.0, 30.0}}, label: 'Horizontal scroll bar, 1 page', value: 0%
                      Other, 0x104528d30, {{63.0, 3498.0}, {339.0, 3.0}}
                  Button, 0x104528e50, {{29.7, 3539.3}, {17.0, 17.0}}, identifier: 'circle', label: 'Select note-22'
                  TextView, 0x104528f70, {{60.0, 3532.0}, {309.0, 80.0}}, identifier: 'Text note-22', label: 'Text note-22', value: Field note 22. Lon...
                    Other, 0x104529090, {{336.0, 3532.0}, {30.0, 80.0}}, label: 'Vertical scroll bar, 1 page', value: 0%
                      Other, 0x1045291b0, {{363.0, 3535.0}, {3.0, 74.0}}
                    Other, 0x1045292d0, {{60.0, 3579.0}, {309.0, 30.0}}, label: 'Horizontal scroll bar, 1 page', value: 0%
                      Other, 0x1045293f0, {{63.0, 3606.0}, {339.0, 3.0}}
                  Button, 0x104523c50, {{29.7, 3647.3}, {17.0, 17.0}}, identifier: 'circle', label: 'Select note-23'
                  TextView, 0x104529880, {{60.0, 3640.0}, {309.0, 80.0}}, identifier: 'Text note-23', label: 'Text note-23', value: Field note 23. Lon...
                    Other, 0x1045299a0, {{336.0, 3640.0}, {30.0, 80.0}}, label: 'Vertical scroll bar, 1 page', value: 0%
                      Other, 0x104529ac0, {{363.0, 3643.0}, {3.0, 74.0}}
                    Other, 0x104529be0, {{60.0, 3687.0}, {309.0, 30.0}}, label: 'Horizontal scroll bar, 1 page', value: 0%
                      Other, 0x104529d00, {{63.0, 3714.0}, {339.0, 3.0}}
                  Button, 0x104529e20, {{29.7, 3755.3}, {17.0, 17.0}}, identifier: 'circle', label: 'Select note-24'
                  TextView, 0x104529f40, {{60.0, 3748.0}, {309.0, 80.0}}, identifier: 'Text note-24', label: 'Text note-24', value: Field note 24. Lon...
                    Other, 0x10452a060, {{336.0, 3748.0}, {30.0, 80.0}}, label: 'Vertical scroll bar, 1 page', value: 0%
                      Other, 0x10452a180, {{363.0, 3751.0}, {3.0, 74.0}}
                    Other, 0x10452a2a0, {{60.0, 3795.0}, {309.0, 30.0}}, label: 'Horizontal scroll bar, 1 page', value: 0%
                      Other, 0x10452a3c0, {{63.0, 3822.0}, {339.0, 3.0}}
                  Button, 0x10452a4e0, {{29.7, 3863.3}, {17.0, 17.0}}, identifier: 'circle', label: 'Select note-25'
                  TextView, 0x10452a600, {{60.0, 3856.0}, {309.0, 80.0}}, identifier: 'Text note-25', label: 'Text note-25', value: Field note 25. Lon...
                    Other, 0x10452a720, {{336.0, 3856.0}, {30.0, 80.0}}, label: 'Vertical scroll bar, 1 page', value: 0%
                      Other, 0x10452a840, {{363.0, 3859.0}, {3.0, 74.0}}
                    Other, 0x10452a960, {{60.0, 3903.0}, {309.0, 30.0}}, label: 'Horizontal scroll bar, 1 page', value: 0%
                      Other, 0x10452aa80, {{63.0, 3930.0}, {339.0, 3.0}}
                  Button, 0x10452aba0, {{29.7, 3971.3}, {17.0, 17.0}}, identifier: 'circle', label: 'Select note-26'
                  TextView, 0x10452acc0, {{60.0, 3964.0}, {309.0, 80.0}}, identifier: 'Text note-26', label: 'Text note-26', value: Field note 26. Lon...
                    Other, 0x10452ade0, {{336.0, 3964.0}, {30.0, 80.0}}, label: 'Vertical scroll bar, 1 page', value: 0%
                      Other, 0x10452af00, {{363.0, 3967.0}, {3.0, 74.0}}
                    Other, 0x10452b020, {{60.0, 4011.0}, {309.0, 30.0}}, label: 'Horizontal scroll bar, 1 page', value: 0%
                      Other, 0x10452b140, {{63.0, 4038.0}, {339.0, 3.0}}
                  Button, 0x10452b260, {{29.7, 4079.3}, {17.0, 17.0}}, identifier: 'circle', label: 'Select note-27'
                  TextView, 0x10452b380, {{60.0, 4072.0}, {309.0, 80.0}}, identifier: 'Text note-27', label: 'Text note-27', value: Field note 27. Lon...
                    Other, 0x10452b4a0, {{336.0, 4072.0}, {30.0, 80.0}}, label: 'Vertical scroll bar, 1 page', value: 0%
                      Other, 0x10452b5c0, {{363.0, 4075.0}, {3.0, 74.0}}
                    Other, 0x10452b6e0, {{60.0, 4119.0}, {309.0, 30.0}}, label: 'Horizontal scroll bar, 1 page', value: 0%
                      Other, 0x10452b800, {{63.0, 4146.0}, {339.0, 3.0}}
                  Button, 0x10452b920, {{29.7, 4187.3}, {17.0, 17.0}}, identifier: 'circle', label: 'Select note-28'
                  TextView, 0x10452ba40, {{60.0, 4180.0}, {309.0, 80.0}}, identifier: 'Text note-28', label: 'Text note-28', value: Field note 28. Lon...
                    Other, 0x10452bb60, {{336.0, 4180.0}, {30.0, 80.0}}, label: 'Vertical scroll bar, 1 page', value: 0%
                      Other, 0x10452bc80, {{363.0, 4183.0}, {3.0, 74.0}}
                    Other, 0x10452bda0, {{60.0, 4227.0}, {309.0, 30.0}}, label: 'Horizontal scroll bar, 1 page', value: 0%
                      Other, 0x10452bec0, {{63.0, 4254.0}, {339.0, 3.0}}
                  Button, 0x10452bfe0, {{29.7, 4295.3}, {17.0, 17.0}}, identifier: 'circle', label: 'Select note-29'
                  TextView, 0x10452c100, {{60.0, 4288.0}, {309.0, 80.0}}, identifier: 'Text note-29', label: 'Text note-29', value: Field note 29. Lon...
                    Other, 0x10452c220, {{336.0, 4288.0}, {30.0, 80.0}}, label: 'Vertical scroll bar, 1 page', value: 0%
                      Other, 0x10452c340, {{363.0, 4291.0}, {3.0, 74.0}}
                    Other, 0x10452c460, {{60.0, 4335.0}, {309.0, 30.0}}, label: 'Horizontal scroll bar, 1 page', value: 0%
                      Other, 0x10452c580, {{63.0, 4362.0}, {339.0, 3.0}}
                  Button, 0x10452c6a0, {{29.7, 4403.3}, {17.0, 17.0}}, identifier: 'circle', label: 'Select note-30'
                  TextView, 0x10452c7c0, {{60.0, 4396.0}, {309.0, 80.0}}, identifier: 'Text note-30', label: 'Text note-30', value: Field note 30. Lon...
                    Other, 0x10452c8e0, {{336.0, 4396.0}, {30.0, 80.0}}, label: 'Vertical scroll bar, 1 page', value: 0%
                      Other, 0x10452ca00, {{363.0, 4399.0}, {3.0, 74.0}}
                    Other, 0x10452cb20, {{60.0, 4443.0}, {309.0, 30.0}}, label: 'Horizontal scroll bar, 1 page', value: 0%
                      Other, 0x10452cc40, {{63.0, 4470.0}, {339.0, 3.0}}
                  Button, 0x10452cd60, {{29.7, 4511.3}, {17.0, 17.0}}, identifier: 'circle', label: 'Select note-31'
                  TextView, 0x10452ce80, {{60.0, 4504.0}, {309.0, 80.0}}, identifier: 'Text note-31', label: 'Text note-31', value: Field note 31. Lon...
                    Other, 0x10452cfa0, {{336.0, 4504.0}, {30.0, 80.0}}, label: 'Vertical scroll bar, 1 page', value: 0%
                      Other, 0x10452d0c0, {{363.0, 4507.0}, {3.0, 74.0}}
                    Other, 0x10452d1e0, {{60.0, 4551.0}, {309.0, 30.0}}, label: 'Horizontal scroll bar, 1 page', value: 0%
                      Other, 0x10452d300, {{63.0, 4578.0}, {339.0, 3.0}}
                  Button, 0x10452d420, {{29.7, 4619.3}, {17.0, 17.0}}, identifier: 'circle', label: 'Select note-32'
                  TextView, 0x10452d540, {{60.0, 4612.0}, {309.0, 80.0}}, identifier: 'Text note-32', label: 'Text note-32', value: Field note 32. Lon...
                    Other, 0x10452d660, {{336.0, 4612.0}, {30.0, 80.0}}, label: 'Vertical scroll bar, 1 page', value: 0%
                      Other, 0x10452d780, {{363.0, 4615.0}, {3.0, 74.0}}
                    Other, 0x10452d8a0, {{60.0, 4659.0}, {309.0, 30.0}}, label: 'Horizontal scroll bar, 1 page', value: 0%
                      Other, 0x10452d9c0, {{63.0, 4686.0}, {339.0, 3.0}}
                  Button, 0x10452dae0, {{29.7, 4727.3}, {17.0, 17.0}}, identifier: 'circle', label: 'Select note-33'
                  TextView, 0x10452dc00, {{60.0, 4720.0}, {309.0, 80.0}}, identifier: 'Text note-33', label: 'Text note-33', value: Field note 33. Lon...
                    Other, 0x10452dd20, {{336.0, 4720.0}, {30.0, 80.0}}, label: 'Vertical scroll bar, 1 page', value: 0%
                      Other, 0x10452de40, {{363.0, 4723.0}, {3.0, 74.0}}
                    Other, 0x10452df60, {{60.0, 4767.0}, {309.0, 30.0}}, label: 'Horizontal scroll bar, 1 page', value: 0%
                      Other, 0x10452e080, {{63.0, 4794.0}, {339.0, 3.0}}
                  Button, 0x10452e1a0, {{29.7, 4835.3}, {17.0, 17.0}}, identifier: 'circle', label: 'Select note-34'
                  TextView, 0x10452e2c0, {{60.0, 4828.0}, {309.0, 80.0}}, identifier: 'Text note-34', label: 'Text note-34', value: Field note 34. Lon...
                    Other, 0x10452e3e0, {{336.0, 4828.0}, {30.0, 80.0}}, label: 'Vertical scroll bar, 1 page', value: 0%
                      Other, 0x10452e500, {{363.0, 4831.0}, {3.0, 74.0}}
                    Other, 0x10452e620, {{60.0, 4875.0}, {309.0, 30.0}}, label: 'Horizontal scroll bar, 1 page', value: 0%
                      Other, 0x10452e740, {{63.0, 4902.0}, {339.0, 3.0}}
                  Button, 0x10452e860, {{29.7, 4943.3}, {17.0, 17.0}}, identifier: 'circle', label: 'Select note-35'
                  TextView, 0x10452e980, {{60.0, 4936.0}, {309.0, 80.0}}, identifier: 'Text note-35', label: 'Text note-35', value: Field note 35. Lon...
                    Other, 0x10452eaa0, {{336.0, 4936.0}, {30.0, 80.0}}, label: 'Vertical scroll bar, 1 page', value: 0%
                      Other, 0x10452ebc0, {{363.0, 4939.0}, {3.0, 74.0}}
                    Other, 0x10452ece0, {{60.0, 4983.0}, {309.0, 30.0}}, label: 'Horizontal scroll bar, 1 page', value: 0%
                      Other, 0x10452ee00, {{63.0, 5010.0}, {339.0, 3.0}}
                  Button, 0x10452ef20, {{29.7, 5051.3}, {17.0, 17.0}}, identifier: 'circle', label: 'Select note-36'
                  TextView, 0x10452f040, {{60.0, 5044.0}, {309.0, 80.0}}, identifier: 'Text note-36', label: 'Text note-36', value: Field note 36. Lon...
                    Other, 0x10452f160, {{336.0, 5044.0}, {30.0, 80.0}}, label: 'Vertical scroll bar, 1 page', value: 0%
                      Other, 0x10452f280, {{363.0, 5047.0}, {3.0, 74.0}}
                    Other, 0x10452f3a0, {{60.0, 5091.0}, {309.0, 30.0}}, label: 'Horizontal scroll bar, 1 page', value: 0%
                      Other, 0x10452f4c0, {{63.0, 5118.0}, {339.0, 3.0}}
                  Button, 0x10452f5e0, {{29.7, 5159.3}, {17.0, 17.0}}, identifier: 'circle', label: 'Select note-37'
                  TextView, 0x10452f700, {{60.0, 5152.0}, {309.0, 80.0}}, identifier: 'Text note-37', label: 'Text note-37', value: Field note 37. Lon...
                    Other, 0x10452f820, {{336.0, 5152.0}, {30.0, 80.0}}, label: 'Vertical scroll bar, 1 page', value: 0%
                      Other, 0x10452f940, {{363.0, 5155.0}, {3.0, 74.0}}
                    Other, 0x10452fa60, {{60.0, 5199.0}, {309.0, 30.0}}, label: 'Horizontal scroll bar, 1 page', value: 0%
                      Other, 0x10452fb80, {{63.0, 5226.0}, {339.0, 3.0}}
                  Button, 0x10452fca0, {{29.7, 5267.3}, {17.0, 17.0}}, identifier: 'circle', label: 'Select note-38'
                  TextView, 0x10452fdc0, {{60.0, 5260.0}, {309.0, 80.0}}, identifier: 'Text note-38', label: 'Text note-38', value: Field note 38. Lon...
                    Other, 0x10452fee0, {{336.0, 5260.0}, {30.0, 80.0}}, label: 'Vertical scroll bar, 1 page', value: 0%
                      Other, 0x104530000, {{363.0, 5263.0}, {3.0, 74.0}}
                    Other, 0x104530120, {{60.0, 5307.0}, {309.0, 30.0}}, label: 'Horizontal scroll bar, 1 page', value: 0%
                      Other, 0x104530240, {{63.0, 5334.0}, {339.0, 3.0}}
                  Button, 0x104530360, {{29.7, 5375.3}, {17.0, 17.0}}, identifier: 'circle', label: 'Select note-39'
                  TextView, 0x104530480, {{60.0, 5368.0}, {309.0, 80.0}}, identifier: 'Text note-39', label: 'Text note-39', value: Field note 39. Lon...
                    Other, 0x1045305a0, {{336.0, 5368.0}, {30.0, 80.0}}, label: 'Vertical scroll bar, 1 page', value: 0%
                      Other, 0x1045306c0, {{363.0, 5371.0}, {3.0, 74.0}}
                    Other, 0x1045307e0, {{60.0, 5415.0}, {309.0, 30.0}}, label: 'Horizontal scroll bar, 1 page', value: 0%
                      Other, 0x104530900, {{63.0, 5442.0}, {339.0, 3.0}}
                  Button, 0x104530a20, {{29.7, 5483.3}, {17.0, 17.0}}, identifier: 'circle', label: 'Select note-40'
                  TextView, 0x104530b40, {{60.0, 5476.0}, {309.0, 80.0}}, identifier: 'Text note-40', label: 'Text note-40', value: Field note 40. Lon...
                    Other, 0x104530c60, {{336.0, 5476.0}, {30.0, 80.0}}, label: 'Vertical scroll bar, 1 page', value: 0%
                      Other, 0x104530d80, {{363.0, 5479.0}, {3.0, 74.0}}
                    Other, 0x104530ea0, {{60.0, 5523.0}, {309.0, 30.0}}, label: 'Horizontal scroll bar, 1 page', value: 0%
                      Other, 0x104530fc0, {{63.0, 5550.0}, {339.0, 3.0}}
                  Button, 0x1045310e0, {{29.7, 5591.3}, {17.0, 17.0}}, identifier: 'circle', label: 'Select note-41'
                  TextView, 0x104531200, {{60.0, 5584.0}, {309.0, 80.0}}, identifier: 'Text note-41', label: 'Text note-41', value: Field note 41. Lon...
                    Other, 0x104531320, {{336.0, 5584.0}, {30.0, 80.0}}, label: 'Vertical scroll bar, 1 page', value: 0%
                      Other, 0x104531440, {{363.0, 5587.0}, {3.0, 74.0}}
                    Other, 0x104531560, {{60.0, 5631.0}, {309.0, 30.0}}, label: 'Horizontal scroll bar, 1 page', value: 0%
                      Other, 0x104531680, {{63.0, 5658.0}, {339.0, 3.0}}
                  Button, 0x1045317a0, {{29.7, 5699.3}, {17.0, 17.0}}, identifier: 'circle', label: 'Select note-42'
                  TextView, 0x1045318c0, {{60.0, 5692.0}, {309.0, 80.0}}, identifier: 'Text note-42', label: 'Text note-42', value: Field note 42. Lon...
                    Other, 0x1045319e0, {{336.0, 5692.0}, {30.0, 80.0}}, label: 'Vertical scroll bar, 1 page', value: 0%
                      Other, 0x104531b00, {{363.0, 5695.0}, {3.0, 74.0}}
                    Other, 0x104531c20, {{60.0, 5739.0}, {309.0, 30.0}}, label: 'Horizontal scroll bar, 1 page', value: 0%
                      Other, 0x104531d40, {{63.0, 5766.0}, {339.0, 3.0}}
                  Button, 0x104531e60, {{29.7, 5807.3}, {17.0, 17.0}}, identifier: 'circle', label: 'Select note-43'
                  TextView, 0x104531f80, {{60.0, 5800.0}, {309.0, 80.0}}, identifier: 'Text note-43', label: 'Text note-43', value: Field note 43. Lon...
                    Other, 0x1045320a0, {{336.0, 5800.0}, {30.0, 80.0}}, label: 'Vertical scroll bar, 1 page', value: 0%
                      Other, 0x1045321c0, {{363.0, 5803.0}, {3.0, 74.0}}
                    Other, 0x1045322e0, {{60.0, 5847.0}, {309.0, 30.0}}, label: 'Horizontal scroll bar, 1 page', value: 0%
                      Other, 0x104532400, {{63.0, 5874.0}, {339.0, 3.0}}
                  Button, 0x104529510, {{29.7, 5915.3}, {17.0, 17.0}}, identifier: 'circle', label: 'Select note-44'
                  TextView, 0x104529630, {{60.0, 5908.0}, {309.0, 80.0}}, identifier: 'Text note-44', label: 'Text note-44', value: Field note 44. Lon...
                    Other, 0x104529750, {{336.0, 5908.0}, {30.0, 80.0}}, label: 'Vertical scroll bar, 1 page', value: 0%
                      Other, 0x104532520, {{363.0, 5911.0}, {3.0, 74.0}}
                    Other, 0x104532640, {{60.0, 5955.0}, {309.0, 30.0}}, label: 'Horizontal scroll bar, 1 page', value: 0%
                      Other, 0x104532760, {{63.0, 5982.0}, {339.0, 3.0}}
                  Button, 0x104532880, {{29.7, 6023.3}, {17.0, 17.0}}, identifier: 'circle', label: 'Select note-45'
                  TextView, 0x1045329a0, {{60.0, 6016.0}, {309.0, 80.0}}, identifier: 'Text note-45', label: 'Text note-45', value: Field note 45. Lon...
                    Other, 0x104532ac0, {{336.0, 6016.0}, {30.0, 80.0}}, label: 'Vertical scroll bar, 1 page', value: 0%
                      Other, 0x104532be0, {{363.0, 6019.0}, {3.0, 74.0}}
                    Other, 0x104532d00, {{60.0, 6063.0}, {309.0, 30.0}}, label: 'Horizontal scroll bar, 1 page', value: 0%
                      Other, 0x104532e20, {{63.0, 6090.0}, {339.0, 3.0}}
                  Button, 0x104532f40, {{29.7, 6131.3}, {17.0, 17.0}}, identifier: 'circle', label: 'Select note-46'
                  TextView, 0x104533060, {{60.0, 6124.0}, {309.0, 80.0}}, identifier: 'Text note-46', label: 'Text note-46', value: Field note 46. Lon...
                    Other, 0x104533180, {{336.0, 6124.0}, {30.0, 80.0}}, label: 'Vertical scroll bar, 1 page', value: 0%
                      Other, 0x1045332a0, {{363.0, 6127.0}, {3.0, 74.0}}
                    Other, 0x1045333c0, {{60.0, 6171.0}, {309.0, 30.0}}, label: 'Horizontal scroll bar, 1 page', value: 0%
                      Other, 0x1045334e0, {{63.0, 6198.0}, {339.0, 3.0}}
                  Button, 0x104533600, {{29.7, 6239.3}, {17.0, 17.0}}, identifier: 'circle', label: 'Select note-47'
                  TextView, 0x104533720, {{60.0, 6232.0}, {309.0, 80.0}}, identifier: 'Text note-47', label: 'Text note-47', value: Field note 47. Lon...
                    Other, 0x104533840, {{336.0, 6232.0}, {30.0, 80.0}}, label: 'Vertical scroll bar, 1 page', value: 0%
                      Other, 0x104533960, {{363.0, 6235.0}, {3.0, 74.0}}
                    Other, 0x104533a80, {{60.0, 6279.0}, {309.0, 30.0}}, label: 'Horizontal scroll bar, 1 page', value: 0%
                      Other, 0x104533ba0, {{63.0, 6306.0}, {339.0, 3.0}}
                  Button, 0x104533cc0, {{29.7, 6347.3}, {17.0, 17.0}}, identifier: 'circle', label: 'Select note-48'
                  TextView, 0x104533de0, {{60.0, 6340.0}, {309.0, 80.0}}, identifier: 'Text note-48', label: 'Text note-48', value: Field note 48. Lon...
                    Other, 0x104533f00, {{336.0, 6340.0}, {30.0, 80.0}}, label: 'Vertical scroll bar, 1 page', value: 0%
                      Other, 0x104534020, {{363.0, 6343.0}, {3.0, 74.0}}
                    Other, 0x104534140, {{60.0, 6387.0}, {309.0, 30.0}}, label: 'Horizontal scroll bar, 1 page', value: 0%
                      Other, 0x104534260, {{63.0, 6414.0}, {339.0, 3.0}}
                  Button, 0x104534380, {{29.7, 6455.3}, {17.0, 17.0}}, identifier: 'circle', label: 'Select note-49'
                  TextView, 0x1045344a0, {{60.0, 6448.0}, {309.0, 80.0}}, identifier: 'Text note-49', label: 'Text note-49', value: Field note 49. Lon...
                    Other, 0x1045345c0, {{336.0, 6448.0}, {30.0, 80.0}}, label: 'Vertical scroll bar, 1 page', value: 0%
                      Other, 0x1045346e0, {{363.0, 6451.0}, {3.0, 74.0}}
                    Other, 0x104534800, {{60.0, 6495.0}, {309.0, 30.0}}, label: 'Horizontal scroll bar, 1 page', value: 0%
                      Other, 0x104534920, {{63.0, 6522.0}, {339.0, 3.0}}
                  Button, 0x104534a40, {{29.7, 6563.3}, {17.0, 17.0}}, identifier: 'circle', label: 'Select note-50'
                  TextView, 0x104534b60, {{60.0, 6556.0}, {309.0, 80.0}}, identifier: 'Text note-50', label: 'Text note-50', value: Field note 50. Lon...
                    Other, 0x104534c80, {{336.0, 6556.0}, {30.0, 80.0}}, label: 'Vertical scroll bar, 1 page', value: 0%
                      Other, 0x104534da0, {{363.0, 6559.0}, {3.0, 74.0}}
                    Other, 0x104534ec0, {{60.0, 6603.0}, {309.0, 30.0}}, label: 'Horizontal scroll bar, 1 page', value: 0%
                      Other, 0x104534fe0, {{63.0, 6630.0}, {339.0, 3.0}}
                  Button, 0x104535100, {{29.7, 6671.3}, {17.0, 17.0}}, identifier: 'circle', label: 'Select note-51'
                  TextView, 0x104535220, {{60.0, 6664.0}, {309.0, 80.0}}, identifier: 'Text note-51', label: 'Text note-51', value: Field note 51. Lon...
                    Other, 0x104535340, {{336.0, 6664.0}, {30.0, 80.0}}, label: 'Vertical scroll bar, 1 page', value: 0%
                      Other, 0x104535460, {{363.0, 6667.0}, {3.0, 74.0}}
                    Other, 0x104535580, {{60.0, 6711.0}, {309.0, 30.0}}, label: 'Horizontal scroll bar, 1 page', value: 0%
                      Other, 0x1045356a0, {{63.0, 6738.0}, {339.0, 3.0}}
                  Button, 0x1045357c0, {{29.7, 6779.3}, {17.0, 17.0}}, identifier: 'circle', label: 'Select note-52'
                  TextView, 0x1045358e0, {{60.0, 6772.0}, {309.0, 80.0}}, identifier: 'Text note-52', label: 'Text note-52', value: Field note 52. Lon...
                    Other, 0x104535a00, {{336.0, 6772.0}, {30.0, 80.0}}, label: 'Vertical scroll bar, 1 page', value: 0%
                      Other, 0x104535b20, {{363.0, 6775.0}, {3.0, 74.0}}
                    Other, 0x104535c40, {{60.0, 6819.0}, {309.0, 30.0}}, label: 'Horizontal scroll bar, 1 page', value: 0%
                      Other, 0x104535d60, {{63.0, 6846.0}, {339.0, 3.0}}
                  Button, 0x104535e80, {{29.7, 6887.3}, {17.0, 17.0}}, identifier: 'circle', label: 'Select note-53'
                  TextView, 0x104535fa0, {{60.0, 6880.0}, {309.0, 80.0}}, identifier: 'Text note-53', label: 'Text note-53', value: Field note 53. Lon...
                    Other, 0x1045360c0, {{336.0, 6880.0}, {30.0, 80.0}}, label: 'Vertical scroll bar, 1 page', value: 0%
                      Other, 0x1045361e0, {{363.0, 6883.0}, {3.0, 74.0}}
                    Other, 0x104536300, {{60.0, 6927.0}, {309.0, 30.0}}, label: 'Horizontal scroll bar, 1 page', value: 0%
                      Other, 0x104536420, {{63.0, 6954.0}, {339.0, 3.0}}
                  Button, 0x104536540, {{29.7, 6995.3}, {17.0, 17.0}}, identifier: 'circle', label: 'Select note-54'
                  TextView, 0x104536660, {{60.0, 6988.0}, {309.0, 80.0}}, identifier: 'Text note-54', label: 'Text note-54', value: Field note 54. Lon...
                    Other, 0x104536780, {{336.0, 6988.0}, {30.0, 80.0}}, label: 'Vertical scroll bar, 1 page', value: 0%
                      Other, 0x1045368a0, {{363.0, 6991.0}, {3.0, 74.0}}
                    Other, 0x1045369c0, {{60.0, 7035.0}, {309.0, 30.0}}, label: 'Horizontal scroll bar, 1 page', value: 0%
                      Other, 0x104536ae0, {{63.0, 7062.0}, {339.0, 3.0}}
                  Button, 0x104536c00, {{29.7, 7103.3}, {17.0, 17.0}}, identifier: 'circle', label: 'Select note-55'
                  TextView, 0x104536d20, {{60.0, 7096.0}, {309.0, 80.0}}, identifier: 'Text note-55', label: 'Text note-55', value: Field note 55. Lon...
                    Other, 0x104536e40, {{336.0, 7096.0}, {30.0, 80.0}}, label: 'Vertical scroll bar, 1 page', value: 0%
                      Other, 0x104536f60, {{363.0, 7099.0}, {3.0, 74.0}}
                    Other, 0x104537080, {{60.0, 7143.0}, {309.0, 30.0}}, label: 'Horizontal scroll bar, 1 page', value: 0%
                      Other, 0x1045371a0, {{63.0, 7170.0}, {339.0, 3.0}}
                  Button, 0x1045372c0, {{29.7, 7211.3}, {17.0, 17.0}}, identifier: 'circle', label: 'Select note-56'
                  TextView, 0x1045373e0, {{60.0, 7204.0}, {309.0, 80.0}}, identifier: 'Text note-56', label: 'Text note-56', value: Field note 56. Lon...
                    Other, 0x104537500, {{336.0, 7204.0}, {30.0, 80.0}}, label: 'Vertical scroll bar, 1 page', value: 0%
                      Other, 0x104537620, {{363.0, 7207.0}, {3.0, 74.0}}
                    Other, 0x104537740, {{60.0, 7251.0}, {309.0, 30.0}}, label: 'Horizontal scroll bar, 1 page', value: 0%
                      Other, 0x104537860, {{63.0, 7278.0}, {339.0, 3.0}}
                  Button, 0x104537980, {{29.7, 7319.3}, {17.0, 17.0}}, identifier: 'circle', label: 'Select note-57'
                  TextView, 0x104537aa0, {{60.0, 7312.0}, {309.0, 80.0}}, identifier: 'Text note-57', label: 'Text note-57', value: Field note 57. Lon...
                    Other, 0x104537bc0, {{336.0, 7312.0}, {30.0, 80.0}}, label: 'Vertical scroll bar, 1 page', value: 0%
                      Other, 0x104537ce0, {{363.0, 7315.0}, {3.0, 74.0}}
                    Other, 0x104537e00, {{60.0, 7359.0}, {309.0, 30.0}}, label: 'Horizontal scroll bar, 1 page', value: 0%
                      Other, 0x104537f20, {{63.0, 7386.0}, {339.0, 3.0}}
                  Button, 0x104538040, {{29.7, 7427.3}, {17.0, 17.0}}, identifier: 'circle', label: 'Select note-58'
                  TextView, 0x104538160, {{60.0, 7420.0}, {309.0, 80.0}}, identifier: 'Text note-58', label: 'Text note-58', value: Field note 58. Lon...
                    Other, 0x104538280, {{336.0, 7420.0}, {30.0, 80.0}}, label: 'Vertical scroll bar, 1 page', value: 0%
                      Other, 0x1045383a0, {{363.0, 7423.0}, {3.0, 74.0}}
                    Other, 0x1045384c0, {{60.0, 7467.0}, {309.0, 30.0}}, label: 'Horizontal scroll bar, 1 page', value: 0%
                      Other, 0x1045385e0, {{63.0, 7494.0}, {339.0, 3.0}}
                  Button, 0x104538700, {{29.7, 7535.3}, {17.0, 17.0}}, identifier: 'circle', label: 'Select note-59'
                  TextView, 0x104538820, {{60.0, 7528.0}, {309.0, 80.0}}, identifier: 'Text note-59', label: 'Text note-59', value: Field note 59. Lon...
                    Other, 0x104538940, {{336.0, 7528.0}, {30.0, 80.0}}, label: 'Vertical scroll bar, 1 page', value: 0%
                      Other, 0x104538a60, {{363.0, 7531.0}, {3.0, 74.0}}
                    Other, 0x104538b80, {{60.0, 7575.0}, {309.0, 30.0}}, label: 'Horizontal scroll bar, 1 page', value: 0%
                      Other, 0x104538ca0, {{63.0, 7602.0}, {339.0, 3.0}}
                  Button, 0x104538dc0, {{29.7, 7643.3}, {17.0, 17.0}}, identifier: 'circle', label: 'Select note-60'
                  TextView, 0x104538ee0, {{60.0, 7636.0}, {309.0, 80.0}}, identifier: 'Text note-60', label: 'Text note-60', value: Field note 60. Lon...
                    Other, 0x104539000, {{336.0, 7636.0}, {30.0, 80.0}}, label: 'Vertical scroll bar, 1 page', value: 0%
                      Other, 0x104539120, {{363.0, 7639.0}, {3.0, 74.0}}
                    Other, 0x104539240, {{60.0, 7683.0}, {309.0, 30.0}}, label: 'Horizontal scroll bar, 1 page', value: 0%
                      Other, 0x104539360, {{63.0, 7710.0}, {339.0, 3.0}}
                  Button, 0x104539480, {{29.7, 7751.3}, {17.0, 17.0}}, identifier: 'circle', label: 'Select closing'
                  TextView, 0x1045395a0, {{60.0, 7744.0}, {309.0, 51.3}}, identifier: 'Text closing', label: 'Text closing', value: Closing notes
                    Other, 0x1045396c0, {{336.0, 7744.0}, {30.0, 51.3}}, label: 'Vertical scroll bar, 1 page', value: 0%
                      Other, 0x1045397e0, {{363.0, 7747.0}, {3.0, 45.3}}
                    Other, 0x104539900, {{60.0, 7766.7}, {309.0, 25.7}}, label: 'Horizontal scroll bar, 1 page', value: 0%
                      Other, 0x104539a20, {{63.0, 7789.3}, {339.0, 3.0}}
                Other, 0x103b204d0, {{360.0, 117.3}, {30.0, 577.7}}, label: 'Vertical scroll bar, 14 pages', value: 1%
                  Other, 0x103b205f0, {{387.0, 123.3}, {3.0, 36.0}}
                Other, 0x103b20710, {{360.0, 117.3}, {30.0, 577.7}}, label: 'Vertical scroll bar, 14 pages', value: 1%
                  Other, 0x104539b40, {{387.0, 123.3}, {3.0, 36.0}}
              ScrollView, 0x104539c60, {{0.0, 695.0}, {393.0, 58.3}}
                Other, 0x104539d80, {{0.0, 695.0}, {623.0, 58.3}}
                  Button, 0x104539ea0, {{12.0, 707.0}, {113.3, 34.3}}, label: 'Insert block'
                  Button, 0x104539fc0, {{137.3, 707.0}, {58.3, 34.3}}, identifier: 'Accessory bold', label: 'Bold', Disabled
                  Button, 0x10453a0e0, {{207.7, 707.0}, {59.7, 34.3}}, identifier: 'Accessory italic', label: 'Italic', Disabled
                  Button, 0x10453a200, {{279.3, 707.0}, {177.0, 34.3}}, label: 'Select current block'
                  Button, 0x10453a320, {{468.3, 707.0}, {142.7, 34.3}}, identifier: 'Accessory resize', label: 'Resize columns'
                Other, 0x10453a440, {{0.0, 721.2}, {393.0, 29.2}}, label: 'Horizontal scroll bar, 2 pages', value: 0%
                  Other, 0x10453a560, {{383.0, 747.3}, {7.0, 3.0}}
                Other, 0x10453a680, {{0.0, 721.2}, {393.0, 29.2}}, label: 'Horizontal scroll bar, 2 pages', value: 0%
                  Other, 0x10453a7a0, {{383.0, 747.3}, {7.0, 3.0}}
              StaticText, 0x10453a8c0, {{103.3, 761.3}, {186.3, 14.3}}, identifier: 'Review action', label: 'Create two-column review layout'
              StaticText, 0x10453a9e0, {{22.3, 779.7}, {348.3, 30.3}}, label: 'ST-121 local interaction study · body: shared protocol 6 · title/columns: review state'
    Window, 0x10453ab00, {{0.0, 0.0}, {393.0, 852.0}}
      Other, 0x10453ac20, {{0.0, 0.0}, {393.0, 852.0}}
        Other, 0x10453ad40, {{0.0, 0.0}, {393.0, 852.0}}
Path to element:
 →Application, 0x103c1d280, pid: 40148, label: 'ModernPrototypePhone'
Query chain:
 →Find: Target Application 'studio.seventwo.blockeditor.st121.ios'
  Output: {
    Application, 0x103f070b0, pid: 40148, label: 'ModernPrototypePhone'
  }

    t =    36.72s Tear Down
Test Case '-[ModernPrototypePhoneTests.InteractionReviewTests testColumnFocusOrderAndContainment]' failed (36.762 seconds).
2026-10-05 22:18:27.905557+0200 ModernPrototypePhoneTests-Runner[39879:17771933] [Default] Flushing outgoing messages to the IDE with timeout 600.00s
2026-10-05 22:18:27.905718+0200 ModernPrototypePhoneTests-Runner[39879:17772185] [Default] Received confirmation that IDE processed remaining outgoing messages
2026-10-05 22:18:28.674017+0200 ModernPrototypePhoneTests-Runner[41096:17778457] [Default] Running tests...
2026-10-05 22:18:28.765857+0200 ModernPrototypePhoneTests-Runner[41096:17778521] [General] Failed to send CA Event for app launch measurements for ca_event_type: 0 event_name: com.apple.app_launch_measurement.FirstFramePresentationMetric
    t =      nans Interface orientation changed to Portrait

Restarting after unexpected exit, crash, or test timeout; summary will include totals from previous launches.

Test Suite 'Selected tests' started at 2026-10-05 22:18:29.104.
Test Suite 'ModernPrototypePhoneTests.xctest' started at 2026-10-05 22:18:29.104.
Test Suite 'InteractionReviewTests' started at 2026-10-05 22:18:29.104.
Test Case '-[ModernPrototypePhoneTests.InteractionReviewTests testKeyboardTitleToBodyAndSlashAcceptance]' started.
    t =     0.00s Start Test at 2026-10-05 22:18:29.105
    t =     0.03s Set Up
    t =     0.03s Open studio.seventwo.blockeditor.st121.ios
    t =     0.03s     Launch studio.seventwo.blockeditor.st121.ios
2026-10-05 22:18:29.135 xcodebuild[38951:17766983] [MT] IDELaunchParametersSnapshot: debugger version lookup failed for path '<nil>': noURL
2026-10-05 22:18:29.135 xcodebuild[38951:17766983] [MT] IDELaunchParametersSnapshot: no debugger version
    t =     0.24s         Setting up automation session
    t =     0.82s         Wait for studio.seventwo.blockeditor.st121.ios to idle
    t =     2.14s Waiting 10.0s for "Document title" TextField to exist
    t =     3.17s     Checking `Expect predicate `existsNoRetry == 1` for object "Document title" TextField`
    t =     3.17s         Checking existence of `"Document title" TextField`
    t =     3.29s Tap "Document title" TextField
    t =     3.29s     Wait for studio.seventwo.blockeditor.st121.ios to idle
    t =     3.30s     Find the "Document title" TextField
    t =     3.37s     Check for interrupting elements affecting "Document title" TextField
    t =     3.44s     Synthesize event
    t =     3.73s     Wait for studio.seventwo.blockeditor.st121.ios to idle
    t =     4.46s Type ' keyboard' into "Document title" TextField
    t =     4.46s     Wait for studio.seventwo.blockeditor.st121.ios to idle
    t =     4.84s     Find the "Document title" TextField
    t =     4.94s     Check for interrupting elements affecting "Document title" TextField
    t =     5.01s     Synthesize event
    t =     5.36s     Wait for studio.seventwo.blockeditor.st121.ios to idle
    t =     5.77s Type '
' into "Document title" TextField
    t =     5.77s     Wait for studio.seventwo.blockeditor.st121.ios to idle
    t =     5.78s     Find the "Document title" TextField
    t =     5.87s     Check for interrupting elements affecting "Document title" TextField
    t =     6.66s     Synthesize event
    t =     6.87s     Wait for studio.seventwo.blockeditor.st121.ios to idle
    t =     8.41s Waiting 3.0s for "Title Enter to body" StaticText to exist
    t =     9.43s     Checking `Expect predicate `existsNoRetry == 1` for object "Title Enter to body" StaticText`
    t =     9.43s         Checking existence of `"Title Enter to body" StaticText`
    t =     9.53s Type 'Keyboard start ' into Target Application 'studio.seventwo.blockeditor.st121.ios'
    t =     9.53s     Wait for studio.seventwo.blockeditor.st121.ios to idle
    t =     9.54s     Find the Target Application 'studio.seventwo.blockeditor.st121.ios'
    t =     9.59s     Check for interrupting elements affecting "ModernPrototypePhone" Application
    t =     9.66s     Synthesize event
    t =     9.66s         Get number of matches for: Elements containing elements matching predicate 'hasKeyboardFocus == 1'
    t =     9.73s         Requesting snapshot of accessibility hierarchy for app with pid 41124
    t =    10.37s         Requesting snapshot of accessibility hierarchy for app with pid 41124
    t =    10.49s         Requesting snapshot of accessibility hierarchy for app with pid 41124
    t =    11.26s         Requesting snapshot of accessibility hierarchy for app with pid 41124
    t =    11.39s         Failed: Neither element nor any descendant has keyboard focus. Event dispatch snapshot: Application, pid: 41124, label: 'ModernPrototypePhone'
Element debug description:
Attributes: Application, 0x112f042a0, pid: 41124, label: 'ModernPrototypePhone'
Element subtree:
 →Application, 0x112f042a0, pid: 41124, label: 'ModernPrototypePhone'
    Window (Main), 0x101f5d7b0, {{0.0, 0.0}, {393.0, 852.0}}
      Other, 0x101f48ad0, {{0.0, 0.0}, {393.0, 852.0}}
        Other, 0x101f42390, {{0.0, 0.0}, {393.0, 852.0}}
          Other, 0x101f07f20, {{0.0, 0.0}, {393.0, 852.0}}
            Other, 0x101f4b330, {{0.0, 0.0}, {393.0, 852.0}}
              ScrollView, 0x101f5baa0, {{0.0, 0.0}, {393.0, 117.3}}
                Other, 0x101f5a1a0, {{0.0, 0.0}, {745.3, 117.3}}
                  Button, 0x101f55bf0, {{12.0, 78.0}, {87.3, 20.3}}, label: 'Outline'
                    Image, 0x101f5e350, {{14.0, 82.0}, {21.0, 12.3}}, identifier: 'list.bullet.indent', label: 'Bulletest List Indent'
                    StaticText, 0x101f5e470, {{12.0, 78.0}, {87.3, 20.3}}, label: 'Outline'
                  Button, 0x101f5e590, {{111.3, 78.0}, {74.3, 20.3}}, label: 'Focus'
                    Image, 0x101f5e6b0, {{113.3, 80.0}, {16.3, 16.3}}, identifier: 'viewfinder', label: 'Scan'
                    StaticText, 0x101f5e7d0, {{111.3, 78.0}, {74.3, 20.3}}, label: 'Focus'
                  Button, 0x101f5e8f0, {{197.7, 78.0}, {69.3, 20.3}}, label: 'Insert'
                    Image, 0x101f5ea10, {{199.7, 81.3}, {14.0, 14.0}}, identifier: 'plus', label: 'Add'
                    StaticText, 0x101f5eb30, {{197.7, 78.0}, {69.3, 20.3}}, label: 'Insert'
                  Switch, 0x101f5ec50, {{291.0, 78.0}, {102.0, 20.3}}, label: 'Select blocks', value: 0
                  Switch, 0x101f5ed70, {{449.0, 78.0}, {76.3, 20.3}}, label: 'Large text', value: 0
                  Switch, 0x101f5ee90, {{561.3, 78.0}, {36.0, 20.3}}, label: 'Dark', value: 0
                  Switch, 0x101f5efb0, {{621.3, 71.0}, {112.0, 34.3}}, label: 'Touch tools', value: 1
                Other, 0x101f5f0d0, {{0.0, 84.3}, {393.0, 30.0}}, label: 'Horizontal scroll bar, 2 pages', value: 0%
                  Other, 0x101f5f1f0, {{383.0, 111.3}, {7.0, 3.0}}
                Other, 0x101f5f310, {{0.0, 84.3}, {393.0, 30.0}}, label: 'Horizontal scroll bar, 2 pages', value: 0%
                  Other, 0x106f04080, {{383.0, 111.3}, {7.0, 3.0}}
              ScrollView, 0x106f04240, {{0.0, 117.3}, {393.0, 577.7}}
                Other, 0x106f04360, {{0.0, 117.3}, {393.0, 7574.3}}
                  TextField, 0x106f04480, {{20.0, 149.3}, {353.0, 44.0}}, identifier: 'Document title', label: 'Document title', placeholderValue: 'Untitled', value: Studio field keybo...
                  TextView, 0x106f045a0, {{24.0, 217.3}, {345.0, 54.0}}, identifier: 'Text intro', label: 'Text intro', value: Start with the doc...
                    Other, 0x106f046c0, {{336.0, 217.3}, {30.0, 54.0}}, label: 'Vertical scroll bar, 1 page', value: 0%
                      Other, 0x106f047e0, {{363.0, 220.3}, {3.0, 48.0}}
                    Other, 0x106f04900, {{24.0, 241.3}, {345.0, 27.0}}, label: 'Horizontal scroll bar, 1 page', value: 0%
                      Other, 0x106f04a20, {{27.0, 265.3}, {339.0, 3.0}}
                  Button, 0x106f04b40, {{24.0, 279.3}, {76.0, 14.3}}, identifier: 'Block actions intro', label: 'Block actions', value: paragraph
                    Button, 0x106f04c60, {{24.0, 279.3}, {76.0, 14.3}}
                      StaticText, 0x106f04d80, {{24.0, 279.5}, {76.0, 14.3}}, label: 'Block actions'
                  TextView, 0x106f04ea0, {{24.0, 321.7}, {345.0, 36.3}}, identifier: 'Text first', label: 'Text first', value: First thought
                    Other, 0x106f04fc0, {{336.0, 321.7}, {30.0, 36.3}}, label: 'Vertical scroll bar, 1 page', value: 0%
                      Other, 0x106f050e0, {{363.0, 319.0}, {3.0, 36.0}}
                    Other, 0x106f05200, {{24.0, 336.8}, {345.0, 18.2}}, label: 'Horizontal scroll bar, 1 page', value: 0%
                      Other, 0x106f05320, {{27.0, 352.0}, {339.0, 3.0}}
                  TextView, 0x106f05440, {{24.0, 386.0}, {345.0, 36.0}}, identifier: 'Text second', label: 'Text second', value: Second thought
                    Other, 0x106f05560, {{336.0, 386.0}, {30.0, 36.0}}, label: 'Vertical scroll bar, 1 page', value: 0%
                      Other, 0x112f043c0, {{363.0, 383.0}, {3.0, 36.0}}
                    Other, 0x112f044e0, {{24.0, 401.0}, {345.0, 18.0}}, label: 'Horizontal scroll bar, 1 page', value: 0%
                      Other, 0x112f04600, {{27.0, 416.0}, {339.0, 3.0}}
                  TextView, 0x112f04720, {{24.0, 450.0}, {345.0, 51.3}}, identifier: 'Text section', label: 'Text section', value: Structured notes
                    Other, 0x112f04840, {{336.0, 450.0}, {30.0, 51.3}}, label: 'Vertical scroll bar, 1 page', value: 0%
                      Other, 0x112f04960, {{363.0, 453.0}, {3.0, 45.3}}
                    Other, 0x112f04a80, {{24.0, 472.7}, {345.0, 25.7}}, label: 'Horizontal scroll bar, 1 page', value: 0%
                      Other, 0x112f04ba0, {{27.0, 495.3}, {339.0, 3.0}}
                  ScrollView, 0x112f04cc0, {{24.0, 529.3}, {345.0, 60.0}}
                    Other, 0x112f04de0, {{24.0, 529.3}, {356.0, 60.0}}
                      TextView, 0x112f04f00, {{36.0, 541.3}, {160.0, 36.0}}, identifier: 'Cell left', label: 'Cell left', value: First cell
                        Other, 0x112f05020, {{163.0, 541.3}, {30.0, 36.0}}, label: 'Vertical scroll bar, 1 page', value: 0%
                          Other, 0x112f05230, {{190.0, 538.3}, {3.0, 36.0}}
                        Other, 0x112f05350, {{36.0, 556.3}, {160.0, 18.0}}, label: 'Horizontal scroll bar, 1 page', value: 0%
                          Other, 0x112f05470, {{39.0, 571.3}, {154.0, 3.0}}
                      TextView, 0x112f05590, {{208.0, 541.3}, {160.0, 36.0}}, identifier: 'Cell right', label: 'Cell right', value: Second cell
                        Other, 0x112f056b0, {{335.0, 541.3}, {30.0, 36.0}}, label: 'Vertical scroll bar, 1 page', value: 0%
                          Other, 0x112f057d0, {{362.0, 538.3}, {3.0, 36.0}}
                        Other, 0x112f058f0, {{208.0, 556.3}, {160.0, 18.0}}, label: 'Horizontal scroll bar, 1 page', value: 0%
                          Other, 0x112f05a10, {{211.0, 571.3}, {154.0, 3.0}}
                    Other, 0x112f05b30, {{24.0, 556.3}, {345.0, 30.0}}, label: 'Horizontal scroll bar, 2 pages', value: 0%
                      Other, 0x112f05c50, {{359.0, 583.3}, {7.0, 3.0}}
                    Other, 0x112c04080, {{24.0, 556.3}, {345.0, 30.0}}, label: 'Horizontal scroll bar, 2 pages', value: 0%
                      Other, 0x112c041a0, {{359.0, 583.3}, {7.0, 3.0}}
                  Button, 0x112c042c0, {{24.0, 617.3}, {345.0, 44.0}}, identifier: 'Toggle toggle-Disclosure toggle', label: 'Toggle toggle', value: Details
                    TextView, 0x112c043e0, {{24.0, 621.3}, {246.7, 36.0}}, identifier: 'Toggle toggle', label: 'Toggle toggle', value: Details
                      Other, 0x112c04500, {{237.7, 621.3}, {30.0, 36.0}}, label: 'Vertical scroll bar, 1 page', value: 0%
                        Other, 0x112c04620, {{264.7, 618.3}, {3.0, 36.0}}
                      Other, 0x112c04740, {{24.0, 636.3}, {246.7, 18.0}}, label: 'Horizontal scroll bar, 1 page', value: 0%
                        Other, 0x112c04860, {{27.0, 651.3}, {240.7, 3.0}}
                    Button, 0x112c04980, {{278.7, 632.3}, {72.0, 14.3}}, identifier: 'Disclosure toggle', label: 'Show details'
                    Image, 0x112c04aa0, {{361.3, 633.3}, {7.0, 12.0}}, identifier: 'collapsed'
                  StaticText, 0x112c04bc0, {{24.0, 695.5}, {7.7, 20.3}}, label: '•'
                  TextView, 0x112c04ce0, {{39.7, 689.3}, {329.3, 36.3}}, identifier: 'List parent', label: 'List parent', value: Parent item
                    Other, 0x112c04e00, {{336.0, 689.3}, {30.0, 36.3}}, label: 'Vertical scroll bar, 1 page', value: 0%
                      Other, 0x112c04f20, {{363.0, 686.7}, {3.0, 36.0}}
                    Other, 0x112c05040, {{39.7, 704.5}, {329.3, 18.2}}, label: 'Horizontal scroll bar, 1 page', value: 0%
                      Other, 0x112c05160, {{42.7, 719.7}, {323.3, 3.0}}
                  StaticText, 0x112c05280, {{48.0, 739.5}, {7.7, 20.3}}, label: '•'
                  TextView, 0x112c053a0, {{63.7, 733.7}, {305.3, 36.0}}, identifier: 'List child', label: 'List child', value: Nested list item
                    Other, 0x112c054c0, {{336.0, 733.7}, {30.0, 36.0}}, label: 'Vertical scroll bar, 1 page', value: 0%
                      Other, 0x112c055e0, {{363.0, 730.7}, {3.0, 36.0}}
                    Other, 0x112c05700, {{63.7, 748.7}, {305.3, 18.0}}, label: 'Horizontal scroll bar, 1 page', value: 0%
                      Other, 0x112c05820, {{66.7, 763.7}, {299.3, 3.0}}
                  Image, 0x112c05940, {{24.0, 797.7}, {345.0, 150.0}}, identifier: 'mountain.2', label: 'Local coastline illustration'
                  TextView, 0x112c05a60, {{24.0, 955.7}, {345.0, 32.7}}, identifier: 'Media caption', label: 'Media caption', value: A local visual ref...
                    Other, 0x112c05b80, {{336.0, 955.7}, {30.0, 32.7}}, label: 'Vertical scroll bar, 1 page', value: 0%
                      Other, 0x112c05ca0, {{363.0, 949.3}, {3.0, 36.0}}
                    Other, 0x112c05dc0, {{24.0, 969.0}, {345.0, 16.3}}, label: 'Horizontal scroll bar, 1 page', value: 0%
                      Other, 0x112c05ee0, {{27.0, 982.3}, {339.0, 3.0}}
                  TextView, 0x112c06000, {{24.0, 1016.3}, {345.0, 80.0}}, identifier: 'Code review-code', label: 'Code review-code', value: 	let coast = "世界😀...
                    Other, 0x112c06120, {{336.0, 1016.3}, {30.0, 80.0}}, label: 'Vertical scroll bar, 1 page', value: 0%
                      Other, 0x112c06240, {{363.0, 1019.3}, {3.0, 74.0}}
                    Other, 0x112c063d0, {{24.0, 1063.3}, {345.0, 30.0}}, label: 'Horizontal scroll bar, 1 page', value: 0%
                      Other, 0x112c064f0, {{27.0, 1090.3}, {339.0, 3.0}}
                  TextView, 0x112c06610, {{24.0, 1124.3}, {345.0, 80.0}}, identifier: 'Text note-1', label: 'Text note-1', value: Field note 1. Long...
                    Other, 0x112c06730, {{336.0, 1124.3}, {30.0, 80.0}}, label: 'Vertical scroll bar, 1 page', value: 0%
                      Other, 0x112c06850, {{363.0, 1127.3}, {3.0, 74.0}}
                    Other, 0x112c06970, {{24.0, 1171.3}, {345.0, 30.0}}, label: 'Horizontal scroll bar, 1 page', value: 0%
                      Other, 0x112c06a90, {{27.0, 1198.3}, {339.0, 3.0}}
                  TextView, 0x112c06bb0, {{24.0, 1232.3}, {345.0, 80.0}}, identifier: 'Text note-2', label: 'Text note-2', value: Field note 2. Long...
                    Other, 0x112c06cd0, {{336.0, 1232.3}, {30.0, 80.0}}, label: 'Vertical scroll bar, 1 page', value: 0%
                      Other, 0x112c06df0, {{363.0, 1235.3}, {3.0, 74.0}}
                    Other, 0x112c06f10, {{24.0, 1279.3}, {345.0, 30.0}}, label: 'Horizontal scroll bar, 1 page', value: 0%
                      Other, 0x112c07030, {{27.0, 1306.3}, {339.0, 3.0}}
                  TextView, 0x112c07150, {{24.0, 1340.3}, {345.0, 80.0}}, identifier: 'Text note-3', label: 'Text note-3', value: Field note 3. Long...
                    Other, 0x112c07270, {{336.0, 1340.3}, {30.0, 80.0}}, label: 'Vertical scroll bar, 1 page', value: 0%
                      Other, 0x112c07390, {{363.0, 1343.3}, {3.0, 74.0}}
                    Other, 0x112c074b0, {{24.0, 1387.3}, {345.0, 30.0}}, label: 'Horizontal scroll bar, 1 page', value: 0%
                      Other, 0x112c075d0, {{27.0, 1414.3}, {339.0, 3.0}}
                  TextView, 0x112c076f0, {{24.0, 1448.3}, {345.0, 80.0}}, identifier: 'Text note-4', label: 'Text note-4', value: Field note 4. Long...
                    Other, 0x112c07810, {{336.0, 1448.3}, {30.0, 80.0}}, label: 'Vertical scroll bar, 1 page', value: 0%
                      Other, 0x112c07930, {{363.0, 1451.3}, {3.0, 74.0}}
                    Other, 0x112c07a50, {{24.0, 1495.3}, {345.0, 30.0}}, label: 'Horizontal scroll bar, 1 page', value: 0%
                      Other, 0x112c07b70, {{27.0, 1522.3}, {339.0, 3.0}}
                  TextView, 0x112c07c90, {{24.0, 1556.3}, {345.0, 80.0}}, identifier: 'Text note-5', label: 'Text note-5', value: Field note 5. Long...
                    Other, 0x112c07db0, {{336.0, 1556.3}, {30.0, 80.0}}, label: 'Vertical scroll bar, 1 page', value: 0%
                      Other, 0x112c07ed0, {{363.0, 1559.3}, {3.0, 74.0}}
                    Other, 0x112c07ff0, {{24.0, 1603.3}, {345.0, 30.0}}, label: 'Horizontal scroll bar, 1 page', value: 0%
                      Other, 0x112c08110, {{27.0, 1630.3}, {339.0, 3.0}}
                  TextView, 0x112c08230, {{24.0, 1664.3}, {345.0, 80.0}}, identifier: 'Text note-6', label: 'Text note-6', value: Field note 6. Long...
                    Other, 0x112c08350, {{336.0, 1664.3}, {30.0, 80.0}}, label: 'Vertical scroll bar, 1 page', value: 0%
                      Other, 0x112c08470, {{363.0, 1667.3}, {3.0, 74.0}}
                    Other, 0x112c08590, {{24.0, 1711.3}, {345.0, 30.0}}, label: 'Horizontal scroll bar, 1 page', value: 0%
                      Other, 0x112c086b0, {{27.0, 1738.3}, {339.0, 3.0}}
                  TextView, 0x112c087d0, {{24.0, 1772.3}, {345.0, 80.0}}, identifier: 'Text note-7', label: 'Text note-7', value: Field note 7. Long...
                    Other, 0x112c088f0, {{336.0, 1772.3}, {30.0, 80.0}}, label: 'Vertical scroll bar, 1 page', value: 0%
                      Other, 0x112c08a10, {{363.0, 1775.3}, {3.0, 74.0}}
                    Other, 0x112c08b30, {{24.0, 1819.3}, {345.0, 30.0}}, label: 'Horizontal scroll bar, 1 page', value: 0%
                      Other, 0x112c08c50, {{27.0, 1846.3}, {339.0, 3.0}}
                  TextView, 0x112c08d70, {{24.0, 1880.3}, {345.0, 80.0}}, identifier: 'Text note-8', label: 'Text note-8', value: Field note 8. Long...
                    Other, 0x112c08e90, {{336.0, 1880.3}, {30.0, 80.0}}, label: 'Vertical scroll bar, 1 page', value: 0%
                      Other, 0x112c08fb0, {{363.0, 1883.3}, {3.0, 74.0}}
                    Other, 0x112c090d0, {{24.0, 1927.3}, {345.0, 30.0}}, label: 'Horizontal scroll bar, 1 page', value: 0%
                      Other, 0x112c091f0, {{27.0, 1954.3}, {339.0, 3.0}}
                  TextView, 0x112c09310, {{24.0, 1988.3}, {345.0, 80.0}}, identifier: 'Text note-9', label: 'Text note-9', value: Field note 9. Long...
                    Other, 0x112c09430, {{336.0, 1988.3}, {30.0, 80.0}}, label: 'Vertical scroll bar, 1 page', value: 0%
                      Other, 0x112c09550, {{363.0, 1991.3}, {3.0, 74.0}}
                    Other, 0x112c09670, {{24.0, 2035.3}, {345.0, 30.0}}, label: 'Horizontal scroll bar, 1 page', value: 0%
                      Other, 0x112c09790, {{27.0, 2062.3}, {339.0, 3.0}}
                  TextView, 0x112c098b0, {{24.0, 2096.3}, {345.0, 80.0}}, identifier: 'Text note-10', label: 'Text note-10', value: Field note 10. Lon...
                    Other, 0x112c099d0, {{336.0, 2096.3}, {30.0, 80.0}}, label: 'Vertical scroll bar, 1 page', value: 0%
                      Other, 0x112c09af0, {{363.0, 2099.3}, {3.0, 74.0}}
                    Other, 0x112c09c10, {{24.0, 2143.3}, {345.0, 30.0}}, label: 'Horizontal scroll bar, 1 page', value: 0%
                      Other, 0x112c09d30, {{27.0, 2170.3}, {339.0, 3.0}}
                  TextView, 0x112c09e50, {{24.0, 2204.3}, {345.0, 80.0}}, identifier: 'Text note-11', label: 'Text note-11', value: Field note 11. Lon...
                    Other, 0x112c09f70, {{336.0, 2204.3}, {30.0, 80.0}}, label: 'Vertical scroll bar, 1 page', value: 0%
                      Other, 0x112c0a090, {{363.0, 2207.3}, {3.0, 74.0}}
                    Other, 0x112c0a1b0, {{24.0, 2251.3}, {345.0, 30.0}}, label: 'Horizontal scroll bar, 1 page', value: 0%
                      Other, 0x112c0a2d0, {{27.0, 2278.3}, {339.0, 3.0}}
                  TextView, 0x112c0a3f0, {{24.0, 2312.3}, {345.0, 80.0}}, identifier: 'Text note-12', label: 'Text note-12', value: Field note 12. Lon...
                    Other, 0x112c0a510, {{336.0, 2312.3}, {30.0, 80.0}}, label: 'Vertical scroll bar, 1 page', value: 0%
                      Other, 0x112c0a630, {{363.0, 2315.3}, {3.0, 74.0}}
                    Other, 0x112c0a750, {{24.0, 2359.3}, {345.0, 30.0}}, label: 'Horizontal scroll bar, 1 page', value: 0%
                      Other, 0x112c0a870, {{27.0, 2386.3}, {339.0, 3.0}}
                  TextView, 0x112c0aae0, {{24.0, 2420.3}, {345.0, 80.0}}, identifier: 'Text note-13', label: 'Text note-13', value: Field note 13. Lon...
                    Other, 0x112c0ac00, {{336.0, 2420.3}, {30.0, 80.0}}, label: 'Vertical scroll bar, 1 page', value: 0%
                      Other, 0x112c0ad20, {{363.0, 2423.3}, {3.0, 74.0}}
                    Other, 0x112c0ae40, {{24.0, 2467.3}, {345.0, 30.0}}, label: 'Horizontal scroll bar, 1 page', value: 0%
                      Other, 0x112c0af60, {{27.0, 2494.3}, {339.0, 3.0}}
                  TextView, 0x112c0b080, {{24.0, 2528.3}, {345.0, 80.0}}, identifier: 'Text note-14', label: 'Text note-14', value: Field note 14. Lon...
                    Other, 0x112c0b1a0, {{336.0, 2528.3}, {30.0, 80.0}}, label: 'Vertical scroll bar, 1 page', value: 0%
                      Other, 0x112c0b2c0, {{363.0, 2531.3}, {3.0, 74.0}}
                    Other, 0x112c0b3e0, {{24.0, 2575.3}, {345.0, 30.0}}, label: 'Horizontal scroll bar, 1 page', value: 0%
                      Other, 0x112c0b500, {{27.0, 2602.3}, {339.0, 3.0}}
                  TextView, 0x112c0b620, {{24.0, 2636.3}, {345.0, 80.0}}, identifier: 'Text note-15', label: 'Text note-15', value: Field note 15. Lon...
                    Other, 0x112c0b740, {{336.0, 2636.3}, {30.0, 80.0}}, label: 'Vertical scroll bar, 1 page', value: 0%
                      Other, 0x112c0b860, {{363.0, 2639.3}, {3.0, 74.0}}
                    Other, 0x112c0b980, {{24.0, 2683.3}, {345.0, 30.0}}, label: 'Horizontal scroll bar, 1 page', value: 0%
                      Other, 0x112c0baa0, {{27.0, 2710.3}, {339.0, 3.0}}
                  TextView, 0x112c0bbc0, {{24.0, 2744.3}, {345.0, 80.0}}, identifier: 'Text note-16', label: 'Text note-16', value: Field note 16. Lon...
                    Other, 0x112c0bce0, {{336.0, 2744.3}, {30.0, 80.0}}, label: 'Vertical scroll bar, 1 page', value: 0%
                      Other, 0x112c0be00, {{363.0, 2747.3}, {3.0, 74.0}}
                    Other, 0x112c0bf20, {{24.0, 2791.3}, {345.0, 30.0}}, label: 'Horizontal scroll bar, 1 page', value: 0%
                      Other, 0x101e0a190, {{27.0, 2818.3}, {339.0, 3.0}}
                  TextView, 0x101e5bce0, {{24.0, 2852.3}, {345.0, 80.0}}, identifier: 'Text note-17', label: 'Text note-17', value: Field note 17. Lon...
                    Other, 0x101e50650, {{336.0, 2852.3}, {30.0, 80.0}}, label: 'Vertical scroll bar, 1 page', value: 0%
                      Other, 0x101e3bfc0, {{363.0, 2855.3}, {3.0, 74.0}}
                    Other, 0x101e43590, {{24.0, 2899.3}, {345.0, 30.0}}, label: 'Horizontal scroll bar, 1 page', value: 0%
                      Other, 0x101e49340, {{27.0, 2926.3}, {339.0, 3.0}}
                  TextView, 0x101e28dc0, {{24.0, 2960.3}, {345.0, 80.0}}, identifier: 'Text note-18', label: 'Text note-18', value: Field note 18. Lon...
                    Other, 0x101e31030, {{336.0, 2960.3}, {30.0, 80.0}}, label: 'Vertical scroll bar, 1 page', value: 0%
                      Other, 0x101e2a020, {{363.0, 2963.3}, {3.0, 74.0}}
                    Other, 0x101e34650, {{24.0, 3007.3}, {345.0, 30.0}}, label: 'Horizontal scroll bar, 1 page', value: 0%
                      Other, 0x101e2bd50, {{27.0, 3034.3}, {339.0, 3.0}}
                  TextView, 0x101e1f070, {{24.0, 3068.3}, {345.0, 80.0}}, identifier: 'Text note-19', label: 'Text note-19', value: Field note 19. Lon...
                    Other, 0x101e12ab0, {{336.0, 3068.3}, {30.0, 80.0}}, label: 'Vertical scroll bar, 1 page', value: 0%
                      Other, 0x101e0fb50, {{363.0, 3071.3}, {3.0, 74.0}}
                    Other, 0x101e1de10, {{24.0, 3115.3}, {345.0, 30.0}}, label: 'Horizontal scroll bar, 1 page', value: 0%
                      Other, 0x101e073e0, {{27.0, 3142.3}, {339.0, 3.0}}
                  TextView, 0x101e09e20, {{24.0, 3176.3}, {345.0, 80.0}}, identifier: 'Text note-20', label: 'Text note-20', value: Field note 20. Lon...
                    Other, 0x101e04aa0, {{336.0, 3176.3}, {30.0, 80.0}}, label: 'Vertical scroll bar, 1 page', value: 0%
                      Other, 0x101e07a50, {{363.0, 3179.3}, {3.0, 74.0}}
                    Other, 0x101e07de0, {{24.0, 3223.3}, {345.0, 30.0}}, label: 'Horizontal scroll bar, 1 page', value: 0%
                      Other, 0x101e08170, {{27.0, 3250.3}, {339.0, 3.0}}
                  TextView, 0x101e05a00, {{24.0, 3284.3}, {345.0, 80.0}}, identifier: 'Text note-21', label: 'Text note-21', value: Field note 21. Lon...
                    Other, 0x101e0ab00, {{336.0, 3284.3}, {30.0, 80.0}}, label: 'Vertical scroll bar, 1 page', value: 0%
                      Other, 0x101e0ae80, {{363.0, 3287.3}, {3.0, 74.0}}
                    Other, 0x101e0d9f0, {{24.0, 3331.3}, {345.0, 30.0}}, label: 'Horizontal scroll bar, 1 page', value: 0%
                      Other, 0x101e0f200, {{27.0, 3358.3}, {339.0, 3.0}}
                  TextView, 0x101e0f5a0, {{24.0, 3392.3}, {345.0, 80.0}}, identifier: 'Text note-22', label: 'Text note-22', value: Field note 22. Lon...
                    Other, 0x101e10100, {{336.0, 3392.3}, {30.0, 80.0}}, label: 'Vertical scroll bar, 1 page', value: 0%
                      Other, 0x101e10480, {{363.0, 3395.3}, {3.0, 74.0}}
                    Other, 0x101e10810, {{24.0, 3439.3}, {345.0, 30.0}}, label: 'Horizontal scroll bar, 1 page', value: 0%
                      Other, 0x101e10ba0, {{27.0, 3466.3}, {339.0, 3.0}}
                  TextView, 0x101e10f40, {{24.0, 3500.3}, {345.0, 80.0}}, identifier: 'Text note-23', label: 'Text note-23', value: Field note 23. Lon...
                    Other, 0x101e112f0, {{336.0, 3500.3}, {30.0, 80.0}}, label: 'Vertical scroll bar, 1 page', value: 0%
                      Other, 0x101e11690, {{363.0, 3503.3}, {3.0, 74.0}}
                    Other, 0x101e11a20, {{24.0, 3547.3}, {345.0, 30.0}}, label: 'Horizontal scroll bar, 1 page', value: 0%
                      Other, 0x101e11dc0, {{27.0, 3574.3}, {339.0, 3.0}}
                  TextView, 0x101e12160, {{24.0, 3608.3}, {345.0, 80.0}}, identifier: 'Text note-24', label: 'Text note-24', value: Field note 24. Lon...
                    Other, 0x101e124f0, {{336.0, 3608.3}, {30.0, 80.0}}, label: 'Vertical scroll bar, 1 page', value: 0%
                      Other, 0x101e13040, {{363.0, 3611.3}, {3.0, 74.0}}
                    Other, 0x101e133c0, {{24.0, 3655.3}, {345.0, 30.0}}, label: 'Horizontal scroll bar, 1 page', value: 0%
                      Other, 0x101e13760, {{27.0, 3682.3}, {339.0, 3.0}}
                  TextView, 0x101e13af0, {{24.0, 3716.3}, {345.0, 80.0}}, identifier: 'Text note-25', label: 'Text note-25', value: Field note 25. Lon...
                    Other, 0x101e13e70, {{336.0, 3716.3}, {30.0, 80.0}}, label: 'Vertical scroll bar, 1 page', value: 0%
                      Other, 0x101e14200, {{363.0, 3719.3}, {3.0, 74.0}}
                    Other, 0x101e14570, {{24.0, 3763.3}, {345.0, 30.0}}, label: 'Horizontal scroll bar, 1 page', value: 0%
                      Other, 0x101e14910, {{27.0, 3790.3}, {339.0, 3.0}}
                  TextView, 0x101e14ca0, {{24.0, 3824.3}, {345.0, 80.0}}, identifier: 'Text note-26', label: 'Text note-26', value: Field note 26. Lon...
                    Other, 0x101e15030, {{336.0, 3824.3}, {30.0, 80.0}}, label: 'Vertical scroll bar, 1 page', value: 0%
                      Other, 0x101e153c0, {{363.0, 3827.3}, {3.0, 74.0}}
                    Other, 0x101e15730, {{24.0, 3871.3}, {345.0, 30.0}}, label: 'Horizontal scroll bar, 1 page', value: 0%
                      Other, 0x101e16290, {{27.0, 3898.3}, {339.0, 3.0}}
                  TextView, 0x101e16630, {{24.0, 3932.3}, {345.0, 80.0}}, identifier: 'Text note-27', label: 'Text note-27', value: Field note 27. Lon...
                    Other, 0x101e169a0, {{336.0, 3932.3}, {30.0, 80.0}}, label: 'Vertical scroll bar, 1 page', value: 0%
                      Other, 0x101e16d30, {{363.0, 3935.3}, {3.0, 74.0}}
                    Other, 0x101e170c0, {{24.0, 3979.3}, {345.0, 30.0}}, label: 'Horizontal scroll bar, 1 page', value: 0%
                      Other, 0x101e17450, {{27.0, 4006.3}, {339.0, 3.0}}
                  TextView, 0x101e177e0, {{24.0, 4040.3}, {345.0, 80.0}}, identifier: 'Text note-28', label: 'Text note-28', value: Field note 28. Lon...
                    Other, 0x101e17b60, {{336.0, 4040.3}, {30.0, 80.0}}, label: 'Vertical scroll bar, 1 page', value: 0%
                      Other, 0x112f05d70, {{363.0, 4043.3}, {3.0, 74.0}}
                    Other, 0x101d0fb90, {{24.0, 4087.3}, {345.0, 30.0}}, label: 'Horizontal scroll bar, 1 page', value: 0%
                      Other, 0x101d0f5f0, {{27.0, 4114.3}, {339.0, 3.0}}
                  TextView, 0x101d08e70, {{24.0, 4148.3}, {345.0, 80.0}}, identifier: 'Text note-29', label: 'Text note-29', value: Field note 29. Lon...
                    Other, 0x101d09770, {{336.0, 4148.3}, {30.0, 80.0}}, label: 'Vertical scroll bar, 1 page', value: 0%
                      Other, 0x101d11350, {{363.0, 4151.3}, {3.0, 74.0}}
                    Other, 0x101d101f0, {{24.0, 4195.3}, {345.0, 30.0}}, label: 'Horizontal scroll bar, 1 page', value: 0%
                      Other, 0x101d07e90, {{27.0, 4222.3}, {339.0, 3.0}}
                  TextView, 0x101d07fb0, {{24.0, 4256.3}, {345.0, 80.0}}, identifier: 'Text note-30', label: 'Text note-30', value: Field note 30. Lon...
                    Other, 0x101d080d0, {{336.0, 4256.3}, {30.0, 80.0}}, label: 'Vertical scroll bar, 1 page', value: 0%
                      Other, 0x101d081f0, {{363.0, 4259.3}, {3.0, 74.0}}
                    Other, 0x101d08310, {{24.0, 4303.3}, {345.0, 30.0}}, label: 'Horizontal scroll bar, 1 page', value: 0%
                      Other, 0x101d08430, {{27.0, 4330.3}, {339.0, 3.0}}
                  TextView, 0x101d08550, {{24.0, 4364.3}, {345.0, 80.0}}, identifier: 'Text note-31', label: 'Text note-31', value: Field note 31. Lon...
                    Other, 0x101d120f0, {{336.0, 4364.3}, {30.0, 80.0}}, label: 'Vertical scroll bar, 1 page', value: 0%
                      Other, 0x101d12210, {{363.0, 4367.3}, {3.0, 74.0}}
                    Other, 0x101d12330, {{24.0, 4411.3}, {345.0, 30.0}}, label: 'Horizontal scroll bar, 1 page', value: 0%
                      Other, 0x101d12450, {{27.0, 4438.3}, {339.0, 3.0}}
                  TextView, 0x101d12570, {{24.0, 4472.3}, {345.0, 80.0}}, identifier: 'Text note-32', label: 'Text note-32', value: Field note 32. Lon...
                    Other, 0x101d12690, {{336.0, 4472.3}, {30.0, 80.0}}, label: 'Vertical scroll bar, 1 page', value: 0%
                      Other, 0x101d127b0, {{363.0, 4475.3}, {3.0, 74.0}}
                    Other, 0x101d128d0, {{24.0, 4519.3}, {345.0, 30.0}}, label: 'Horizontal scroll bar, 1 page', value: 0%
                      Other, 0x101d129f0, {{27.0, 4546.3}, {339.0, 3.0}}
                  TextView, 0x101d12b10, {{24.0, 4580.3}, {345.0, 80.0}}, identifier: 'Text note-33', label: 'Text note-33', value: Field note 33. Lon...
                    Other, 0x101d12c30, {{336.0, 4580.3}, {30.0, 80.0}}, label: 'Vertical scroll bar, 1 page', value: 0%
                      Other, 0x101d12d50, {{363.0, 4583.3}, {3.0, 74.0}}
                    Other, 0x101d12e70, {{24.0, 4627.3}, {345.0, 30.0}}, label: 'Horizontal scroll bar, 1 page', value: 0%
                      Other, 0x101d12f90, {{27.0, 4654.3}, {339.0, 3.0}}
                  TextView, 0x101d130b0, {{24.0, 4688.3}, {345.0, 80.0}}, identifier: 'Text note-34', label: 'Text note-34', value: Field note 34. Lon...
                    Other, 0x101d131d0, {{336.0, 4688.3}, {30.0, 80.0}}, label: 'Vertical scroll bar, 1 page', value: 0%
                      Other, 0x101d132f0, {{363.0, 4691.3}, {3.0, 74.0}}
                    Other, 0x101d13410, {{24.0, 4735.3}, {345.0, 30.0}}, label: 'Horizontal scroll bar, 1 page', value: 0%
                      Other, 0x101d13530, {{27.0, 4762.3}, {339.0, 3.0}}
                  TextView, 0x101d13650, {{24.0, 4796.3}, {345.0, 80.0}}, identifier: 'Text note-35', label: 'Text note-35', value: Field note 35. Lon...
                    Other, 0x101d13770, {{336.0, 4796.3}, {30.0, 80.0}}, label: 'Vertical scroll bar, 1 page', value: 0%
                      Other, 0x101d13890, {{363.0, 4799.3}, {3.0, 74.0}}
                    Other, 0x101d139b0, {{24.0, 4843.3}, {345.0, 30.0}}, label: 'Horizontal scroll bar, 1 page', value: 0%
                      Other, 0x101d13ad0, {{27.0, 4870.3}, {339.0, 3.0}}
                  TextView, 0x101d13bf0, {{24.0, 4904.3}, {345.0, 80.0}}, identifier: 'Text note-36', label: 'Text note-36', value: Field note 36. Lon...
                    Other, 0x101d13d10, {{336.0, 4904.3}, {30.0, 80.0}}, label: 'Vertical scroll bar, 1 page', value: 0%
                      Other, 0x101d13e30, {{363.0, 4907.3}, {3.0, 74.0}}
                    Other, 0x101d13f50, {{24.0, 4951.3}, {345.0, 30.0}}, label: 'Horizontal scroll bar, 1 page', value: 0%
                      Other, 0x101d14070, {{27.0, 4978.3}, {339.0, 3.0}}
                  TextView, 0x101d14190, {{24.0, 5012.3}, {345.0, 80.0}}, identifier: 'Text note-37', label: 'Text note-37', value: Field note 37. Lon...
                    Other, 0x101d142b0, {{336.0, 5012.3}, {30.0, 80.0}}, label: 'Vertical scroll bar, 1 page', value: 0%
                      Other, 0x101d143d0, {{363.0, 5015.3}, {3.0, 74.0}}
                    Other, 0x101d144f0, {{24.0, 5059.3}, {345.0, 30.0}}, label: 'Horizontal scroll bar, 1 page', value: 0%
                      Other, 0x101d14610, {{27.0, 5086.3}, {339.0, 3.0}}
                  TextView, 0x101d14730, {{24.0, 5120.3}, {345.0, 80.0}}, identifier: 'Text note-38', label: 'Text note-38', value: Field note 38. Lon...
                    Other, 0x101d14850, {{336.0, 5120.3}, {30.0, 80.0}}, label: 'Vertical scroll bar, 1 page', value: 0%
                      Other, 0x101d14970, {{363.0, 5123.3}, {3.0, 74.0}}
                    Other, 0x101d14a90, {{24.0, 5167.3}, {345.0, 30.0}}, label: 'Horizontal scroll bar, 1 page', value: 0%
                      Other, 0x101d14bb0, {{27.0, 5194.3}, {339.0, 3.0}}
                  TextView, 0x101d14cd0, {{24.0, 5228.3}, {345.0, 80.0}}, identifier: 'Text note-39', label: 'Text note-39', value: Field note 39. Lon...
                    Other, 0x101d14df0, {{336.0, 5228.3}, {30.0, 80.0}}, label: 'Vertical scroll bar, 1 page', value: 0%
                      Other, 0x101d14f10, {{363.0, 5231.3}, {3.0, 74.0}}
                    Other, 0x101d15030, {{24.0, 5275.3}, {345.0, 30.0}}, label: 'Horizontal scroll bar, 1 page', value: 0%
                      Other, 0x101d15150, {{27.0, 5302.3}, {339.0, 3.0}}
                  TextView, 0x101d15270, {{24.0, 5336.3}, {345.0, 80.0}}, identifier: 'Text note-40', label: 'Text note-40', value: Field note 40. Lon...
                    Other, 0x101d15390, {{336.0, 5336.3}, {30.0, 80.0}}, label: 'Vertical scroll bar, 1 page', value: 0%
                      Other, 0x101d154b0, {{363.0, 5339.3}, {3.0, 74.0}}
                    Other, 0x101d155d0, {{24.0, 5383.3}, {345.0, 30.0}}, label: 'Horizontal scroll bar, 1 page', value: 0%
                      Other, 0x101d156f0, {{27.0, 5410.3}, {339.0, 3.0}}
                  TextView, 0x101d15810, {{24.0, 5444.3}, {345.0, 80.0}}, identifier: 'Text note-41', label: 'Text note-41', value: Field note 41. Lon...
                    Other, 0x101d15930, {{336.0, 5444.3}, {30.0, 80.0}}, label: 'Vertical scroll bar, 1 page', value: 0%
                      Other, 0x101d15a50, {{363.0, 5447.3}, {3.0, 74.0}}
                    Other, 0x101d15b70, {{24.0, 5491.3}, {345.0, 30.0}}, label: 'Horizontal scroll bar, 1 page', value: 0%
                      Other, 0x101d15c90, {{27.0, 5518.3}, {339.0, 3.0}}
                  TextView, 0x101d15db0, {{24.0, 5552.3}, {345.0, 80.0}}, identifier: 'Text note-42', label: 'Text note-42', value: Field note 42. Lon...
                    Other, 0x101d15ed0, {{336.0, 5552.3}, {30.0, 80.0}}, label: 'Vertical scroll bar, 1 page', value: 0%
                      Other, 0x101d15ff0, {{363.0, 5555.3}, {3.0, 74.0}}
                    Other, 0x101d16110, {{24.0, 5599.3}, {345.0, 30.0}}, label: 'Horizontal scroll bar, 1 page', value: 0%
                      Other, 0x101d16230, {{27.0, 5626.3}, {339.0, 3.0}}
                  TextView, 0x101d16350, {{24.0, 5660.3}, {345.0, 80.0}}, identifier: 'Text note-43', label: 'Text note-43', value: Field note 43. Lon...
                    Other, 0x101d16470, {{336.0, 5660.3}, {30.0, 80.0}}, label: 'Vertical scroll bar, 1 page', value: 0%
                      Other, 0x101d16590, {{363.0, 5663.3}, {3.0, 74.0}}
                    Other, 0x101d166b0, {{24.0, 5707.3}, {345.0, 30.0}}, label: 'Horizontal scroll bar, 1 page', value: 0%
                      Other, 0x101d167d0, {{27.0, 5734.3}, {339.0, 3.0}}
                  TextView, 0x101d168f0, {{24.0, 5768.3}, {345.0, 80.0}}, identifier: 'Text note-44', label: 'Text note-44', value: Field note 44. Lon...
                    Other, 0x101d16a10, {{336.0, 5768.3}, {30.0, 80.0}}, label: 'Vertical scroll bar, 1 page', value: 0%
                      Other, 0x101d16b30, {{363.0, 5771.3}, {3.0, 74.0}}
                    Other, 0x101d16c50, {{24.0, 5815.3}, {345.0, 30.0}}, label: 'Horizontal scroll bar, 1 page', value: 0%
                      Other, 0x101d16d70, {{27.0, 5842.3}, {339.0, 3.0}}
                  TextView, 0x101d16e90, {{24.0, 5876.3}, {345.0, 80.0}}, identifier: 'Text note-45', label: 'Text note-45', value: Field note 45. Lon...
                    Other, 0x101d16fb0, {{336.0, 5876.3}, {30.0, 80.0}}, label: 'Vertical scroll bar, 1 page', value: 0%
                      Other, 0x101d170d0, {{363.0, 5879.3}, {3.0, 74.0}}
                    Other, 0x101d171f0, {{24.0, 5923.3}, {345.0, 30.0}}, label: 'Horizontal scroll bar, 1 page', value: 0%
                      Other, 0x101d17310, {{27.0, 5950.3}, {339.0, 3.0}}
                  TextView, 0x101d17430, {{24.0, 5984.3}, {345.0, 80.0}}, identifier: 'Text note-46', label: 'Text note-46', value: Field note 46. Lon...
                    Other, 0x101d17550, {{336.0, 5984.3}, {30.0, 80.0}}, label: 'Vertical scroll bar, 1 page', value: 0%
                      Other, 0x101d17670, {{363.0, 5987.3}, {3.0, 74.0}}
                    Other, 0x101d17790, {{24.0, 6031.3}, {345.0, 30.0}}, label: 'Horizontal scroll bar, 1 page', value: 0%
                      Other, 0x101d178b0, {{27.0, 6058.3}, {339.0, 3.0}}
                  TextView, 0x101d179d0, {{24.0, 6092.3}, {345.0, 80.0}}, identifier: 'Text note-47', label: 'Text note-47', value: Field note 47. Lon...
                    Other, 0x101d17af0, {{336.0, 6092.3}, {30.0, 80.0}}, label: 'Vertical scroll bar, 1 page', value: 0%
                      Other, 0x101d17c10, {{363.0, 6095.3}, {3.0, 74.0}}
                    Other, 0x101d17d30, {{24.0, 6139.3}, {345.0, 30.0}}, label: 'Horizontal scroll bar, 1 page', value: 0%
                      Other, 0x101d17e50, {{27.0, 6166.3}, {339.0, 3.0}}
                  TextView, 0x101d17f70, {{24.0, 6200.3}, {345.0, 80.0}}, identifier: 'Text note-48', label: 'Text note-48', value: Field note 48. Lon...
                    Other, 0x101d18090, {{336.0, 6200.3}, {30.0, 80.0}}, label: 'Vertical scroll bar, 1 page', value: 0%
                      Other, 0x101d181b0, {{363.0, 6203.3}, {3.0, 74.0}}
                    Other, 0x101d182d0, {{24.0, 6247.3}, {345.0, 30.0}}, label: 'Horizontal scroll bar, 1 page', value: 0%
                      Other, 0x101d183f0, {{27.0, 6274.3}, {339.0, 3.0}}
                  TextView, 0x101d18510, {{24.0, 6308.3}, {345.0, 80.0}}, identifier: 'Text note-49', label: 'Text note-49', value: Field note 49. Lon...
                    Other, 0x101d18630, {{336.0, 6308.3}, {30.0, 80.0}}, label: 'Vertical scroll bar, 1 page', value: 0%
                      Other, 0x101d18750, {{363.0, 6311.3}, {3.0, 74.0}}
                    Other, 0x101d18870, {{24.0, 6355.3}, {345.0, 30.0}}, label: 'Horizontal scroll bar, 1 page', value: 0%
                      Other, 0x101d18990, {{27.0, 6382.3}, {339.0, 3.0}}
                  TextView, 0x101d18ab0, {{24.0, 6416.3}, {345.0, 80.0}}, identifier: 'Text note-50', label: 'Text note-50', value: Field note 50. Lon...
                    Other, 0x101d18bd0, {{336.0, 6416.3}, {30.0, 80.0}}, label: 'Vertical scroll bar, 1 page', value: 0%
                      Other, 0x101d18cf0, {{363.0, 6419.3}, {3.0, 74.0}}
                    Other, 0x101d18e10, {{24.0, 6463.3}, {345.0, 30.0}}, label: 'Horizontal scroll bar, 1 page', value: 0%
                      Other, 0x101d18f30, {{27.0, 6490.3}, {339.0, 3.0}}
                  TextView, 0x101d19050, {{24.0, 6524.3}, {345.0, 80.0}}, identifier: 'Text note-51', label: 'Text note-51', value: Field note 51. Lon...
                    Other, 0x101d19170, {{336.0, 6524.3}, {30.0, 80.0}}, label: 'Vertical scroll bar, 1 page', value: 0%
                      Other, 0x101d19290, {{363.0, 6527.3}, {3.0, 74.0}}
                    Other, 0x101d193b0, {{24.0, 6571.3}, {345.0, 30.0}}, label: 'Horizontal scroll bar, 1 page', value: 0%
                      Other, 0x101d194d0, {{27.0, 6598.3}, {339.0, 3.0}}
                  TextView, 0x101d195f0, {{24.0, 6632.3}, {345.0, 80.0}}, identifier: 'Text note-52', label: 'Text note-52', value: Field note 52. Lon...
                    Other, 0x101d19710, {{336.0, 6632.3}, {30.0, 80.0}}, label: 'Vertical scroll bar, 1 page', value: 0%
                      Other, 0x101d19830, {{363.0, 6635.3}, {3.0, 74.0}}
                    Other, 0x101d19950, {{24.0, 6679.3}, {345.0, 30.0}}, label: 'Horizontal scroll bar, 1 page', value: 0%
                      Other, 0x101d19a70, {{27.0, 6706.3}, {339.0, 3.0}}
                  TextView, 0x101d19b90, {{24.0, 6740.3}, {345.0, 80.0}}, identifier: 'Text note-53', label: 'Text note-53', value: Field note 53. Lon...
                    Other, 0x101d19cb0, {{336.0, 6740.3}, {30.0, 80.0}}, label: 'Vertical scroll bar, 1 page', value: 0%
                      Other, 0x101d19dd0, {{363.0, 6743.3}, {3.0, 74.0}}
                    Other, 0x101d19ef0, {{24.0, 6787.3}, {345.0, 30.0}}, label: 'Horizontal scroll bar, 1 page', value: 0%
                      Other, 0x101d1a010, {{27.0, 6814.3}, {339.0, 3.0}}
                  TextView, 0x101d1a130, {{24.0, 6848.3}, {345.0, 80.0}}, identifier: 'Text note-54', label: 'Text note-54', value: Field note 54. Lon...
                    Other, 0x101d1a250, {{336.0, 6848.3}, {30.0, 80.0}}, label: 'Vertical scroll bar, 1 page', value: 0%
                      Other, 0x101d1a370, {{363.0, 6851.3}, {3.0, 74.0}}
                    Other, 0x101d1a490, {{24.0, 6895.3}, {345.0, 30.0}}, label: 'Horizontal scroll bar, 1 page', value: 0%
                      Other, 0x101d1a5b0, {{27.0, 6922.3}, {339.0, 3.0}}
                  TextView, 0x101d08c50, {{24.0, 6956.3}, {345.0, 80.0}}, identifier: 'Text note-55', label: 'Text note-55', value: Field note 55. Lon...
                    Other, 0x101d1aa40, {{336.0, 6956.3}, {30.0, 80.0}}, label: 'Vertical scroll bar, 1 page', value: 0%
                      Other, 0x101d1ab60, {{363.0, 6959.3}, {3.0, 74.0}}
                    Other, 0x101d1ac80, {{24.0, 7003.3}, {345.0, 30.0}}, label: 'Horizontal scroll bar, 1 page', value: 0%
                      Other, 0x101d1ada0, {{27.0, 7030.3}, {339.0, 3.0}}
                  TextView, 0x101d1aec0, {{24.0, 7064.3}, {345.0, 80.0}}, identifier: 'Text note-56', label: 'Text note-56', value: Field note 56. Lon...
                    Other, 0x101d1afe0, {{336.0, 7064.3}, {30.0, 80.0}}, label: 'Vertical scroll bar, 1 page', value: 0%
                      Other, 0x101d1b100, {{363.0, 7067.3}, {3.0, 74.0}}
                    Other, 0x101d1b220, {{24.0, 7111.3}, {345.0, 30.0}}, label: 'Horizontal scroll bar, 1 page', value: 0%
                      Other, 0x101d1b340, {{27.0, 7138.3}, {339.0, 3.0}}
                  TextView, 0x101d1b460, {{24.0, 7172.3}, {345.0, 80.0}}, identifier: 'Text note-57', label: 'Text note-57', value: Field note 57. Lon...
                    Other, 0x101d1b580, {{336.0, 7172.3}, {30.0, 80.0}}, label: 'Vertical scroll bar, 1 page', value: 0%
                      Other, 0x101d1b6a0, {{363.0, 7175.3}, {3.0, 74.0}}
                    Other, 0x101d1b7c0, {{24.0, 7219.3}, {345.0, 30.0}}, label: 'Horizontal scroll bar, 1 page', value: 0%
                      Other, 0x101d1b8e0, {{27.0, 7246.3}, {339.0, 3.0}}
                  TextView, 0x101d1ba00, {{24.0, 7280.3}, {345.0, 80.0}}, identifier: 'Text note-58', label: 'Text note-58', value: Field note 58. Lon...
                    Other, 0x101d1bb20, {{336.0, 7280.3}, {30.0, 80.0}}, label: 'Vertical scroll bar, 1 page', value: 0%
                      Other, 0x101d1bc40, {{363.0, 7283.3}, {3.0, 74.0}}
                    Other, 0x101d1bd60, {{24.0, 7327.3}, {345.0, 30.0}}, label: 'Horizontal scroll bar, 1 page', value: 0%
                      Other, 0x101d1be80, {{27.0, 7354.3}, {339.0, 3.0}}
                  TextView, 0x101d1bfa0, {{24.0, 7388.3}, {345.0, 80.0}}, identifier: 'Text note-59', label: 'Text note-59', value: Field note 59. Lon...
                    Other, 0x101d1c0c0, {{336.0, 7388.3}, {30.0, 80.0}}, label: 'Vertical scroll bar, 1 page', value: 0%
                      Other, 0x101d1c1e0, {{363.0, 7391.3}, {3.0, 74.0}}
                    Other, 0x101d1c300, {{24.0, 7435.3}, {345.0, 30.0}}, label: 'Horizontal scroll bar, 1 page', value: 0%
                      Other, 0x101d1c420, {{27.0, 7462.3}, {339.0, 3.0}}
                  TextView, 0x101d1c540, {{24.0, 7496.3}, {345.0, 80.0}}, identifier: 'Text note-60', label: 'Text note-60', value: Field note 60. Lon...
                    Other, 0x101d1c660, {{336.0, 7496.3}, {30.0, 80.0}}, label: 'Vertical scroll bar, 1 page', value: 0%
                      Other, 0x101d1c780, {{363.0, 7499.3}, {3.0, 74.0}}
                    Other, 0x101d1c8a0, {{24.0, 7543.3}, {345.0, 30.0}}, label: 'Horizontal scroll bar, 1 page', value: 0%
                      Other, 0x101d1c9c0, {{27.0, 7570.3}, {339.0, 3.0}}
                  TextView, 0x101d1cae0, {{24.0, 7604.3}, {345.0, 51.3}}, identifier: 'Text closing', label: 'Text closing', value: Closing notes
                    Other, 0x101d1cc00, {{336.0, 7604.3}, {30.0, 51.3}}, label: 'Vertical scroll bar, 1 page', value: 0%
                      Other, 0x101d1cd20, {{363.0, 7607.3}, {3.0, 45.3}}
                    Other, 0x101d1ce40, {{24.0, 7627.0}, {345.0, 25.7}}, label: 'Horizontal scroll bar, 1 page', value: 0%
                      Other, 0x101d1cf60, {{27.0, 7649.7}, {339.0, 3.0}}
                Other, 0x101d1d080, {{360.0, 117.3}, {30.0, 577.7}}, label: 'Vertical scroll bar, 14 pages', value: 0%
                  Other, 0x101d1d1a0, {{387.0, 120.3}, {3.0, 43.7}}
                Other, 0x101d1d2c0, {{360.0, 117.3}, {30.0, 577.7}}, label: 'Vertical scroll bar, 14 pages', value: 0%
                  Other, 0x101d1d3e0, {{387.0, 120.3}, {3.0, 43.7}}
              ScrollView, 0x101d1d500, {{0.0, 695.0}, {393.0, 58.3}}
                Other, 0x101d1d620, {{0.0, 695.0}, {468.3, 58.3}}
                  Button, 0x101d1d740, {{12.0, 707.0}, {113.3, 34.3}}, label: 'Insert block'
                  Button, 0x101d1d860, {{137.3, 707.0}, {58.3, 34.3}}, identifier: 'Accessory bold', label: 'Bold', Disabled
                  Button, 0x101d1d980, {{207.7, 707.0}, {59.7, 34.3}}, identifier: 'Accessory italic', label: 'Italic', Disabled
                  Button, 0x101d1daa0, {{279.3, 707.0}, {177.0, 34.3}}, label: 'Select current block'
                Other, 0x101d1dbc0, {{0.0, 721.2}, {393.0, 29.2}}, label: 'Horizontal scroll bar, 2 pages', value: 0%
                  Other, 0x101d1dce0, {{383.0, 747.3}, {7.0, 3.0}}
                Other, 0x101d1de00, {{0.0, 721.2}, {393.0, 29.2}}, label: 'Horizontal scroll bar, 2 pages', value: 0%
                  Other, 0x101d1df20, {{383.0, 747.3}, {7.0, 3.0}}
              StaticText, 0x101d1e040, {{144.2, 761.3}, {104.7, 14.3}}, identifier: 'Review action', label: 'Title Enter to body'
              StaticText, 0x101d1e160, {{22.3, 779.7}, {348.3, 30.3}}, label: 'ST-121 local interaction study · body: shared protocol 6 · title/columns: review state'
    Window, 0x101e17ed0, {{0.0, 0.0}, {393.0, 852.0}}
      Other, 0x101e18250, {{0.0, 0.0}, {393.0, 852.0}}
        Other, 0x101e18600, {{0.0, 0.0}, {393.0, 852.0}}
Path to element:
 →Application, 0x112f042a0, pid: 41124, label: 'ModernPrototypePhone'
Query chain:
 →Find: Target Application 'studio.seventwo.blockeditor.st121.ios'
  Output: {
    Application, 0x106a045a0, pid: 41124, label: 'ModernPrototypePhone'
  }

    t =    11.40s         Requesting snapshot of accessibility hierarchy for app with pid 41124
    t =    11.57s     Wait for studio.seventwo.blockeditor.st121.ios to idle
    t =    12.58s     Retrying `Type 'Keyboard start ' into Target Application 'studio.seventwo.blockeditor.st121.ios'` (attempt #2)
    t =    12.58s         Wait for studio.seventwo.blockeditor.st121.ios to idle
    t =    12.58s         Find the Target Application 'studio.seventwo.blockeditor.st121.ios'
    t =    12.64s         Check for interrupting elements affecting "ModernPrototypePhone" Application
    t =    12.72s         Synthesize event
    t =    12.72s             Get number of matches for: Elements containing elements matching predicate 'hasKeyboardFocus == 1'
    t =    12.79s             Requesting snapshot of accessibility hierarchy for app with pid 41124
    t =    13.63s             Requesting snapshot of accessibility hierarchy for app with pid 41124
    t =    13.77s             Requesting snapshot of accessibility hierarchy for app with pid 41124
    t =    14.63s             Requesting snapshot of accessibility hierarchy for app with pid 41124
    t =    14.77s             Failed: Neither element nor any descendant has keyboard focus. Event dispatch snapshot: Application, pid: 41124, label: 'ModernPrototypePhone'
Element debug description:
Attributes: Application, 0x106f04b20, pid: 41124, label: 'ModernPrototypePhone'
Element subtree:
 →Application, 0x106f04b20, pid: 41124, label: 'ModernPrototypePhone'
    Window (Main), 0x106f066a0, {{0.0, 0.0}, {393.0, 852.0}}
      Other, 0x106f06a60, {{0.0, 0.0}, {393.0, 852.0}}
        Other, 0x106f06b80, {{0.0, 0.0}, {393.0, 852.0}}
          Other, 0x106f067c0, {{0.0, 0.0}, {393.0, 852.0}}
            Other, 0x106f068e0, {{0.0, 0.0}, {393.0, 852.0}}
              ScrollView, 0x106f06ca0, {{0.0, 0.0}, {393.0, 117.3}}
                Other, 0x106f06dc0, {{0.0, 0.0}, {745.3, 117.3}}
                  Button, 0x106f06ee0, {{12.0, 78.0}, {87.3, 20.3}}, label: 'Outline'
                    Image, 0x106f07000, {{14.0, 82.0}, {21.0, 12.3}}, identifier: 'list.bullet.indent', label: 'Bulletest List Indent'
                    StaticText, 0x106f07120, {{12.0, 78.0}, {87.3, 20.3}}, label: 'Outline'
                  Button, 0x106f07240, {{111.3, 78.0}, {74.3, 20.3}}, label: 'Focus'
                    Image, 0x106f07360, {{113.3, 80.0}, {16.3, 16.3}}, identifier: 'viewfinder', label: 'Scan'
                    StaticText, 0x106f07480, {{111.3, 78.0}, {74.3, 20.3}}, label: 'Focus'
                  Button, 0x106f075a0, {{197.7, 78.0}, {69.3, 20.3}}, label: 'Insert'
                    Image, 0x106f076c0, {{199.7, 81.3}, {14.0, 14.0}}, identifier: 'plus', label: 'Add'
                    StaticText, 0x106f077e0, {{197.7, 78.0}, {69.3, 20.3}}, label: 'Insert'
                  Switch, 0x106f07900, {{291.0, 78.0}, {102.0, 20.3}}, label: 'Select blocks', value: 0
                  Switch, 0x106f07a20, {{449.0, 78.0}, {76.3, 20.3}}, label: 'Large text', value: 0
                  Switch, 0x106f07b40, {{561.3, 78.0}, {36.0, 20.3}}, label: 'Dark', value: 0
                  Switch, 0x106f07c60, {{621.3, 71.0}, {112.0, 34.3}}, label: 'Touch tools', value: 1
                Other, 0x106f07d80, {{0.0, 84.3}, {393.0, 30.0}}, label: 'Horizontal scroll bar, 2 pages', value: 0%
                  Other, 0x106f07ea0, {{383.0, 111.3}, {7.0, 3.0}}
                Other, 0x106f07fc0, {{0.0, 84.3}, {393.0, 30.0}}, label: 'Horizontal scroll bar, 2 pages', value: 0%
                  Other, 0x106f080e0, {{383.0, 111.3}, {7.0, 3.0}}
              ScrollView, 0x106f08200, {{0.0, 117.3}, {393.0, 577.7}}
                Other, 0x106f08320, {{0.0, 117.3}, {393.0, 7574.3}}
                  TextField, 0x106f08440, {{20.0, 149.3}, {353.0, 44.0}}, identifier: 'Document title', label: 'Document title', placeholderValue: 'Untitled', value: Studio field keybo...
                  TextView, 0x106f08560, {{24.0, 217.3}, {345.0, 54.0}}, identifier: 'Text intro', label: 'Text intro', value: Start with the doc...
                    Other, 0x106f08680, {{336.0, 217.3}, {30.0, 54.0}}, label: 'Vertical scroll bar, 1 page', value: 0%
                      Other, 0x106f087a0, {{363.0, 220.3}, {3.0, 48.0}}
                    Other, 0x106f088c0, {{24.0, 241.3}, {345.0, 27.0}}, label: 'Horizontal scroll bar, 1 page', value: 0%
                      Other, 0x106f089e0, {{27.0, 265.3}, {339.0, 3.0}}
                  Button, 0x106f08b00, {{24.0, 279.3}, {76.0, 14.3}}, identifier: 'Block actions intro', label: 'Block actions', value: paragraph
                    Button, 0x106f08c20, {{24.0, 279.3}, {76.0, 14.3}}
                      StaticText, 0x106f08d40, {{24.0, 279.5}, {76.0, 14.3}}, label: 'Block actions'
                  TextView, 0x106f08e60, {{24.0, 321.7}, {345.0, 36.3}}, identifier: 'Text first', label: 'Text first', value: First thought
                    Other, 0x106f08f80, {{336.0, 321.7}, {30.0, 36.3}}, label: 'Vertical scroll bar, 1 page', value: 0%
                      Other, 0x106f090a0, {{363.0, 319.0}, {3.0, 36.0}}
                    Other, 0x106f091c0, {{24.0, 336.8}, {345.0, 18.2}}, label: 'Horizontal scroll bar, 1 page', value: 0%
                      Other, 0x106f092e0, {{27.0, 352.0}, {339.0, 3.0}}
                  TextView, 0x106f09400, {{24.0, 386.0}, {345.0, 36.0}}, identifier: 'Text second', label: 'Text second', value: Second thought
                    Other, 0x106f09520, {{336.0, 386.0}, {30.0, 36.0}}, label: 'Vertical scroll bar, 1 page', value: 0%
                      Other, 0x106f09640, {{363.0, 383.0}, {3.0, 36.0}}
                    Other, 0x106f09760, {{24.0, 401.0}, {345.0, 18.0}}, label: 'Horizontal scroll bar, 1 page', value: 0%
                      Other, 0x106f09880, {{27.0, 416.0}, {339.0, 3.0}}
                  TextView, 0x106f099a0, {{24.0, 450.0}, {345.0, 51.3}}, identifier: 'Text section', label: 'Text section', value: Structured notes
                    Other, 0x106f09ac0, {{336.0, 450.0}, {30.0, 51.3}}, label: 'Vertical scroll bar, 1 page', value: 0%
                      Other, 0x106f09be0, {{363.0, 453.0}, {3.0, 45.3}}
                    Other, 0x106f09d00, {{24.0, 472.7}, {345.0, 25.7}}, label: 'Horizontal scroll bar, 1 page', value: 0%
                      Other, 0x106f09e20, {{27.0, 495.3}, {339.0, 3.0}}
                  ScrollView, 0x106f09f40, {{24.0, 529.3}, {345.0, 60.0}}
                    Other, 0x106f0a060, {{24.0, 529.3}, {356.0, 60.0}}
                      TextView, 0x106f0a180, {{36.0, 541.3}, {160.0, 36.0}}, identifier: 'Cell left', label: 'Cell left', value: First cell
                        Other, 0x106f0a2a0, {{163.0, 541.3}, {30.0, 36.0}}, label: 'Vertical scroll bar, 1 page', value: 0%
                          Other, 0x106f0a3c0, {{190.0, 538.3}, {3.0, 36.0}}
                        Other, 0x106f0a4e0, {{36.0, 556.3}, {160.0, 18.0}}, label: 'Horizontal scroll bar, 1 page', value: 0%
                          Other, 0x106f0a600, {{39.0, 571.3}, {154.0, 3.0}}
                      TextView, 0x106f0a720, {{208.0, 541.3}, {160.0, 36.0}}, identifier: 'Cell right', label: 'Cell right', value: Second cell
                        Other, 0x106f0a840, {{335.0, 541.3}, {30.0, 36.0}}, label: 'Vertical scroll bar, 1 page', value: 0%
                          Other, 0x106f0a960, {{362.0, 538.3}, {3.0, 36.0}}
                        Other, 0x106f0aa80, {{208.0, 556.3}, {160.0, 18.0}}, label: 'Horizontal scroll bar, 1 page', value: 0%
                          Other, 0x106f0aba0, {{211.0, 571.3}, {154.0, 3.0}}
                    Other, 0x106f0acc0, {{24.0, 556.3}, {345.0, 30.0}}, label: 'Horizontal scroll bar, 2 pages', value: 0%
                      Other, 0x106f0ade0, {{359.0, 583.3}, {7.0, 3.0}}
                    Other, 0x112c06600, {{24.0, 556.3}, {345.0, 30.0}}, label: 'Horizontal scroll bar, 2 pages', value: 0%
                      Other, 0x112c07320, {{359.0, 583.3}, {7.0, 3.0}}
                  Button, 0x112c07440, {{24.0, 617.3}, {345.0, 44.0}}, identifier: 'Toggle toggle-Disclosure toggle', label: 'Toggle toggle', value: Details
                    TextView, 0x112c07560, {{24.0, 621.3}, {246.7, 36.0}}, identifier: 'Toggle toggle', label: 'Toggle toggle', value: Details
                      Other, 0x112c07680, {{237.7, 621.3}, {30.0, 36.0}}, label: 'Vertical scroll bar, 1 page', value: 0%
                        Other, 0x112c077a0, {{264.7, 618.3}, {3.0, 36.0}}
                      Other, 0x112c078c0, {{24.0, 636.3}, {246.7, 18.0}}, label: 'Horizontal scroll bar, 1 page', value: 0%
                        Other, 0x112c079e0, {{27.0, 651.3}, {240.7, 3.0}}
                    Button, 0x112c07b00, {{278.7, 632.3}, {72.0, 14.3}}, identifier: 'Disclosure toggle', label: 'Show details'
                    Image, 0x112c07c20, {{361.3, 633.3}, {7.0, 12.0}}, identifier: 'collapsed'
                  StaticText, 0x112c07d40, {{24.0, 695.5}, {7.7, 20.3}}, label: '•'
                  TextView, 0x112c07e60, {{39.7, 689.3}, {329.3, 36.3}}, identifier: 'List parent', label: 'List parent', value: Parent item
                    Other, 0x112c07f80, {{336.0, 689.3}, {30.0, 36.3}}, label: 'Vertical scroll bar, 1 page', value: 0%
                      Other, 0x112c080a0, {{363.0, 686.7}, {3.0, 36.0}}
                    Other, 0x112c081c0, {{39.7, 704.5}, {329.3, 18.2}}, label: 'Horizontal scroll bar, 1 page', value: 0%
                      Other, 0x112c082e0, {{42.7, 719.7}, {323.3, 3.0}}
                  StaticText, 0x112c08400, {{48.0, 739.5}, {7.7, 20.3}}, label: '•'
                  TextView, 0x112c08520, {{63.7, 733.7}, {305.3, 36.0}}, identifier: 'List child', label: 'List child', value: Nested list item
                    Other, 0x112c08640, {{336.0, 733.7}, {30.0, 36.0}}, label: 'Vertical scroll bar, 1 page', value: 0%
                      Other, 0x112c08760, {{363.0, 730.7}, {3.0, 36.0}}
                    Other, 0x112c08880, {{63.7, 748.7}, {305.3, 18.0}}, label: 'Horizontal scroll bar, 1 page', value: 0%
                      Other, 0x112c089a0, {{66.7, 763.7}, {299.3, 3.0}}
                  Image, 0x112c08ac0, {{24.0, 797.7}, {345.0, 150.0}}, identifier: 'mountain.2', label: 'Local coastline illustration'
                  TextView, 0x112c08be0, {{24.0, 955.7}, {345.0, 32.7}}, identifier: 'Media caption', label: 'Media caption', value: A local visual ref...
                    Other, 0x112c08d00, {{336.0, 955.7}, {30.0, 32.7}}, label: 'Vertical scroll bar, 1 page', value: 0%
                      Other, 0x112c08e20, {{363.0, 949.3}, {3.0, 36.0}}
                    Other, 0x112c08f40, {{24.0, 969.0}, {345.0, 16.3}}, label: 'Horizontal scroll bar, 1 page', value: 0%
                      Other, 0x112c09060, {{27.0, 982.3}, {339.0, 3.0}}
                  TextView, 0x112c09180, {{24.0, 1016.3}, {345.0, 80.0}}, identifier: 'Code review-code', label: 'Code review-code', value: 	let coast = "世界😀...
                    Other, 0x112c092a0, {{336.0, 1016.3}, {30.0, 80.0}}, label: 'Vertical scroll bar, 1 page', value: 0%
                      Other, 0x112c093c0, {{363.0, 1019.3}, {3.0, 74.0}}
                    Other, 0x112c094e0, {{24.0, 1063.3}, {345.0, 30.0}}, label: 'Horizontal scroll bar, 1 page', value: 0%
                      Other, 0x112c09600, {{27.0, 1090.3}, {339.0, 3.0}}
                  TextView, 0x112c09720, {{24.0, 1124.3}, {345.0, 80.0}}, identifier: 'Text note-1', label: 'Text note-1', value: Field note 1. Long...
                    Other, 0x112c09840, {{336.0, 1124.3}, {30.0, 80.0}}, label: 'Vertical scroll bar, 1 page', value: 0%
                      Other, 0x112c09960, {{363.0, 1127.3}, {3.0, 74.0}}
                    Other, 0x112c09a80, {{24.0, 1171.3}, {345.0, 30.0}}, label: 'Horizontal scroll bar, 1 page', value: 0%
                      Other, 0x112c09ba0, {{27.0, 1198.3}, {339.0, 3.0}}
                  TextView, 0x112c09cc0, {{24.0, 1232.3}, {345.0, 80.0}}, identifier: 'Text note-2', label: 'Text note-2', value: Field note 2. Long...
                    Other, 0x112c09de0, {{336.0, 1232.3}, {30.0, 80.0}}, label: 'Vertical scroll bar, 1 page', value: 0%
                      Other, 0x112c09f00, {{363.0, 1235.3}, {3.0, 74.0}}
                    Other, 0x112c0a020, {{24.0, 1279.3}, {345.0, 30.0}}, label: 'Horizontal scroll bar, 1 page', value: 0%
                      Other, 0x112c0a140, {{27.0, 1306.3}, {339.0, 3.0}}
                  TextView, 0x112c0a260, {{24.0, 1340.3}, {345.0, 80.0}}, identifier: 'Text note-3', label: 'Text note-3', value: Field note 3. Long...
                    Other, 0x112c0a380, {{336.0, 1340.3}, {30.0, 80.0}}, label: 'Vertical scroll bar, 1 page', value: 0%
                      Other, 0x112c0a4a0, {{363.0, 1343.3}, {3.0, 74.0}}
                    Other, 0x112c0a5c0, {{24.0, 1387.3}, {345.0, 30.0}}, label: 'Horizontal scroll bar, 1 page', value: 0%
                      Other, 0x112c0a6e0, {{27.0, 1414.3}, {339.0, 3.0}}
                  TextView, 0x112c0a800, {{24.0, 1448.3}, {345.0, 80.0}}, identifier: 'Text note-4', label: 'Text note-4', value: Field note 4. Long...
                    Other, 0x112c0a920, {{336.0, 1448.3}, {30.0, 80.0}}, label: 'Vertical scroll bar, 1 page', value: 0%
                      Other, 0x112c0aa40, {{363.0, 1451.3}, {3.0, 74.0}}
                    Other, 0x112f04920, {{24.0, 1495.3}, {345.0, 30.0}}, label: 'Horizontal scroll bar, 1 page', value: 0%
                      Other, 0x112f04a40, {{27.0, 1522.3}, {339.0, 3.0}}
                  TextView, 0x112f04b60, {{24.0, 1556.3}, {345.0, 80.0}}, identifier: 'Text note-5', label: 'Text note-5', value: Field note 5. Long...
                    Other, 0x112f04c80, {{336.0, 1556.3}, {30.0, 80.0}}, label: 'Vertical scroll bar, 1 page', value: 0%
                      Other, 0x112f04da0, {{363.0, 1559.3}, {3.0, 74.0}}
                    Other, 0x112f04ec0, {{24.0, 1603.3}, {345.0, 30.0}}, label: 'Horizontal scroll bar, 1 page', value: 0%
                      Other, 0x112f04fe0, {{27.0, 1630.3}, {339.0, 3.0}}
                  TextView, 0x112f05100, {{24.0, 1664.3}, {345.0, 80.0}}, identifier: 'Text note-6', label: 'Text note-6', value: Field note 6. Long...
                    Other, 0x112f05220, {{336.0, 1664.3}, {30.0, 80.0}}, label: 'Vertical scroll bar, 1 page', value: 0%
                      Other, 0x112f05340, {{363.0, 1667.3}, {3.0, 74.0}}
                    Other, 0x112f05460, {{24.0, 1711.3}, {345.0, 30.0}}, label: 'Horizontal scroll bar, 1 page', value: 0%
                      Other, 0x112c0ab60, {{27.0, 1738.3}, {339.0, 3.0}}
                  TextView, 0x112c0ac80, {{24.0, 1772.3}, {345.0, 80.0}}, identifier: 'Text note-7', label: 'Text note-7', value: Field note 7. Long...
                    Other, 0x112c0ada0, {{336.0, 1772.3}, {30.0, 80.0}}, label: 'Vertical scroll bar, 1 page', value: 0%
                      Other, 0x112c0aec0, {{363.0, 1775.3}, {3.0, 74.0}}
                    Other, 0x112c0afe0, {{24.0, 1819.3}, {345.0, 30.0}}, label: 'Horizontal scroll bar, 1 page', value: 0%
                      Other, 0x112c0b100, {{27.0, 1846.3}, {339.0, 3.0}}
                  TextView, 0x112c0b220, {{24.0, 1880.3}, {345.0, 80.0}}, identifier: 'Text note-8', label: 'Text note-8', value: Field note 8. Long...
                    Other, 0x112c0b340, {{336.0, 1880.3}, {30.0, 80.0}}, label: 'Vertical scroll bar, 1 page', value: 0%
                      Other, 0x112c0b460, {{363.0, 1883.3}, {3.0, 74.0}}
                    Other, 0x112c0b580, {{24.0, 1927.3}, {345.0, 30.0}}, label: 'Horizontal scroll bar, 1 page', value: 0%
                      Other, 0x112c0b6a0, {{27.0, 1954.3}, {339.0, 3.0}}
                  TextView, 0x112c0b7c0, {{24.0, 1988.3}, {345.0, 80.0}}, identifier: 'Text note-9', label: 'Text note-9', value: Field note 9. Long...
                    Other, 0x112c0b8e0, {{336.0, 1988.3}, {30.0, 80.0}}, label: 'Vertical scroll bar, 1 page', value: 0%
                      Other, 0x112c0ba00, {{363.0, 1991.3}, {3.0, 74.0}}
                    Other, 0x112c0bb20, {{24.0, 2035.3}, {345.0, 30.0}}, label: 'Horizontal scroll bar, 1 page', value: 0%
                      Other, 0x112c0bc40, {{27.0, 2062.3}, {339.0, 3.0}}
                  TextView, 0x112c0bd60, {{24.0, 2096.3}, {345.0, 80.0}}, identifier: 'Text note-10', label: 'Text note-10', value: Field note 10. Lon...
                    Other, 0x112c0be80, {{336.0, 2096.3}, {30.0, 80.0}}, label: 'Vertical scroll bar, 1 page', value: 0%
                      Other, 0x112c0bfa0, {{363.0, 2099.3}, {3.0, 74.0}}
                    Other, 0x112c0c0c0, {{24.0, 2143.3}, {345.0, 30.0}}, label: 'Horizontal scroll bar, 1 page', value: 0%
                      Other, 0x112c0c1e0, {{27.0, 2170.3}, {339.0, 3.0}}
                  TextView, 0x112c0c300, {{24.0, 2204.3}, {345.0, 80.0}}, identifier: 'Text note-11', label: 'Text note-11', value: Field note 11. Lon...
                    Other, 0x112c0c420, {{336.0, 2204.3}, {30.0, 80.0}}, label: 'Vertical scroll bar, 1 page', value: 0%
                      Other, 0x112c0c540, {{363.0, 2207.3}, {3.0, 74.0}}
                    Other, 0x112c0c660, {{24.0, 2251.3}, {345.0, 30.0}}, label: 'Horizontal scroll bar, 1 page', value: 0%
                      Other, 0x112c0c780, {{27.0, 2278.3}, {339.0, 3.0}}
                  TextView, 0x112c0c8a0, {{24.0, 2312.3}, {345.0, 80.0}}, identifier: 'Text note-12', label: 'Text note-12', value: Field note 12. Lon...
                    Other, 0x112c0c9c0, {{336.0, 2312.3}, {30.0, 80.0}}, label: 'Vertical scroll bar, 1 page', value: 0%
                      Other, 0x112c0cae0, {{363.0, 2315.3}, {3.0, 74.0}}
                    Other, 0x112c0cc00, {{24.0, 2359.3}, {345.0, 30.0}}, label: 'Horizontal scroll bar, 1 page', value: 0%
                      Other, 0x112c0cd20, {{27.0, 2386.3}, {339.0, 3.0}}
                  TextView, 0x112c0cf90, {{24.0, 2420.3}, {345.0, 80.0}}, identifier: 'Text note-13', label: 'Text note-13', value: Field note 13. Lon...
                    Other, 0x112c0d0b0, {{336.0, 2420.3}, {30.0, 80.0}}, label: 'Vertical scroll bar, 1 page', value: 0%
                      Other, 0x112c0d1d0, {{363.0, 2423.3}, {3.0, 74.0}}
                    Other, 0x101c04080, {{24.0, 2467.3}, {345.0, 30.0}}, label: 'Horizontal scroll bar, 1 page', value: 0%
                      Other, 0x106a045a0, {{27.0, 2494.3}, {339.0, 3.0}}
                  TextView, 0x112f05580, {{24.0, 2528.3}, {345.0, 80.0}}, identifier: 'Text note-14', label: 'Text note-14', value: Field note 14. Lon...
                    Other, 0x112f056a0, {{336.0, 2528.3}, {30.0, 80.0}}, label: 'Vertical scroll bar, 1 page', value: 0%
                      Other, 0x112f057c0, {{363.0, 2531.3}, {3.0, 74.0}}
                    Other, 0x112f058e0, {{24.0, 2575.3}, {345.0, 30.0}}, label: 'Horizontal scroll bar, 1 page', value: 0%
                      Other, 0x112f05a00, {{27.0, 2602.3}, {339.0, 3.0}}
                  TextView, 0x112f05b20, {{24.0, 2636.3}, {345.0, 80.0}}, identifier: 'Text note-15', label: 'Text note-15', value: Field note 15. Lon...
                    Other, 0x112f05c40, {{336.0, 2636.3}, {30.0, 80.0}}, label: 'Vertical scroll bar, 1 page', value: 0%
                      Other, 0x112f05d60, {{363.0, 2639.3}, {3.0, 74.0}}
                    Other, 0x112f05e80, {{24.0, 2683.3}, {345.0, 30.0}}, label: 'Horizontal scroll bar, 1 page', value: 0%
                      Other, 0x112f05fa0, {{27.0, 2710.3}, {339.0, 3.0}}
                  TextView, 0x112f060c0, {{24.0, 2744.3}, {345.0, 80.0}}, identifier: 'Text note-16', label: 'Text note-16', value: Field note 16. Lon...
                    Other, 0x112c0d2f0, {{336.0, 2744.3}, {30.0, 80.0}}, label: 'Vertical scroll bar, 1 page', value: 0%
                      Other, 0x112c0d410, {{363.0, 2747.3}, {3.0, 74.0}}
                    Other, 0x112f061e0, {{24.0, 2791.3}, {345.0, 30.0}}, label: 'Horizontal scroll bar, 1 page', value: 0%
                      Other, 0x112f06300, {{27.0, 2818.3}, {339.0, 3.0}}
                  TextView, 0x112f06420, {{24.0, 2852.3}, {345.0, 80.0}}, identifier: 'Text note-17', label: 'Text note-17', value: Field note 17. Lon...
                    Other, 0x112a05c00, {{336.0, 2852.3}, {30.0, 80.0}}, label: 'Vertical scroll bar, 1 page', value: 0%
                      Other, 0x112f06540, {{363.0, 2855.3}, {3.0, 74.0}}
                    Other, 0x112a07de0, {{24.0, 2899.3}, {345.0, 30.0}}, label: 'Horizontal scroll bar, 1 page', value: 0%
                      Other, 0x112a07f00, {{27.0, 2926.3}, {339.0, 3.0}}
                  TextView, 0x112a08020, {{24.0, 2960.3}, {345.0, 80.0}}, identifier: 'Text note-18', label: 'Text note-18', value: Field note 18. Lon...
                    Other, 0x112a08140, {{336.0, 2960.3}, {30.0, 80.0}}, label: 'Vertical scroll bar, 1 page', value: 0%
                      Other, 0x102004480, {{363.0, 2963.3}, {3.0, 74.0}}
                    Other, 0x102004a80, {{24.0, 3007.3}, {345.0, 30.0}}, label: 'Horizontal scroll bar, 1 page', value: 0%
                      Other, 0x102004e50, {{27.0, 3034.3}, {339.0, 3.0}}
                  TextView, 0x102004f70, {{24.0, 3068.3}, {345.0, 80.0}}, identifier: 'Text note-19', label: 'Text note-19', value: Field note 19. Lon...
                    Other, 0x102005090, {{336.0, 3068.3}, {30.0, 80.0}}, label: 'Vertical scroll bar, 1 page', value: 0%
                      Other, 0x1020051b0, {{363.0, 3071.3}, {3.0, 74.0}}
                    Other, 0x1020052d0, {{24.0, 3115.3}, {345.0, 30.0}}, label: 'Horizontal scroll bar, 1 page', value: 0%
                      Other, 0x106f0af00, {{27.0, 3142.3}, {339.0, 3.0}}
                  TextView, 0x106f0b020, {{24.0, 3176.3}, {345.0, 80.0}}, identifier: 'Text note-20', label: 'Text note-20', value: Field note 20. Lon...
                    Other, 0x112c0d530, {{336.0, 3176.3}, {30.0, 80.0}}, label: 'Vertical scroll bar, 1 page', value: 0%
                      Other, 0x112c0d650, {{363.0, 3179.3}, {3.0, 74.0}}
                    Other, 0x112c0d770, {{24.0, 3223.3}, {345.0, 30.0}}, label: 'Horizontal scroll bar, 1 page', value: 0%
                      Other, 0x112c0d890, {{27.0, 3250.3}, {339.0, 3.0}}
                  TextView, 0x112c0d9b0, {{24.0, 3284.3}, {345.0, 80.0}}, identifier: 'Text note-21', label: 'Text note-21', value: Field note 21. Lon...
                    Other, 0x112c0dad0, {{336.0, 3284.3}, {30.0, 80.0}}, label: 'Vertical scroll bar, 1 page', value: 0%
                      Other, 0x112c0dbf0, {{363.0, 3287.3}, {3.0, 74.0}}
                    Other, 0x112c0dd10, {{24.0, 3331.3}, {345.0, 30.0}}, label: 'Horizontal scroll bar, 1 page', value: 0%
                      Other, 0x112c0de30, {{27.0, 3358.3}, {339.0, 3.0}}
                  TextView, 0x112c0df50, {{24.0, 3392.3}, {345.0, 80.0}}, identifier: 'Text note-22', label: 'Text note-22', value: Field note 22. Lon...
                    Other, 0x106f0b140, {{336.0, 3392.3}, {30.0, 80.0}}, label: 'Vertical scroll bar, 1 page', value: 0%
                      Other, 0x106f0b260, {{363.0, 3395.3}, {3.0, 74.0}}
                    Other, 0x106f0b380, {{24.0, 3439.3}, {345.0, 30.0}}, label: 'Horizontal scroll bar, 1 page', value: 0%
                      Other, 0x106f0b4a0, {{27.0, 3466.3}, {339.0, 3.0}}
                  TextView, 0x106f0b5c0, {{24.0, 3500.3}, {345.0, 80.0}}, identifier: 'Text note-23', label: 'Text note-23', value: Field note 23. Lon...
                    Other, 0x106f0b6e0, {{336.0, 3500.3}, {30.0, 80.0}}, label: 'Vertical scroll bar, 1 page', value: 0%
                      Other, 0x112a08260, {{363.0, 3503.3}, {3.0, 74.0}}
                    Other, 0x112a08380, {{24.0, 3547.3}, {345.0, 30.0}}, label: 'Horizontal scroll bar, 1 page', value: 0%
                      Other, 0x112c0e070, {{27.0, 3574.3}, {339.0, 3.0}}
                  TextView, 0x112f06660, {{24.0, 3608.3}, {345.0, 80.0}}, identifier: 'Text note-24', label: 'Text note-24', value: Field note 24. Lon...
                    Other, 0x112f06780, {{336.0, 3608.3}, {30.0, 80.0}}, label: 'Vertical scroll bar, 1 page', value: 0%
                      Other, 0x112f068a0, {{363.0, 3611.3}, {3.0, 74.0}}
                    Other, 0x112f069c0, {{24.0, 3655.3}, {345.0, 30.0}}, label: 'Horizontal scroll bar, 1 page', value: 0%
                      Other, 0x112f06ae0, {{27.0, 3682.3}, {339.0, 3.0}}
                  TextView, 0x112f06c00, {{24.0, 3716.3}, {345.0, 80.0}}, identifier: 'Text note-25', label: 'Text note-25', value: Field note 25. Lon...
                    Other, 0x112f06d20, {{336.0, 3716.3}, {30.0, 80.0}}, label: 'Vertical scroll bar, 1 page', value: 0%
                      Other, 0x112f06e40, {{363.0, 3719.3}, {3.0, 74.0}}
                    Other, 0x112f06f60, {{24.0, 3763.3}, {345.0, 30.0}}, label: 'Horizontal scroll bar, 1 page', value: 0%
                      Other, 0x112f07080, {{27.0, 3790.3}, {339.0, 3.0}}
                  TextView, 0x112f071a0, {{24.0, 3824.3}, {345.0, 80.0}}, identifier: 'Text note-26', label: 'Text note-26', value: Field note 26. Lon...
                    Other, 0x112a084a0, {{336.0, 3824.3}, {30.0, 80.0}}, label: 'Vertical scroll bar, 1 page', value: 0%
                      Other, 0x112a085c0, {{363.0, 3827.3}, {3.0, 74.0}}
                    Other, 0x112a086e0, {{24.0, 3871.3}, {345.0, 30.0}}, label: 'Horizontal scroll bar, 1 page', value: 0%
                      Other, 0x112a08800, {{27.0, 3898.3}, {339.0, 3.0}}
                  TextView, 0x112f072c0, {{24.0, 3932.3}, {345.0, 80.0}}, identifier: 'Text note-27', label: 'Text note-27', value: Field note 27. Lon...
                    Other, 0x112f073e0, {{336.0, 3932.3}, {30.0, 80.0}}, label: 'Vertical scroll bar, 1 page', value: 0%
                      Other, 0x112f07500, {{363.0, 3935.3}, {3.0, 74.0}}
                    Other, 0x112f07620, {{24.0, 3979.3}, {345.0, 30.0}}, label: 'Horizontal scroll bar, 1 page', value: 0%
                      Other, 0x112f07740, {{27.0, 4006.3}, {339.0, 3.0}}
                  TextView, 0x112c0e190, {{24.0, 4040.3}, {345.0, 80.0}}, identifier: 'Text note-28', label: 'Text note-28', value: Field note 28. Lon...
                    Other, 0x112c0e2b0, {{336.0, 4040.3}, {30.0, 80.0}}, label: 'Vertical scroll bar, 1 page', value: 0%
                      Other, 0x112c0e3d0, {{363.0, 4043.3}, {3.0, 74.0}}
                    Other, 0x112a08920, {{24.0, 4087.3}, {345.0, 30.0}}, label: 'Horizontal scroll bar, 1 page', value: 0%
                      Other, 0x112a08a40, {{27.0, 4114.3}, {339.0, 3.0}}
                  TextView, 0x112a08d80, {{24.0, 4148.3}, {345.0, 80.0}}, identifier: 'Text note-29', label: 'Text note-29', value: Field note 29. Lon...
                    Other, 0x112a08ea0, {{336.0, 4148.3}, {30.0, 80.0}}, label: 'Vertical scroll bar, 1 page', value: 0%
                      Other, 0x112a08fc0, {{363.0, 4151.3}, {3.0, 74.0}}
                    Other, 0x112a090e0, {{24.0, 4195.3}, {345.0, 30.0}}, label: 'Horizontal scroll bar, 1 page', value: 0%
                      Other, 0x112a09200, {{27.0, 4222.3}, {339.0, 3.0}}
                  TextView, 0x112a09320, {{24.0, 4256.3}, {345.0, 80.0}}, identifier: 'Text note-30', label: 'Text note-30', value: Field note 30. Lon...
                    Other, 0x112a09440, {{336.0, 4256.3}, {30.0, 80.0}}, label: 'Vertical scroll bar, 1 page', value: 0%
                      Other, 0x112c0ce40, {{363.0, 4259.3}, {3.0, 74.0}}
                    Other, 0x112c0e4f0, {{24.0, 4303.3}, {345.0, 30.0}}, label: 'Horizontal scroll bar, 1 page', value: 0%
                      Other, 0x112c0e610, {{27.0, 4330.3}, {339.0, 3.0}}
                  TextView, 0x112c0e730, {{24.0, 4364.3}, {345.0, 80.0}}, identifier: 'Text note-31', label: 'Text note-31', value: Field note 31. Lon...
                    Other, 0x112c0e850, {{336.0, 4364.3}, {30.0, 80.0}}, label: 'Vertical scroll bar, 1 page', value: 0%
                      Other, 0x112c0e970, {{363.0, 4367.3}, {3.0, 74.0}}
                    Other, 0x112c0ea90, {{24.0, 4411.3}, {345.0, 30.0}}, label: 'Horizontal scroll bar, 1 page', value: 0%
                      Other, 0x106f0b800, {{27.0, 4438.3}, {339.0, 3.0}}
                  TextView, 0x106f0b920, {{24.0, 4472.3}, {345.0, 80.0}}, identifier: 'Text note-32', label: 'Text note-32', value: Field note 32. Lon...
                    Other, 0x106f0ba40, {{336.0, 4472.3}, {30.0, 80.0}}, label: 'Vertical scroll bar, 1 page', value: 0%
                      Other, 0x106f0bb60, {{363.0, 4475.3}, {3.0, 74.0}}
                    Other, 0x106f0bc80, {{24.0, 4519.3}, {345.0, 30.0}}, label: 'Horizontal scroll bar, 1 page', value: 0%
                      Other, 0x106f0bda0, {{27.0, 4546.3}, {339.0, 3.0}}
                  TextView, 0x106f0bec0, {{24.0, 4580.3}, {345.0, 80.0}}, identifier: 'Text note-33', label: 'Text note-33', value: Field note 33. Lon...
                    Other, 0x106f0bfe0, {{336.0, 4580.3}, {30.0, 80.0}}, label: 'Vertical scroll bar, 1 page', value: 0%
                      Other, 0x106f0c100, {{363.0, 4583.3}, {3.0, 74.0}}
                    Other, 0x106f0c220, {{24.0, 4627.3}, {345.0, 30.0}}, label: 'Horizontal scroll bar, 1 page', value: 0%
                      Other, 0x106f0c340, {{27.0, 4654.3}, {339.0, 3.0}}
                  TextView, 0x112a09560, {{24.0, 4688.3}, {345.0, 80.0}}, identifier: 'Text note-34', label: 'Text note-34', value: Field note 34. Lon...
                    Other, 0x112a09680, {{336.0, 4688.3}, {30.0, 80.0}}, label: 'Vertical scroll bar, 1 page', value: 0%
                      Other, 0x112a097a0, {{363.0, 4691.3}, {3.0, 74.0}}
                    Other, 0x112a098c0, {{24.0, 4735.3}, {345.0, 30.0}}, label: 'Horizontal scroll bar, 1 page', value: 0%
                      Other, 0x112a099e0, {{27.0, 4762.3}, {339.0, 3.0}}
                  TextView, 0x112c0ebb0, {{24.0, 4796.3}, {345.0, 80.0}}, identifier: 'Text note-35', label: 'Text note-35', value: Field note 35. Lon...
                    Other, 0x112c0ecd0, {{336.0, 4796.3}, {30.0, 80.0}}, label: 'Vertical scroll bar, 1 page', value: 0%
                      Other, 0x112c0edf0, {{363.0, 4799.3}, {3.0, 74.0}}
                    Other, 0x112c0ef10, {{24.0, 4843.3}, {345.0, 30.0}}, label: 'Horizontal scroll bar, 1 page', value: 0%
                      Other, 0x112c0f030, {{27.0, 4870.3}, {339.0, 3.0}}
                  TextView, 0x112c0f150, {{24.0, 4904.3}, {345.0, 80.0}}, identifier: 'Text note-36', label: 'Text note-36', value: Field note 36. Lon...
                    Other, 0x112c0f270, {{336.0, 4904.3}, {30.0, 80.0}}, label: 'Vertical scroll bar, 1 page', value: 0%
                      Other, 0x112c0f390, {{363.0, 4907.3}, {3.0, 74.0}}
                    Other, 0x112c0f4b0, {{24.0, 4951.3}, {345.0, 30.0}}, label: 'Horizontal scroll bar, 1 page', value: 0%
                      Other, 0x112c0f5d0, {{27.0, 4978.3}, {339.0, 3.0}}
                  TextView, 0x112c0f6f0, {{24.0, 5012.3}, {345.0, 80.0}}, identifier: 'Text note-37', label: 'Text note-37', value: Field note 37. Lon...
                    Other, 0x112c0f810, {{336.0, 5012.3}, {30.0, 80.0}}, label: 'Vertical scroll bar, 1 page', value: 0%
                      Other, 0x112c0f930, {{363.0, 5015.3}, {3.0, 74.0}}
                    Other, 0x112c0fa50, {{24.0, 5059.3}, {345.0, 30.0}}, label: 'Horizontal scroll bar, 1 page', value: 0%
                      Other, 0x112c0fb70, {{27.0, 5086.3}, {339.0, 3.0}}
                  TextView, 0x112c0fc90, {{24.0, 5120.3}, {345.0, 80.0}}, identifier: 'Text note-38', label: 'Text note-38', value: Field note 38. Lon...
                    Other, 0x112c0fdb0, {{336.0, 5120.3}, {30.0, 80.0}}, label: 'Vertical scroll bar, 1 page', value: 0%
                      Other, 0x112c0fed0, {{363.0, 5123.3}, {3.0, 74.0}}
                    Other, 0x112c0fff0, {{24.0, 5167.3}, {345.0, 30.0}}, label: 'Horizontal scroll bar, 1 page', value: 0%
                      Other, 0x112c10110, {{27.0, 5194.3}, {339.0, 3.0}}
                  TextView, 0x112c10230, {{24.0, 5228.3}, {345.0, 80.0}}, identifier: 'Text note-39', label: 'Text note-39', value: Field note 39. Lon...
                    Other, 0x112c10350, {{336.0, 5228.3}, {30.0, 80.0}}, label: 'Vertical scroll bar, 1 page', value: 0%
                      Other, 0x112c10470, {{363.0, 5231.3}, {3.0, 74.0}}
                    Other, 0x112c10590, {{24.0, 5275.3}, {345.0, 30.0}}, label: 'Horizontal scroll bar, 1 page', value: 0%
                      Other, 0x112a09b00, {{27.0, 5302.3}, {339.0, 3.0}}
                  TextView, 0x112a09c20, {{24.0, 5336.3}, {345.0, 80.0}}, identifier: 'Text note-40', label: 'Text note-40', value: Field note 40. Lon...
                    Other, 0x112a09d40, {{336.0, 5336.3}, {30.0, 80.0}}, label: 'Vertical scroll bar, 1 page', value: 0%
                      Other, 0x112a09e60, {{363.0, 5339.3}, {3.0, 74.0}}
                    Other, 0x112a09f80, {{24.0, 5383.3}, {345.0, 30.0}}, label: 'Horizontal scroll bar, 1 page', value: 0%
                      Other, 0x112a0a1e0, {{27.0, 5410.3}, {339.0, 3.0}}
                  TextView, 0x112a0a300, {{24.0, 5444.3}, {345.0, 80.0}}, identifier: 'Text note-41', label: 'Text note-41', value: Field note 41. Lon...
                    Other, 0x112a0a420, {{336.0, 5444.3}, {30.0, 80.0}}, label: 'Vertical scroll bar, 1 page', value: 0%
                      Other, 0x112a0a540, {{363.0, 5447.3}, {3.0, 74.0}}
                    Other, 0x112a0a660, {{24.0, 5491.3}, {345.0, 30.0}}, label: 'Horizontal scroll bar, 1 page', value: 0%
                      Other, 0x112a0a780, {{27.0, 5518.3}, {339.0, 3.0}}
                  TextView, 0x112a0a8a0, {{24.0, 5552.3}, {345.0, 80.0}}, identifier: 'Text note-42', label: 'Text note-42', value: Field note 42. Lon...
                    Other, 0x112a0a9c0, {{336.0, 5552.3}, {30.0, 80.0}}, label: 'Vertical scroll bar, 1 page', value: 0%
                      Other, 0x112a0aae0, {{363.0, 5555.3}, {3.0, 74.0}}
                    Other, 0x112a0ac00, {{24.0, 5599.3}, {345.0, 30.0}}, label: 'Horizontal scroll bar, 1 page', value: 0%
                      Other, 0x112a0ad20, {{27.0, 5626.3}, {339.0, 3.0}}
                  TextView, 0x112a0ae40, {{24.0, 5660.3}, {345.0, 80.0}}, identifier: 'Text note-43', label: 'Text note-43', value: Field note 43. Lon...
                    Other, 0x112f07860, {{336.0, 5660.3}, {30.0, 80.0}}, label: 'Vertical scroll bar, 1 page', value: 0%
                      Other, 0x112c106b0, {{363.0, 5663.3}, {3.0, 74.0}}
                    Other, 0x112c107d0, {{24.0, 5707.3}, {345.0, 30.0}}, label: 'Horizontal scroll bar, 1 page', value: 0%
                      Other, 0x112c108f0, {{27.0, 5734.3}, {339.0, 3.0}}
                  TextView, 0x112c10a10, {{24.0, 5768.3}, {345.0, 80.0}}, identifier: 'Text note-44', label: 'Text note-44', value: Field note 44. Lon...
                    Other, 0x112c10b30, {{336.0, 5768.3}, {30.0, 80.0}}, label: 'Vertical scroll bar, 1 page', value: 0%
                      Other, 0x112c10c50, {{363.0, 5771.3}, {3.0, 74.0}}
                    Other, 0x112c10d70, {{24.0, 5815.3}, {345.0, 30.0}}, label: 'Horizontal scroll bar, 1 page', value: 0%
                      Other, 0x112a0af60, {{27.0, 5842.3}, {339.0, 3.0}}
                  TextView, 0x112a0b080, {{24.0, 5876.3}, {345.0, 80.0}}, identifier: 'Text note-45', label: 'Text note-45', value: Field note 45. Lon...
                    Other, 0x112a0b1a0, {{336.0, 5876.3}, {30.0, 80.0}}, label: 'Vertical scroll bar, 1 page', value: 0%
                      Other, 0x112f07980, {{363.0, 5879.3}, {3.0, 74.0}}
                    Other, 0x106f0c460, {{24.0, 5923.3}, {345.0, 30.0}}, label: 'Horizontal scroll bar, 1 page', value: 0%
                      Other, 0x106f0c580, {{27.0, 5950.3}, {339.0, 3.0}}
                  TextView, 0x106f0c6a0, {{24.0, 5984.3}, {345.0, 80.0}}, identifier: 'Text note-46', label: 'Text note-46', value: Field note 46. Lon...
                    Other, 0x106f0c7c0, {{336.0, 5984.3}, {30.0, 80.0}}, label: 'Vertical scroll bar, 1 page', value: 0%
                      Other, 0x106f0c8e0, {{363.0, 5987.3}, {3.0, 74.0}}
                    Other, 0x106f0ca00, {{24.0, 6031.3}, {345.0, 30.0}}, label: 'Horizontal scroll bar, 1 page', value: 0%
                      Other, 0x106f0cb20, {{27.0, 6058.3}, {339.0, 3.0}}
                  TextView, 0x106f0cc40, {{24.0, 6092.3}, {345.0, 80.0}}, identifier: 'Text note-47', label: 'Text note-47', value: Field note 47. Lon...
                    Other, 0x106f0cd60, {{336.0, 6092.3}, {30.0, 80.0}}, label: 'Vertical scroll bar, 1 page', value: 0%
                      Other, 0x106f0ce80, {{363.0, 6095.3}, {3.0, 74.0}}
                    Other, 0x106f0cfa0, {{24.0, 6139.3}, {345.0, 30.0}}, label: 'Horizontal scroll bar, 1 page', value: 0%
                      Other, 0x106f0d0c0, {{27.0, 6166.3}, {339.0, 3.0}}
                  TextView, 0x106f0d1e0, {{24.0, 6200.3}, {345.0, 80.0}}, identifier: 'Text note-48', label: 'Text note-48', value: Field note 48. Lon...
                    Other, 0x106f0d300, {{336.0, 6200.3}, {30.0, 80.0}}, label: 'Vertical scroll bar, 1 page', value: 0%
                      Other, 0x106f0d420, {{363.0, 6203.3}, {3.0, 74.0}}
                    Other, 0x106f0d540, {{24.0, 6247.3}, {345.0, 30.0}}, label: 'Horizontal scroll bar, 1 page', value: 0%
                      Other, 0x106f0d660, {{27.0, 6274.3}, {339.0, 3.0}}
                  TextView, 0x106f0d780, {{24.0, 6308.3}, {345.0, 80.0}}, identifier: 'Text note-49', label: 'Text note-49', value: Field note 49. Lon...
                    Other, 0x112f07aa0, {{336.0, 6308.3}, {30.0, 80.0}}, label: 'Vertical scroll bar, 1 page', value: 0%
                      Other, 0x112f07bc0, {{363.0, 6311.3}, {3.0, 74.0}}
                    Other, 0x106f0d8a0, {{24.0, 6355.3}, {345.0, 30.0}}, label: 'Horizontal scroll bar, 1 page', value: 0%
                      Other, 0x106f0d9c0, {{27.0, 6382.3}, {339.0, 3.0}}
                  TextView, 0x106f0dae0, {{24.0, 6416.3}, {345.0, 80.0}}, identifier: 'Text note-50', label: 'Text note-50', value: Field note 50. Lon...
                    Other, 0x106f0dc00, {{336.0, 6416.3}, {30.0, 80.0}}, label: 'Vertical scroll bar, 1 page', value: 0%
                      Other, 0x106f0dd20, {{363.0, 6419.3}, {3.0, 74.0}}
                    Other, 0x106f0de40, {{24.0, 6463.3}, {345.0, 30.0}}, label: 'Horizontal scroll bar, 1 page', value: 0%
                      Other, 0x106f0df60, {{27.0, 6490.3}, {339.0, 3.0}}
                  TextView, 0x112a0b2c0, {{24.0, 6524.3}, {345.0, 80.0}}, identifier: 'Text note-51', label: 'Text note-51', value: Field note 51. Lon...
                    Other, 0x112a0b3e0, {{336.0, 6524.3}, {30.0, 80.0}}, label: 'Vertical scroll bar, 1 page', value: 0%
                      Other, 0x112c10e90, {{363.0, 6527.3}, {3.0, 74.0}}
                    Other, 0x112c10fb0, {{24.0, 6571.3}, {345.0, 30.0}}, label: 'Horizontal scroll bar, 1 page', value: 0%
                      Other, 0x112c110d0, {{27.0, 6598.3}, {339.0, 3.0}}
                  TextView, 0x112c111f0, {{24.0, 6632.3}, {345.0, 80.0}}, identifier: 'Text note-52', label: 'Text note-52', value: Field note 52. Lon...
                    Other, 0x112c11310, {{336.0, 6632.3}, {30.0, 80.0}}, label: 'Vertical scroll bar, 1 page', value: 0%
                      Other, 0x112c11430, {{363.0, 6635.3}, {3.0, 74.0}}
                    Other, 0x112c11550, {{24.0, 6679.3}, {345.0, 30.0}}, label: 'Horizontal scroll bar, 1 page', value: 0%
                      Other, 0x112c11670, {{27.0, 6706.3}, {339.0, 3.0}}
                  TextView, 0x112c11790, {{24.0, 6740.3}, {345.0, 80.0}}, identifier: 'Text note-53', label: 'Text note-53', value: Field note 53. Lon...
                    Other, 0x112c118b0, {{336.0, 6740.3}, {30.0, 80.0}}, label: 'Vertical scroll bar, 1 page', value: 0%
                      Other, 0x112c119d0, {{363.0, 6743.3}, {3.0, 74.0}}
                    Other, 0x112c11af0, {{24.0, 6787.3}, {345.0, 30.0}}, label: 'Horizontal scroll bar, 1 page', value: 0%
                      Other, 0x112c11c10, {{27.0, 6814.3}, {339.0, 3.0}}
                  TextView, 0x112a0b500, {{24.0, 6848.3}, {345.0, 80.0}}, identifier: 'Text note-54', label: 'Text note-54', value: Field note 54. Lon...
                    Other, 0x112c11d30, {{336.0, 6848.3}, {30.0, 80.0}}, label: 'Vertical scroll bar, 1 page', value: 0%
                      Other, 0x112c11e50, {{363.0, 6851.3}, {3.0, 74.0}}
                    Other, 0x112c11f70, {{24.0, 6895.3}, {345.0, 30.0}}, label: 'Horizontal scroll bar, 1 page', value: 0%
                      Other, 0x112c12090, {{27.0, 6922.3}, {339.0, 3.0}}
                  TextView, 0x112c12520, {{24.0, 6956.3}, {345.0, 80.0}}, identifier: 'Text note-55', label: 'Text note-55', value: Field note 55. Lon...
                    Other, 0x112c12640, {{336.0, 6956.3}, {30.0, 80.0}}, label: 'Vertical scroll bar, 1 page', value: 0%
                      Other, 0x112c12760, {{363.0, 6959.3}, {3.0, 74.0}}
                    Other, 0x112c12880, {{24.0, 7003.3}, {345.0, 30.0}}, label: 'Horizontal scroll bar, 1 page', value: 0%
                      Other, 0x112c129a0, {{27.0, 7030.3}, {339.0, 3.0}}
                  TextView, 0x112c12ac0, {{24.0, 7064.3}, {345.0, 80.0}}, identifier: 'Text note-56', label: 'Text note-56', value: Field note 56. Lon...
                    Other, 0x112c12be0, {{336.0, 7064.3}, {30.0, 80.0}}, label: 'Vertical scroll bar, 1 page', value: 0%
                      Other, 0x112c12d00, {{363.0, 7067.3}, {3.0, 74.0}}
                    Other, 0x112f07ce0, {{24.0, 7111.3}, {345.0, 30.0}}, label: 'Horizontal scroll bar, 1 page', value: 0%
                      Other, 0x106d076c0, {{27.0, 7138.3}, {339.0, 3.0}}
                  TextView, 0x106d04e90, {{24.0, 7172.3}, {345.0, 80.0}}, identifier: 'Text note-57', label: 'Text note-57', value: Field note 57. Lon...
                    Other, 0x106d08050, {{336.0, 7172.3}, {30.0, 80.0}}, label: 'Vertical scroll bar, 1 page', value: 0%
                      Other, 0x106d08170, {{363.0, 7175.3}, {3.0, 74.0}}
                    Other, 0x106d08290, {{24.0, 7219.3}, {345.0, 30.0}}, label: 'Horizontal scroll bar, 1 page', value: 0%
                      Other, 0x106d083b0, {{27.0, 7246.3}, {339.0, 3.0}}
                  TextView, 0x106d085f0, {{24.0, 7280.3}, {345.0, 80.0}}, identifier: 'Text note-58', label: 'Text note-58', value: Field note 58. Lon...
                    Other, 0x106d08710, {{336.0, 7280.3}, {30.0, 80.0}}, label: 'Vertical scroll bar, 1 page', value: 0%
                      Other, 0x106d08830, {{363.0, 7283.3}, {3.0, 74.0}}
                    Other, 0x106d08950, {{24.0, 7327.3}, {345.0, 30.0}}, label: 'Horizontal scroll bar, 1 page', value: 0%
                      Other, 0x106d08a70, {{27.0, 7354.3}, {339.0, 3.0}}
                  TextView, 0x106d08b90, {{24.0, 7388.3}, {345.0, 80.0}}, identifier: 'Text note-59', label: 'Text note-59', value: Field note 59. Lon...
                    Other, 0x106d08cb0, {{336.0, 7388.3}, {30.0, 80.0}}, label: 'Vertical scroll bar, 1 page', value: 0%
                      Other, 0x106d08dd0, {{363.0, 7391.3}, {3.0, 74.0}}
                    Other, 0x106d08ef0, {{24.0, 7435.3}, {345.0, 30.0}}, label: 'Horizontal scroll bar, 1 page', value: 0%
                      Other, 0x106d09010, {{27.0, 7462.3}, {339.0, 3.0}}
                  TextView, 0x106d09260, {{24.0, 7496.3}, {345.0, 80.0}}, identifier: 'Text note-60', label: 'Text note-60', value: Field note 60. Lon...
                    Other, 0x106d09380, {{336.0, 7496.3}, {30.0, 80.0}}, label: 'Vertical scroll bar, 1 page', value: 0%
                      Other, 0x106d094a0, {{363.0, 7499.3}, {3.0, 74.0}}
                    Other, 0x106d095c0, {{24.0, 7543.3}, {345.0, 30.0}}, label: 'Horizontal scroll bar, 1 page', value: 0%
                      Other, 0x106d096e0, {{27.0, 7570.3}, {339.0, 3.0}}
                  TextView, 0x106d09800, {{24.0, 7604.3}, {345.0, 51.3}}, identifier: 'Text closing', label: 'Text closing', value: Closing notes
                    Other, 0x106d09920, {{336.0, 7604.3}, {30.0, 51.3}}, label: 'Vertical scroll bar, 1 page', value: 0%
                      Other, 0x106d09a40, {{363.0, 7607.3}, {3.0, 45.3}}
                    Other, 0x106d09b60, {{24.0, 7627.0}, {345.0, 25.7}}, label: 'Horizontal scroll bar, 1 page', value: 0%
                      Other, 0x106d09c80, {{27.0, 7649.7}, {339.0, 3.0}}
                Other, 0x106d09da0, {{360.0, 117.3}, {30.0, 577.7}}, label: 'Vertical scroll bar, 14 pages', value: 0%
                  Other, 0x106d09ec0, {{387.0, 120.3}, {3.0, 43.7}}
                Other, 0x106d09fe0, {{360.0, 117.3}, {30.0, 577.7}}, label: 'Vertical scroll bar, 14 pages', value: 0%
                  Other, 0x106d0a100, {{387.0, 120.3}, {3.0, 43.7}}
              ScrollView, 0x106d0a220, {{0.0, 695.0}, {393.0, 58.3}}
                Other, 0x106d0a340, {{0.0, 695.0}, {468.3, 58.3}}
                  Button, 0x106d0a460, {{12.0, 707.0}, {113.3, 34.3}}, label: 'Insert block'
                  Button, 0x106d0a580, {{137.3, 707.0}, {58.3, 34.3}}, identifier: 'Accessory bold', label: 'Bold', Disabled
                  Button, 0x106d0a6a0, {{207.7, 707.0}, {59.7, 34.3}}, identifier: 'Accessory italic', label: 'Italic', Disabled
                  Button, 0x106d0a7c0, {{279.3, 707.0}, {177.0, 34.3}}, label: 'Select current block'
                Other, 0x106d0a8e0, {{0.0, 721.2}, {393.0, 29.2}}, label: 'Horizontal scroll bar, 2 pages', value: 0%
                  Other, 0x106d0aa00, {{383.0, 747.3}, {7.0, 3.0}}
                Other, 0x106d0ab20, {{0.0, 721.2}, {393.0, 29.2}}, label: 'Horizontal scroll bar, 2 pages', value: 0%
                  Other, 0x106d0ac40, {{383.0, 747.3}, {7.0, 3.0}}
              StaticText, 0x106d0ad60, {{144.2, 761.3}, {104.7, 14.3}}, identifier: 'Review action', label: 'Title Enter to body'
              StaticText, 0x106d0ae80, {{22.3, 779.7}, {348.3, 30.3}}, label: 'ST-121 local interaction study · body: shared protocol 6 · title/columns: review state'
    Window, 0x106d0afa0, {{0.0, 0.0}, {393.0, 852.0}}
      Other, 0x106d0b0c0, {{0.0, 0.0}, {393.0, 852.0}}
        Other, 0x106d0b1e0, {{0.0, 0.0}, {393.0, 852.0}}
Path to element:
 →Application, 0x106f04b20, pid: 41124, label: 'ModernPrototypePhone'
Query chain:
 →Find: Target Application 'studio.seventwo.blockeditor.st121.ios'
  Output: {
    Application, 0x112a0b620, pid: 41124, label: 'ModernPrototypePhone'
  }

    t =    14.78s             Requesting snapshot of accessibility hierarchy for app with pid 41124
    t =    14.95s         Wait for studio.seventwo.blockeditor.st121.ios to idle
    t =    15.96s     Retrying `Type 'Keyboard start ' into Target Application 'studio.seventwo.blockeditor.st121.ios'` (attempt #3)
    t =    15.96s         Wait for studio.seventwo.blockeditor.st121.ios to idle
    t =    15.96s         Find the Target Application 'studio.seventwo.blockeditor.st121.ios'
    t =    16.03s         Check for interrupting elements affecting "ModernPrototypePhone" Application
    t =    16.09s         Synthesize event
    t =    16.10s             Get number of matches for: Elements containing elements matching predicate 'hasKeyboardFocus == 1'
    t =    16.17s             Requesting snapshot of accessibility hierarchy for app with pid 41124
    t =    16.82s             Requesting snapshot of accessibility hierarchy for app with pid 41124
    t =    16.95s             Requesting snapshot of accessibility hierarchy for app with pid 41124
    t =    17.67s             Requesting snapshot of accessibility hierarchy for app with pid 41124
    t =    17.81s             Failed: Neither element nor any descendant has keyboard focus. Event dispatch snapshot: Application, pid: 41124, label: 'ModernPrototypePhone'
Element debug description:
Attributes: Application, 0x106f044c0, pid: 41124, label: 'ModernPrototypePhone'
Element subtree:
 →Application, 0x106f044c0, pid: 41124, label: 'ModernPrototypePhone'
    Window (Main), 0x106f04f40, {{0.0, 0.0}, {393.0, 852.0}}
      Other, 0x106f05300, {{0.0, 0.0}, {393.0, 852.0}}
        Other, 0x106f05420, {{0.0, 0.0}, {393.0, 852.0}}
          Other, 0x106f05060, {{0.0, 0.0}, {393.0, 852.0}}
            Other, 0x106f05180, {{0.0, 0.0}, {393.0, 852.0}}
              ScrollView, 0x106f05540, {{0.0, 0.0}, {393.0, 117.3}}
                Other, 0x106f05660, {{0.0, 0.0}, {745.3, 117.3}}
                  Button, 0x106f05780, {{12.0, 78.0}, {87.3, 20.3}}, label: 'Outline'
                    Image, 0x106f058a0, {{14.0, 82.0}, {21.0, 12.3}}, identifier: 'list.bullet.indent', label: 'Bulletest List Indent'
                    StaticText, 0x106f059c0, {{12.0, 78.0}, {87.3, 20.3}}, label: 'Outline'
                  Button, 0x106f05ae0, {{111.3, 78.0}, {74.3, 20.3}}, label: 'Focus'
                    Image, 0x106f05c00, {{113.3, 80.0}, {16.3, 16.3}}, identifier: 'viewfinder', label: 'Scan'
                    StaticText, 0x106f05d20, {{111.3, 78.0}, {74.3, 20.3}}, label: 'Focus'
                  Button, 0x106f05e40, {{197.7, 78.0}, {69.3, 20.3}}, label: 'Insert'
                    Image, 0x106f05f60, {{199.7, 81.3}, {14.0, 14.0}}, identifier: 'plus', label: 'Add'
                    StaticText, 0x106f06080, {{197.7, 78.0}, {69.3, 20.3}}, label: 'Insert'
                  Switch, 0x106f061a0, {{291.0, 78.0}, {102.0, 20.3}}, label: 'Select blocks', value: 0
                  Switch, 0x106f062c0, {{449.0, 78.0}, {76.3, 20.3}}, label: 'Large text', value: 0
                  Switch, 0x106f063e0, {{561.3, 78.0}, {36.0, 20.3}}, label: 'Dark', value: 0
                  Switch, 0x106f06500, {{621.3, 71.0}, {112.0, 34.3}}, label: 'Touch tools', value: 1
                Other, 0x106f06620, {{0.0, 84.3}, {393.0, 30.0}}, label: 'Horizontal scroll bar, 2 pages', value: 0%
                  Other, 0x106f06740, {{383.0, 111.3}, {7.0, 3.0}}
                Other, 0x106f06860, {{0.0, 84.3}, {393.0, 30.0}}, label: 'Horizontal scroll bar, 2 pages', value: 0%
                  Other, 0x106f06980, {{383.0, 111.3}, {7.0, 3.0}}
              ScrollView, 0x106f06aa0, {{0.0, 117.3}, {393.0, 577.7}}
                Other, 0x106f06bc0, {{0.0, 117.3}, {393.0, 7574.3}}
                  TextField, 0x106f06ce0, {{20.0, 149.3}, {353.0, 44.0}}, identifier: 'Document title', label: 'Document title', placeholderValue: 'Untitled', value: Studio field keybo...
                  TextView, 0x106f06e00, {{24.0, 217.3}, {345.0, 54.0}}, identifier: 'Text intro', label: 'Text intro', value: Start with the doc...
                    Other, 0x106f06f20, {{336.0, 217.3}, {30.0, 54.0}}, label: 'Vertical scroll bar, 1 page', value: 0%
                      Other, 0x106f07040, {{363.0, 220.3}, {3.0, 48.0}}
                    Other, 0x106f07160, {{24.0, 241.3}, {345.0, 27.0}}, label: 'Horizontal scroll bar, 1 page', value: 0%
                      Other, 0x106f07280, {{27.0, 265.3}, {339.0, 3.0}}
                  Button, 0x106f073a0, {{24.0, 279.3}, {76.0, 14.3}}, identifier: 'Block actions intro', label: 'Block actions', value: paragraph
                    Button, 0x106f074c0, {{24.0, 279.3}, {76.0, 14.3}}
                      StaticText, 0x106f075e0, {{24.0, 279.5}, {76.0, 14.3}}, label: 'Block actions'
                  TextView, 0x106f07700, {{24.0, 321.7}, {345.0, 36.3}}, identifier: 'Text first', label: 'Text first', value: First thought
                    Other, 0x106f07820, {{336.0, 321.7}, {30.0, 36.3}}, label: 'Vertical scroll bar, 1 page', value: 0%
                      Other, 0x106f07940, {{363.0, 319.0}, {3.0, 36.0}}
                    Other, 0x106f07a60, {{24.0, 336.8}, {345.0, 18.2}}, label: 'Horizontal scroll bar, 1 page', value: 0%
                      Other, 0x106f07b80, {{27.0, 352.0}, {339.0, 3.0}}
                  TextView, 0x106f07ca0, {{24.0, 386.0}, {345.0, 36.0}}, identifier: 'Text second', label: 'Text second', value: Second thought
                    Other, 0x106f07dc0, {{336.0, 386.0}, {30.0, 36.0}}, label: 'Vertical scroll bar, 1 page', value: 0%
                      Other, 0x106f07ee0, {{363.0, 383.0}, {3.0, 36.0}}
                    Other, 0x106f08000, {{24.0, 401.0}, {345.0, 18.0}}, label: 'Horizontal scroll bar, 1 page', value: 0%
                      Other, 0x106f08120, {{27.0, 416.0}, {339.0, 3.0}}
                  TextView, 0x106f08240, {{24.0, 450.0}, {345.0, 51.3}}, identifier: 'Text section', label: 'Text section', value: Structured notes
                    Other, 0x106f08360, {{336.0, 450.0}, {30.0, 51.3}}, label: 'Vertical scroll bar, 1 page', value: 0%
                      Other, 0x106f08480, {{363.0, 453.0}, {3.0, 45.3}}
                    Other, 0x106f085a0, {{24.0, 472.7}, {345.0, 25.7}}, label: 'Horizontal scroll bar, 1 page', value: 0%
                      Other, 0x106f086c0, {{27.0, 495.3}, {339.0, 3.0}}
                  ScrollView, 0x112f04960, {{24.0, 529.3}, {345.0, 60.0}}
                    Other, 0x112a042a0, {{24.0, 529.3}, {356.0, 60.0}}
                      TextView, 0x112a0b0c0, {{36.0, 541.3}, {160.0, 36.0}}, identifier: 'Cell left', label: 'Cell left', value: First cell
                        Other, 0x112a0b1e0, {{163.0, 541.3}, {30.0, 36.0}}, label: 'Vertical scroll bar, 1 page', value: 0%
                          Other, 0x112a0b300, {{190.0, 538.3}, {3.0, 36.0}}
                        Other, 0x112a0b420, {{36.0, 556.3}, {160.0, 18.0}}, label: 'Horizontal scroll bar, 1 page', value: 0%
                          Other, 0x112a0b540, {{39.0, 571.3}, {154.0, 3.0}}
                      TextView, 0x112a0b660, {{208.0, 541.3}, {160.0, 36.0}}, identifier: 'Cell right', label: 'Cell right', value: Second cell
                        Other, 0x112a0b780, {{335.0, 541.3}, {30.0, 36.0}}, label: 'Vertical scroll bar, 1 page', value: 0%
                          Other, 0x112a0b8a0, {{362.0, 538.3}, {3.0, 36.0}}
                        Other, 0x112a0b9c0, {{208.0, 556.3}, {160.0, 18.0}}, label: 'Horizontal scroll bar, 1 page', value: 0%
                          Other, 0x112a0bae0, {{211.0, 571.3}, {154.0, 3.0}}
                    Other, 0x112a0bc00, {{24.0, 556.3}, {345.0, 30.0}}, label: 'Horizontal scroll bar, 2 pages', value: 0%
                      Other, 0x112a0bd20, {{359.0, 583.3}, {7.0, 3.0}}
                    Other, 0x112f04a80, {{24.0, 556.3}, {345.0, 30.0}}, label: 'Horizontal scroll bar, 2 pages', value: 0%
                      Other, 0x112f04ba0, {{359.0, 583.3}, {7.0, 3.0}}
                  Button, 0x112f04cc0, {{24.0, 617.3}, {345.0, 44.0}}, identifier: 'Toggle toggle-Disclosure toggle', label: 'Toggle toggle', value: Details
                    TextView, 0x112f04de0, {{24.0, 621.3}, {246.7, 36.0}}, identifier: 'Toggle toggle', label: 'Toggle toggle', value: Details
                      Other, 0x112f04f00, {{237.7, 621.3}, {30.0, 36.0}}, label: 'Vertical scroll bar, 1 page', value: 0%
                        Other, 0x112f05020, {{264.7, 618.3}, {3.0, 36.0}}
                      Other, 0x112f05140, {{24.0, 636.3}, {246.7, 18.0}}, label: 'Horizontal scroll bar, 1 page', value: 0%
                        Other, 0x112f05260, {{27.0, 651.3}, {240.7, 3.0}}
                    Button, 0x112f05380, {{278.7, 632.3}, {72.0, 14.3}}, identifier: 'Disclosure toggle', label: 'Show details'
                    Image, 0x112f054a0, {{361.3, 633.3}, {7.0, 12.0}}, identifier: 'collapsed'
                  StaticText, 0x112f055c0, {{24.0, 695.5}, {7.7, 20.3}}, label: '•'
                  TextView, 0x112f056e0, {{39.7, 689.3}, {329.3, 36.3}}, identifier: 'List parent', label: 'List parent', value: Parent item
                    Other, 0x112f05800, {{336.0, 689.3}, {30.0, 36.3}}, label: 'Vertical scroll bar, 1 page', value: 0%
                      Other, 0x112f05920, {{363.0, 686.7}, {3.0, 36.0}}
                    Other, 0x112f05a40, {{39.7, 704.5}, {329.3, 18.2}}, label: 'Horizontal scroll bar, 1 page', value: 0%
                      Other, 0x112f05b60, {{42.7, 719.7}, {323.3, 3.0}}
                  StaticText, 0x112f05c80, {{48.0, 739.5}, {7.7, 20.3}}, label: '•'
                  TextView, 0x112c042a0, {{63.7, 733.7}, {305.3, 36.0}}, identifier: 'List child', label: 'List child', value: Nested list item
                    Other, 0x112c04b60, {{336.0, 733.7}, {30.0, 36.0}}, label: 'Vertical scroll bar, 1 page', value: 0%
                      Other, 0x112c04c80, {{363.0, 730.7}, {3.0, 36.0}}
                    Other, 0x112c04da0, {{63.7, 748.7}, {305.3, 18.0}}, label: 'Horizontal scroll bar, 1 page', value: 0%
                      Other, 0x112c04ec0, {{66.7, 763.7}, {299.3, 3.0}}
                  Image, 0x112c04fe0, {{24.0, 797.7}, {345.0, 150.0}}, identifier: 'mountain.2', label: 'Local coastline illustration'
                  TextView, 0x112c05100, {{24.0, 955.7}, {345.0, 32.7}}, identifier: 'Media caption', label: 'Media caption', value: A local visual ref...
                    Other, 0x112c05220, {{336.0, 955.7}, {30.0, 32.7}}, label: 'Vertical scroll bar, 1 page', value: 0%
                      Other, 0x112c05340, {{363.0, 949.3}, {3.0, 36.0}}
                    Other, 0x112c05460, {{24.0, 969.0}, {345.0, 16.3}}, label: 'Horizontal scroll bar, 1 page', value: 0%
                      Other, 0x112c05580, {{27.0, 982.3}, {339.0, 3.0}}
                  TextView, 0x112c056a0, {{24.0, 1016.3}, {345.0, 80.0}}, identifier: 'Code review-code', label: 'Code review-code', value: 	let coast = "世界😀...
                    Other, 0x112c057c0, {{336.0, 1016.3}, {30.0, 80.0}}, label: 'Vertical scroll bar, 1 page', value: 0%
                      Other, 0x112c058e0, {{363.0, 1019.3}, {3.0, 74.0}}
                    Other, 0x112c05a00, {{24.0, 1063.3}, {345.0, 30.0}}, label: 'Horizontal scroll bar, 1 page', value: 0%
                      Other, 0x112c05b20, {{27.0, 1090.3}, {339.0, 3.0}}
                  TextView, 0x112c05c40, {{24.0, 1124.3}, {345.0, 80.0}}, identifier: 'Text note-1', label: 'Text note-1', value: Field note 1. Long...
                    Other, 0x112c05d60, {{336.0, 1124.3}, {30.0, 80.0}}, label: 'Vertical scroll bar, 1 page', value: 0%
                      Other, 0x112c05e80, {{363.0, 1127.3}, {3.0, 74.0}}
                    Other, 0x112c05fa0, {{24.0, 1171.3}, {345.0, 30.0}}, label: 'Horizontal scroll bar, 1 page', value: 0%
                      Other, 0x101e0a190, {{27.0, 1198.3}, {339.0, 3.0}}
                  TextView, 0x101e4b010, {{24.0, 1232.3}, {345.0, 80.0}}, identifier: 'Text note-2', label: 'Text note-2', value: Field note 2. Long...
                    Other, 0x101e1f070, {{336.0, 1232.3}, {30.0, 80.0}}, label: 'Vertical scroll bar, 1 page', value: 0%
                      Other, 0x101e1de10, {{363.0, 1235.3}, {3.0, 74.0}}
                    Other, 0x101e34650, {{24.0, 1279.3}, {345.0, 30.0}}, label: 'Horizontal scroll bar, 1 page', value: 0%
                      Other, 0x101e2a020, {{27.0, 1306.3}, {339.0, 3.0}}
                  TextView, 0x101d101f0, {{24.0, 1340.3}, {345.0, 80.0}}, identifier: 'Text note-3', label: 'Text note-3', value: Field note 3. Long...
                    Other, 0x101d09190, {{336.0, 1340.3}, {30.0, 80.0}}, label: 'Vertical scroll bar, 1 page', value: 0%
                      Other, 0x101d0f970, {{363.0, 1343.3}, {3.0, 74.0}}
                    Other, 0x101d0fa90, {{24.0, 1387.3}, {345.0, 30.0}}, label: 'Horizontal scroll bar, 1 page', value: 0%
                      Other, 0x101d0fbb0, {{27.0, 1414.3}, {339.0, 3.0}}
                  TextView, 0x101d0f3d0, {{24.0, 1448.3}, {345.0, 80.0}}, identifier: 'Text note-4', label: 'Text note-4', value: Field note 4. Long...
                    Other, 0x101d0f4f0, {{336.0, 1448.3}, {30.0, 80.0}}, label: 'Vertical scroll bar, 1 page', value: 0%
                      Other, 0x101d0f610, {{363.0, 1451.3}, {3.0, 74.0}}
                    Other, 0x101d11350, {{24.0, 1495.3}, {345.0, 30.0}}, label: 'Horizontal scroll bar, 1 page', value: 0%
                      Other, 0x101d11470, {{27.0, 1522.3}, {339.0, 3.0}}
                  TextView, 0x101d11590, {{24.0, 1556.3}, {345.0, 80.0}}, identifier: 'Text note-5', label: 'Text note-5', value: Field note 5. Long...
                    Other, 0x101d09550, {{336.0, 1556.3}, {30.0, 80.0}}, label: 'Vertical scroll bar, 1 page', value: 0%
                      Other, 0x101d09670, {{363.0, 1559.3}, {3.0, 74.0}}
                    Other, 0x101d09790, {{24.0, 1603.3}, {345.0, 30.0}}, label: 'Horizontal scroll bar, 1 page', value: 0%
                      Other, 0x101d11970, {{27.0, 1630.3}, {339.0, 3.0}}
                  TextView, 0x101d11a90, {{24.0, 1664.3}, {345.0, 80.0}}, identifier: 'Text note-6', label: 'Text note-6', value: Field note 6. Long...
                    Other, 0x101d11bb0, {{336.0, 1664.3}, {30.0, 80.0}}, label: 'Vertical scroll bar, 1 page', value: 0%
                      Other, 0x101d120f0, {{363.0, 1667.3}, {3.0, 74.0}}
                    Other, 0x101d12210, {{24.0, 1711.3}, {345.0, 30.0}}, label: 'Horizontal scroll bar, 1 page', value: 0%
                      Other, 0x101d12330, {{27.0, 1738.3}, {339.0, 3.0}}
                  TextView, 0x101d12450, {{24.0, 1772.3}, {345.0, 80.0}}, identifier: 'Text note-7', label: 'Text note-7', value: Field note 7. Long...
                    Other, 0x101d12570, {{336.0, 1772.3}, {30.0, 80.0}}, label: 'Vertical scroll bar, 1 page', value: 0%
                      Other, 0x101d12690, {{363.0, 1775.3}, {3.0, 74.0}}
                    Other, 0x101d127b0, {{24.0, 1819.3}, {345.0, 30.0}}, label: 'Horizontal scroll bar, 1 page', value: 0%
                      Other, 0x101d128d0, {{27.0, 1846.3}, {339.0, 3.0}}
                  TextView, 0x101d129f0, {{24.0, 1880.3}, {345.0, 80.0}}, identifier: 'Text note-8', label: 'Text note-8', value: Field note 8. Long...
                    Other, 0x101d12b10, {{336.0, 1880.3}, {30.0, 80.0}}, label: 'Vertical scroll bar, 1 page', value: 0%
                      Other, 0x101d12c30, {{363.0, 1883.3}, {3.0, 74.0}}
                    Other, 0x101d12d50, {{24.0, 1927.3}, {345.0, 30.0}}, label: 'Horizontal scroll bar, 1 page', value: 0%
                      Other, 0x101d12e70, {{27.0, 1954.3}, {339.0, 3.0}}
                  TextView, 0x101d12f90, {{24.0, 1988.3}, {345.0, 80.0}}, identifier: 'Text note-9', label: 'Text note-9', value: Field note 9. Long...
                    Other, 0x101d130b0, {{336.0, 1988.3}, {30.0, 80.0}}, label: 'Vertical scroll bar, 1 page', value: 0%
                      Other, 0x101d131d0, {{363.0, 1991.3}, {3.0, 74.0}}
                    Other, 0x101d132f0, {{24.0, 2035.3}, {345.0, 30.0}}, label: 'Horizontal scroll bar, 1 page', value: 0%
                      Other, 0x101d13410, {{27.0, 2062.3}, {339.0, 3.0}}
                  TextView, 0x101d13530, {{24.0, 2096.3}, {345.0, 80.0}}, identifier: 'Text note-10', label: 'Text note-10', value: Field note 10. Lon...
                    Other, 0x101d13650, {{336.0, 2096.3}, {30.0, 80.0}}, label: 'Vertical scroll bar, 1 page', value: 0%
                      Other, 0x101d13770, {{363.0, 2099.3}, {3.0, 74.0}}
                    Other, 0x101d13890, {{24.0, 2143.3}, {345.0, 30.0}}, label: 'Horizontal scroll bar, 1 page', value: 0%
                      Other, 0x101d139b0, {{27.0, 2170.3}, {339.0, 3.0}}
                  TextView, 0x101d13ad0, {{24.0, 2204.3}, {345.0, 80.0}}, identifier: 'Text note-11', label: 'Text note-11', value: Field note 11. Lon...
                    Other, 0x101d13bf0, {{336.0, 2204.3}, {30.0, 80.0}}, label: 'Vertical scroll bar, 1 page', value: 0%
                      Other, 0x101d13d10, {{363.0, 2207.3}, {3.0, 74.0}}
                    Other, 0x101d13e30, {{24.0, 2251.3}, {345.0, 30.0}}, label: 'Horizontal scroll bar, 1 page', value: 0%
                      Other, 0x101d13f50, {{27.0, 2278.3}, {339.0, 3.0}}
                  TextView, 0x101d14070, {{24.0, 2312.3}, {345.0, 80.0}}, identifier: 'Text note-12', label: 'Text note-12', value: Field note 12. Lon...
                    Other, 0x101d14190, {{336.0, 2312.3}, {30.0, 80.0}}, label: 'Vertical scroll bar, 1 page', value: 0%
                      Other, 0x101d142b0, {{363.0, 2315.3}, {3.0, 74.0}}
                    Other, 0x101d143d0, {{24.0, 2359.3}, {345.0, 30.0}}, label: 'Horizontal scroll bar, 1 page', value: 0%
                      Other, 0x101d144f0, {{27.0, 2386.3}, {339.0, 3.0}}
                  TextView, 0x101d14760, {{24.0, 2420.3}, {345.0, 80.0}}, identifier: 'Text note-13', label: 'Text note-13', value: Field note 13. Lon...
                    Other, 0x101d14880, {{336.0, 2420.3}, {30.0, 80.0}}, label: 'Vertical scroll bar, 1 page', value: 0%
                      Other, 0x101d149a0, {{363.0, 2423.3}, {3.0, 74.0}}
                    Other, 0x101d14ac0, {{24.0, 2467.3}, {345.0, 30.0}}, label: 'Horizontal scroll bar, 1 page', value: 0%
                      Other, 0x101d14be0, {{27.0, 2494.3}, {339.0, 3.0}}
                  TextView, 0x101d14d00, {{24.0, 2528.3}, {345.0, 80.0}}, identifier: 'Text note-14', label: 'Text note-14', value: Field note 14. Lon...
                    Other, 0x101d14e20, {{336.0, 2528.3}, {30.0, 80.0}}, label: 'Vertical scroll bar, 1 page', value: 0%
                      Other, 0x101d14f40, {{363.0, 2531.3}, {3.0, 74.0}}
                    Other, 0x101d15060, {{24.0, 2575.3}, {345.0, 30.0}}, label: 'Horizontal scroll bar, 1 page', value: 0%
                      Other, 0x101d15180, {{27.0, 2602.3}, {339.0, 3.0}}
                  TextView, 0x101d152a0, {{24.0, 2636.3}, {345.0, 80.0}}, identifier: 'Text note-15', label: 'Text note-15', value: Field note 15. Lon...
                    Other, 0x101d153c0, {{336.0, 2636.3}, {30.0, 80.0}}, label: 'Vertical scroll bar, 1 page', value: 0%
                      Other, 0x101d154e0, {{363.0, 2639.3}, {3.0, 74.0}}
                    Other, 0x101d15600, {{24.0, 2683.3}, {345.0, 30.0}}, label: 'Horizontal scroll bar, 1 page', value: 0%
                      Other, 0x101d15720, {{27.0, 2710.3}, {339.0, 3.0}}
                  TextView, 0x101d15840, {{24.0, 2744.3}, {345.0, 80.0}}, identifier: 'Text note-16', label: 'Text note-16', value: Field note 16. Lon...
                    Other, 0x101d15960, {{336.0, 2744.3}, {30.0, 80.0}}, label: 'Vertical scroll bar, 1 page', value: 0%
                      Other, 0x101d15a80, {{363.0, 2747.3}, {3.0, 74.0}}
                    Other, 0x101d15ba0, {{24.0, 2791.3}, {345.0, 30.0}}, label: 'Horizontal scroll bar, 1 page', value: 0%
                      Other, 0x101d15cc0, {{27.0, 2818.3}, {339.0, 3.0}}
                  TextView, 0x101d15de0, {{24.0, 2852.3}, {345.0, 80.0}}, identifier: 'Text note-17', label: 'Text note-17', value: Field note 17. Lon...
                    Other, 0x101d15f00, {{336.0, 2852.3}, {30.0, 80.0}}, label: 'Vertical scroll bar, 1 page', value: 0%
                      Other, 0x101d16020, {{363.0, 2855.3}, {3.0, 74.0}}
                    Other, 0x101d16140, {{24.0, 2899.3}, {345.0, 30.0}}, label: 'Horizontal scroll bar, 1 page', value: 0%
                      Other, 0x101d16260, {{27.0, 2926.3}, {339.0, 3.0}}
                  TextView, 0x101d16380, {{24.0, 2960.3}, {345.0, 80.0}}, identifier: 'Text note-18', label: 'Text note-18', value: Field note 18. Lon...
                    Other, 0x101d164a0, {{336.0, 2960.3}, {30.0, 80.0}}, label: 'Vertical scroll bar, 1 page', value: 0%
                      Other, 0x101d165c0, {{363.0, 2963.3}, {3.0, 74.0}}
                    Other, 0x101d166e0, {{24.0, 3007.3}, {345.0, 30.0}}, label: 'Horizontal scroll bar, 1 page', value: 0%
                      Other, 0x101d16800, {{27.0, 3034.3}, {339.0, 3.0}}
                  TextView, 0x101d16920, {{24.0, 3068.3}, {345.0, 80.0}}, identifier: 'Text note-19', label: 'Text note-19', value: Field note 19. Lon...
                    Other, 0x101d16a40, {{336.0, 3068.3}, {30.0, 80.0}}, label: 'Vertical scroll bar, 1 page', value: 0%
                      Other, 0x101d16b60, {{363.0, 3071.3}, {3.0, 74.0}}
                    Other, 0x101d16c80, {{24.0, 3115.3}, {345.0, 30.0}}, label: 'Horizontal scroll bar, 1 page', value: 0%
                      Other, 0x101d16da0, {{27.0, 3142.3}, {339.0, 3.0}}
                  TextView, 0x101d16ec0, {{24.0, 3176.3}, {345.0, 80.0}}, identifier: 'Text note-20', label: 'Text note-20', value: Field note 20. Lon...
                    Other, 0x101d16fe0, {{336.0, 3176.3}, {30.0, 80.0}}, label: 'Vertical scroll bar, 1 page', value: 0%
                      Other, 0x101d17100, {{363.0, 3179.3}, {3.0, 74.0}}
                    Other, 0x101d17220, {{24.0, 3223.3}, {345.0, 30.0}}, label: 'Horizontal scroll bar, 1 page', value: 0%
                      Other, 0x101d17340, {{27.0, 3250.3}, {339.0, 3.0}}
                  TextView, 0x101d17460, {{24.0, 3284.3}, {345.0, 80.0}}, identifier: 'Text note-21', label: 'Text note-21', value: Field note 21. Lon...
                    Other, 0x101d17580, {{336.0, 3284.3}, {30.0, 80.0}}, label: 'Vertical scroll bar, 1 page', value: 0%
                      Other, 0x101d176a0, {{363.0, 3287.3}, {3.0, 74.0}}
                    Other, 0x101d177c0, {{24.0, 3331.3}, {345.0, 30.0}}, label: 'Horizontal scroll bar, 1 page', value: 0%
                      Other, 0x101d178e0, {{27.0, 3358.3}, {339.0, 3.0}}
                  TextView, 0x101d17a00, {{24.0, 3392.3}, {345.0, 80.0}}, identifier: 'Text note-22', label: 'Text note-22', value: Field note 22. Lon...
                    Other, 0x101d17b20, {{336.0, 3392.3}, {30.0, 80.0}}, label: 'Vertical scroll bar, 1 page', value: 0%
                      Other, 0x101d17c40, {{363.0, 3395.3}, {3.0, 74.0}}
                    Other, 0x101d17d60, {{24.0, 3439.3}, {345.0, 30.0}}, label: 'Horizontal scroll bar, 1 page', value: 0%
                      Other, 0x101d17e80, {{27.0, 3466.3}, {339.0, 3.0}}
                  TextView, 0x101d17fa0, {{24.0, 3500.3}, {345.0, 80.0}}, identifier: 'Text note-23', label: 'Text note-23', value: Field note 23. Lon...
                    Other, 0x101d180c0, {{336.0, 3500.3}, {30.0, 80.0}}, label: 'Vertical scroll bar, 1 page', value: 0%
                      Other, 0x101d181e0, {{363.0, 3503.3}, {3.0, 74.0}}
                    Other, 0x101d18300, {{24.0, 3547.3}, {345.0, 30.0}}, label: 'Horizontal scroll bar, 1 page', value: 0%
                      Other, 0x101d18420, {{27.0, 3574.3}, {339.0, 3.0}}
                  TextView, 0x101d18540, {{24.0, 3608.3}, {345.0, 80.0}}, identifier: 'Text note-24', label: 'Text note-24', value: Field note 24. Lon...
                    Other, 0x101d18660, {{336.0, 3608.3}, {30.0, 80.0}}, label: 'Vertical scroll bar, 1 page', value: 0%
                      Other, 0x101d18780, {{363.0, 3611.3}, {3.0, 74.0}}
                    Other, 0x101d188a0, {{24.0, 3655.3}, {345.0, 30.0}}, label: 'Horizontal scroll bar, 1 page', value: 0%
                      Other, 0x101d189c0, {{27.0, 3682.3}, {339.0, 3.0}}
                  TextView, 0x101d18ae0, {{24.0, 3716.3}, {345.0, 80.0}}, identifier: 'Text note-25', label: 'Text note-25', value: Field note 25. Lon...
                    Other, 0x101d18c00, {{336.0, 3716.3}, {30.0, 80.0}}, label: 'Vertical scroll bar, 1 page', value: 0%
                      Other, 0x101d18d20, {{363.0, 3719.3}, {3.0, 74.0}}
                    Other, 0x101d18e40, {{24.0, 3763.3}, {345.0, 30.0}}, label: 'Horizontal scroll bar, 1 page', value: 0%
                      Other, 0x101d18f60, {{27.0, 3790.3}, {339.0, 3.0}}
                  TextView, 0x101d19080, {{24.0, 3824.3}, {345.0, 80.0}}, identifier: 'Text note-26', label: 'Text note-26', value: Field note 26. Lon...
                    Other, 0x101d191a0, {{336.0, 3824.3}, {30.0, 80.0}}, label: 'Vertical scroll bar, 1 page', value: 0%
                      Other, 0x101d192c0, {{363.0, 3827.3}, {3.0, 74.0}}
                    Other, 0x101d193e0, {{24.0, 3871.3}, {345.0, 30.0}}, label: 'Horizontal scroll bar, 1 page', value: 0%
                      Other, 0x101d19500, {{27.0, 3898.3}, {339.0, 3.0}}
                  TextView, 0x101d19620, {{24.0, 3932.3}, {345.0, 80.0}}, identifier: 'Text note-27', label: 'Text note-27', value: Field note 27. Lon...
                    Other, 0x101d19740, {{336.0, 3932.3}, {30.0, 80.0}}, label: 'Vertical scroll bar, 1 page', value: 0%
                      Other, 0x101d19860, {{363.0, 3935.3}, {3.0, 74.0}}
                    Other, 0x101d19980, {{24.0, 3979.3}, {345.0, 30.0}}, label: 'Horizontal scroll bar, 1 page', value: 0%
                      Other, 0x101d19aa0, {{27.0, 4006.3}, {339.0, 3.0}}
                  TextView, 0x101d19bc0, {{24.0, 4040.3}, {345.0, 80.0}}, identifier: 'Text note-28', label: 'Text note-28', value: Field note 28. Lon...
                    Other, 0x101d19ce0, {{336.0, 4040.3}, {30.0, 80.0}}, label: 'Vertical scroll bar, 1 page', value: 0%
                      Other, 0x101d19e00, {{363.0, 4043.3}, {3.0, 74.0}}
                    Other, 0x101d19f20, {{24.0, 4087.3}, {345.0, 30.0}}, label: 'Horizontal scroll bar, 1 page', value: 0%
                      Other, 0x101d1a040, {{27.0, 4114.3}, {339.0, 3.0}}
                  TextView, 0x101d14610, {{24.0, 4148.3}, {345.0, 80.0}}, identifier: 'Text note-29', label: 'Text note-29', value: Field note 29. Lon...
                    Other, 0x101d1a380, {{336.0, 4148.3}, {30.0, 80.0}}, label: 'Vertical scroll bar, 1 page', value: 0%
                      Other, 0x101d1a4a0, {{363.0, 4151.3}, {3.0, 74.0}}
                    Other, 0x101d1a5c0, {{24.0, 4195.3}, {345.0, 30.0}}, label: 'Horizontal scroll bar, 1 page', value: 0%
                      Other, 0x101d1a6e0, {{27.0, 4222.3}, {339.0, 3.0}}
                  TextView, 0x101d1a800, {{24.0, 4256.3}, {345.0, 80.0}}, identifier: 'Text note-30', label: 'Text note-30', value: Field note 30. Lon...
                    Other, 0x101d1a920, {{336.0, 4256.3}, {30.0, 80.0}}, label: 'Vertical scroll bar, 1 page', value: 0%
                      Other, 0x101d1aa40, {{363.0, 4259.3}, {3.0, 74.0}}
                    Other, 0x101d1ab60, {{24.0, 4303.3}, {345.0, 30.0}}, label: 'Horizontal scroll bar, 1 page', value: 0%
                      Other, 0x101d1ac80, {{27.0, 4330.3}, {339.0, 3.0}}
                  TextView, 0x101d1ada0, {{24.0, 4364.3}, {345.0, 80.0}}, identifier: 'Text note-31', label: 'Text note-31', value: Field note 31. Lon...
                    Other, 0x101d1aec0, {{336.0, 4364.3}, {30.0, 80.0}}, label: 'Vertical scroll bar, 1 page', value: 0%
                      Other, 0x101d1afe0, {{363.0, 4367.3}, {3.0, 74.0}}
                    Other, 0x101d1b100, {{24.0, 4411.3}, {345.0, 30.0}}, label: 'Horizontal scroll bar, 1 page', value: 0%
                      Other, 0x101d1b220, {{27.0, 4438.3}, {339.0, 3.0}}
                  TextView, 0x101d1b340, {{24.0, 4472.3}, {345.0, 80.0}}, identifier: 'Text note-32', label: 'Text note-32', value: Field note 32. Lon...
                    Other, 0x101d1b460, {{336.0, 4472.3}, {30.0, 80.0}}, label: 'Vertical scroll bar, 1 page', value: 0%
                      Other, 0x101d1b580, {{363.0, 4475.3}, {3.0, 74.0}}
                    Other, 0x101d1b6a0, {{24.0, 4519.3}, {345.0, 30.0}}, label: 'Horizontal scroll bar, 1 page', value: 0%
                      Other, 0x101d1b7c0, {{27.0, 4546.3}, {339.0, 3.0}}
                  TextView, 0x101d1b8e0, {{24.0, 4580.3}, {345.0, 80.0}}, identifier: 'Text note-33', label: 'Text note-33', value: Field note 33. Lon...
                    Other, 0x101d1ba00, {{336.0, 4580.3}, {30.0, 80.0}}, label: 'Vertical scroll bar, 1 page', value: 0%
                      Other, 0x101d1bb20, {{363.0, 4583.3}, {3.0, 74.0}}
                    Other, 0x101d1bc40, {{24.0, 4627.3}, {345.0, 30.0}}, label: 'Horizontal scroll bar, 1 page', value: 0%
                      Other, 0x101d1bd60, {{27.0, 4654.3}, {339.0, 3.0}}
                  TextView, 0x101d1be80, {{24.0, 4688.3}, {345.0, 80.0}}, identifier: 'Text note-34', label: 'Text note-34', value: Field note 34. Lon...
                    Other, 0x101d1bfa0, {{336.0, 4688.3}, {30.0, 80.0}}, label: 'Vertical scroll bar, 1 page', value: 0%
                      Other, 0x101d1c0c0, {{363.0, 4691.3}, {3.0, 74.0}}
                    Other, 0x101d1c1e0, {{24.0, 4735.3}, {345.0, 30.0}}, label: 'Horizontal scroll bar, 1 page', value: 0%
                      Other, 0x101d1c300, {{27.0, 4762.3}, {339.0, 3.0}}
                  TextView, 0x101d1c420, {{24.0, 4796.3}, {345.0, 80.0}}, identifier: 'Text note-35', label: 'Text note-35', value: Field note 35. Lon...
                    Other, 0x101d1c540, {{336.0, 4796.3}, {30.0, 80.0}}, label: 'Vertical scroll bar, 1 page', value: 0%
                      Other, 0x101d1c660, {{363.0, 4799.3}, {3.0, 74.0}}
                    Other, 0x101d1c780, {{24.0, 4843.3}, {345.0, 30.0}}, label: 'Horizontal scroll bar, 1 page', value: 0%
                      Other, 0x101d1c8a0, {{27.0, 4870.3}, {339.0, 3.0}}
                  TextView, 0x101d1c9c0, {{24.0, 4904.3}, {345.0, 80.0}}, identifier: 'Text note-36', label: 'Text note-36', value: Field note 36. Lon...
                    Other, 0x101d1cae0, {{336.0, 4904.3}, {30.0, 80.0}}, label: 'Vertical scroll bar, 1 page', value: 0%
                      Other, 0x101d1cc00, {{363.0, 4907.3}, {3.0, 74.0}}
                    Other, 0x101d1cd20, {{24.0, 4951.3}, {345.0, 30.0}}, label: 'Horizontal scroll bar, 1 page', value: 0%
                      Other, 0x101d1ce40, {{27.0, 4978.3}, {339.0, 3.0}}
                  TextView, 0x101d1cf60, {{24.0, 5012.3}, {345.0, 80.0}}, identifier: 'Text note-37', label: 'Text note-37', value: Field note 37. Lon...
                    Other, 0x101d1d080, {{336.0, 5012.3}, {30.0, 80.0}}, label: 'Vertical scroll bar, 1 page', value: 0%
                      Other, 0x101d1d1a0, {{363.0, 5015.3}, {3.0, 74.0}}
                    Other, 0x101d1d2c0, {{24.0, 5059.3}, {345.0, 30.0}}, label: 'Horizontal scroll bar, 1 page', value: 0%
                      Other, 0x101d1d3e0, {{27.0, 5086.3}, {339.0, 3.0}}
                  TextView, 0x101d1d500, {{24.0, 5120.3}, {345.0, 80.0}}, identifier: 'Text note-38', label: 'Text note-38', value: Field note 38. Lon...
                    Other, 0x101d1d620, {{336.0, 5120.3}, {30.0, 80.0}}, label: 'Vertical scroll bar, 1 page', value: 0%
                      Other, 0x101d1d740, {{363.0, 5123.3}, {3.0, 74.0}}
                    Other, 0x101d1d860, {{24.0, 5167.3}, {345.0, 30.0}}, label: 'Horizontal scroll bar, 1 page', value: 0%
                      Other, 0x101d1d980, {{27.0, 5194.3}, {339.0, 3.0}}
                  TextView, 0x101d1daa0, {{24.0, 5228.3}, {345.0, 80.0}}, identifier: 'Text note-39', label: 'Text note-39', value: Field note 39. Lon...
                    Other, 0x101d1dbc0, {{336.0, 5228.3}, {30.0, 80.0}}, label: 'Vertical scroll bar, 1 page', value: 0%
                      Other, 0x101d1dce0, {{363.0, 5231.3}, {3.0, 74.0}}
                    Other, 0x101d1de00, {{24.0, 5275.3}, {345.0, 30.0}}, label: 'Horizontal scroll bar, 1 page', value: 0%
                      Other, 0x101d1df20, {{27.0, 5302.3}, {339.0, 3.0}}
                  TextView, 0x101d1e040, {{24.0, 5336.3}, {345.0, 80.0}}, identifier: 'Text note-40', label: 'Text note-40', value: Field note 40. Lon...
                    Other, 0x101d1e160, {{336.0, 5336.3}, {30.0, 80.0}}, label: 'Vertical scroll bar, 1 page', value: 0%
                      Other, 0x101d1e280, {{363.0, 5339.3}, {3.0, 74.0}}
                    Other, 0x101d08c50, {{24.0, 5383.3}, {345.0, 30.0}}, label: 'Horizontal scroll bar, 1 page', value: 0%
                      Other, 0x101d08d70, {{27.0, 5410.3}, {339.0, 3.0}}
                  TextView, 0x101d08e90, {{24.0, 5444.3}, {345.0, 80.0}}, identifier: 'Text note-41', label: 'Text note-41', value: Field note 41. Lon...
                    Other, 0x101d07e90, {{336.0, 5444.3}, {30.0, 80.0}}, label: 'Vertical scroll bar, 1 page', value: 0%
                      Other, 0x101d07fb0, {{363.0, 5447.3}, {3.0, 74.0}}
                    Other, 0x101d080d0, {{24.0, 5491.3}, {345.0, 30.0}}, label: 'Horizontal scroll bar, 1 page', value: 0%
                      Other, 0x101d081f0, {{27.0, 5518.3}, {339.0, 3.0}}
                  TextView, 0x101d08310, {{24.0, 5552.3}, {345.0, 80.0}}, identifier: 'Text note-42', label: 'Text note-42', value: Field note 42. Lon...
                    Other, 0x101d08430, {{336.0, 5552.3}, {30.0, 80.0}}, label: 'Vertical scroll bar, 1 page', value: 0%
                      Other, 0x101d08550, {{363.0, 5555.3}, {3.0, 74.0}}
                    Other, 0x101d1e840, {{24.0, 5599.3}, {345.0, 30.0}}, label: 'Horizontal scroll bar, 1 page', value: 0%
                      Other, 0x101d1e960, {{27.0, 5626.3}, {339.0, 3.0}}
                  TextView, 0x101d1ea80, {{24.0, 5660.3}, {345.0, 80.0}}, identifier: 'Text note-43', label: 'Text note-43', value: Field note 43. Lon...
                    Other, 0x101d1eba0, {{336.0, 5660.3}, {30.0, 80.0}}, label: 'Vertical scroll bar, 1 page', value: 0%
                      Other, 0x101d1ecc0, {{363.0, 5663.3}, {3.0, 74.0}}
                    Other, 0x101d1ede0, {{24.0, 5707.3}, {345.0, 30.0}}, label: 'Horizontal scroll bar, 1 page', value: 0%
                      Other, 0x101d1ef00, {{27.0, 5734.3}, {339.0, 3.0}}
                  TextView, 0x101d1f020, {{24.0, 5768.3}, {345.0, 80.0}}, identifier: 'Text note-44', label: 'Text note-44', value: Field note 44. Lon...
                    Other, 0x101d1f140, {{336.0, 5768.3}, {30.0, 80.0}}, label: 'Vertical scroll bar, 1 page', value: 0%
                      Other, 0x101d1f260, {{363.0, 5771.3}, {3.0, 74.0}}
                    Other, 0x101d1f380, {{24.0, 5815.3}, {345.0, 30.0}}, label: 'Horizontal scroll bar, 1 page', value: 0%
                      Other, 0x101d1f4a0, {{27.0, 5842.3}, {339.0, 3.0}}
                  TextView, 0x101d1f5c0, {{24.0, 5876.3}, {345.0, 80.0}}, identifier: 'Text note-45', label: 'Text note-45', value: Field note 45. Lon...
                    Other, 0x101d1f6e0, {{336.0, 5876.3}, {30.0, 80.0}}, label: 'Vertical scroll bar, 1 page', value: 0%
                      Other, 0x101d1f800, {{363.0, 5879.3}, {3.0, 74.0}}
                    Other, 0x101d1f920, {{24.0, 5923.3}, {345.0, 30.0}}, label: 'Horizontal scroll bar, 1 page', value: 0%
                      Other, 0x101d1fa40, {{27.0, 5950.3}, {339.0, 3.0}}
                  TextView, 0x101d1fb60, {{24.0, 5984.3}, {345.0, 80.0}}, identifier: 'Text note-46', label: 'Text note-46', value: Field note 46. Lon...
                    Other, 0x101d1fc80, {{336.0, 5984.3}, {30.0, 80.0}}, label: 'Vertical scroll bar, 1 page', value: 0%
                      Other, 0x101d1fda0, {{363.0, 5987.3}, {3.0, 74.0}}
                    Other, 0x101d1fec0, {{24.0, 6031.3}, {345.0, 30.0}}, label: 'Horizontal scroll bar, 1 page', value: 0%
                      Other, 0x101d1ffe0, {{27.0, 6058.3}, {339.0, 3.0}}
                  TextView, 0x101d20100, {{24.0, 6092.3}, {345.0, 80.0}}, identifier: 'Text note-47', label: 'Text note-47', value: Field note 47. Lon...
                    Other, 0x101d20220, {{336.0, 6092.3}, {30.0, 80.0}}, label: 'Vertical scroll bar, 1 page', value: 0%
                      Other, 0x101d20340, {{363.0, 6095.3}, {3.0, 74.0}}
                    Other, 0x101d20460, {{24.0, 6139.3}, {345.0, 30.0}}, label: 'Horizontal scroll bar, 1 page', value: 0%
                      Other, 0x101d20580, {{27.0, 6166.3}, {339.0, 3.0}}
                  TextView, 0x101d206a0, {{24.0, 6200.3}, {345.0, 80.0}}, identifier: 'Text note-48', label: 'Text note-48', value: Field note 48. Lon...
                    Other, 0x101d207c0, {{336.0, 6200.3}, {30.0, 80.0}}, label: 'Vertical scroll bar, 1 page', value: 0%
                      Other, 0x101d208e0, {{363.0, 6203.3}, {3.0, 74.0}}
                    Other, 0x101d20a00, {{24.0, 6247.3}, {345.0, 30.0}}, label: 'Horizontal scroll bar, 1 page', value: 0%
                      Other, 0x101d20b20, {{27.0, 6274.3}, {339.0, 3.0}}
                  TextView, 0x101d20c40, {{24.0, 6308.3}, {345.0, 80.0}}, identifier: 'Text note-49', label: 'Text note-49', value: Field note 49. Lon...
                    Other, 0x101d20d60, {{336.0, 6308.3}, {30.0, 80.0}}, label: 'Vertical scroll bar, 1 page', value: 0%
                      Other, 0x101d20e80, {{363.0, 6311.3}, {3.0, 74.0}}
                    Other, 0x101d20fa0, {{24.0, 6355.3}, {345.0, 30.0}}, label: 'Horizontal scroll bar, 1 page', value: 0%
                      Other, 0x101d210c0, {{27.0, 6382.3}, {339.0, 3.0}}
                  TextView, 0x101d211e0, {{24.0, 6416.3}, {345.0, 80.0}}, identifier: 'Text note-50', label: 'Text note-50', value: Field note 50. Lon...
                    Other, 0x101d21300, {{336.0, 6416.3}, {30.0, 80.0}}, label: 'Vertical scroll bar, 1 page', value: 0%
                      Other, 0x101d21420, {{363.0, 6419.3}, {3.0, 74.0}}
                    Other, 0x101d21540, {{24.0, 6463.3}, {345.0, 30.0}}, label: 'Horizontal scroll bar, 1 page', value: 0%
                      Other, 0x101d21660, {{27.0, 6490.3}, {339.0, 3.0}}
                  TextView, 0x101d21780, {{24.0, 6524.3}, {345.0, 80.0}}, identifier: 'Text note-51', label: 'Text note-51', value: Field note 51. Lon...
                    Other, 0x101d218a0, {{336.0, 6524.3}, {30.0, 80.0}}, label: 'Vertical scroll bar, 1 page', value: 0%
                      Other, 0x101d219c0, {{363.0, 6527.3}, {3.0, 74.0}}
                    Other, 0x101d21ae0, {{24.0, 6571.3}, {345.0, 30.0}}, label: 'Horizontal scroll bar, 1 page', value: 0%
                      Other, 0x101d21c00, {{27.0, 6598.3}, {339.0, 3.0}}
                  TextView, 0x101d21d20, {{24.0, 6632.3}, {345.0, 80.0}}, identifier: 'Text note-52', label: 'Text note-52', value: Field note 52. Lon...
                    Other, 0x101d21e40, {{336.0, 6632.3}, {30.0, 80.0}}, label: 'Vertical scroll bar, 1 page', value: 0%
                      Other, 0x101d21f60, {{363.0, 6635.3}, {3.0, 74.0}}
                    Other, 0x101d22080, {{24.0, 6679.3}, {345.0, 30.0}}, label: 'Horizontal scroll bar, 1 page', value: 0%
                      Other, 0x101d221a0, {{27.0, 6706.3}, {339.0, 3.0}}
                  TextView, 0x101d222c0, {{24.0, 6740.3}, {345.0, 80.0}}, identifier: 'Text note-53', label: 'Text note-53', value: Field note 53. Lon...
                    Other, 0x101d223e0, {{336.0, 6740.3}, {30.0, 80.0}}, label: 'Vertical scroll bar, 1 page', value: 0%
                      Other, 0x101d22500, {{363.0, 6743.3}, {3.0, 74.0}}
                    Other, 0x101d22620, {{24.0, 6787.3}, {345.0, 30.0}}, label: 'Horizontal scroll bar, 1 page', value: 0%
                      Other, 0x101d22740, {{27.0, 6814.3}, {339.0, 3.0}}
                  TextView, 0x101d22860, {{24.0, 6848.3}, {345.0, 80.0}}, identifier: 'Text note-54', label: 'Text note-54', value: Field note 54. Lon...
                    Other, 0x101d22980, {{336.0, 6848.3}, {30.0, 80.0}}, label: 'Vertical scroll bar, 1 page', value: 0%
                      Other, 0x101d22aa0, {{363.0, 6851.3}, {3.0, 74.0}}
                    Other, 0x101d22bc0, {{24.0, 6895.3}, {345.0, 30.0}}, label: 'Horizontal scroll bar, 1 page', value: 0%
                      Other, 0x101d22ce0, {{27.0, 6922.3}, {339.0, 3.0}}
                  TextView, 0x101d1a160, {{24.0, 6956.3}, {345.0, 80.0}}, identifier: 'Text note-55', label: 'Text note-55', value: Field note 55. Lon...
                    Other, 0x101d23170, {{336.0, 6956.3}, {30.0, 80.0}}, label: 'Vertical scroll bar, 1 page', value: 0%
                      Other, 0x101d23290, {{363.0, 6959.3}, {3.0, 74.0}}
                    Other, 0x101d233b0, {{24.0, 7003.3}, {345.0, 30.0}}, label: 'Horizontal scroll bar, 1 page', value: 0%
                      Other, 0x101d234d0, {{27.0, 7030.3}, {339.0, 3.0}}
                  TextView, 0x101d235f0, {{24.0, 7064.3}, {345.0, 80.0}}, identifier: 'Text note-56', label: 'Text note-56', value: Field note 56. Lon...
                    Other, 0x101d23710, {{336.0, 7064.3}, {30.0, 80.0}}, label: 'Vertical scroll bar, 1 page', value: 0%
                      Other, 0x101d23830, {{363.0, 7067.3}, {3.0, 74.0}}
                    Other, 0x101d23950, {{24.0, 7111.3}, {345.0, 30.0}}, label: 'Horizontal scroll bar, 1 page', value: 0%
                      Other, 0x101d23a70, {{27.0, 7138.3}, {339.0, 3.0}}
                  TextView, 0x101d23b90, {{24.0, 7172.3}, {345.0, 80.0}}, identifier: 'Text note-57', label: 'Text note-57', value: Field note 57. Lon...
                    Other, 0x101d23cb0, {{336.0, 7172.3}, {30.0, 80.0}}, label: 'Vertical scroll bar, 1 page', value: 0%
                      Other, 0x101d23dd0, {{363.0, 7175.3}, {3.0, 74.0}}
                    Other, 0x101e31030, {{24.0, 7219.3}, {345.0, 30.0}}, label: 'Horizontal scroll bar, 1 page', value: 0%
                      Other, 0x101e12ab0, {{27.0, 7246.3}, {339.0, 3.0}}
                  TextView, 0x101e28dc0, {{24.0, 7280.3}, {345.0, 80.0}}, identifier: 'Text note-58', label: 'Text note-58', value: Field note 58. Lon...
                    Other, 0x101e2bd50, {{336.0, 7280.3}, {30.0, 80.0}}, label: 'Vertical scroll bar, 1 page', value: 0%
                      Other, 0x101e43590, {{363.0, 7283.3}, {3.0, 74.0}}
                    Other, 0x101e49340, {{24.0, 7327.3}, {345.0, 30.0}}, label: 'Horizontal scroll bar, 1 page', value: 0%
                      Other, 0x101e0fb50, {{27.0, 7354.3}, {339.0, 3.0}}
                  TextView, 0x101e17ed0, {{24.0, 7388.3}, {345.0, 80.0}}, identifier: 'Text note-59', label: 'Text note-59', value: Field note 59. Lon...
                    Other, 0x101e18250, {{336.0, 7388.3}, {30.0, 80.0}}, label: 'Vertical scroll bar, 1 page', value: 0%
                      Other, 0x101e18600, {{363.0, 7391.3}, {3.0, 74.0}}
                    Other, 0x101e177e0, {{24.0, 7435.3}, {345.0, 30.0}}, label: 'Horizontal scroll bar, 1 page', value: 0%
                      Other, 0x101e16630, {{27.0, 7462.3}, {339.0, 3.0}}
                  TextView, 0x101e17b60, {{24.0, 7496.3}, {345.0, 80.0}}, identifier: 'Text note-60', label: 'Text note-60', value: Field note 60. Lon...
                    Other, 0x101e170c0, {{336.0, 7496.3}, {30.0, 80.0}}, label: 'Vertical scroll bar, 1 page', value: 0%
                      Other, 0x101e169a0, {{363.0, 7499.3}, {3.0, 74.0}}
                    Other, 0x101e16d30, {{24.0, 7543.3}, {345.0, 30.0}}, label: 'Horizontal scroll bar, 1 page', value: 0%
                      Other, 0x101e14ca0, {{27.0, 7570.3}, {339.0, 3.0}}
                  TextView, 0x101e17450, {{24.0, 7604.3}, {345.0, 51.3}}, identifier: 'Text closing', label: 'Text closing', value: Closing notes
                    Other, 0x101e15730, {{336.0, 7604.3}, {30.0, 51.3}}, label: 'Vertical scroll bar, 1 page', value: 0%
                      Other, 0x101e15030, {{363.0, 7607.3}, {3.0, 45.3}}
                    Other, 0x101e153c0, {{24.0, 7627.0}, {345.0, 25.7}}, label: 'Horizontal scroll bar, 1 page', value: 0%
                      Other, 0x101e13af0, {{27.0, 7649.7}, {339.0, 3.0}}
                Other, 0x101e16290, {{360.0, 117.3}, {30.0, 577.7}}, label: 'Vertical scroll bar, 14 pages', value: 0%
                  Other, 0x101e14570, {{387.0, 120.3}, {3.0, 43.7}}
                Other, 0x101e14910, {{360.0, 117.3}, {30.0, 577.7}}, label: 'Vertical scroll bar, 14 pages', value: 0%
                  Other, 0x101e13e70, {{387.0, 120.3}, {3.0, 43.7}}
              ScrollView, 0x101e14200, {{0.0, 695.0}, {393.0, 58.3}}
                Other, 0x101e12160, {{0.0, 695.0}, {468.3, 58.3}}
                  Button, 0x101e133c0, {{12.0, 707.0}, {113.3, 34.3}}, label: 'Insert block'
                  Button, 0x101e13760, {{137.3, 707.0}, {58.3, 34.3}}, identifier: 'Accessory bold', label: 'Bold', Disabled
                  Button, 0x101e124f0, {{207.7, 707.0}, {59.7, 34.3}}, identifier: 'Accessory italic', label: 'Italic', Disabled
                  Button, 0x101e13040, {{279.3, 707.0}, {177.0, 34.3}}, label: 'Select current block'
                Other, 0x112f05da0, {{0.0, 721.2}, {393.0, 29.2}}, label: 'Horizontal scroll bar, 2 pages', value: 0%
                  Other, 0x112a0be40, {{383.0, 747.3}, {7.0, 3.0}}
                Other, 0x112a0bf60, {{0.0, 721.2}, {393.0, 29.2}}, label: 'Horizontal scroll bar, 2 pages', value: 0%
                  Other, 0x112a0c080, {{383.0, 747.3}, {7.0, 3.0}}
              StaticText, 0x112a0c1a0, {{144.2, 761.3}, {104.7, 14.3}}, identifier: 'Review action', label: 'Title Enter to body'
              StaticText, 0x112a0c2c0, {{22.3, 779.7}, {348.3, 30.3}}, label: 'ST-121 local interaction study · body: shared protocol 6 · title/columns: review state'
    Window, 0x112a0c3e0, {{0.0, 0.0}, {393.0, 852.0}}
      Other, 0x112a0c500, {{0.0, 0.0}, {393.0, 852.0}}
        Other, 0x112a0c620, {{0.0, 0.0}, {393.0, 852.0}}
Path to element:
 →Application, 0x106f044c0, pid: 41124, label: 'ModernPrototypePhone'
Query chain:
 →Find: Target Application 'studio.seventwo.blockeditor.st121.ios'
  Output: {
    Application, 0x106f08a00, pid: 41124, label: 'ModernPrototypePhone'
  }

    t =    17.82s             Requesting snapshot of accessibility hierarchy for app with pid 41124
    t =    17.99s         Wait for studio.seventwo.blockeditor.st121.ios to idle
    t =    18.00s     Requesting snapshot of accessibility hierarchy for app with pid 41124
<unknown>:0: error: -[ModernPrototypePhoneTests.InteractionReviewTests testKeyboardTitleToBodyAndSlashAcceptance] : Failed to synthesize event: Neither element nor any descendant has keyboard focus. Event dispatch snapshot: Application, pid: 41124, label: 'ModernPrototypePhone'
Element debug description:
Attributes: Application, 0x106f044c0, pid: 41124, label: 'ModernPrototypePhone'
Element subtree:
 →Application, 0x106f044c0, pid: 41124, label: 'ModernPrototypePhone'
    Window (Main), 0x106f04f40, {{0.0, 0.0}, {393.0, 852.0}}
      Other, 0x106f05300, {{0.0, 0.0}, {393.0, 852.0}}
        Other, 0x106f05420, {{0.0, 0.0}, {393.0, 852.0}}
          Other, 0x106f05060, {{0.0, 0.0}, {393.0, 852.0}}
            Other, 0x106f05180, {{0.0, 0.0}, {393.0, 852.0}}
              ScrollView, 0x106f05540, {{0.0, 0.0}, {393.0, 117.3}}
                Other, 0x106f05660, {{0.0, 0.0}, {745.3, 117.3}}
                  Button, 0x106f05780, {{12.0, 78.0}, {87.3, 20.3}}, label: 'Outline'
                    Image, 0x106f058a0, {{14.0, 82.0}, {21.0, 12.3}}, identifier: 'list.bullet.indent', label: 'Bulletest List Indent'
                    StaticText, 0x106f059c0, {{12.0, 78.0}, {87.3, 20.3}}, label: 'Outline'
                  Button, 0x106f05ae0, {{111.3, 78.0}, {74.3, 20.3}}, label: 'Focus'
                    Image, 0x106f05c00, {{113.3, 80.0}, {16.3, 16.3}}, identifier: 'viewfinder', label: 'Scan'
                    StaticText, 0x106f05d20, {{111.3, 78.0}, {74.3, 20.3}}, label: 'Focus'
                  Button, 0x106f05e40, {{197.7, 78.0}, {69.3, 20.3}}, label: 'Insert'
                    Image, 0x106f05f60, {{199.7, 81.3}, {14.0, 14.0}}, identifier: 'plus', label: 'Add'
                    StaticText, 0x106f06080, {{197.7, 78.0}, {69.3, 20.3}}, label: 'Insert'
                  Switch, 0x106f061a0, {{291.0, 78.0}, {102.0, 20.3}}, label: 'Select blocks', value: 0
                  Switch, 0x106f062c0, {{449.0, 78.0}, {76.3, 20.3}}, label: 'Large text', value: 0
                  Switch, 0x106f063e0, {{561.3, 78.0}, {36.0, 20.3}}, label: 'Dark', value: 0
                  Switch, 0x106f06500, {{621.3, 71.0}, {112.0, 34.3}}, label: 'Touch tools', value: 1
                Other, 0x106f06620, {{0.0, 84.3}, {393.0, 30.0}}, label: 'Horizontal scroll bar, 2 pages', value: 0%
                  Other, 0x106f06740, {{383.0, 111.3}, {7.0, 3.0}}
                Other, 0x106f06860, {{0.0, 84.3}, {393.0, 30.0}}, label: 'Horizontal scroll bar, 2 pages', value: 0%
                  Other, 0x106f06980, {{383.0, 111.3}, {7.0, 3.0}}
              ScrollView, 0x106f06aa0, {{0.0, 117.3}, {393.0, 577.7}}
                Other, 0x106f06bc0, {{0.0, 117.3}, {393.0, 7574.3}}
                  TextField, 0x106f06ce0, {{20.0, 149.3}, {353.0, 44.0}}, identifier: 'Document title', label: 'Document title', placeholderValue: 'Untitled', value: Studio field keybo...
                  TextView, 0x106f06e00, {{24.0, 217.3}, {345.0, 54.0}}, identifier: 'Text intro', label: 'Text intro', value: Start with the doc...
                    Other, 0x106f06f20, {{336.0, 217.3}, {30.0, 54.0}}, label: 'Vertical scroll bar, 1 page', value: 0%
                      Other, 0x106f07040, {{363.0, 220.3}, {3.0, 48.0}}
                    Other, 0x106f07160, {{24.0, 241.3}, {345.0, 27.0}}, label: 'Horizontal scroll bar, 1 page', value: 0%
                      Other, 0x106f07280, {{27.0, 265.3}, {339.0, 3.0}}
                  Button, 0x106f073a0, {{24.0, 279.3}, {76.0, 14.3}}, identifier: 'Block actions intro', label: 'Block actions', value: paragraph
                    Button, 0x106f074c0, {{24.0, 279.3}, {76.0, 14.3}}
                      StaticText, 0x106f075e0, {{24.0, 279.5}, {76.0, 14.3}}, label: 'Block actions'
                  TextView, 0x106f07700, {{24.0, 321.7}, {345.0, 36.3}}, identifier: 'Text first', label: 'Text first', value: First thought
                    Other, 0x106f07820, {{336.0, 321.7}, {30.0, 36.3}}, label: 'Vertical scroll bar, 1 page', value: 0%
                      Other, 0x106f07940, {{363.0, 319.0}, {3.0, 36.0}}
                    Other, 0x106f07a60, {{24.0, 336.8}, {345.0, 18.2}}, label: 'Horizontal scroll bar, 1 page', value: 0%
                      Other, 0x106f07b80, {{27.0, 352.0}, {339.0, 3.0}}
                  TextView, 0x106f07ca0, {{24.0, 386.0}, {345.0, 36.0}}, identifier: 'Text second', label: 'Text second', value: Second thought
                    Other, 0x106f07dc0, {{336.0, 386.0}, {30.0, 36.0}}, label: 'Vertical scroll bar, 1 page', value: 0%
                      Other, 0x106f07ee0, {{363.0, 383.0}, {3.0, 36.0}}
                    Other, 0x106f08000, {{24.0, 401.0}, {345.0, 18.0}}, label: 'Horizontal scroll bar, 1 page', value: 0%
                      Other, 0x106f08120, {{27.0, 416.0}, {339.0, 3.0}}
                  TextView, 0x106f08240, {{24.0, 450.0}, {345.0, 51.3}}, identifier: 'Text section', label: 'Text section', value: Structured notes
                    Other, 0x106f08360, {{336.0, 450.0}, {30.0, 51.3}}, label: 'Vertical scroll bar, 1 page', value: 0%
                      Other, 0x106f08480, {{363.0, 453.0}, {3.0, 45.3}}
                    Other, 0x106f085a0, {{24.0, 472.7}, {345.0, 25.7}}, label: 'Horizontal scroll bar, 1 page', value: 0%
                      Other, 0x106f086c0, {{27.0, 495.3}, {339.0, 3.0}}
                  ScrollView, 0x112f04960, {{24.0, 529.3}, {345.0, 60.0}}
                    Other, 0x112a042a0, {{24.0, 529.3}, {356.0, 60.0}}
                      TextView, 0x112a0b0c0, {{36.0, 541.3}, {160.0, 36.0}}, identifier: 'Cell left', label: 'Cell left', value: First cell
                        Other, 0x112a0b1e0, {{163.0, 541.3}, {30.0, 36.0}}, label: 'Vertical scroll bar, 1 page', value: 0%
                          Other, 0x112a0b300, {{190.0, 538.3}, {3.0, 36.0}}
                        Other, 0x112a0b420, {{36.0, 556.3}, {160.0, 18.0}}, label: 'Horizontal scroll bar, 1 page', value: 0%
                          Other, 0x112a0b540, {{39.0, 571.3}, {154.0, 3.0}}
                      TextView, 0x112a0b660, {{208.0, 541.3}, {160.0, 36.0}}, identifier: 'Cell right', label: 'Cell right', value: Second cell
                        Other, 0x112a0b780, {{335.0, 541.3}, {30.0, 36.0}}, label: 'Vertical scroll bar, 1 page', value: 0%
                          Other, 0x112a0b8a0, {{362.0, 538.3}, {3.0, 36.0}}
                        Other, 0x112a0b9c0, {{208.0, 556.3}, {160.0, 18.0}}, label: 'Horizontal scroll bar, 1 page', value: 0%
                          Other, 0x112a0bae0, {{211.0, 571.3}, {154.0, 3.0}}
                    Other, 0x112a0bc00, {{24.0, 556.3}, {345.0, 30.0}}, label: 'Horizontal scroll bar, 2 pages', value: 0%
                      Other, 0x112a0bd20, {{359.0, 583.3}, {7.0, 3.0}}
                    Other, 0x112f04a80, {{24.0, 556.3}, {345.0, 30.0}}, label: 'Horizontal scroll bar, 2 pages', value: 0%
                      Other, 0x112f04ba0, {{359.0, 583.3}, {7.0, 3.0}}
                  Button, 0x112f04cc0, {{24.0, 617.3}, {345.0, 44.0}}, identifier: 'Toggle toggle-Disclosure toggle', label: 'Toggle toggle', value: Details
                    TextView, 0x112f04de0, {{24.0, 621.3}, {246.7, 36.0}}, identifier: 'Toggle toggle', label: 'Toggle toggle', value: Details
                      Other, 0x112f04f00, {{237.7, 621.3}, {30.0, 36.0}}, label: 'Vertical scroll bar, 1 page', value: 0%
                        Other, 0x112f05020, {{264.7, 618.3}, {3.0, 36.0}}
                      Other, 0x112f05140, {{24.0, 636.3}, {246.7, 18.0}}, label: 'Horizontal scroll bar, 1 page', value: 0%
                        Other, 0x112f05260, {{27.0, 651.3}, {240.7, 3.0}}
                    Button, 0x112f05380, {{278.7, 632.3}, {72.0, 14.3}}, identifier: 'Disclosure toggle', label: 'Show details'
                    Image, 0x112f054a0, {{361.3, 633.3}, {7.0, 12.0}}, identifier: 'collapsed'
                  StaticText, 0x112f055c0, {{24.0, 695.5}, {7.7, 20.3}}, label: '•'
                  TextView, 0x112f056e0, {{39.7, 689.3}, {329.3, 36.3}}, identifier: 'List parent', label: 'List parent', value: Parent item
                    Other, 0x112f05800, {{336.0, 689.3}, {30.0, 36.3}}, label: 'Vertical scroll bar, 1 page', value: 0%
                      Other, 0x112f05920, {{363.0, 686.7}, {3.0, 36.0}}
                    Other, 0x112f05a40, {{39.7, 704.5}, {329.3, 18.2}}, label: 'Horizontal scroll bar, 1 page', value: 0%
                      Other, 0x112f05b60, {{42.7, 719.7}, {323.3, 3.0}}
                  StaticText, 0x112f05c80, {{48.0, 739.5}, {7.7, 20.3}}, label: '•'
                  TextView, 0x112c042a0, {{63.7, 733.7}, {305.3, 36.0}}, identifier: 'List child', label: 'List child', value: Nested list item
                    Other, 0x112c04b60, {{336.0, 733.7}, {30.0, 36.0}}, label: 'Vertical scroll bar, 1 page', value: 0%
                      Other, 0x112c04c80, {{363.0, 730.7}, {3.0, 36.0}}
                    Other, 0x112c04da0, {{63.7, 748.7}, {305.3, 18.0}}, label: 'Horizontal scroll bar, 1 page', value: 0%
                      Other, 0x112c04ec0, {{66.7, 763.7}, {299.3, 3.0}}
                  Image, 0x112c04fe0, {{24.0, 797.7}, {345.0, 150.0}}, identifier: 'mountain.2', label: 'Local coastline illustration'
                  TextView, 0x112c05100, {{24.0, 955.7}, {345.0, 32.7}}, identifier: 'Media caption', label: 'Media caption', value: A local visual ref...
                    Other, 0x112c05220, {{336.0, 955.7}, {30.0, 32.7}}, label: 'Vertical scroll bar, 1 page', value: 0%
                      Other, 0x112c05340, {{363.0, 949.3}, {3.0, 36.0}}
                    Other, 0x112c05460, {{24.0, 969.0}, {345.0, 16.3}}, label: 'Horizontal scroll bar, 1 page', value: 0%
                      Other, 0x112c05580, {{27.0, 982.3}, {339.0, 3.0}}
                  TextView, 0x112c056a0, {{24.0, 1016.3}, {345.0, 80.0}}, identifier: 'Code review-code', label: 'Code review-code', value: 	let coast = "世界😀...
                    Other, 0x112c057c0, {{336.0, 1016.3}, {30.0, 80.0}}, label: 'Vertical scroll bar, 1 page', value: 0%
                      Other, 0x112c058e0, {{363.0, 1019.3}, {3.0, 74.0}}
                    Other, 0x112c05a00, {{24.0, 1063.3}, {345.0, 30.0}}, label: 'Horizontal scroll bar, 1 page', value: 0%
                      Other, 0x112c05b20, {{27.0, 1090.3}, {339.0, 3.0}}
                  TextView, 0x112c05c40, {{24.0, 1124.3}, {345.0, 80.0}}, identifier: 'Text note-1', label: 'Text note-1', value: Field note 1. Long...
                    Other, 0x112c05d60, {{336.0, 1124.3}, {30.0, 80.0}}, label: 'Vertical scroll bar, 1 page', value: 0%
                      Other, 0x112c05e80, {{363.0, 1127.3}, {3.0, 74.0}}
                    Other, 0x112c05fa0, {{24.0, 1171.3}, {345.0, 30.0}}, label: 'Horizontal scroll bar, 1 page', value: 0%
                      Other, 0x101e0a190, {{27.0, 1198.3}, {339.0, 3.0}}
                  TextView, 0x101e4b010, {{24.0, 1232.3}, {345.0, 80.0}}, identifier: 'Text note-2', label: 'Text note-2', value: Field note 2. Long...
                    Other, 0x101e1f070, {{336.0, 1232.3}, {30.0, 80.0}}, label: 'Vertical scroll bar, 1 page', value: 0%
                      Other, 0x101e1de10, {{363.0, 1235.3}, {3.0, 74.0}}
                    Other, 0x101e34650, {{24.0, 1279.3}, {345.0, 30.0}}, label: 'Horizontal scroll bar, 1 page', value: 0%
                      Other, 0x101e2a020, {{27.0, 1306.3}, {339.0, 3.0}}
                  TextView, 0x101d101f0, {{24.0, 1340.3}, {345.0, 80.0}}, identifier: 'Text note-3', label: 'Text note-3', value: Field note 3. Long...
                    Other, 0x101d09190, {{336.0, 1340.3}, {30.0, 80.0}}, label: 'Vertical scroll bar, 1 page', value: 0%
                      Other, 0x101d0f970, {{363.0, 1343.3}, {3.0, 74.0}}
                    Other, 0x101d0fa90, {{24.0, 1387.3}, {345.0, 30.0}}, label: 'Horizontal scroll bar, 1 page', value: 0%
                      Other, 0x101d0fbb0, {{27.0, 1414.3}, {339.0, 3.0}}
                  TextView, 0x101d0f3d0, {{24.0, 1448.3}, {345.0, 80.0}}, identifier: 'Text note-4', label: 'Text note-4', value: Field note 4. Long...
                    Other, 0x101d0f4f0, {{336.0, 1448.3}, {30.0, 80.0}}, label: 'Vertical scroll bar, 1 page', value: 0%
                      Other, 0x101d0f610, {{363.0, 1451.3}, {3.0, 74.0}}
                    Other, 0x101d11350, {{24.0, 1495.3}, {345.0, 30.0}}, label: 'Horizontal scroll bar, 1 page', value: 0%
                      Other, 0x101d11470, {{27.0, 1522.3}, {339.0, 3.0}}
                  TextView, 0x101d11590, {{24.0, 1556.3}, {345.0, 80.0}}, identifier: 'Text note-5', label: 'Text note-5', value: Field note 5. Long...
                    Other, 0x101d09550, {{336.0, 1556.3}, {30.0, 80.0}}, label: 'Vertical scroll bar, 1 page', value: 0%
                      Other, 0x101d09670, {{363.0, 1559.3}, {3.0, 74.0}}
                    Other, 0x101d09790, {{24.0, 1603.3}, {345.0, 30.0}}, label: 'Horizontal scroll bar, 1 page', value: 0%
                      Other, 0x101d11970, {{27.0, 1630.3}, {339.0, 3.0}}
                  TextView, 0x101d11a90, {{24.0, 1664.3}, {345.0, 80.0}}, identifier: 'Text note-6', label: 'Text note-6', value: Field note 6. Long...
                    Other, 0x101d11bb0, {{336.0, 1664.3}, {30.0, 80.0}}, label: 'Vertical scroll bar, 1 page', value: 0%
                      Other, 0x101d120f0, {{363.0, 1667.3}, {3.0, 74.0}}
                    Other, 0x101d12210, {{24.0, 1711.3}, {345.0, 30.0}}, label: 'Horizontal scroll bar, 1 page', value: 0%
                      Other, 0x101d12330, {{27.0, 1738.3}, {339.0, 3.0}}
                  TextView, 0x101d12450, {{24.0, 1772.3}, {345.0, 80.0}}, identifier: 'Text note-7', label: 'Text note-7', value: Field note 7. Long...
                    Other, 0x101d12570, {{336.0, 1772.3}, {30.0, 80.0}}, label: 'Vertical scroll bar, 1 page', value: 0%
                      Other, 0x101d12690, {{363.0, 1775.3}, {3.0, 74.0}}
                    Other, 0x101d127b0, {{24.0, 1819.3}, {345.0, 30.0}}, label: 'Horizontal scroll bar, 1 page', value: 0%
                      Other, 0x101d128d0, {{27.0, 1846.3}, {339.0, 3.0}}
                  TextView, 0x101d129f0, {{24.0, 1880.3}, {345.0, 80.0}}, identifier: 'Text note-8', label: 'Text note-8', value: Field note 8. Long...
                    Other, 0x101d12b10, {{336.0, 1880.3}, {30.0, 80.0}}, label: 'Vertical scroll bar, 1 page', value: 0%
                      Other, 0x101d12c30, {{363.0, 1883.3}, {3.0, 74.0}}
                    Other, 0x101d12d50, {{24.0, 1927.3}, {345.0, 30.0}}, label: 'Horizontal scroll bar, 1 page', value: 0%
                      Other, 0x101d12e70, {{27.0, 1954.3}, {339.0, 3.0}}
                  TextView, 0x101d12f90, {{24.0, 1988.3}, {345.0, 80.0}}, identifier: 'Text note-9', label: 'Text note-9', value: Field note 9. Long...
                    Other, 0x101d130b0, {{336.0, 1988.3}, {30.0, 80.0}}, label: 'Vertical scroll bar, 1 page', value: 0%
                      Other, 0x101d131d0, {{363.0, 1991.3}, {3.0, 74.0}}
                    Other, 0x101d132f0, {{24.0, 2035.3}, {345.0, 30.0}}, label: 'Horizontal scroll bar, 1 page', value: 0%
                      Other, 0x101d13410, {{27.0, 2062.3}, {339.0, 3.0}}
                  TextView, 0x101d13530, {{24.0, 2096.3}, {345.0, 80.0}}, identifier: 'Text note-10', label: 'Text note-10', value: Field note 10. Lon...
                    Other, 0x101d13650, {{336.0, 2096.3}, {30.0, 80.0}}, label: 'Vertical scroll bar, 1 page', value: 0%
                      Other, 0x101d13770, {{363.0, 2099.3}, {3.0, 74.0}}
                    Other, 0x101d13890, {{24.0, 2143.3}, {345.0, 30.0}}, label: 'Horizontal scroll bar, 1 page', value: 0%
                      Other, 0x101d139b0, {{27.0, 2170.3}, {339.0, 3.0}}
                  TextView, 0x101d13ad0, {{24.0, 2204.3}, {345.0, 80.0}}, identifier: 'Text note-11', label: 'Text note-11', value: Field note 11. Lon...
                    Other, 0x101d13bf0, {{336.0, 2204.3}, {30.0, 80.0}}, label: 'Vertical scroll bar, 1 page', value: 0%
                      Other, 0x101d13d10, {{363.0, 2207.3}, {3.0, 74.0}}
                    Other, 0x101d13e30, {{24.0, 2251.3}, {345.0, 30.0}}, label: 'Horizontal scroll bar, 1 page', value: 0%
                      Other, 0x101d13f50, {{27.0, 2278.3}, {339.0, 3.0}}
                  TextView, 0x101d14070, {{24.0, 2312.3}, {345.0, 80.0}}, identifier: 'Text note-12', label: 'Text note-12', value: Field note 12. Lon...
                    Other, 0x101d14190, {{336.0, 2312.3}, {30.0, 80.0}}, label: 'Vertical scroll bar, 1 page', value: 0%
                      Other, 0x101d142b0, {{363.0, 2315.3}, {3.0, 74.0}}
                    Other, 0x101d143d0, {{24.0, 2359.3}, {345.0, 30.0}}, label: 'Horizontal scroll bar, 1 page', value: 0%
                      Other, 0x101d144f0, {{27.0, 2386.3}, {339.0, 3.0}}
                  TextView, 0x101d14760, {{24.0, 2420.3}, {345.0, 80.0}}, identifier: 'Text note-13', label: 'Text note-13', value: Field note 13. Lon...
                    Other, 0x101d14880, {{336.0, 2420.3}, {30.0, 80.0}}, label: 'Vertical scroll bar, 1 page', value: 0%
                      Other, 0x101d149a0, {{363.0, 2423.3}, {3.0, 74.0}}
                    Other, 0x101d14ac0, {{24.0, 2467.3}, {345.0, 30.0}}, label: 'Horizontal scroll bar, 1 page', value: 0%
                      Other, 0x101d14be0, {{27.0, 2494.3}, {339.0, 3.0}}
                  TextView, 0x101d14d00, {{24.0, 2528.3}, {345.0, 80.0}}, identifier: 'Text note-14', label: 'Text note-14', value: Field note 14. Lon...
                    Other, 0x101d14e20, {{336.0, 2528.3}, {30.0, 80.0}}, label: 'Vertical scroll bar, 1 page', value: 0%
                      Other, 0x101d14f40, {{363.0, 2531.3}, {3.0, 74.0}}
                    Other, 0x101d15060, {{24.0, 2575.3}, {345.0, 30.0}}, label: 'Horizontal scroll bar, 1 page', value: 0%
                      Other, 0x101d15180, {{27.0, 2602.3}, {339.0, 3.0}}
                  TextView, 0x101d152a0, {{24.0, 2636.3}, {345.0, 80.0}}, identifier: 'Text note-15', label: 'Text note-15', value: Field note 15. Lon...
                    Other, 0x101d153c0, {{336.0, 2636.3}, {30.0, 80.0}}, label: 'Vertical scroll bar, 1 page', value: 0%
                      Other, 0x101d154e0, {{363.0, 2639.3}, {3.0, 74.0}}
                    Other, 0x101d15600, {{24.0, 2683.3}, {345.0, 30.0}}, label: 'Horizontal scroll bar, 1 page', value: 0%
                      Other, 0x101d15720, {{27.0, 2710.3}, {339.0, 3.0}}
                  TextView, 0x101d15840, {{24.0, 2744.3}, {345.0, 80.0}}, identifier: 'Text note-16', label: 'Text note-16', value: Field note 16. Lon...
                    Other, 0x101d15960, {{336.0, 2744.3}, {30.0, 80.0}}, label: 'Vertical scroll bar, 1 page', value: 0%
                      Other, 0x101d15a80, {{363.0, 2747.3}, {3.0, 74.0}}
                    Other, 0x101d15ba0, {{24.0, 2791.3}, {345.0, 30.0}}, label: 'Horizontal scroll bar, 1 page', value: 0%
                      Other, 0x101d15cc0, {{27.0, 2818.3}, {339.0, 3.0}}
                  TextView, 0x101d15de0, {{24.0, 2852.3}, {345.0, 80.0}}, identifier: 'Text note-17', label: 'Text note-17', value: Field note 17. Lon...
                    Other, 0x101d15f00, {{336.0, 2852.3}, {30.0, 80.0}}, label: 'Vertical scroll bar, 1 page', value: 0%
                      Other, 0x101d16020, {{363.0, 2855.3}, {3.0, 74.0}}
                    Other, 0x101d16140, {{24.0, 2899.3}, {345.0, 30.0}}, label: 'Horizontal scroll bar, 1 page', value: 0%
                      Other, 0x101d16260, {{27.0, 2926.3}, {339.0, 3.0}}
                  TextView, 0x101d16380, {{24.0, 2960.3}, {345.0, 80.0}}, identifier: 'Text note-18', label: 'Text note-18', value: Field note 18. Lon...
                    Other, 0x101d164a0, {{336.0, 2960.3}, {30.0, 80.0}}, label: 'Vertical scroll bar, 1 page', value: 0%
                      Other, 0x101d165c0, {{363.0, 2963.3}, {3.0, 74.0}}
                    Other, 0x101d166e0, {{24.0, 3007.3}, {345.0, 30.0}}, label: 'Horizontal scroll bar, 1 page', value: 0%
                      Other, 0x101d16800, {{27.0, 3034.3}, {339.0, 3.0}}
                  TextView, 0x101d16920, {{24.0, 3068.3}, {345.0, 80.0}}, identifier: 'Text note-19', label: 'Text note-19', value: Field note 19. Lon...
                    Other, 0x101d16a40, {{336.0, 3068.3}, {30.0, 80.0}}, label: 'Vertical scroll bar, 1 page', value: 0%
                      Other, 0x101d16b60, {{363.0, 3071.3}, {3.0, 74.0}}
                    Other, 0x101d16c80, {{24.0, 3115.3}, {345.0, 30.0}}, label: 'Horizontal scroll bar, 1 page', value: 0%
                      Other, 0x101d16da0, {{27.0, 3142.3}, {339.0, 3.0}}
                  TextView, 0x101d16ec0, {{24.0, 3176.3}, {345.0, 80.0}}, identifier: 'Text note-20', label: 'Text note-20', value: Field note 20. Lon...
                    Other, 0x101d16fe0, {{336.0, 3176.3}, {30.0, 80.0}}, label: 'Vertical scroll bar, 1 page', value: 0%
                      Other, 0x101d17100, {{363.0, 3179.3}, {3.0, 74.0}}
                    Other, 0x101d17220, {{24.0, 3223.3}, {345.0, 30.0}}, label: 'Horizontal scroll bar, 1 page', value: 0%
                      Other, 0x101d17340, {{27.0, 3250.3}, {339.0, 3.0}}
                  TextView, 0x101d17460, {{24.0, 3284.3}, {345.0, 80.0}}, identifier: 'Text note-21', label: 'Text note-21', value: Field note 21. Lon...
                    Other, 0x101d17580, {{336.0, 3284.3}, {30.0, 80.0}}, label: 'Vertical scroll bar, 1 page', value: 0%
                      Other, 0x101d176a0, {{363.0, 3287.3}, {3.0, 74.0}}
                    Other, 0x101d177c0, {{24.0, 3331.3}, {345.0, 30.0}}, label: 'Horizontal scroll bar, 1 page', value: 0%
                      Other, 0x101d178e0, {{27.0, 3358.3}, {339.0, 3.0}}
                  TextView, 0x101d17a00, {{24.0, 3392.3}, {345.0, 80.0}}, identifier: 'Text note-22', label: 'Text note-22', value: Field note 22. Lon...
                    Other, 0x101d17b20, {{336.0, 3392.3}, {30.0, 80.0}}, label: 'Vertical scroll bar, 1 page', value: 0%
                      Other, 0x101d17c40, {{363.0, 3395.3}, {3.0, 74.0}}
                    Other, 0x101d17d60, {{24.0, 3439.3}, {345.0, 30.0}}, label: 'Horizontal scroll bar, 1 page', value: 0%
                      Other, 0x101d17e80, {{27.0, 3466.3}, {339.0, 3.0}}
                  TextView, 0x101d17fa0, {{24.0, 3500.3}, {345.0, 80.0}}, identifier: 'Text note-23', label: 'Text note-23', value: Field note 23. Lon...
                    Other, 0x101d180c0, {{336.0, 3500.3}, {30.0, 80.0}}, label: 'Vertical scroll bar, 1 page', value: 0%
                      Other, 0x101d181e0, {{363.0, 3503.3}, {3.0, 74.0}}
                    Other, 0x101d18300, {{24.0, 3547.3}, {345.0, 30.0}}, label: 'Horizontal scroll bar, 1 page', value: 0%
                      Other, 0x101d18420, {{27.0, 3574.3}, {339.0, 3.0}}
                  TextView, 0x101d18540, {{24.0, 3608.3}, {345.0, 80.0}}, identifier: 'Text note-24', label: 'Text note-24', value: Field note 24. Lon...
                    Other, 0x101d18660, {{336.0, 3608.3}, {30.0, 80.0}}, label: 'Vertical scroll bar, 1 page', value: 0%
                      Other, 0x101d18780, {{363.0, 3611.3}, {3.0, 74.0}}
                    Other, 0x101d188a0, {{24.0, 3655.3}, {345.0, 30.0}}, label: 'Horizontal scroll bar, 1 page', value: 0%
                      Other, 0x101d189c0, {{27.0, 3682.3}, {339.0, 3.0}}
                  TextView, 0x101d18ae0, {{24.0, 3716.3}, {345.0, 80.0}}, identifier: 'Text note-25', label: 'Text note-25', value: Field note 25. Lon...
                    Other, 0x101d18c00, {{336.0, 3716.3}, {30.0, 80.0}}, label: 'Vertical scroll bar, 1 page', value: 0%
                      Other, 0x101d18d20, {{363.0, 3719.3}, {3.0, 74.0}}
                    Other, 0x101d18e40, {{24.0, 3763.3}, {345.0, 30.0}}, label: 'Horizontal scroll bar, 1 page', value: 0%
                      Other, 0x101d18f60, {{27.0, 3790.3}, {339.0, 3.0}}
                  TextView, 0x101d19080, {{24.0, 3824.3}, {345.0, 80.0}}, identifier: 'Text note-26', label: 'Text note-26', value: Field note 26. Lon...
                    Other, 0x101d191a0, {{336.0, 3824.3}, {30.0, 80.0}}, label: 'Vertical scroll bar, 1 page', value: 0%
                      Other, 0x101d192c0, {{363.0, 3827.3}, {3.0, 74.0}}
                    Other, 0x101d193e0, {{24.0, 3871.3}, {345.0, 30.0}}, label: 'Horizontal scroll bar, 1 page', value: 0%
                      Other, 0x101d19500, {{27.0, 3898.3}, {339.0, 3.0}}
                  TextView, 0x101d19620, {{24.0, 3932.3}, {345.0, 80.0}}, identifier: 'Text note-27', label: 'Text note-27', value: Field note 27. Lon...
                    Other, 0x101d19740, {{336.0, 3932.3}, {30.0, 80.0}}, label: 'Vertical scroll bar, 1 page', value: 0%
                      Other, 0x101d19860, {{363.0, 3935.3}, {3.0, 74.0}}
                    Other, 0x101d19980, {{24.0, 3979.3}, {345.0, 30.0}}, label: 'Horizontal scroll bar, 1 page', value: 0%
                      Other, 0x101d19aa0, {{27.0, 4006.3}, {339.0, 3.0}}
                  TextView, 0x101d19bc0, {{24.0, 4040.3}, {345.0, 80.0}}, identifier: 'Text note-28', label: 'Text note-28', value: Field note 28. Lon...
                    Other, 0x101d19ce0, {{336.0, 4040.3}, {30.0, 80.0}}, label: 'Vertical scroll bar, 1 page', value: 0%
                      Other, 0x101d19e00, {{363.0, 4043.3}, {3.0, 74.0}}
                    Other, 0x101d19f20, {{24.0, 4087.3}, {345.0, 30.0}}, label: 'Horizontal scroll bar, 1 page', value: 0%
                      Other, 0x101d1a040, {{27.0, 4114.3}, {339.0, 3.0}}
                  TextView, 0x101d14610, {{24.0, 4148.3}, {345.0, 80.0}}, identifier: 'Text note-29', label: 'Text note-29', value: Field note 29. Lon...
                    Other, 0x101d1a380, {{336.0, 4148.3}, {30.0, 80.0}}, label: 'Vertical scroll bar, 1 page', value: 0%
                      Other, 0x101d1a4a0, {{363.0, 4151.3}, {3.0, 74.0}}
                    Other, 0x101d1a5c0, {{24.0, 4195.3}, {345.0, 30.0}}, label: 'Horizontal scroll bar, 1 page', value: 0%
                      Other, 0x101d1a6e0, {{27.0, 4222.3}, {339.0, 3.0}}
                  TextView, 0x101d1a800, {{24.0, 4256.3}, {345.0, 80.0}}, identifier: 'Text note-30', label: 'Text note-30', value: Field note 30. Lon...
                    Other, 0x101d1a920, {{336.0, 4256.3}, {30.0, 80.0}}, label: 'Vertical scroll bar, 1 page', value: 0%
                      Other, 0x101d1aa40, {{363.0, 4259.3}, {3.0, 74.0}}
                    Other, 0x101d1ab60, {{24.0, 4303.3}, {345.0, 30.0}}, label: 'Horizontal scroll bar, 1 page', value: 0%
                      Other, 0x101d1ac80, {{27.0, 4330.3}, {339.0, 3.0}}
                  TextView, 0x101d1ada0, {{24.0, 4364.3}, {345.0, 80.0}}, identifier: 'Text note-31', label: 'Text note-31', value: Field note 31. Lon...
                    Other, 0x101d1aec0, {{336.0, 4364.3}, {30.0, 80.0}}, label: 'Vertical scroll bar, 1 page', value: 0%
                      Other, 0x101d1afe0, {{363.0, 4367.3}, {3.0, 74.0}}
                    Other, 0x101d1b100, {{24.0, 4411.3}, {345.0, 30.0}}, label: 'Horizontal scroll bar, 1 page', value: 0%
                      Other, 0x101d1b220, {{27.0, 4438.3}, {339.0, 3.0}}
                  TextView, 0x101d1b340, {{24.0, 4472.3}, {345.0, 80.0}}, identifier: 'Text note-32', label: 'Text note-32', value: Field note 32. Lon...
                    Other, 0x101d1b460, {{336.0, 4472.3}, {30.0, 80.0}}, label: 'Vertical scroll bar, 1 page', value: 0%
                      Other, 0x101d1b580, {{363.0, 4475.3}, {3.0, 74.0}}
                    Other, 0x101d1b6a0, {{24.0, 4519.3}, {345.0, 30.0}}, label: 'Horizontal scroll bar, 1 page', value: 0%
                      Other, 0x101d1b7c0, {{27.0, 4546.3}, {339.0, 3.0}}
                  TextView, 0x101d1b8e0, {{24.0, 4580.3}, {345.0, 80.0}}, identifier: 'Text note-33', label: 'Text note-33', value: Field note 33. Lon...
                    Other, 0x101d1ba00, {{336.0, 4580.3}, {30.0, 80.0}}, label: 'Vertical scroll bar, 1 page', value: 0%
                      Other, 0x101d1bb20, {{363.0, 4583.3}, {3.0, 74.0}}
                    Other, 0x101d1bc40, {{24.0, 4627.3}, {345.0, 30.0}}, label: 'Horizontal scroll bar, 1 page', value: 0%
                      Other, 0x101d1bd60, {{27.0, 4654.3}, {339.0, 3.0}}
                  TextView, 0x101d1be80, {{24.0, 4688.3}, {345.0, 80.0}}, identifier: 'Text note-34', label: 'Text note-34', value: Field note 34. Lon...
                    Other, 0x101d1bfa0, {{336.0, 4688.3}, {30.0, 80.0}}, label: 'Vertical scroll bar, 1 page', value: 0%
                      Other, 0x101d1c0c0, {{363.0, 4691.3}, {3.0, 74.0}}
                    Other, 0x101d1c1e0, {{24.0, 4735.3}, {345.0, 30.0}}, label: 'Horizontal scroll bar, 1 page', value: 0%
                      Other, 0x101d1c300, {{27.0, 4762.3}, {339.0, 3.0}}
                  TextView, 0x101d1c420, {{24.0, 4796.3}, {345.0, 80.0}}, identifier: 'Text note-35', label: 'Text note-35', value: Field note 35. Lon...
                    Other, 0x101d1c540, {{336.0, 4796.3}, {30.0, 80.0}}, label: 'Vertical scroll bar, 1 page', value: 0%
                      Other, 0x101d1c660, {{363.0, 4799.3}, {3.0, 74.0}}
                    Other, 0x101d1c780, {{24.0, 4843.3}, {345.0, 30.0}}, label: 'Horizontal scroll bar, 1 page', value: 0%
                      Other, 0x101d1c8a0, {{27.0, 4870.3}, {339.0, 3.0}}
                  TextView, 0x101d1c9c0, {{24.0, 4904.3}, {345.0, 80.0}}, identifier: 'Text note-36', label: 'Text note-36', value: Field note 36. Lon...
                    Other, 0x101d1cae0, {{336.0, 4904.3}, {30.0, 80.0}}, label: 'Vertical scroll bar, 1 page', value: 0%
                      Other, 0x101d1cc00, {{363.0, 4907.3}, {3.0, 74.0}}
                    Other, 0x101d1cd20, {{24.0, 4951.3}, {345.0, 30.0}}, label: 'Horizontal scroll bar, 1 page', value: 0%
                      Other, 0x101d1ce40, {{27.0, 4978.3}, {339.0, 3.0}}
                  TextView, 0x101d1cf60, {{24.0, 5012.3}, {345.0, 80.0}}, identifier: 'Text note-37', label: 'Text note-37', value: Field note 37. Lon...
                    Other, 0x101d1d080, {{336.0, 5012.3}, {30.0, 80.0}}, label: 'Vertical scroll bar, 1 page', value: 0%
                      Other, 0x101d1d1a0, {{363.0, 5015.3}, {3.0, 74.0}}
                    Other, 0x101d1d2c0, {{24.0, 5059.3}, {345.0, 30.0}}, label: 'Horizontal scroll bar, 1 page', value: 0%
                      Other, 0x101d1d3e0, {{27.0, 5086.3}, {339.0, 3.0}}
                  TextView, 0x101d1d500, {{24.0, 5120.3}, {345.0, 80.0}}, identifier: 'Text note-38', label: 'Text note-38', value: Field note 38. Lon...
                    Other, 0x101d1d620, {{336.0, 5120.3}, {30.0, 80.0}}, label: 'Vertical scroll bar, 1 page', value: 0%
                      Other, 0x101d1d740, {{363.0, 5123.3}, {3.0, 74.0}}
                    Other, 0x101d1d860, {{24.0, 5167.3}, {345.0, 30.0}}, label: 'Horizontal scroll bar, 1 page', value: 0%
                      Other, 0x101d1d980, {{27.0, 5194.3}, {339.0, 3.0}}
                  TextView, 0x101d1daa0, {{24.0, 5228.3}, {345.0, 80.0}}, identifier: 'Text note-39', label: 'Text note-39', value: Field note 39. Lon...
                    Other, 0x101d1dbc0, {{336.0, 5228.3}, {30.0, 80.0}}, label: 'Vertical scroll bar, 1 page', value: 0%
                      Other, 0x101d1dce0, {{363.0, 5231.3}, {3.0, 74.0}}
                    Other, 0x101d1de00, {{24.0, 5275.3}, {345.0, 30.0}}, label: 'Horizontal scroll bar, 1 page', value: 0%
                      Other, 0x101d1df20, {{27.0, 5302.3}, {339.0, 3.0}}
                  TextView, 0x101d1e040, {{24.0, 5336.3}, {345.0, 80.0}}, identifier: 'Text note-40', label: 'Text note-40', value: Field note 40. Lon...
                    Other, 0x101d1e160, {{336.0, 5336.3}, {30.0, 80.0}}, label: 'Vertical scroll bar, 1 page', value: 0%
                      Other, 0x101d1e280, {{363.0, 5339.3}, {3.0, 74.0}}
                    Other, 0x101d08c50, {{24.0, 5383.3}, {345.0, 30.0}}, label: 'Horizontal scroll bar, 1 page', value: 0%
                      Other, 0x101d08d70, {{27.0, 5410.3}, {339.0, 3.0}}
                  TextView, 0x101d08e90, {{24.0, 5444.3}, {345.0, 80.0}}, identifier: 'Text note-41', label: 'Text note-41', value: Field note 41. Lon...
                    Other, 0x101d07e90, {{336.0, 5444.3}, {30.0, 80.0}}, label: 'Vertical scroll bar, 1 page', value: 0%
                      Other, 0x101d07fb0, {{363.0, 5447.3}, {3.0, 74.0}}
                    Other, 0x101d080d0, {{24.0, 5491.3}, {345.0, 30.0}}, label: 'Horizontal scroll bar, 1 page', value: 0%
                      Other, 0x101d081f0, {{27.0, 5518.3}, {339.0, 3.0}}
                  TextView, 0x101d08310, {{24.0, 5552.3}, {345.0, 80.0}}, identifier: 'Text note-42', label: 'Text note-42', value: Field note 42. Lon...
                    Other, 0x101d08430, {{336.0, 5552.3}, {30.0, 80.0}}, label: 'Vertical scroll bar, 1 page', value: 0%
                      Other, 0x101d08550, {{363.0, 5555.3}, {3.0, 74.0}}
                    Other, 0x101d1e840, {{24.0, 5599.3}, {345.0, 30.0}}, label: 'Horizontal scroll bar, 1 page', value: 0%
                      Other, 0x101d1e960, {{27.0, 5626.3}, {339.0, 3.0}}
                  TextView, 0x101d1ea80, {{24.0, 5660.3}, {345.0, 80.0}}, identifier: 'Text note-43', label: 'Text note-43', value: Field note 43. Lon...
                    Other, 0x101d1eba0, {{336.0, 5660.3}, {30.0, 80.0}}, label: 'Vertical scroll bar, 1 page', value: 0%
                      Other, 0x101d1ecc0, {{363.0, 5663.3}, {3.0, 74.0}}
                    Other, 0x101d1ede0, {{24.0, 5707.3}, {345.0, 30.0}}, label: 'Horizontal scroll bar, 1 page', value: 0%
                      Other, 0x101d1ef00, {{27.0, 5734.3}, {339.0, 3.0}}
                  TextView, 0x101d1f020, {{24.0, 5768.3}, {345.0, 80.0}}, identifier: 'Text note-44', label: 'Text note-44', value: Field note 44. Lon...
                    Other, 0x101d1f140, {{336.0, 5768.3}, {30.0, 80.0}}, label: 'Vertical scroll bar, 1 page', value: 0%
                      Other, 0x101d1f260, {{363.0, 5771.3}, {3.0, 74.0}}
                    Other, 0x101d1f380, {{24.0, 5815.3}, {345.0, 30.0}}, label: 'Horizontal scroll bar, 1 page', value: 0%
                      Other, 0x101d1f4a0, {{27.0, 5842.3}, {339.0, 3.0}}
                  TextView, 0x101d1f5c0, {{24.0, 5876.3}, {345.0, 80.0}}, identifier: 'Text note-45', label: 'Text note-45', value: Field note 45. Lon...
                    Other, 0x101d1f6e0, {{336.0, 5876.3}, {30.0, 80.0}}, label: 'Vertical scroll bar, 1 page', value: 0%
                      Other, 0x101d1f800, {{363.0, 5879.3}, {3.0, 74.0}}
                    Other, 0x101d1f920, {{24.0, 5923.3}, {345.0, 30.0}}, label: 'Horizontal scroll bar, 1 page', value: 0%
                      Other, 0x101d1fa40, {{27.0, 5950.3}, {339.0, 3.0}}
                  TextView, 0x101d1fb60, {{24.0, 5984.3}, {345.0, 80.0}}, identifier: 'Text note-46', label: 'Text note-46', value: Field note 46. Lon...
                    Other, 0x101d1fc80, {{336.0, 5984.3}, {30.0, 80.0}}, label: 'Vertical scroll bar, 1 page', value: 0%
                      Other, 0x101d1fda0, {{363.0, 5987.3}, {3.0, 74.0}}
                    Other, 0x101d1fec0, {{24.0, 6031.3}, {345.0, 30.0}}, label: 'Horizontal scroll bar, 1 page', value: 0%
                      Other, 0x101d1ffe0, {{27.0, 6058.3}, {339.0, 3.0}}
                  TextView, 0x101d20100, {{24.0, 6092.3}, {345.0, 80.0}}, identifier: 'Text note-47', label: 'Text note-47', value: Field note 47. Lon...
                    Other, 0x101d20220, {{336.0, 6092.3}, {30.0, 80.0}}, label: 'Vertical scroll bar, 1 page', value: 0%
                      Other, 0x101d20340, {{363.0, 6095.3}, {3.0, 74.0}}
                    Other, 0x101d20460, {{24.0, 6139.3}, {345.0, 30.0}}, label: 'Horizontal scroll bar, 1 page', value: 0%
                      Other, 0x101d20580, {{27.0, 6166.3}, {339.0, 3.0}}
                  TextView, 0x101d206a0, {{24.0, 6200.3}, {345.0, 80.0}}, identifier: 'Text note-48', label: 'Text note-48', value: Field note 48. Lon...
                    Other, 0x101d207c0, {{336.0, 6200.3}, {30.0, 80.0}}, label: 'Vertical scroll bar, 1 page', value: 0%
                      Other, 0x101d208e0, {{363.0, 6203.3}, {3.0, 74.0}}
                    Other, 0x101d20a00, {{24.0, 6247.3}, {345.0, 30.0}}, label: 'Horizontal scroll bar, 1 page', value: 0%
                      Other, 0x101d20b20, {{27.0, 6274.3}, {339.0, 3.0}}
                  TextView, 0x101d20c40, {{24.0, 6308.3}, {345.0, 80.0}}, identifier: 'Text note-49', label: 'Text note-49', value: Field note 49. Lon...
                    Other, 0x101d20d60, {{336.0, 6308.3}, {30.0, 80.0}}, label: 'Vertical scroll bar, 1 page', value: 0%
                      Other, 0x101d20e80, {{363.0, 6311.3}, {3.0, 74.0}}
                    Other, 0x101d20fa0, {{24.0, 6355.3}, {345.0, 30.0}}, label: 'Horizontal scroll bar, 1 page', value: 0%
                      Other, 0x101d210c0, {{27.0, 6382.3}, {339.0, 3.0}}
                  TextView, 0x101d211e0, {{24.0, 6416.3}, {345.0, 80.0}}, identifier: 'Text note-50', label: 'Text note-50', value: Field note 50. Lon...
                    Other, 0x101d21300, {{336.0, 6416.3}, {30.0, 80.0}}, label: 'Vertical scroll bar, 1 page', value: 0%
                      Other, 0x101d21420, {{363.0, 6419.3}, {3.0, 74.0}}
                    Other, 0x101d21540, {{24.0, 6463.3}, {345.0, 30.0}}, label: 'Horizontal scroll bar, 1 page', value: 0%
                      Other, 0x101d21660, {{27.0, 6490.3}, {339.0, 3.0}}
                  TextView, 0x101d21780, {{24.0, 6524.3}, {345.0, 80.0}}, identifier: 'Text note-51', label: 'Text note-51', value: Field note 51. Lon...
                    Other, 0x101d218a0, {{336.0, 6524.3}, {30.0, 80.0}}, label: 'Vertical scroll bar, 1 page', value: 0%
                      Other, 0x101d219c0, {{363.0, 6527.3}, {3.0, 74.0}}
                    Other, 0x101d21ae0, {{24.0, 6571.3}, {345.0, 30.0}}, label: 'Horizontal scroll bar, 1 page', value: 0%
                      Other, 0x101d21c00, {{27.0, 6598.3}, {339.0, 3.0}}
                  TextView, 0x101d21d20, {{24.0, 6632.3}, {345.0, 80.0}}, identifier: 'Text note-52', label: 'Text note-52', value: Field note 52. Lon...
                    Other, 0x101d21e40, {{336.0, 6632.3}, {30.0, 80.0}}, label: 'Vertical scroll bar, 1 page', value: 0%
                      Other, 0x101d21f60, {{363.0, 6635.3}, {3.0, 74.0}}
                    Other, 0x101d22080, {{24.0, 6679.3}, {345.0, 30.0}}, label: 'Horizontal scroll bar, 1 page', value: 0%
                      Other, 0x101d221a0, {{27.0, 6706.3}, {339.0, 3.0}}
                  TextView, 0x101d222c0, {{24.0, 6740.3}, {345.0, 80.0}}, identifier: 'Text note-53', label: 'Text note-53', value: Field note 53. Lon...
                    Other, 0x101d223e0, {{336.0, 6740.3}, {30.0, 80.0}}, label: 'Vertical scroll bar, 1 page', value: 0%
                      Other, 0x101d22500, {{363.0, 6743.3}, {3.0, 74.0}}
                    Other, 0x101d22620, {{24.0, 6787.3}, {345.0, 30.0}}, label: 'Horizontal scroll bar, 1 page', value: 0%
                      Other, 0x101d22740, {{27.0, 6814.3}, {339.0, 3.0}}
                  TextView, 0x101d22860, {{24.0, 6848.3}, {345.0, 80.0}}, identifier: 'Text note-54', label: 'Text note-54', value: Field note 54. Lon...
                    Other, 0x101d22980, {{336.0, 6848.3}, {30.0, 80.0}}, label: 'Vertical scroll bar, 1 page', value: 0%
                      Other, 0x101d22aa0, {{363.0, 6851.3}, {3.0, 74.0}}
                    Other, 0x101d22bc0, {{24.0, 6895.3}, {345.0, 30.0}}, label: 'Horizontal scroll bar, 1 page', value: 0%
                      Other, 0x101d22ce0, {{27.0, 6922.3}, {339.0, 3.0}}
                  TextView, 0x101d1a160, {{24.0, 6956.3}, {345.0, 80.0}}, identifier: 'Text note-55', label: 'Text note-55', value: Field note 55. Lon...
                    Other, 0x101d23170, {{336.0, 6956.3}, {30.0, 80.0}}, label: 'Vertical scroll bar, 1 page', value: 0%
                      Other, 0x101d23290, {{363.0, 6959.3}, {3.0, 74.0}}
                    Other, 0x101d233b0, {{24.0, 7003.3}, {345.0, 30.0}}, label: 'Horizontal scroll bar, 1 page', value: 0%
                      Other, 0x101d234d0, {{27.0, 7030.3}, {339.0, 3.0}}
                  TextView, 0x101d235f0, {{24.0, 7064.3}, {345.0, 80.0}}, identifier: 'Text note-56', label: 'Text note-56', value: Field note 56. Lon...
                    Other, 0x101d23710, {{336.0, 7064.3}, {30.0, 80.0}}, label: 'Vertical scroll bar, 1 page', value: 0%
                      Other, 0x101d23830, {{363.0, 7067.3}, {3.0, 74.0}}
                    Other, 0x101d23950, {{24.0, 7111.3}, {345.0, 30.0}}, label: 'Horizontal scroll bar, 1 page', value: 0%
                      Other, 0x101d23a70, {{27.0, 7138.3}, {339.0, 3.0}}
                  TextView, 0x101d23b90, {{24.0, 7172.3}, {345.0, 80.0}}, identifier: 'Text note-57', label: 'Text note-57', value: Field note 57. Lon...
                    Other, 0x101d23cb0, {{336.0, 7172.3}, {30.0, 80.0}}, label: 'Vertical scroll bar, 1 page', value: 0%
                      Other, 0x101d23dd0, {{363.0, 7175.3}, {3.0, 74.0}}
                    Other, 0x101e31030, {{24.0, 7219.3}, {345.0, 30.0}}, label: 'Horizontal scroll bar, 1 page', value: 0%
                      Other, 0x101e12ab0, {{27.0, 7246.3}, {339.0, 3.0}}
                  TextView, 0x101e28dc0, {{24.0, 7280.3}, {345.0, 80.0}}, identifier: 'Text note-58', label: 'Text note-58', value: Field note 58. Lon...
                    Other, 0x101e2bd50, {{336.0, 7280.3}, {30.0, 80.0}}, label: 'Vertical scroll bar, 1 page', value: 0%
                      Other, 0x101e43590, {{363.0, 7283.3}, {3.0, 74.0}}
                    Other, 0x101e49340, {{24.0, 7327.3}, {345.0, 30.0}}, label: 'Horizontal scroll bar, 1 page', value: 0%
                      Other, 0x101e0fb50, {{27.0, 7354.3}, {339.0, 3.0}}
                  TextView, 0x101e17ed0, {{24.0, 7388.3}, {345.0, 80.0}}, identifier: 'Text note-59', label: 'Text note-59', value: Field note 59. Lon...
                    Other, 0x101e18250, {{336.0, 7388.3}, {30.0, 80.0}}, label: 'Vertical scroll bar, 1 page', value: 0%
                      Other, 0x101e18600, {{363.0, 7391.3}, {3.0, 74.0}}
                    Other, 0x101e177e0, {{24.0, 7435.3}, {345.0, 30.0}}, label: 'Horizontal scroll bar, 1 page', value: 0%
                      Other, 0x101e16630, {{27.0, 7462.3}, {339.0, 3.0}}
                  TextView, 0x101e17b60, {{24.0, 7496.3}, {345.0, 80.0}}, identifier: 'Text note-60', label: 'Text note-60', value: Field note 60. Lon...
                    Other, 0x101e170c0, {{336.0, 7496.3}, {30.0, 80.0}}, label: 'Vertical scroll bar, 1 page', value: 0%
                      Other, 0x101e169a0, {{363.0, 7499.3}, {3.0, 74.0}}
                    Other, 0x101e16d30, {{24.0, 7543.3}, {345.0, 30.0}}, label: 'Horizontal scroll bar, 1 page', value: 0%
                      Other, 0x101e14ca0, {{27.0, 7570.3}, {339.0, 3.0}}
                  TextView, 0x101e17450, {{24.0, 7604.3}, {345.0, 51.3}}, identifier: 'Text closing', label: 'Text closing', value: Closing notes
                    Other, 0x101e15730, {{336.0, 7604.3}, {30.0, 51.3}}, label: 'Vertical scroll bar, 1 page', value: 0%
                      Other, 0x101e15030, {{363.0, 7607.3}, {3.0, 45.3}}
                    Other, 0x101e153c0, {{24.0, 7627.0}, {345.0, 25.7}}, label: 'Horizontal scroll bar, 1 page', value: 0%
                      Other, 0x101e13af0, {{27.0, 7649.7}, {339.0, 3.0}}
                Other, 0x101e16290, {{360.0, 117.3}, {30.0, 577.7}}, label: 'Vertical scroll bar, 14 pages', value: 0%
                  Other, 0x101e14570, {{387.0, 120.3}, {3.0, 43.7}}
                Other, 0x101e14910, {{360.0, 117.3}, {30.0, 577.7}}, label: 'Vertical scroll bar, 14 pages', value: 0%
                  Other, 0x101e13e70, {{387.0, 120.3}, {3.0, 43.7}}
              ScrollView, 0x101e14200, {{0.0, 695.0}, {393.0, 58.3}}
                Other, 0x101e12160, {{0.0, 695.0}, {468.3, 58.3}}
                  Button, 0x101e133c0, {{12.0, 707.0}, {113.3, 34.3}}, label: 'Insert block'
                  Button, 0x101e13760, {{137.3, 707.0}, {58.3, 34.3}}, identifier: 'Accessory bold', label: 'Bold', Disabled
                  Button, 0x101e124f0, {{207.7, 707.0}, {59.7, 34.3}}, identifier: 'Accessory italic', label: 'Italic', Disabled
                  Button, 0x101e13040, {{279.3, 707.0}, {177.0, 34.3}}, label: 'Select current block'
                Other, 0x112f05da0, {{0.0, 721.2}, {393.0, 29.2}}, label: 'Horizontal scroll bar, 2 pages', value: 0%
                  Other, 0x112a0be40, {{383.0, 747.3}, {7.0, 3.0}}
                Other, 0x112a0bf60, {{0.0, 721.2}, {393.0, 29.2}}, label: 'Horizontal scroll bar, 2 pages', value: 0%
                  Other, 0x112a0c080, {{383.0, 747.3}, {7.0, 3.0}}
              StaticText, 0x112a0c1a0, {{144.2, 761.3}, {104.7, 14.3}}, identifier: 'Review action', label: 'Title Enter to body'
              StaticText, 0x112a0c2c0, {{22.3, 779.7}, {348.3, 30.3}}, label: 'ST-121 local interaction study · body: shared protocol 6 · title/columns: review state'
    Window, 0x112a0c3e0, {{0.0, 0.0}, {393.0, 852.0}}
      Other, 0x112a0c500, {{0.0, 0.0}, {393.0, 852.0}}
        Other, 0x112a0c620, {{0.0, 0.0}, {393.0, 852.0}}
Path to element:
 →Application, 0x106f044c0, pid: 41124, label: 'ModernPrototypePhone'
Query chain:
 →Find: Target Application 'studio.seventwo.blockeditor.st121.ios'
  Output: {
    Application, 0x106f08a00, pid: 41124, label: 'ModernPrototypePhone'
  }

    t =    18.16s Tear Down
Test Case '-[ModernPrototypePhoneTests.InteractionReviewTests testKeyboardTitleToBodyAndSlashAcceptance]' failed (18.168 seconds).
2026-10-05 22:18:47.273655+0200 ModernPrototypePhoneTests-Runner[41096:17778457] [Default] Flushing outgoing messages to the IDE with timeout 600.00s
2026-10-05 22:18:47.273838+0200 ModernPrototypePhoneTests-Runner[41096:17778570] [Default] Received confirmation that IDE processed remaining outgoing messages
2026-10-05 22:18:47.913997+0200 ModernPrototypePhoneTests-Runner[41581:17780487] [Default] Running tests...
    t =      nans Interface orientation changed to Portrait

Restarting after unexpected exit, crash, or test timeout; summary will include totals from previous launches.

Test Suite 'Selected tests' started at 2026-10-05 22:18:48.353.
Test Suite 'ModernPrototypePhoneTests.xctest' started at 2026-10-05 22:18:48.354.
Test Suite 'InteractionReviewTests' started at 2026-10-05 22:18:48.354.
Test Case '-[ModernPrototypePhoneTests.InteractionReviewTests testMultipleLayoutsAndBoundaryWriting]' started.
    t =     0.00s Start Test at 2026-10-05 22:18:48.354
    t =     0.02s Set Up
    t =     0.02s Open studio.seventwo.blockeditor.st121.ios
    t =     0.02s     Launch studio.seventwo.blockeditor.st121.ios
2026-10-05 22:18:48.376 xcodebuild[38951:17766983] [MT] IDELaunchParametersSnapshot: debugger version lookup failed for path '<nil>': noURL
2026-10-05 22:18:48.376 xcodebuild[38951:17766983] [MT] IDELaunchParametersSnapshot: no debugger version
    t =     0.23s         Setting up automation session
    t =     0.79s         Wait for studio.seventwo.blockeditor.st121.ios to idle
    t =     2.14s Tap "Select blocks" Any
    t =     2.14s     Wait for studio.seventwo.blockeditor.st121.ios to idle
    t =     2.99s     Find the "Select blocks" Any
    t =     3.05s     Check for interrupting elements affecting "Select blocks" Switch
    t =     3.18s     Synthesize event
    t =     3.47s     Wait for studio.seventwo.blockeditor.st121.ios to idle
    t =     4.21s Tap "Select first" Button
    t =     4.21s     Wait for studio.seventwo.blockeditor.st121.ios to idle
    t =     4.21s     Find the "Select first" Button
    t =     4.34s     Check for interrupting elements affecting "circle" Button
    t =     4.43s     Synthesize event
    t =     4.73s     Wait for studio.seventwo.blockeditor.st121.ios to idle
    t =     5.40s Tap "Select second" Button
    t =     5.40s     Wait for studio.seventwo.blockeditor.st121.ios to idle
    t =     5.40s     Find the "Select second" Button
    t =     5.52s     Check for interrupting elements affecting "circle" Button
    t =     5.61s     Synthesize event
    t =     5.91s     Wait for studio.seventwo.blockeditor.st121.ios to idle
    t =     6.50s Tap "Create two columns" Button
    t =     6.50s     Wait for studio.seventwo.blockeditor.st121.ios to idle
    t =     6.50s     Find the "Create two columns" Button
    t =     6.64s     Check for interrupting elements affecting "Create two columns" Button
    t =     6.72s     Synthesize event
    t =     7.03s     Wait for studio.seventwo.blockeditor.st121.ios to idle
    t =     7.76s Tap "Select intro" Button
    t =     7.76s     Wait for studio.seventwo.blockeditor.st121.ios to idle
    t =     7.76s     Find the "Select intro" Button
    t =     7.89s     Check for interrupting elements affecting "circle" Button
    t =     7.97s     Synthesize event
    t =     8.27s     Wait for studio.seventwo.blockeditor.st121.ios to idle
    t =     8.97s Tap "Create two columns" Button
    t =     8.97s     Wait for studio.seventwo.blockeditor.st121.ios to idle
    t =     8.97s     Find the "Create two columns" Button
    t =     9.10s     Check for interrupting elements affecting "Create two columns" Button
    t =     9.19s     Synthesize event
    t =     9.50s     Wait for studio.seventwo.blockeditor.st121.ios to idle
    t =    10.18s Get number of matches for: Elements matching predicate '"Remove columns" IN identifiers'
    t =    10.32s Tap "Text intro" TextView
    t =    10.32s     Wait for studio.seventwo.blockeditor.st121.ios to idle
    t =    10.32s     Find the "Text intro" TextView
    t =    10.44s     Check for interrupting elements affecting "Text intro" TextView
    t =    10.53s     Synthesize event
    t =    10.83s     Wait for studio.seventwo.blockeditor.st121.ios to idle
    t =    12.76s Tap "Insert" Button
    t =    12.76s     Wait for studio.seventwo.blockeditor.st121.ios to idle
    t =    13.14s     Find the "Insert" Button
    t =    13.28s     Check for interrupting elements affecting "Insert" Button
    t =    13.37s     Synthesize event
    t =    13.66s     Wait for studio.seventwo.blockeditor.st121.ios to idle
    t =    14.62s Tap "Search blocks" TextField
    t =    14.62s     Wait for studio.seventwo.blockeditor.st121.ios to idle
    t =    14.62s     Find the "Search blocks" TextField
    t =    14.76s     Check for interrupting elements affecting "Search blocks" TextField
    t =    14.85s     Synthesize event
    t =    14.86s         Scroll element to visible
    t =    14.86s         Find the "Search blocks" TextField
    t =    15.00s         Computed hit point {214.5, 256.99999999999994} after scrolling to visible
    t =    15.29s     Wait for studio.seventwo.blockeditor.st121.ios to idle
    t =    15.59s Type 'Two columns' into "Search blocks" TextField
    t =    15.59s     Wait for studio.seventwo.blockeditor.st121.ios to idle
    t =    15.59s     Find the "Search blocks" TextField
    t =    15.71s     Check for interrupting elements affecting "Search blocks" TextField
    t =    15.81s     Synthesize event
    t =    16.19s     Wait for studio.seventwo.blockeditor.st121.ios to idle
    t =    16.19s Tap "Insert option Two columns" Button
    t =    16.19s     Wait for studio.seventwo.blockeditor.st121.ios to idle
    t =    16.20s     Find the "Insert option Two columns" Button
    t =    16.32s     Check for interrupting elements affecting "Insert option Two columns" Button
    t =    16.41s     Synthesize event
    t =    16.72s     Wait for studio.seventwo.blockeditor.st121.ios to idle
    t =    17.67s Waiting 3.0s for "A column layout cannot contain another column layout" StaticText to exist
    t =    18.70s     Checking `Expect predicate `existsNoRetry == 1` for object "A column layout cannot contain another column layout" StaticText`
    t =    18.70s         Checking existence of `"A column layout cannot contain another column layout" StaticText`
    t =    18.83s Get number of matches for: Elements matching predicate '"Remove columns" IN identifiers'
    t =    18.95s Tap "Dismiss picker" Button
    t =    18.95s     Wait for studio.seventwo.blockeditor.st121.ios to idle
    t =    18.95s     Find the "Dismiss picker" Button
    t =    19.08s     Check for interrupting elements affecting "Dismiss picker" Button
    t =    19.17s     Synthesize event
    t =    19.48s     Wait for studio.seventwo.blockeditor.st121.ios to idle
    t =    21.65s Find the Target Application 'studio.seventwo.blockeditor.st121.ios'
    t =    21.80s Added attachment named 'Independent layouts and explicit nesting rejection'
    t =    21.80s Tap "Text section" TextView
    t =    21.80s     Wait for studio.seventwo.blockeditor.st121.ios to idle
    t =    21.81s     Find the "Text section" TextView
    t =    21.92s     Check for interrupting elements affecting "Text section" TextView
    t =    22.00s     Synthesize event
    t =    22.01s         Scroll element to visible
    t =    22.01s         Find the "Text section" TextView
    t =    22.15s         Computed hit point {65, 527.66666666666663} after scrolling to visible
    t =    22.43s     Wait for studio.seventwo.blockeditor.st121.ios to idle
    t =    24.22s Tap "Insert" Button
    t =    24.22s     Wait for studio.seventwo.blockeditor.st121.ios to idle
    t =    24.60s     Find the "Insert" Button
    t =    24.74s     Check for interrupting elements affecting "Insert" Button
    t =    24.84s     Synthesize event
    t =    25.13s     Wait for studio.seventwo.blockeditor.st121.ios to idle
    t =    26.12s Tap "Search blocks" TextField
    t =    26.12s     Wait for studio.seventwo.blockeditor.st121.ios to idle
    t =    26.12s     Find the "Search blocks" TextField
    t =    26.26s     Check for interrupting elements affecting "Search blocks" TextField
    t =    26.36s     Synthesize event
    t =    26.37s         Scroll element to visible
    t =    26.37s         Find the "Search blocks" TextField
    t =    26.54s         Computed hit point {204, 256.99999999999994} after scrolling to visible
    t =    26.82s     Wait for studio.seventwo.blockeditor.st121.ios to idle
    t =    27.10s Type 'Two columns' into "Search blocks" TextField
    t =    27.10s     Wait for studio.seventwo.blockeditor.st121.ios to idle
    t =    27.10s     Find the "Search blocks" TextField
    t =    27.23s     Check for interrupting elements affecting "Search blocks" TextField
    t =    27.32s     Synthesize event
    t =    27.71s     Wait for studio.seventwo.blockeditor.st121.ios to idle
    t =    27.71s Tap "Insert option Two columns" Button
    t =    27.71s     Wait for studio.seventwo.blockeditor.st121.ios to idle
    t =    27.71s     Find the "Insert option Two columns" Button
    t =    27.83s     Check for interrupting elements affecting "Insert option Two columns" Button
    t =    27.92s     Synthesize event
    t =    28.23s     Wait for studio.seventwo.blockeditor.st121.ios to idle
    t =    30.41s Get number of matches for: Elements matching predicate '"Remove columns" IN identifiers'
    t =    30.54s Checking existence of `"Empty First column layout-103" TextField`
    t =    30.65s Tap "Empty First column layout-103" TextField
    t =    30.65s     Wait for studio.seventwo.blockeditor.st121.ios to idle
    t =    30.65s     Find the "Empty First column layout-103" TextField
    t =    30.77s     Check for interrupting elements affecting "Empty First column layout-103" TextField
    t =    30.85s     Synthesize event
    t =    31.16s     Wait for studio.seventwo.blockeditor.st121.ios to idle
    t =    32.13s Type 'F' into "Empty First column layout-103" TextField
    t =    32.13s     Wait for studio.seventwo.blockeditor.st121.ios to idle
    t =    32.52s     Find the "Empty First column layout-103" TextField
    t =    32.66s     Check for interrupting elements affecting "Empty First column layout-103" TextField
    t =    32.76s     Synthesize event
    t =    32.97s     Wait for studio.seventwo.blockeditor.st121.ios to idle
    t =    35.20s Waiting 3.0s for "Text review-104" TextView to exist
    t =    36.23s     Checking `Expect predicate `existsNoRetry == 1` for object "Text review-104" TextView`
    t =    36.23s         Checking existence of `"Text review-104" TextView`
    t =    36.37s Type 'resh writing' into Target Application 'studio.seventwo.blockeditor.st121.ios'
    t =    36.37s     Wait for studio.seventwo.blockeditor.st121.ios to idle
    t =    36.37s     Find the Target Application 'studio.seventwo.blockeditor.st121.ios'
    t =    36.46s     Check for interrupting elements affecting "ModernPrototypePhone" Application
    t =    36.55s     Synthesize event
    t =    36.55s         Get number of matches for: Elements containing elements matching predicate 'hasKeyboardFocus == 1'
    t =    37.04s     Wait for studio.seventwo.blockeditor.st121.ios to idle
    t =    38.61s Find the "Text review-104" TextView
objc[41581]: Class UIAccessibilityLoaderWebShared is implemented in both /private/var/run/com.apple.security.cryptexd/mnt/iOS_23A343/Library/Developer/CoreSimulator/Profiles/Runtimes/iOS 26.0.simruntime/Contents/Resources/RuntimeRoot/System/Library/AccessibilityBundles/WebCore.axbundle/WebCore (0x11eed8310) and /private/var/run/com.apple.security.cryptexd/mnt/iOS_23A343/Library/Developer/CoreSimulator/Profiles/Runtimes/iOS 26.0.simruntime/Contents/Resources/RuntimeRoot/System/Library/AccessibilityBundles/WebKit.axbundle/WebKit (0x11ee74398). This may cause spurious casting failures and mysterious crashes. One of the duplicates must be removed or renamed.
    t =    39.76s Find the "Text review-104" TextView
    t =    40.88s Find the "Text review-104" TextView
    t =    41.76s Find the "Text review-104" TextView
    t =    43.48s Find the "Text review-104" TextView
    t =    43.61s Find the Target Application 'studio.seventwo.blockeditor.st121.ios'
    t =    43.76s Added attachment named 'Boundary columns accept first real input'
    t =    43.76s Terminate studio.seventwo.blockeditor.st121.ios:41620
    t =    44.80s Tear Down
Test Case '-[ModernPrototypePhoneTests.InteractionReviewTests testMultipleLayoutsAndBoundaryWriting]' passed (44.847 seconds).
Test Suite 'InteractionReviewTests' passed at 2026-10-05 22:19:33.202.
	 Executed 1 test, with 0 failures (0 unexpected) in 44.847 (44.848) seconds
Test Suite 'ModernPrototypePhoneTests.xctest' passed at 2026-10-05 22:19:33.202.
	 Executed 1 test, with 0 failures (0 unexpected) in 44.847 (44.848) seconds
Test Suite 'Selected tests' passed at 2026-10-05 22:19:33.202.
	 Executed 1 test, with 0 failures (0 unexpected) in 44.847 (44.849) seconds
Testing started
In flight operation:   <DVTOperationGroup: 0x7aa8d2cc00; state = AREfc>
     <IDEBuildOperationGroup: 0x7aa8cf3a80; state = AReFc>
         <DVTOperationGroup: 0x7aa8cf3d80; state = AReFc>
             <IDEXCBuildSupportCore.IDEXCBuildServiceBuildOperation:0x7aa5857300:AReFc>
         <__DVTSwiftAsyncOperation: 0x7aa8d09980; state = AReFc>
         <DVTOperation: 0x7aa5fa6080; state = aReFc>
         <DVTOperation: 0x7aa5fa6300; state = aReFc>
         <__DVTSwiftAsyncOperation: 0x7aa8d09200; state = AReFc>
         <DVTOperation: 0x7aa5fa5f40; state = aReFc>
         <__DVTSwiftAsyncOperation: 0x7aa8d09b00; state = AReFc>
         <DVTOperation: 0x7aa5fa61c0; state = aReFc>
         <__DVTSwiftAsyncOperation: 0x7aa8d09080; state = AReFc>
     <DVTOperationGroup: 0x7aa8d2ca80; state = AREfc>
         <DVTOperation: 0x7aa5c1f340; name = 'Remove Log If Needed', state = aReFc>
         <DVTOperationGroup: 0x7aa8d2c900; state = AREfc>
             <DVTOperationGroup: 0x7aa8d2c780; state = AREfc>
                 <DVTOperationGroup: 0x7aa8d2c600; state = AREfc>
                     <DVTOperation: 0x7aa5fa7ac0; state = aReFc>
                     <DVTOperationGroup: 0x7aa8d08600; state = AReF!c, blocking { Blocking finish to clean up test session. }>
                         <DVTOperation: 0x7aa5fa7480; state = aReFc>
                         <XCTHOperationGroup: 0x7aa8d08480>
                     <__DVTSwiftAsyncOperation: 0x7aa8d2c180; state = AReFc>
                     <__DVTSwiftAsyncOperation: 0x7aa8d2c480; state = AReFc>
                     <DVTOperation: 0x7aa5fa7980; state = aReFc>
                     <DVTOperation: 0x7aa5fa7d40; state = arefc>
                     <IDESchemeActionResultOperation: 0x7aa8d08c00; state = Arefc>
                     <DVTOperation: 0x7aa5fa7c00; state = arefc>
                     <__DVTSwiftAsyncOperation: 0x7aa8d2c000; state = AReFc>
                     <__DVTSwiftAsyncOperation: 0x7aa8d2c300; state = AReFc>
             <DVTOperation: 0x7aa5fa7e80; state = aReFc>
         <_IDETestingFinalizeLogsOperation: 0x7aa5c1f5c0; name = 'Finalize test log', state = aref!c, blocking { waiting for test log to finish recording }>
<DVTOperationGroup: 0x7aa8d2cc00; state = AREfc> created at:
  0   -[DVTOperation init] (in DVTFoundation)
  1   -[DVTOperationGroup init] (in DVTFoundation)
  2   +[DVTOperationGroup operationGroupWithSuboperations:] (in DVTFoundation)
  3   -[IDEScheme _groupAndImposeDependenciesForOrderedOperations:] (in IDEFoundation)
  4   -[IDEScheme _executionOperationForSchemeOperationParameters:build:onlyBuild:buildParameters:title:buildLog:dontActuallyRunCommands:restorePersistedBuildResults:deviceAvailableChecker:error:actionCallbackBlock:] (in IDEFoundation)
  5   -[IDEScheme(TestSchemeAction) schemeTestActionOperationForSchemeOperationParameters:onlyBuild:buildLog:deviceAvailableChecker:buildParameters:shouldBuild:restorePersistedBuildResults:error:completionBlock:] (in IDEFoundation)
  6   -[IDEScheme buildAndActionTaskForSchemeOperationParameters:shouldBuild:onlyBuild:buildParameters:buildLog:deviceAvailableChecker:restorePersistedBuildResults:dontActuallyRunCommands:error:completionBlock:] (in IDEFoundation)
  7   -[IDEScheme schemeOperationForSchemeOperationParameters:buildLog:overridingProperties:overridingBuildConfiguration:dontActuallyRunCommands:restorePersistedBuildResults:deviceAvailableChecker:error:completionBlock:] (in IDEFoundation)
  8   -[IDEScheme schemeOperationForSchemeOperationParameters:buildLog:overridingProperties:overridingBuildConfiguration:dontActuallyRunCommands:restorePersistedBuildResults:error:completionBlock:] (in IDEFoundation)
  9   -[Xcode3CommandLineBuildTool(TestSchemeAction) buildForTestSchemeCommandWantsSkip:buildAction:isProjectBuild:title:buildLog:isMoreDestinationsPending:runDestinations:runDestination:schemeCommand:executionEnvironment:restorePersistedBuildResults:operationToEnqueue:error:] (in Xcode3Core)
 10   -[Xcode3CommandLineBuildTool doSchemeBuildWithRunDestinations:runDestinationIdx:wantsSkip:buildActionTimingSection:timingSection:buildAction:isMoreDesinationsPending:actionResultBlock:title:buildLog:executionEnvironment:restorePersistedBuildResults:operationToEnqueue:error:] (in Xcode3Core)
 11   -[Xcode3CommandLineBuildTool doBuildForBuildAction:timingSection:colorize:colorizeFailure:error:] (in Xcode3Core)
 12   -[Xcode3CommandLineBuildTool _buildWithTimingSection:] (in Xcode3Core)
 13   -[Xcode3CommandLineBuildTool run] (in Xcode3Core)
 14   XcodeBuildMain (in libxcodebuildLoader.dylib)
 15   -[XcodebuildPreIDEHandler loadXcode3ProjectSupportAndRunXcode3CommandLineBuildToolWithArguments:] (in xcodebuild)
 16   -[XcodebuildPreIDEHandler runWithArguments:] (in xcodebuild)
 17   main (in xcodebuild)
 18   start (in dyld)

<IDEBuildOperationGroup: 0x7aa8cf3a80; state = AReFc> created at:
  0   -[DVTOperation init] (in DVTFoundation)
  1   -[DVTOperationGroup init] (in DVTFoundation)
  2   -[IDEBuildOperationGroup initWithBuildOperations:otherOperations:buildLog:] (in IDEFoundation)
  3   -[IDEBuildOperationGroup initWithBuildOperations:buildLog:] (in IDEFoundation)
  4   -[IDEScheme _buildOperationGroupForSchemeOperationParameters:primaryBuildParameters:variantSpecifiers:buildLog:dontActuallyRunCommands:restorePersistedBuildResults:schemeActionRecord:error:] (in IDEFoundation)
  5   -[IDEScheme _executionOperationForSchemeOperationParameters:build:onlyBuild:buildParameters:title:buildLog:dontActuallyRunCommands:restorePersistedBuildResults:deviceAvailableChecker:error:actionCallbackBlock:] (in IDEFoundation)
  6   -[IDEScheme(TestSchemeAction) schemeTestActionOperationForSchemeOperationParameters:onlyBuild:buildLog:deviceAvailableChecker:buildParameters:shouldBuild:restorePersistedBuildResults:error:completionBlock:] (in IDEFoundation)
  7   -[IDEScheme buildAndActionTaskForSchemeOperationParameters:shouldBuild:onlyBuild:buildParameters:buildLog:deviceAvailableChecker:restorePersistedBuildResults:dontActuallyRunCommands:error:completionBlock:] (in IDEFoundation)
  8   -[IDEScheme schemeOperationForSchemeOperationParameters:buildLog:overridingProperties:overridingBuildConfiguration:dontActuallyRunCommands:restorePersistedBuildResults:deviceAvailableChecker:error:completionBlock:] (in IDEFoundation)
  9   -[IDEScheme schemeOperationForSchemeOperationParameters:buildLog:overridingProperties:overridingBuildConfiguration:dontActuallyRunCommands:restorePersistedBuildResults:error:completionBlock:] (in IDEFoundation)
 10   -[Xcode3CommandLineBuildTool(TestSchemeAction) buildForTestSchemeCommandWantsSkip:buildAction:isProjectBuild:title:buildLog:isMoreDestinationsPending:runDestinations:runDestination:schemeCommand:executionEnvironment:restorePersistedBuildResults:operationToEnqueue:error:] (in Xcode3Core)
 11   -[Xcode3CommandLineBuildTool doSchemeBuildWithRunDestinations:runDestinationIdx:wantsSkip:buildActionTimingSection:timingSection:buildAction:isMoreDesinationsPending:actionResultBlock:title:buildLog:executionEnvironment:restorePersistedBuildResults:operationToEnqueue:error:] (in Xcode3Core)
 12   -[Xcode3CommandLineBuildTool doBuildForBuildAction:timingSection:colorize:colorizeFailure:error:] (in Xcode3Core)
 13   -[Xcode3CommandLineBuildTool _buildWithTimingSection:] (in Xcode3Core)
 14   -[Xcode3CommandLineBuildTool run] (in Xcode3Core)
 15   XcodeBuildMain (in libxcodebuildLoader.dylib)
 16   -[XcodebuildPreIDEHandler loadXcode3ProjectSupportAndRunXcode3CommandLineBuildToolWithArguments:] (in xcodebuild)
 17   -[XcodebuildPreIDEHandler runWithArguments:] (in xcodebuild)
 18   main (in xcodebuild)
 19   start (in dyld)

<DVTOperationGroup: 0x7aa8cf3d80; state = AReFc> created at:
  0   -[DVTOperation init] (in DVTFoundation)
  1   -[DVTOperationGroup init] (in DVTFoundation)
  2   +[DVTOperationGroup operationGroupWithSuboperations:] (in DVTFoundation)
  3   -[IDEBuildOperationGroup initWithBuildOperations:otherOperations:buildLog:] (in IDEFoundation)
  4   -[IDEBuildOperationGroup initWithBuildOperations:buildLog:] (in IDEFoundation)
  5   -[IDEScheme _buildOperationGroupForSchemeOperationParameters:primaryBuildParameters:variantSpecifiers:buildLog:dontActuallyRunCommands:restorePersistedBuildResults:schemeActionRecord:error:] (in IDEFoundation)
  6   -[IDEScheme _executionOperationForSchemeOperationParameters:build:onlyBuild:buildParameters:title:buildLog:dontActuallyRunCommands:restorePersistedBuildResults:deviceAvailableChecker:error:actionCallbackBlock:] (in IDEFoundation)
  7   -[IDEScheme(TestSchemeAction) schemeTestActionOperationForSchemeOperationParameters:onlyBuild:buildLog:deviceAvailableChecker:buildParameters:shouldBuild:restorePersistedBuildResults:error:completionBlock:] (in IDEFoundation)
  8   -[IDEScheme buildAndActionTaskForSchemeOperationParameters:shouldBuild:onlyBuild:buildParameters:buildLog:deviceAvailableChecker:restorePersistedBuildResults:dontActuallyRunCommands:error:completionBlock:] (in IDEFoundation)
  9   -[IDEScheme schemeOperationForSchemeOperationParameters:buildLog:overridingProperties:overridingBuildConfiguration:dontActuallyRunCommands:restorePersistedBuildResults:deviceAvailableChecker:error:completionBlock:] (in IDEFoundation)
 10   -[IDEScheme schemeOperationForSchemeOperationParameters:buildLog:overridingProperties:overridingBuildConfiguration:dontActuallyRunCommands:restorePersistedBuildResults:error:completionBlock:] (in IDEFoundation)
 11   -[Xcode3CommandLineBuildTool(TestSchemeAction) buildForTestSchemeCommandWantsSkip:buildAction:isProjectBuild:title:buildLog:isMoreDestinationsPending:runDestinations:runDestination:schemeCommand:executionEnvironment:restorePersistedBuildResults:operationToEnqueue:error:] (in Xcode3Core)
 12   -[Xcode3CommandLineBuildTool doSchemeBuildWithRunDestinations:runDestinationIdx:wantsSkip:buildActionTimingSection:timingSection:buildAction:isMoreDesinationsPending:actionResultBlock:title:buildLog:executionEnvironment:restorePersistedBuildResults:operationToEnqueue:error:] (in Xcode3Core)
 13   -[Xcode3CommandLineBuildTool doBuildForBuildAction:timingSection:colorize:colorizeFailure:error:] (in Xcode3Core)
 14   -[Xcode3CommandLineBuildTool _buildWithTimingSection:] (in Xcode3Core)
 15   -[Xcode3CommandLineBuildTool run] (in Xcode3Core)
 16   XcodeBuildMain (in libxcodebuildLoader.dylib)
 17   -[XcodebuildPreIDEHandler loadXcode3ProjectSupportAndRunXcode3CommandLineBuildToolWithArguments:] (in xcodebuild)
 18   -[XcodebuildPreIDEHandler runWithArguments:] (in xcodebuild)
 19   main (in xcodebuild)
 20   start (in dyld)

<IDEXCBuildSupportCore.IDEXCBuildServiceBuildOperation:0x7aa5857300:AReFc> created at:
  0   -[DVTOperation init] (in DVTFoundation)
  1   -[IDEBuildOperation initWithConfiguration:] (in IDEFoundation)
  2   IDEXCBuildServiceBuildOperation.init(configuration:) (in IDEXCBuildSupportCore)
  3   @objc IDEXCBuildServiceBuildOperation.init(configuration:) (in IDEXCBuildSupportCore)
  4   -[IDEScheme _buildOperationGroupForSchemeOperationParameters:primaryBuildParameters:variantSpecifiers:buildLog:dontActuallyRunCommands:restorePersistedBuildResults:schemeActionRecord:error:] (in IDEFoundation)
  5   -[IDEScheme _executionOperationForSchemeOperationParameters:build:onlyBuild:buildParameters:title:buildLog:dontActuallyRunCommands:restorePersistedBuildResults:deviceAvailableChecker:error:actionCallbackBlock:] (in IDEFoundation)
  6   -[IDEScheme(TestSchemeAction) schemeTestActionOperationForSchemeOperationParameters:onlyBuild:buildLog:deviceAvailableChecker:buildParameters:shouldBuild:restorePersistedBuildResults:error:completionBlock:] (in IDEFoundation)
  7   -[IDEScheme buildAndActionTaskForSchemeOperationParameters:shouldBuild:onlyBuild:buildParameters:buildLog:deviceAvailableChecker:restorePersistedBuildResults:dontActuallyRunCommands:error:completionBlock:] (in IDEFoundation)
  8   -[IDEScheme schemeOperationForSchemeOperationParameters:buildLog:overridingProperties:overridingBuildConfiguration:dontActuallyRunCommands:restorePersistedBuildResults:deviceAvailableChecker:error:completionBlock:] (in IDEFoundation)
  9   -[IDEScheme schemeOperationForSchemeOperationParameters:buildLog:overridingProperties:overridingBuildConfiguration:dontActuallyRunCommands:restorePersistedBuildResults:error:completionBlock:] (in IDEFoundation)
 10   -[Xcode3CommandLineBuildTool(TestSchemeAction) buildForTestSchemeCommandWantsSkip:buildAction:isProjectBuild:title:buildLog:isMoreDestinationsPending:runDestinations:runDestination:schemeCommand:executionEnvironment:restorePersistedBuildResults:operationToEnqueue:error:] (in Xcode3Core)
 11   -[Xcode3CommandLineBuildTool doSchemeBuildWithRunDestinations:runDestinationIdx:wantsSkip:buildActionTimingSection:timingSection:buildAction:isMoreDesinationsPending:actionResultBlock:title:buildLog:executionEnvironment:restorePersistedBuildResults:operationToEnqueue:error:] (in Xcode3Core)
 12   -[Xcode3CommandLineBuildTool doBuildForBuildAction:timingSection:colorize:colorizeFailure:error:] (in Xcode3Core)
 13   -[Xcode3CommandLineBuildTool _buildWithTimingSection:] (in Xcode3Core)
 14   -[Xcode3CommandLineBuildTool run] (in Xcode3Core)
 15   XcodeBuildMain (in libxcodebuildLoader.dylib)
 16   -[XcodebuildPreIDEHandler loadXcode3ProjectSupportAndRunXcode3CommandLineBuildToolWithArguments:] (in xcodebuild)
 17   -[XcodebuildPreIDEHandler runWithArguments:] (in xcodebuild)
 18   main (in xcodebuild)
 19   start (in dyld)

<__DVTSwiftAsyncOperation: 0x7aa8d09980; state = AReFc> created at:
  0   -[DVTOperation init] (in DVTFoundation)
  1   @objc DVTAsyncOperation.init() (in DVTFoundation)
  2   @objc static DVTOperation.operationWithMainThreadBlock(_:) (in DVTFoundation)
  3   -[IDESchemeAction _setUpOperationsForPackageLoadingInWorkspace:handlePreActionsActivityLogSection:isCleanOperation:] (in IDEFoundation)
  4   -[IDESchemeAction setUpActionDependenciesForCorePhaseOperation:shouldRunPostActionsBlock:prePhaseEnvironmentPopulationBlock:postPhaseEnvironmentPopulationBlock:handlePreActionsActivityLogSection:handlePostActionsActivityLogSection:buildParameters:schemeActionResultOperation:error:] (in IDEFoundation)
  5   -[IDEScheme _buildOperationGroupForSchemeOperationParameters:primaryBuildParameters:variantSpecifiers:buildLog:dontActuallyRunCommands:restorePersistedBuildResults:schemeActionRecord:error:] (in IDEFoundation)
  6   -[IDEScheme _executionOperationForSchemeOperationParameters:build:onlyBuild:buildParameters:title:buildLog:dontActuallyRunCommands:restorePersistedBuildResults:deviceAvailableChecker:error:actionCallbackBlock:] (in IDEFoundation)
  7   -[IDEScheme(TestSchemeAction) schemeTestActionOperationForSchemeOperationParameters:onlyBuild:buildLog:deviceAvailableChecker:buildParameters:shouldBuild:restorePersistedBuildResults:error:completionBlock:] (in IDEFoundation)
  8   -[IDEScheme buildAndActionTaskForSchemeOperationParameters:shouldBuild:onlyBuild:buildParameters:buildLog:deviceAvailableChecker:restorePersistedBuildResults:dontActuallyRunCommands:error:completionBlock:] (in IDEFoundation)
  9   -[IDEScheme schemeOperationForSchemeOperationParameters:buildLog:overridingProperties:overridingBuildConfiguration:dontActuallyRunCommands:restorePersistedBuildResults:deviceAvailableChecker:error:completionBlock:] (in IDEFoundation)
 10   -[IDEScheme schemeOperationForSchemeOperationParameters:buildLog:overridingProperties:overridingBuildConfiguration:dontActuallyRunCommands:restorePersistedBuildResults:error:completionBlock:] (in IDEFoundation)
 11   -[Xcode3CommandLineBuildTool(TestSchemeAction) buildForTestSchemeCommandWantsSkip:buildAction:isProjectBuild:title:buildLog:isMoreDestinationsPending:runDestinations:runDestination:schemeCommand:executionEnvironment:restorePersistedBuildResults:operationToEnqueue:error:] (in Xcode3Core)
 12   -[Xcode3CommandLineBuildTool doSchemeBuildWithRunDestinations:runDestinationIdx:wantsSkip:buildActionTimingSection:timingSection:buildAction:isMoreDesinationsPending:actionResultBlock:title:buildLog:executionEnvironment:restorePersistedBuildResults:operationToEnqueue:error:] (in Xcode3Core)
 13   -[Xcode3CommandLineBuildTool doBuildForBuildAction:timingSection:colorize:colorizeFailure:error:] (in Xcode3Core)
 14   -[Xcode3CommandLineBuildTool _buildWithTimingSection:] (in Xcode3Core)
 15   -[Xcode3CommandLineBuildTool run] (in Xcode3Core)
 16   XcodeBuildMain (in libxcodebuildLoader.dylib)
 17   -[XcodebuildPreIDEHandler loadXcode3ProjectSupportAndRunXcode3CommandLineBuildToolWithArguments:] (in xcodebuild)
 18   -[XcodebuildPreIDEHandler runWithArguments:] (in xcodebuild)
 19   main (in xcodebuild)
 20   start (in dyld)

<DVTOperation: 0x7aa5fa6080; state = aReFc> created at:
  0   -[DVTOperation init] (in DVTFoundation)
  1   +[DVTOperation(DVTConveniences) operationWithBlock:] (in DVTFoundation)
  2   -[IDESchemeAction setUpActionDependenciesForCorePhaseOperation:shouldRunPostActionsBlock:prePhaseEnvironmentPopulationBlock:postPhaseEnvironmentPopulationBlock:handlePreActionsActivityLogSection:handlePostActionsActivityLogSection:buildParameters:schemeActionResultOperation:error:] (in IDEFoundation)
  3   -[IDEScheme _buildOperationGroupForSchemeOperationParameters:primaryBuildParameters:variantSpecifiers:buildLog:dontActuallyRunCommands:restorePersistedBuildResults:schemeActionRecord:error:] (in IDEFoundation)
  4   -[IDEScheme _executionOperationForSchemeOperationParameters:build:onlyBuild:buildParameters:title:buildLog:dontActuallyRunCommands:restorePersistedBuildResults:deviceAvailableChecker:error:actionCallbackBlock:] (in IDEFoundation)
  5   -[IDEScheme(TestSchemeAction) schemeTestActionOperationForSchemeOperationParameters:onlyBuild:buildLog:deviceAvailableChecker:buildParameters:shouldBuild:restorePersistedBuildResults:error:completionBlock:] (in IDEFoundation)
  6   -[IDEScheme buildAndActionTaskForSchemeOperationParameters:shouldBuild:onlyBuild:buildParameters:buildLog:deviceAvailableChecker:restorePersistedBuildResults:dontActuallyRunCommands:error:completionBlock:] (in IDEFoundation)
  7   -[IDEScheme schemeOperationForSchemeOperationParameters:buildLog:overridingProperties:overridingBuildConfiguration:dontActuallyRunCommands:restorePersistedBuildResults:deviceAvailableChecker:error:completionBlock:] (in IDEFoundation)
  8   -[IDEScheme schemeOperationForSchemeOperationParameters:buildLog:overridingProperties:overridingBuildConfiguration:dontActuallyRunCommands:restorePersistedBuildResults:error:completionBlock:] (in IDEFoundation)
  9   -[Xcode3CommandLineBuildTool(TestSchemeAction) buildForTestSchemeCommandWantsSkip:buildAction:isProjectBuild:title:buildLog:isMoreDestinationsPending:runDestinations:runDestination:schemeCommand:executionEnvironment:restorePersistedBuildResults:operationToEnqueue:error:] (in Xcode3Core)
 10   -[Xcode3CommandLineBuildTool doSchemeBuildWithRunDestinations:runDestinationIdx:wantsSkip:buildActionTimingSection:timingSection:buildAction:isMoreDesinationsPending:actionResultBlock:title:buildLog:executionEnvironment:restorePersistedBuildResults:operationToEnqueue:error:] (in Xcode3Core)
 11   -[Xcode3CommandLineBuildTool doBuildForBuildAction:timingSection:colorize:colorizeFailure:error:] (in Xcode3Core)
 12   -[Xcode3CommandLineBuildTool _buildWithTimingSection:] (in Xcode3Core)
 13   -[Xcode3CommandLineBuildTool run] (in Xcode3Core)
 14   XcodeBuildMain (in libxcodebuildLoader.dylib)
 15   -[XcodebuildPreIDEHandler loadXcode3ProjectSupportAndRunXcode3CommandLineBuildToolWithArguments:] (in xcodebuild)
 16   -[XcodebuildPreIDEHandler runWithArguments:] (in xcodebuild)
 17   main (in xcodebuild)
 18   start (in dyld)

<DVTOperation: 0x7aa5fa6300; state = aReFc> created at:
  0   -[DVTOperation init] (in DVTFoundation)
  1   +[DVTOperation(DVTConveniences) operationWithBlock:] (in DVTFoundation)
  2   -[IDESchemeAction setUpActionDependenciesForCorePhaseOperation:shouldRunPostActionsBlock:prePhaseEnvironmentPopulationBlock:postPhaseEnvironmentPopulationBlock:handlePreActionsActivityLogSection:handlePostActionsActivityLogSection:buildParameters:schemeActionResultOperation:error:] (in IDEFoundation)
  3   -[IDEScheme _buildOperationGroupForSchemeOperationParameters:primaryBuildParameters:variantSpecifiers:buildLog:dontActuallyRunCommands:restorePersistedBuildResults:schemeActionRecord:error:] (in IDEFoundation)
  4   -[IDEScheme _executionOperationForSchemeOperationParameters:build:onlyBuild:buildParameters:title:buildLog:dontActuallyRunCommands:restorePersistedBuildResults:deviceAvailableChecker:error:actionCallbackBlock:] (in IDEFoundation)
  5   -[IDEScheme(TestSchemeAction) schemeTestActionOperationForSchemeOperationParameters:onlyBuild:buildLog:deviceAvailableChecker:buildParameters:shouldBuild:restorePersistedBuildResults:error:completionBlock:] (in IDEFoundation)
  6   -[IDEScheme buildAndActionTaskForSchemeOperationParameters:shouldBuild:onlyBuild:buildParameters:buildLog:deviceAvailableChecker:restorePersistedBuildResults:dontActuallyRunCommands:error:completionBlock:] (in IDEFoundation)
  7   -[IDEScheme schemeOperationForSchemeOperationParameters:buildLog:overridingProperties:overridingBuildConfiguration:dontActuallyRunCommands:restorePersistedBuildResults:deviceAvailableChecker:error:completionBlock:] (in IDEFoundation)
  8   -[IDEScheme schemeOperationForSchemeOperationParameters:buildLog:overridingProperties:overridingBuildConfiguration:dontActuallyRunCommands:restorePersistedBuildResults:error:completionBlock:] (in IDEFoundation)
  9   -[Xcode3CommandLineBuildTool(TestSchemeAction) buildForTestSchemeCommandWantsSkip:buildAction:isProjectBuild:title:buildLog:isMoreDestinationsPending:runDestinations:runDestination:schemeCommand:executionEnvironment:restorePersistedBuildResults:operationToEnqueue:error:] (in Xcode3Core)
 10   -[Xcode3CommandLineBuildTool doSchemeBuildWithRunDestinations:runDestinationIdx:wantsSkip:buildActionTimingSection:timingSection:buildAction:isMoreDesinationsPending:actionResultBlock:title:buildLog:executionEnvironment:restorePersistedBuildResults:operationToEnqueue:error:] (in Xcode3Core)
 11   -[Xcode3CommandLineBuildTool doBuildForBuildAction:timingSection:colorize:colorizeFailure:error:] (in Xcode3Core)
 12   -[Xcode3CommandLineBuildTool _buildWithTimingSection:] (in Xcode3Core)
 13   -[Xcode3CommandLineBuildTool run] (in Xcode3Core)
 14   XcodeBuildMain (in libxcodebuildLoader.dylib)
 15   -[XcodebuildPreIDEHandler loadXcode3ProjectSupportAndRunXcode3CommandLineBuildToolWithArguments:] (in xcodebuild)
 16   -[XcodebuildPreIDEHandler runWithArguments:] (in xcodebuild)
 17   main (in xcodebuild)
 18   start (in dyld)

<__DVTSwiftAsyncOperation: 0x7aa8d09200; state = AReFc> created at:
  0   -[DVTOperation init] (in DVTFoundation)
  1   @objc DVTAsyncOperation.init() (in DVTFoundation)
  2   static DVTOperation.awaiting(_:) (in DVTFoundation)
  3   @objc static IDESchemeAction.operationToWaitForFinishedLoadingOperation(of:) (in IDEFoundation)
  4   -[IDESchemeAction setUpActionDependenciesForCorePhaseOperation:shouldRunPostActionsBlock:prePhaseEnvironmentPopulationBlock:postPhaseEnvironmentPopulationBlock:handlePreActionsActivityLogSection:handlePostActionsActivityLogSection:buildParameters:schemeActionResultOperation:error:] (in IDEFoundation)
  5   -[IDEScheme _buildOperationGroupForSchemeOperationParameters:primaryBuildParameters:variantSpecifiers:buildLog:dontActuallyRunCommands:restorePersistedBuildResults:schemeActionRecord:error:] (in IDEFoundation)
  6   -[IDEScheme _executionOperationForSchemeOperationParameters:build:onlyBuild:buildParameters:title:buildLog:dontActuallyRunCommands:restorePersistedBuildResults:deviceAvailableChecker:error:actionCallbackBlock:] (in IDEFoundation)
  7   -[IDEScheme(TestSchemeAction) schemeTestActionOperationForSchemeOperationParameters:onlyBuild:buildLog:deviceAvailableChecker:buildParameters:shouldBuild:restorePersistedBuildResults:error:completionBlock:] (in IDEFoundation)
  8   -[IDEScheme buildAndActionTaskForSchemeOperationParameters:shouldBuild:onlyBuild:buildParameters:buildLog:deviceAvailableChecker:restorePersistedBuildResults:dontActuallyRunCommands:error:completionBlock:] (in IDEFoundation)
  9   -[IDEScheme schemeOperationForSchemeOperationParameters:buildLog:overridingProperties:overridingBuildConfiguration:dontActuallyRunCommands:restorePersistedBuildResults:deviceAvailableChecker:error:completionBlock:] (in IDEFoundation)
 10   -[IDEScheme schemeOperationForSchemeOperationParameters:buildLog:overridingProperties:overridingBuildConfiguration:dontActuallyRunCommands:restorePersistedBuildResults:error:completionBlock:] (in IDEFoundation)
 11   -[Xcode3CommandLineBuildTool(TestSchemeAction) buildForTestSchemeCommandWantsSkip:buildAction:isProjectBuild:title:buildLog:isMoreDestinationsPending:runDestinations:runDestination:schemeCommand:executionEnvironment:restorePersistedBuildResults:operationToEnqueue:error:] (in Xcode3Core)
 12   -[Xcode3CommandLineBuildTool doSchemeBuildWithRunDestinations:runDestinationIdx:wantsSkip:buildActionTimingSection:timingSection:buildAction:isMoreDesinationsPending:actionResultBlock:title:buildLog:executionEnvironment:restorePersistedBuildResults:operationToEnqueue:error:] (in Xcode3Core)
 13   -[Xcode3CommandLineBuildTool doBuildForBuildAction:timingSection:colorize:colorizeFailure:error:] (in Xcode3Core)
 14   -[Xcode3CommandLineBuildTool _buildWithTimingSection:] (in Xcode3Core)
 15   -[Xcode3CommandLineBuildTool run] (in Xcode3Core)
 16   XcodeBuildMain (in libxcodebuildLoader.dylib)
 17   -[XcodebuildPreIDEHandler loadXcode3ProjectSupportAndRunXcode3CommandLineBuildToolWithArguments:] (in xcodebuild)
 18   -[XcodebuildPreIDEHandler runWithArguments:] (in xcodebuild)
 19   main (in xcodebuild)
 20   start (in dyld)

<DVTOperation: 0x7aa5fa5f40; state = aReFc> created at:
  0   -[DVTOperation init] (in DVTFoundation)
  1   +[DVTOperation(DVTConveniences) operationWithBlock:] (in DVTFoundation)
  2   -[IDESchemeAction setUpActionDependenciesForCorePhaseOperation:shouldRunPostActionsBlock:prePhaseEnvironmentPopulationBlock:postPhaseEnvironmentPopulationBlock:handlePreActionsActivityLogSection:handlePostActionsActivityLogSection:buildParameters:schemeActionResultOperation:error:] (in IDEFoundation)
  3   -[IDEScheme _buildOperationGroupForSchemeOperationParameters:primaryBuildParameters:variantSpecifiers:buildLog:dontActuallyRunCommands:restorePersistedBuildResults:schemeActionRecord:error:] (in IDEFoundation)
  4   -[IDEScheme _executionOperationForSchemeOperationParameters:build:onlyBuild:buildParameters:title:buildLog:dontActuallyRunCommands:restorePersistedBuildResults:deviceAvailableChecker:error:actionCallbackBlock:] (in IDEFoundation)
  5   -[IDEScheme(TestSchemeAction) schemeTestActionOperationForSchemeOperationParameters:onlyBuild:buildLog:deviceAvailableChecker:buildParameters:shouldBuild:restorePersistedBuildResults:error:completionBlock:] (in IDEFoundation)
  6   -[IDEScheme buildAndActionTaskForSchemeOperationParameters:shouldBuild:onlyBuild:buildParameters:buildLog:deviceAvailableChecker:restorePersistedBuildResults:dontActuallyRunCommands:error:completionBlock:] (in IDEFoundation)
  7   -[IDEScheme schemeOperationForSchemeOperationParameters:buildLog:overridingProperties:overridingBuildConfiguration:dontActuallyRunCommands:restorePersistedBuildResults:deviceAvailableChecker:error:completionBlock:] (in IDEFoundation)
  8   -[IDEScheme schemeOperationForSchemeOperationParameters:buildLog:overridingProperties:overridingBuildConfiguration:dontActuallyRunCommands:restorePersistedBuildResults:error:completionBlock:] (in IDEFoundation)
  9   -[Xcode3CommandLineBuildTool(TestSchemeAction) buildForTestSchemeCommandWantsSkip:buildAction:isProjectBuild:title:buildLog:isMoreDestinationsPending:runDestinations:runDestination:schemeCommand:executionEnvironment:restorePersistedBuildResults:operationToEnqueue:error:] (in Xcode3Core)
 10   -[Xcode3CommandLineBuildTool doSchemeBuildWithRunDestinations:runDestinationIdx:wantsSkip:buildActionTimingSection:timingSection:buildAction:isMoreDesinationsPending:actionResultBlock:title:buildLog:executionEnvironment:restorePersistedBuildResults:operationToEnqueue:error:] (in Xcode3Core)
 11   -[Xcode3CommandLineBuildTool doBuildForBuildAction:timingSection:colorize:colorizeFailure:error:] (in Xcode3Core)
 12   -[Xcode3CommandLineBuildTool _buildWithTimingSection:] (in Xcode3Core)
 13   -[Xcode3CommandLineBuildTool run] (in Xcode3Core)
 14   XcodeBuildMain (in libxcodebuildLoader.dylib)
 15   -[XcodebuildPreIDEHandler loadXcode3ProjectSupportAndRunXcode3CommandLineBuildToolWithArguments:] (in xcodebuild)
 16   -[XcodebuildPreIDEHandler runWithArguments:] (in xcodebuild)
 17   main (in xcodebuild)
 18   start (in dyld)

<__DVTSwiftAsyncOperation: 0x7aa8d09b00; state = AReFc> created at:
  0   -[DVTOperation init] (in DVTFoundation)
  1   @objc DVTAsyncOperation.init() (in DVTFoundation)
  2   static DVTOperation.awaiting(_:) (in DVTFoundation)
  3   @objc static IDESchemeAction.operationToWaitForFinishedLoadingOperation(of:) (in IDEFoundation)
  4   -[IDESchemeAction _setUpOperationsForPackageLoadingInWorkspace:handlePreActionsActivityLogSection:isCleanOperation:] (in IDEFoundation)
  5   -[IDESchemeAction setUpActionDependenciesForCorePhaseOperation:shouldRunPostActionsBlock:prePhaseEnvironmentPopulationBlock:postPhaseEnvironmentPopulationBlock:handlePreActionsActivityLogSection:handlePostActionsActivityLogSection:buildParameters:schemeActionResultOperation:error:] (in IDEFoundation)
  6   -[IDEScheme _buildOperationGroupForSchemeOperationParameters:primaryBuildParameters:variantSpecifiers:buildLog:dontActuallyRunCommands:restorePersistedBuildResults:schemeActionRecord:error:] (in IDEFoundation)
  7   -[IDEScheme _executionOperationForSchemeOperationParameters:build:onlyBuild:buildParameters:title:buildLog:dontActuallyRunCommands:restorePersistedBuildResults:deviceAvailableChecker:error:actionCallbackBlock:] (in IDEFoundation)
  8   -[IDEScheme(TestSchemeAction) schemeTestActionOperationForSchemeOperationParameters:onlyBuild:buildLog:deviceAvailableChecker:buildParameters:shouldBuild:restorePersistedBuildResults:error:completionBlock:] (in IDEFoundation)
  9   -[IDEScheme buildAndActionTaskForSchemeOperationParameters:shouldBuild:onlyBuild:buildParameters:buildLog:deviceAvailableChecker:restorePersistedBuildResults:dontActuallyRunCommands:error:completionBlock:] (in IDEFoundation)
 10   -[IDEScheme schemeOperationForSchemeOperationParameters:buildLog:overridingProperties:overridingBuildConfiguration:dontActuallyRunCommands:restorePersistedBuildResults:deviceAvailableChecker:error:completionBlock:] (in IDEFoundation)
 11   -[IDEScheme schemeOperationForSchemeOperationParameters:buildLog:overridingProperties:overridingBuildConfiguration:dontActuallyRunCommands:restorePersistedBuildResults:error:completionBlock:] (in IDEFoundation)
 12   -[Xcode3CommandLineBuildTool(TestSchemeAction) buildForTestSchemeCommandWantsSkip:buildAction:isProjectBuild:title:buildLog:isMoreDestinationsPending:runDestinations:runDestination:schemeCommand:executionEnvironment:restorePersistedBuildResults:operationToEnqueue:error:] (in Xcode3Core)
 13   -[Xcode3CommandLineBuildTool doSchemeBuildWithRunDestinations:runDestinationIdx:wantsSkip:buildActionTimingSection:timingSection:buildAction:isMoreDesinationsPending:actionResultBlock:title:buildLog:executionEnvironment:restorePersistedBuildResults:operationToEnqueue:error:] (in Xcode3Core)
 14   -[Xcode3CommandLineBuildTool doBuildForBuildAction:timingSection:colorize:colorizeFailure:error:] (in Xcode3Core)
 15   -[Xcode3CommandLineBuildTool _buildWithTimingSection:] (in Xcode3Core)
 16   -[Xcode3CommandLineBuildTool run] (in Xcode3Core)
 17   XcodeBuildMain (in libxcodebuildLoader.dylib)
 18   -[XcodebuildPreIDEHandler loadXcode3ProjectSupportAndRunXcode3CommandLineBuildToolWithArguments:] (in xcodebuild)
 19   -[XcodebuildPreIDEHandler runWithArguments:] (in xcodebuild)
 20   main (in xcodebuild)
 21   start (in dyld)

<DVTOperation: 0x7aa5fa61c0; state = aReFc> created at:
  0   -[DVTOperation init] (in DVTFoundation)
  1   +[DVTOperation(DVTConveniences) operationWithBlock:] (in DVTFoundation)
  2   -[IDESchemeAction setUpActionDependenciesForCorePhaseOperation:shouldRunPostActionsBlock:prePhaseEnvironmentPopulationBlock:postPhaseEnvironmentPopulationBlock:handlePreActionsActivityLogSection:handlePostActionsActivityLogSection:buildParameters:schemeActionResultOperation:error:] (in IDEFoundation)
  3   -[IDEScheme _buildOperationGroupForSchemeOperationParameters:primaryBuildParameters:variantSpecifiers:buildLog:dontActuallyRunCommands:restorePersistedBuildResults:schemeActionRecord:error:] (in IDEFoundation)
  4   -[IDEScheme _executionOperationForSchemeOperationParameters:build:onlyBuild:buildParameters:title:buildLog:dontActuallyRunCommands:restorePersistedBuildResults:deviceAvailableChecker:error:actionCallbackBlock:] (in IDEFoundation)
  5   -[IDEScheme(TestSchemeAction) schemeTestActionOperationForSchemeOperationParameters:onlyBuild:buildLog:deviceAvailableChecker:buildParameters:shouldBuild:restorePersistedBuildResults:error:completionBlock:] (in IDEFoundation)
  6   -[IDEScheme buildAndActionTaskForSchemeOperationParameters:shouldBuild:onlyBuild:buildParameters:buildLog:deviceAvailableChecker:restorePersistedBuildResults:dontActuallyRunCommands:error:completionBlock:] (in IDEFoundation)
  7   -[IDEScheme schemeOperationForSchemeOperationParameters:buildLog:overridingProperties:overridingBuildConfiguration:dontActuallyRunCommands:restorePersistedBuildResults:deviceAvailableChecker:error:completionBlock:] (in IDEFoundation)
  8   -[IDEScheme schemeOperationForSchemeOperationParameters:buildLog:overridingProperties:overridingBuildConfiguration:dontActuallyRunCommands:restorePersistedBuildResults:error:completionBlock:] (in IDEFoundation)
  9   -[Xcode3CommandLineBuildTool(TestSchemeAction) buildForTestSchemeCommandWantsSkip:buildAction:isProjectBuild:title:buildLog:isMoreDestinationsPending:runDestinations:runDestination:schemeCommand:executionEnvironment:restorePersistedBuildResults:operationToEnqueue:error:] (in Xcode3Core)
 10   -[Xcode3CommandLineBuildTool doSchemeBuildWithRunDestinations:runDestinationIdx:wantsSkip:buildActionTimingSection:timingSection:buildAction:isMoreDesinationsPending:actionResultBlock:title:buildLog:executionEnvironment:restorePersistedBuildResults:operationToEnqueue:error:] (in Xcode3Core)
 11   -[Xcode3CommandLineBuildTool doBuildForBuildAction:timingSection:colorize:colorizeFailure:error:] (in Xcode3Core)
 12   -[Xcode3CommandLineBuildTool _buildWithTimingSection:] (in Xcode3Core)
 13   -[Xcode3CommandLineBuildTool run] (in Xcode3Core)
 14   XcodeBuildMain (in libxcodebuildLoader.dylib)
 15   -[XcodebuildPreIDEHandler loadXcode3ProjectSupportAndRunXcode3CommandLineBuildToolWithArguments:] (in xcodebuild)
 16   -[XcodebuildPreIDEHandler runWithArguments:] (in xcodebuild)
 17   main (in xcodebuild)
 18   start (in dyld)

<__DVTSwiftAsyncOperation: 0x7aa8d09080; state = AReFc> created at:
  0   -[DVTOperation init] (in DVTFoundation)
  1   @objc DVTAsyncOperation.init() (in DVTFoundation)
  2   @objc static DVTOperation.operationWithMainThreadBlock(_:) (in DVTFoundation)
  3   -[IDESchemeAction _setUpOperationsForPackageLoadingInWorkspace:handlePreActionsActivityLogSection:isCleanOperation:] (in IDEFoundation)
  4   -[IDESchemeAction setUpActionDependenciesForCorePhaseOperation:shouldRunPostActionsBlock:prePhaseEnvironmentPopulationBlock:postPhaseEnvironmentPopulationBlock:handlePreActionsActivityLogSection:handlePostActionsActivityLogSection:buildParameters:schemeActionResultOperation:error:] (in IDEFoundation)
  5   -[IDEScheme _buildOperationGroupForSchemeOperationParameters:primaryBuildParameters:variantSpecifiers:buildLog:dontActuallyRunCommands:restorePersistedBuildResults:schemeActionRecord:error:] (in IDEFoundation)
  6   -[IDEScheme _executionOperationForSchemeOperationParameters:build:onlyBuild:buildParameters:title:buildLog:dontActuallyRunCommands:restorePersistedBuildResults:deviceAvailableChecker:error:actionCallbackBlock:] (in IDEFoundation)
  7   -[IDEScheme(TestSchemeAction) schemeTestActionOperationForSchemeOperationParameters:onlyBuild:buildLog:deviceAvailableChecker:buildParameters:shouldBuild:restorePersistedBuildResults:error:completionBlock:] (in IDEFoundation)
  8   -[IDEScheme buildAndActionTaskForSchemeOperationParameters:shouldBuild:onlyBuild:buildParameters:buildLog:deviceAvailableChecker:restorePersistedBuildResults:dontActuallyRunCommands:error:completionBlock:] (in IDEFoundation)
  9   -[IDEScheme schemeOperationForSchemeOperationParameters:buildLog:overridingProperties:overridingBuildConfiguration:dontActuallyRunCommands:restorePersistedBuildResults:deviceAvailableChecker:error:completionBlock:] (in IDEFoundation)
 10   -[IDEScheme schemeOperationForSchemeOperationParameters:buildLog:overridingProperties:overridingBuildConfiguration:dontActuallyRunCommands:restorePersistedBuildResults:error:completionBlock:] (in IDEFoundation)
 11   -[Xcode3CommandLineBuildTool(TestSchemeAction) buildForTestSchemeCommandWantsSkip:buildAction:isProjectBuild:title:buildLog:isMoreDestinationsPending:runDestinations:runDestination:schemeCommand:executionEnvironment:restorePersistedBuildResults:operationToEnqueue:error:] (in Xcode3Core)
 12   -[Xcode3CommandLineBuildTool doSchemeBuildWithRunDestinations:runDestinationIdx:wantsSkip:buildActionTimingSection:timingSection:buildAction:isMoreDesinationsPending:actionResultBlock:title:buildLog:executionEnvironment:restorePersistedBuildResults:operationToEnqueue:error:] (in Xcode3Core)
 13   -[Xcode3CommandLineBuildTool doBuildForBuildAction:timingSection:colorize:colorizeFailure:error:] (in Xcode3Core)
 14   -[Xcode3CommandLineBuildTool _buildWithTimingSection:] (in Xcode3Core)
 15   -[Xcode3CommandLineBuildTool run] (in Xcode3Core)
 16   XcodeBuildMain (in libxcodebuildLoader.dylib)
 17   -[XcodebuildPreIDEHandler loadXcode3ProjectSupportAndRunXcode3CommandLineBuildToolWithArguments:] (in xcodebuild)
 18   -[XcodebuildPreIDEHandler runWithArguments:] (in xcodebuild)
 19   main (in xcodebuild)
 20   start (in dyld)

<DVTOperationGroup: 0x7aa8d2ca80; state = AREfc> created at:
  0   -[DVTOperation init] (in DVTFoundation)
  1   -[DVTOperationGroup init] (in DVTFoundation)
  2   +[DVTOperationGroup operationGroupWithSuboperations:] (in DVTFoundation)
  3   -[IDETestSchemeAction testOperationWithSchemeOperationParameters:testManager:buildOperation:buildParameters:schemeCommand:actionRecord:testPlanRunSpecifications:deviceAvailableChecker:outError:actionCallbackBlock:] (in IDEFoundation)
  4   -[IDEScheme(TestSchemeAction) executionOperationForTestSchemeActionWithOperationParameters:command:buildOperationVariantSpecifiers:buildOperationGroup:schemeActionResult:buildParameters:shouldOnlyBuild:runDestination:orderedOperations:schemeActionRecord:deviceAvailableChecker:actionCallbackBlock:error:] (in IDEFoundation)
  5   -[IDEScheme _executionOperationForSchemeOperationParameters:build:onlyBuild:buildParameters:title:buildLog:dontActuallyRunCommands:restorePersistedBuildResults:deviceAvailableChecker:error:actionCallbackBlock:] (in IDEFoundation)
  6   -[IDEScheme(TestSchemeAction) schemeTestActionOperationForSchemeOperationParameters:onlyBuild:buildLog:deviceAvailableChecker:buildParameters:shouldBuild:restorePersistedBuildResults:error:completionBlock:] (in IDEFoundation)
  7   -[IDEScheme buildAndActionTaskForSchemeOperationParameters:shouldBuild:onlyBuild:buildParameters:buildLog:deviceAvailableChecker:restorePersistedBuildResults:dontActuallyRunCommands:error:completionBlock:] (in IDEFoundation)
  8   -[IDEScheme schemeOperationForSchemeOperationParameters:buildLog:overridingProperties:overridingBuildConfiguration:dontActuallyRunCommands:restorePersistedBuildResults:deviceAvailableChecker:error:completionBlock:] (in IDEFoundation)
  9   -[IDEScheme schemeOperationForSchemeOperationParameters:buildLog:overridingProperties:overridingBuildConfiguration:dontActuallyRunCommands:restorePersistedBuildResults:error:completionBlock:] (in IDEFoundation)
 10   -[Xcode3CommandLineBuildTool(TestSchemeAction) buildForTestSchemeCommandWantsSkip:buildAction:isProjectBuild:title:buildLog:isMoreDestinationsPending:runDestinations:runDestination:schemeCommand:executionEnvironment:restorePersistedBuildResults:operationToEnqueue:error:] (in Xcode3Core)
 11   -[Xcode3CommandLineBuildTool doSchemeBuildWithRunDestinations:runDestinationIdx:wantsSkip:buildActionTimingSection:timingSection:buildAction:isMoreDesinationsPending:actionResultBlock:title:buildLog:executionEnvironment:restorePersistedBuildResults:operationToEnqueue:error:] (in Xcode3Core)
 12   -[Xcode3CommandLineBuildTool doBuildForBuildAction:timingSection:colorize:colorizeFailure:error:] (in Xcode3Core)
 13   -[Xcode3CommandLineBuildTool _buildWithTimingSection:] (in Xcode3Core)
 14   -[Xcode3CommandLineBuildTool run] (in Xcode3Core)
 15   XcodeBuildMain (in libxcodebuildLoader.dylib)
 16   -[XcodebuildPreIDEHandler loadXcode3ProjectSupportAndRunXcode3CommandLineBuildToolWithArguments:] (in xcodebuild)
 17   -[XcodebuildPreIDEHandler runWithArguments:] (in xcodebuild)
 18   main (in xcodebuild)
 19   start (in dyld)

<DVTOperation: 0x7aa5c1f340; name = 'Remove Log If Needed', state = aReFc> created at:
  0   -[DVTOperation init] (in DVTFoundation)
  1   +[DVTOperation(DVTConveniences) operationWithBlock:] (in DVTFoundation)
  2   -[IDETestSchemeAction _removeLogIfNeededOperationWithLogStore:logRecord:buildOperation:] (in IDEFoundation)
  3   -[IDETestSchemeAction testOperationWithSchemeOperationParameters:testManager:buildOperation:buildParameters:schemeCommand:actionRecord:testPlanRunSpecifications:deviceAvailableChecker:outError:actionCallbackBlock:] (in IDEFoundation)
  4   -[IDEScheme(TestSchemeAction) executionOperationForTestSchemeActionWithOperationParameters:command:buildOperationVariantSpecifiers:buildOperationGroup:schemeActionResult:buildParameters:shouldOnlyBuild:runDestination:orderedOperations:schemeActionRecord:deviceAvailableChecker:actionCallbackBlock:error:] (in IDEFoundation)
  5   -[IDEScheme _executionOperationForSchemeOperationParameters:build:onlyBuild:buildParameters:title:buildLog:dontActuallyRunCommands:restorePersistedBuildResults:deviceAvailableChecker:error:actionCallbackBlock:] (in IDEFoundation)
  6   -[IDEScheme(TestSchemeAction) schemeTestActionOperationForSchemeOperationParameters:onlyBuild:buildLog:deviceAvailableChecker:buildParameters:shouldBuild:restorePersistedBuildResults:error:completionBlock:] (in IDEFoundation)
  7   -[IDEScheme buildAndActionTaskForSchemeOperationParameters:shouldBuild:onlyBuild:buildParameters:buildLog:deviceAvailableChecker:restorePersistedBuildResults:dontActuallyRunCommands:error:completionBlock:] (in IDEFoundation)
  8   -[IDEScheme schemeOperationForSchemeOperationParameters:buildLog:overridingProperties:overridingBuildConfiguration:dontActuallyRunCommands:restorePersistedBuildResults:deviceAvailableChecker:error:completionBlock:] (in IDEFoundation)
  9   -[IDEScheme schemeOperationForSchemeOperationParameters:buildLog:overridingProperties:overridingBuildConfiguration:dontActuallyRunCommands:restorePersistedBuildResults:error:completionBlock:] (in IDEFoundation)
 10   -[Xcode3CommandLineBuildTool(TestSchemeAction) buildForTestSchemeCommandWantsSkip:buildAction:isProjectBuild:title:buildLog:isMoreDestinationsPending:runDestinations:runDestination:schemeCommand:executionEnvironment:restorePersistedBuildResults:operationToEnqueue:error:] (in Xcode3Core)
 11   -[Xcode3CommandLineBuildTool doSchemeBuildWithRunDestinations:runDestinationIdx:wantsSkip:buildActionTimingSection:timingSection:buildAction:isMoreDesinationsPending:actionResultBlock:title:buildLog:executionEnvironment:restorePersistedBuildResults:operationToEnqueue:error:] (in Xcode3Core)
 12   -[Xcode3CommandLineBuildTool doBuildForBuildAction:timingSection:colorize:colorizeFailure:error:] (in Xcode3Core)
 13   -[Xcode3CommandLineBuildTool _buildWithTimingSection:] (in Xcode3Core)
 14   -[Xcode3CommandLineBuildTool run] (in Xcode3Core)
 15   XcodeBuildMain (in libxcodebuildLoader.dylib)
 16   -[XcodebuildPreIDEHandler loadXcode3ProjectSupportAndRunXcode3CommandLineBuildToolWithArguments:] (in xcodebuild)
 17   -[XcodebuildPreIDEHandler runWithArguments:] (in xcodebuild)
 18   main (in xcodebuild)
 19   start (in dyld)

<DVTOperationGroup: 0x7aa8d2c900; state = AREfc> created at:
  0   -[DVTOperation init] (in DVTFoundation)
  1   -[DVTOperationGroup init] (in DVTFoundation)
  2   +[DVTOperationGroup operationGroupWithSuboperations:] (in DVTFoundation)
  3   -[IDETestSchemeAction testOperationWithSchemeOperationParameters:testManager:buildOperation:buildParameters:schemeCommand:actionRecord:testPlanRunSpecifications:deviceAvailableChecker:outError:actionCallbackBlock:] (in IDEFoundation)
  4   -[IDEScheme(TestSchemeAction) executionOperationForTestSchemeActionWithOperationParameters:command:buildOperationVariantSpecifiers:buildOperationGroup:schemeActionResult:buildParameters:shouldOnlyBuild:runDestination:orderedOperations:schemeActionRecord:deviceAvailableChecker:actionCallbackBlock:error:] (in IDEFoundation)
  5   -[IDEScheme _executionOperationForSchemeOperationParameters:build:onlyBuild:buildParameters:title:buildLog:dontActuallyRunCommands:restorePersistedBuildResults:deviceAvailableChecker:error:actionCallbackBlock:] (in IDEFoundation)
  6   -[IDEScheme(TestSchemeAction) schemeTestActionOperationForSchemeOperationParameters:onlyBuild:buildLog:deviceAvailableChecker:buildParameters:shouldBuild:restorePersistedBuildResults:error:completionBlock:] (in IDEFoundation)
  7   -[IDEScheme buildAndActionTaskForSchemeOperationParameters:shouldBuild:onlyBuild:buildParameters:buildLog:deviceAvailableChecker:restorePersistedBuildResults:dontActuallyRunCommands:error:completionBlock:] (in IDEFoundation)
  8   -[IDEScheme schemeOperationForSchemeOperationParameters:buildLog:overridingProperties:overridingBuildConfiguration:dontActuallyRunCommands:restorePersistedBuildResults:deviceAvailableChecker:error:completionBlock:] (in IDEFoundation)
  9   -[IDEScheme schemeOperationForSchemeOperationParameters:buildLog:overridingProperties:overridingBuildConfiguration:dontActuallyRunCommands:restorePersistedBuildResults:error:completionBlock:] (in IDEFoundation)
 10   -[Xcode3CommandLineBuildTool(TestSchemeAction) buildForTestSchemeCommandWantsSkip:buildAction:isProjectBuild:title:buildLog:isMoreDestinationsPending:runDestinations:runDestination:schemeCommand:executionEnvironment:restorePersistedBuildResults:operationToEnqueue:error:] (in Xcode3Core)
 11   -[Xcode3CommandLineBuildTool doSchemeBuildWithRunDestinations:runDestinationIdx:wantsSkip:buildActionTimingSection:timingSection:buildAction:isMoreDesinationsPending:actionResultBlock:title:buildLog:executionEnvironment:restorePersistedBuildResults:operationToEnqueue:error:] (in Xcode3Core)
 12   -[Xcode3CommandLineBuildTool doBuildForBuildAction:timingSection:colorize:colorizeFailure:error:] (in Xcode3Core)
 13   -[Xcode3CommandLineBuildTool _buildWithTimingSection:] (in Xcode3Core)
 14   -[Xcode3CommandLineBuildTool run] (in Xcode3Core)
 15   XcodeBuildMain (in libxcodebuildLoader.dylib)
 16   -[XcodebuildPreIDEHandler loadXcode3ProjectSupportAndRunXcode3CommandLineBuildToolWithArguments:] (in xcodebuild)
 17   -[XcodebuildPreIDEHandler runWithArguments:] (in xcodebuild)
 18   main (in xcodebuild)
 19   start (in dyld)

<DVTOperationGroup: 0x7aa8d2c780; state = AREfc> created at:
  0   -[DVTOperation init] (in DVTFoundation)
  1   -[DVTOperationGroup init] (in DVTFoundation)
  2   +[DVTOperationGroup operationGroupWithSuboperations:] (in DVTFoundation)
  3   -[IDETestSchemeAction testOperationWithSchemeOperationParameters:testManager:buildOperation:buildParameters:schemeCommand:actionRecord:testPlanRunSpecifications:deviceAvailableChecker:outError:actionCallbackBlock:] (in IDEFoundation)
  4   -[IDEScheme(TestSchemeAction) executionOperationForTestSchemeActionWithOperationParameters:command:buildOperationVariantSpecifiers:buildOperationGroup:schemeActionResult:buildParameters:shouldOnlyBuild:runDestination:orderedOperations:schemeActionRecord:deviceAvailableChecker:actionCallbackBlock:error:] (in IDEFoundation)
  5   -[IDEScheme _executionOperationForSchemeOperationParameters:build:onlyBuild:buildParameters:title:buildLog:dontActuallyRunCommands:restorePersistedBuildResults:deviceAvailableChecker:error:actionCallbackBlock:] (in IDEFoundation)
  6   -[IDEScheme(TestSchemeAction) schemeTestActionOperationForSchemeOperationParameters:onlyBuild:buildLog:deviceAvailableChecker:buildParameters:shouldBuild:restorePersistedBuildResults:error:completionBlock:] (in IDEFoundation)
  7   -[IDEScheme buildAndActionTaskForSchemeOperationParameters:shouldBuild:onlyBuild:buildParameters:buildLog:deviceAvailableChecker:restorePersistedBuildResults:dontActuallyRunCommands:error:completionBlock:] (in IDEFoundation)
  8   -[IDEScheme schemeOperationForSchemeOperationParameters:buildLog:overridingProperties:overridingBuildConfiguration:dontActuallyRunCommands:restorePersistedBuildResults:deviceAvailableChecker:error:completionBlock:] (in IDEFoundation)
  9   -[IDEScheme schemeOperationForSchemeOperationParameters:buildLog:overridingProperties:overridingBuildConfiguration:dontActuallyRunCommands:restorePersistedBuildResults:error:completionBlock:] (in IDEFoundation)
 10   -[Xcode3CommandLineBuildTool(TestSchemeAction) buildForTestSchemeCommandWantsSkip:buildAction:isProjectBuild:title:buildLog:isMoreDestinationsPending:runDestinations:runDestination:schemeCommand:executionEnvironment:restorePersistedBuildResults:operationToEnqueue:error:] (in Xcode3Core)
 11   -[Xcode3CommandLineBuildTool doSchemeBuildWithRunDestinations:runDestinationIdx:wantsSkip:buildActionTimingSection:timingSection:buildAction:isMoreDesinationsPending:actionResultBlock:title:buildLog:executionEnvironment:restorePersistedBuildResults:operationToEnqueue:error:] (in Xcode3Core)
 12   -[Xcode3CommandLineBuildTool doBuildForBuildAction:timingSection:colorize:colorizeFailure:error:] (in Xcode3Core)
 13   -[Xcode3CommandLineBuildTool _buildWithTimingSection:] (in Xcode3Core)
 14   -[Xcode3CommandLineBuildTool run] (in Xcode3Core)
 15   XcodeBuildMain (in libxcodebuildLoader.dylib)
 16   -[XcodebuildPreIDEHandler loadXcode3ProjectSupportAndRunXcode3CommandLineBuildToolWithArguments:] (in xcodebuild)
 17   -[XcodebuildPreIDEHandler runWithArguments:] (in xcodebuild)
 18   main (in xcodebuild)
 19   start (in dyld)

<DVTOperationGroup: 0x7aa8d2c600; state = AREfc> created at:
  0   -[DVTOperation init] (in DVTFoundation)
  1   -[DVTOperationGroup init] (in DVTFoundation)
  2   +[DVTOperationGroup operationGroupWithSuboperations:] (in DVTFoundation)
  3   -[IDETestSchemeAction testOperationWithSchemeOperationParameters:testManager:buildOperation:buildParameters:schemeCommand:actionRecord:testPlanRunSpecifications:deviceAvailableChecker:outError:actionCallbackBlock:] (in IDEFoundation)
  4   -[IDEScheme(TestSchemeAction) executionOperationForTestSchemeActionWithOperationParameters:command:buildOperationVariantSpecifiers:buildOperationGroup:schemeActionResult:buildParameters:shouldOnlyBuild:runDestination:orderedOperations:schemeActionRecord:deviceAvailableChecker:actionCallbackBlock:error:] (in IDEFoundation)
  5   -[IDEScheme _executionOperationForSchemeOperationParameters:build:onlyBuild:buildParameters:title:buildLog:dontActuallyRunCommands:restorePersistedBuildResults:deviceAvailableChecker:error:actionCallbackBlock:] (in IDEFoundation)
  6   -[IDEScheme(TestSchemeAction) schemeTestActionOperationForSchemeOperationParameters:onlyBuild:buildLog:deviceAvailableChecker:buildParameters:shouldBuild:restorePersistedBuildResults:error:completionBlock:] (in IDEFoundation)
  7   -[IDEScheme buildAndActionTaskForSchemeOperationParameters:shouldBuild:onlyBuild:buildParameters:buildLog:deviceAvailableChecker:restorePersistedBuildResults:dontActuallyRunCommands:error:completionBlock:] (in IDEFoundation)
  8   -[IDEScheme schemeOperationForSchemeOperationParameters:buildLog:overridingProperties:overridingBuildConfiguration:dontActuallyRunCommands:restorePersistedBuildResults:deviceAvailableChecker:error:completionBlock:] (in IDEFoundation)
  9   -[IDEScheme schemeOperationForSchemeOperationParameters:buildLog:overridingProperties:overridingBuildConfiguration:dontActuallyRunCommands:restorePersistedBuildResults:error:completionBlock:] (in IDEFoundation)
 10   -[Xcode3CommandLineBuildTool(TestSchemeAction) buildForTestSchemeCommandWantsSkip:buildAction:isProjectBuild:title:buildLog:isMoreDestinationsPending:runDestinations:runDestination:schemeCommand:executionEnvironment:restorePersistedBuildResults:operationToEnqueue:error:] (in Xcode3Core)
 11   -[Xcode3CommandLineBuildTool doSchemeBuildWithRunDestinations:runDestinationIdx:wantsSkip:buildActionTimingSection:timingSection:buildAction:isMoreDesinationsPending:actionResultBlock:title:buildLog:executionEnvironment:restorePersistedBuildResults:operationToEnqueue:error:] (in Xcode3Core)
 12   -[Xcode3CommandLineBuildTool doBuildForBuildAction:timingSection:colorize:colorizeFailure:error:] (in Xcode3Core)
 13   -[Xcode3CommandLineBuildTool _buildWithTimingSection:] (in Xcode3Core)
 14   -[Xcode3CommandLineBuildTool run] (in Xcode3Core)
 15   XcodeBuildMain (in libxcodebuildLoader.dylib)
 16   -[XcodebuildPreIDEHandler loadXcode3ProjectSupportAndRunXcode3CommandLineBuildToolWithArguments:] (in xcodebuild)
 17   -[XcodebuildPreIDEHandler runWithArguments:] (in xcodebuild)
 18   main (in xcodebuild)
 19   start (in dyld)

<DVTOperation: 0x7aa5fa7ac0; state = aReFc> created at:
  0   -[DVTOperation init] (in DVTFoundation)
  1   +[DVTOperation(DVTConveniences) operationWithBlock:] (in DVTFoundation)
  2   -[IDESchemeAction setUpActionDependenciesForCorePhaseOperation:shouldRunPostActionsBlock:prePhaseEnvironmentPopulationBlock:postPhaseEnvironmentPopulationBlock:handlePreActionsActivityLogSection:handlePostActionsActivityLogSection:buildParameters:schemeActionResultOperation:error:] (in IDEFoundation)
  3   -[IDETestSchemeAction testOperationWithSchemeOperationParameters:testManager:buildOperation:buildParameters:schemeCommand:actionRecord:testPlanRunSpecifications:deviceAvailableChecker:outError:actionCallbackBlock:] (in IDEFoundation)
  4   -[IDEScheme(TestSchemeAction) executionOperationForTestSchemeActionWithOperationParameters:command:buildOperationVariantSpecifiers:buildOperationGroup:schemeActionResult:buildParameters:shouldOnlyBuild:runDestination:orderedOperations:schemeActionRecord:deviceAvailableChecker:actionCallbackBlock:error:] (in IDEFoundation)
  5   -[IDEScheme _executionOperationForSchemeOperationParameters:build:onlyBuild:buildParameters:title:buildLog:dontActuallyRunCommands:restorePersistedBuildResults:deviceAvailableChecker:error:actionCallbackBlock:] (in IDEFoundation)
  6   -[IDEScheme(TestSchemeAction) schemeTestActionOperationForSchemeOperationParameters:onlyBuild:buildLog:deviceAvailableChecker:buildParameters:shouldBuild:restorePersistedBuildResults:error:completionBlock:] (in IDEFoundation)
  7   -[IDEScheme buildAndActionTaskForSchemeOperationParameters:shouldBuild:onlyBuild:buildParameters:buildLog:deviceAvailableChecker:restorePersistedBuildResults:dontActuallyRunCommands:error:completionBlock:] (in IDEFoundation)
  8   -[IDEScheme schemeOperationForSchemeOperationParameters:buildLog:overridingProperties:overridingBuildConfiguration:dontActuallyRunCommands:restorePersistedBuildResults:deviceAvailableChecker:error:completionBlock:] (in IDEFoundation)
  9   -[IDEScheme schemeOperationForSchemeOperationParameters:buildLog:overridingProperties:overridingBuildConfiguration:dontActuallyRunCommands:restorePersistedBuildResults:error:completionBlock:] (in IDEFoundation)
 10   -[Xcode3CommandLineBuildTool(TestSchemeAction) buildForTestSchemeCommandWantsSkip:buildAction:isProjectBuild:title:buildLog:isMoreDestinationsPending:runDestinations:runDestination:schemeCommand:executionEnvironment:restorePersistedBuildResults:operationToEnqueue:error:] (in Xcode3Core)
 11   -[Xcode3CommandLineBuildTool doSchemeBuildWithRunDestinations:runDestinationIdx:wantsSkip:buildActionTimingSection:timingSection:buildAction:isMoreDesinationsPending:actionResultBlock:title:buildLog:executionEnvironment:restorePersistedBuildResults:operationToEnqueue:error:] (in Xcode3Core)
 12   -[Xcode3CommandLineBuildTool doBuildForBuildAction:timingSection:colorize:colorizeFailure:error:] (in Xcode3Core)
 13   -[Xcode3CommandLineBuildTool _buildWithTimingSection:] (in Xcode3Core)
 14   -[Xcode3CommandLineBuildTool run] (in Xcode3Core)
 15   XcodeBuildMain (in libxcodebuildLoader.dylib)
 16   -[XcodebuildPreIDEHandler loadXcode3ProjectSupportAndRunXcode3CommandLineBuildToolWithArguments:] (in xcodebuild)
 17   -[XcodebuildPreIDEHandler runWithArguments:] (in xcodebuild)
 18   main (in xcodebuild)
 19   start (in dyld)

<DVTOperationGroup: 0x7aa8d08600; state = AReF!c> created at:
  0   -[DVTOperation init] (in DVTFoundation)
  1   -[DVTOperationGroup init] (in DVTFoundation)
  2   -[IDETestRunSession testOperationForTestRunSpecificationGroups:executionEnvironment:invocationRecord:actionRecord:schemeIdentifier:outSchemeActionResultOperation:launchParametersBlock:actionCallbackBlock:error:] (in IDEFoundation)
  3   -[IDETestManager testOperationForTestRunSpecificationGroups:executionEnvironment:runDestinationPool:invocationRecord:actionRecord:schemeIdentifier:outSchemeActionResultOperation:launchParametersBlock:actionCallbackBlock:error:] (in IDEFoundation)
  4   -[IDETestSchemeAction testOperationWithSchemeOperationParameters:testManager:buildOperation:buildParameters:schemeCommand:actionRecord:testPlanRunSpecifications:deviceAvailableChecker:outError:actionCallbackBlock:] (in IDEFoundation)
  5   -[IDEScheme(TestSchemeAction) executionOperationForTestSchemeActionWithOperationParameters:command:buildOperationVariantSpecifiers:buildOperationGroup:schemeActionResult:buildParameters:shouldOnlyBuild:runDestination:orderedOperations:schemeActionRecord:deviceAvailableChecker:actionCallbackBlock:error:] (in IDEFoundation)
  6   -[IDEScheme _executionOperationForSchemeOperationParameters:build:onlyBuild:buildParameters:title:buildLog:dontActuallyRunCommands:restorePersistedBuildResults:deviceAvailableChecker:error:actionCallbackBlock:] (in IDEFoundation)
  7   -[IDEScheme(TestSchemeAction) schemeTestActionOperationForSchemeOperationParameters:onlyBuild:buildLog:deviceAvailableChecker:buildParameters:shouldBuild:restorePersistedBuildResults:error:completionBlock:] (in IDEFoundation)
  8   -[IDEScheme buildAndActionTaskForSchemeOperationParameters:shouldBuild:onlyBuild:buildParameters:buildLog:deviceAvailableChecker:restorePersistedBuildResults:dontActuallyRunCommands:error:completionBlock:] (in IDEFoundation)
  9   -[IDEScheme schemeOperationForSchemeOperationParameters:buildLog:overridingProperties:overridingBuildConfiguration:dontActuallyRunCommands:restorePersistedBuildResults:deviceAvailableChecker:error:completionBlock:] (in IDEFoundation)
 10   -[IDEScheme schemeOperationForSchemeOperationParameters:buildLog:overridingProperties:overridingBuildConfiguration:dontActuallyRunCommands:restorePersistedBuildResults:error:completionBlock:] (in IDEFoundation)
 11   -[Xcode3CommandLineBuildTool(TestSchemeAction) buildForTestSchemeCommandWantsSkip:buildAction:isProjectBuild:title:buildLog:isMoreDestinationsPending:runDestinations:runDestination:schemeCommand:executionEnvironment:restorePersistedBuildResults:operationToEnqueue:error:] (in Xcode3Core)
 12   -[Xcode3CommandLineBuildTool doSchemeBuildWithRunDestinations:runDestinationIdx:wantsSkip:buildActionTimingSection:timingSection:buildAction:isMoreDesinationsPending:actionResultBlock:title:buildLog:executionEnvironment:restorePersistedBuildResults:operationToEnqueue:error:] (in Xcode3Core)
 13   -[Xcode3CommandLineBuildTool doBuildForBuildAction:timingSection:colorize:colorizeFailure:error:] (in Xcode3Core)
 14   -[Xcode3CommandLineBuildTool _buildWithTimingSection:] (in Xcode3Core)
 15   -[Xcode3CommandLineBuildTool run] (in Xcode3Core)
 16   XcodeBuildMain (in libxcodebuildLoader.dylib)
 17   -[XcodebuildPreIDEHandler loadXcode3ProjectSupportAndRunXcode3CommandLineBuildToolWithArguments:] (in xcodebuild)
 18   -[XcodebuildPreIDEHandler runWithArguments:] (in xcodebuild)
 19   main (in xcodebuild)
 20   start (in dyld)

<DVTOperation: 0x7aa5fa7480; state = aReFc> created at:
  0   -[DVTOperation init] (in DVTFoundation)
  1   +[DVTOperation(DVTConveniences) operationWithBlock:] (in DVTFoundation)
  2   -[IDETestRunSession testOperationForTestRunSpecificationGroups:executionEnvironment:invocationRecord:actionRecord:schemeIdentifier:outSchemeActionResultOperation:launchParametersBlock:actionCallbackBlock:error:] (in IDEFoundation)
  3   -[IDETestManager testOperationForTestRunSpecificationGroups:executionEnvironment:runDestinationPool:invocationRecord:actionRecord:schemeIdentifier:outSchemeActionResultOperation:launchParametersBlock:actionCallbackBlock:error:] (in IDEFoundation)
  4   -[IDETestSchemeAction testOperationWithSchemeOperationParameters:testManager:buildOperation:buildParameters:schemeCommand:actionRecord:testPlanRunSpecifications:deviceAvailableChecker:outError:actionCallbackBlock:] (in IDEFoundation)
  5   -[IDEScheme(TestSchemeAction) executionOperationForTestSchemeActionWithOperationParameters:command:buildOperationVariantSpecifiers:buildOperationGroup:schemeActionResult:buildParameters:shouldOnlyBuild:runDestination:orderedOperations:schemeActionRecord:deviceAvailableChecker:actionCallbackBlock:error:] (in IDEFoundation)
  6   -[IDEScheme _executionOperationForSchemeOperationParameters:build:onlyBuild:buildParameters:title:buildLog:dontActuallyRunCommands:restorePersistedBuildResults:deviceAvailableChecker:error:actionCallbackBlock:] (in IDEFoundation)
  7   -[IDEScheme(TestSchemeAction) schemeTestActionOperationForSchemeOperationParameters:onlyBuild:buildLog:deviceAvailableChecker:buildParameters:shouldBuild:restorePersistedBuildResults:error:completionBlock:] (in IDEFoundation)
  8   -[IDEScheme buildAndActionTaskForSchemeOperationParameters:shouldBuild:onlyBuild:buildParameters:buildLog:deviceAvailableChecker:restorePersistedBuildResults:dontActuallyRunCommands:error:completionBlock:] (in IDEFoundation)
  9   -[IDEScheme schemeOperationForSchemeOperationParameters:buildLog:overridingProperties:overridingBuildConfiguration:dontActuallyRunCommands:restorePersistedBuildResults:deviceAvailableChecker:error:completionBlock:] (in IDEFoundation)
 10   -[IDEScheme schemeOperationForSchemeOperationParameters:buildLog:overridingProperties:overridingBuildConfiguration:dontActuallyRunCommands:restorePersistedBuildResults:error:completionBlock:] (in IDEFoundation)
 11   -[Xcode3CommandLineBuildTool(TestSchemeAction) buildForTestSchemeCommandWantsSkip:buildAction:isProjectBuild:title:buildLog:isMoreDestinationsPending:runDestinations:runDestination:schemeCommand:executionEnvironment:restorePersistedBuildResults:operationToEnqueue:error:] (in Xcode3Core)
 12   -[Xcode3CommandLineBuildTool doSchemeBuildWithRunDestinations:runDestinationIdx:wantsSkip:buildActionTimingSection:timingSection:buildAction:isMoreDesinationsPending:actionResultBlock:title:buildLog:executionEnvironment:restorePersistedBuildResults:operationToEnqueue:error:] (in Xcode3Core)
 13   -[Xcode3CommandLineBuildTool doBuildForBuildAction:timingSection:colorize:colorizeFailure:error:] (in Xcode3Core)
 14   -[Xcode3CommandLineBuildTool _buildWithTimingSection:] (in Xcode3Core)
 15   -[Xcode3CommandLineBuildTool run] (in Xcode3Core)
 16   XcodeBuildMain (in libxcodebuildLoader.dylib)
 17   -[XcodebuildPreIDEHandler loadXcode3ProjectSupportAndRunXcode3CommandLineBuildToolWithArguments:] (in xcodebuild)
 18   -[XcodebuildPreIDEHandler runWithArguments:] (in xcodebuild)
 19   main (in xcodebuild)
 20   start (in dyld)

<__DVTSwiftAsyncOperation: 0x7aa8d2c180; state = AReFc> created at:
  0   -[DVTOperation init] (in DVTFoundation)
  1   @objc DVTAsyncOperation.init() (in DVTFoundation)
  2   @objc static DVTOperation.operationWithMainThreadBlock(_:) (in DVTFoundation)
  3   -[IDESchemeAction _setUpOperationsForPackageLoadingInWorkspace:handlePreActionsActivityLogSection:isCleanOperation:] (in IDEFoundation)
  4   -[IDESchemeAction setUpActionDependenciesForCorePhaseOperation:shouldRunPostActionsBlock:prePhaseEnvironmentPopulationBlock:postPhaseEnvironmentPopulationBlock:handlePreActionsActivityLogSection:handlePostActionsActivityLogSection:buildParameters:schemeActionResultOperation:error:] (in IDEFoundation)
  5   -[IDETestSchemeAction testOperationWithSchemeOperationParameters:testManager:buildOperation:buildParameters:schemeCommand:actionRecord:testPlanRunSpecifications:deviceAvailableChecker:outError:actionCallbackBlock:] (in IDEFoundation)
  6   -[IDEScheme(TestSchemeAction) executionOperationForTestSchemeActionWithOperationParameters:command:buildOperationVariantSpecifiers:buildOperationGroup:schemeActionResult:buildParameters:shouldOnlyBuild:runDestination:orderedOperations:schemeActionRecord:deviceAvailableChecker:actionCallbackBlock:error:] (in IDEFoundation)
  7   -[IDEScheme _executionOperationForSchemeOperationParameters:build:onlyBuild:buildParameters:title:buildLog:dontActuallyRunCommands:restorePersistedBuildResults:deviceAvailableChecker:error:actionCallbackBlock:] (in IDEFoundation)
  8   -[IDEScheme(TestSchemeAction) schemeTestActionOperationForSchemeOperationParameters:onlyBuild:buildLog:deviceAvailableChecker:buildParameters:shouldBuild:restorePersistedBuildResults:error:completionBlock:] (in IDEFoundation)
  9   -[IDEScheme buildAndActionTaskForSchemeOperationParameters:shouldBuild:onlyBuild:buildParameters:buildLog:deviceAvailableChecker:restorePersistedBuildResults:dontActuallyRunCommands:error:completionBlock:] (in IDEFoundation)
 10   -[IDEScheme schemeOperationForSchemeOperationParameters:buildLog:overridingProperties:overridingBuildConfiguration:dontActuallyRunCommands:restorePersistedBuildResults:deviceAvailableChecker:error:completionBlock:] (in IDEFoundation)
 11   -[IDEScheme schemeOperationForSchemeOperationParameters:buildLog:overridingProperties:overridingBuildConfiguration:dontActuallyRunCommands:restorePersistedBuildResults:error:completionBlock:] (in IDEFoundation)
 12   -[Xcode3CommandLineBuildTool(TestSchemeAction) buildForTestSchemeCommandWantsSkip:buildAction:isProjectBuild:title:buildLog:isMoreDestinationsPending:runDestinations:runDestination:schemeCommand:executionEnvironment:restorePersistedBuildResults:operationToEnqueue:error:] (in Xcode3Core)
 13   -[Xcode3CommandLineBuildTool doSchemeBuildWithRunDestinations:runDestinationIdx:wantsSkip:buildActionTimingSection:timingSection:buildAction:isMoreDesinationsPending:actionResultBlock:title:buildLog:executionEnvironment:restorePersistedBuildResults:operationToEnqueue:error:] (in Xcode3Core)
 14   -[Xcode3CommandLineBuildTool doBuildForBuildAction:timingSection:colorize:colorizeFailure:error:] (in Xcode3Core)
 15   -[Xcode3CommandLineBuildTool _buildWithTimingSection:] (in Xcode3Core)
 16   -[Xcode3CommandLineBuildTool run] (in Xcode3Core)
 17   XcodeBuildMain (in libxcodebuildLoader.dylib)
 18   -[XcodebuildPreIDEHandler loadXcode3ProjectSupportAndRunXcode3CommandLineBuildToolWithArguments:] (in xcodebuild)
 19   -[XcodebuildPreIDEHandler runWithArguments:] (in xcodebuild)
 20   main (in xcodebuild)
 21   start (in dyld)

<__DVTSwiftAsyncOperation: 0x7aa8d2c480; state = AReFc> created at:
  0   -[DVTOperation init] (in DVTFoundation)
  1   @objc DVTAsyncOperation.init() (in DVTFoundation)
  2   @objc static DVTOperation.operationWithMainThreadBlock(_:) (in DVTFoundation)
  3   -[IDESchemeAction _setUpOperationsForPackageLoadingInWorkspace:handlePreActionsActivityLogSection:isCleanOperation:] (in IDEFoundation)
  4   -[IDESchemeAction setUpActionDependenciesForCorePhaseOperation:shouldRunPostActionsBlock:prePhaseEnvironmentPopulationBlock:postPhaseEnvironmentPopulationBlock:handlePreActionsActivityLogSection:handlePostActionsActivityLogSection:buildParameters:schemeActionResultOperation:error:] (in IDEFoundation)
  5   -[IDETestSchemeAction testOperationWithSchemeOperationParameters:testManager:buildOperation:buildParameters:schemeCommand:actionRecord:testPlanRunSpecifications:deviceAvailableChecker:outError:actionCallbackBlock:] (in IDEFoundation)
  6   -[IDEScheme(TestSchemeAction) executionOperationForTestSchemeActionWithOperationParameters:command:buildOperationVariantSpecifiers:buildOperationGroup:schemeActionResult:buildParameters:shouldOnlyBuild:runDestination:orderedOperations:schemeActionRecord:deviceAvailableChecker:actionCallbackBlock:error:] (in IDEFoundation)
  7   -[IDEScheme _executionOperationForSchemeOperationParameters:build:onlyBuild:buildParameters:title:buildLog:dontActuallyRunCommands:restorePersistedBuildResults:deviceAvailableChecker:error:actionCallbackBlock:] (in IDEFoundation)
  8   -[IDEScheme(TestSchemeAction) schemeTestActionOperationForSchemeOperationParameters:onlyBuild:buildLog:deviceAvailableChecker:buildParameters:shouldBuild:restorePersistedBuildResults:error:completionBlock:] (in IDEFoundation)
  9   -[IDEScheme buildAndActionTaskForSchemeOperationParameters:shouldBuild:onlyBuild:buildParameters:buildLog:deviceAvailableChecker:restorePersistedBuildResults:dontActuallyRunCommands:error:completionBlock:] (in IDEFoundation)
 10   -[IDEScheme schemeOperationForSchemeOperationParameters:buildLog:overridingProperties:overridingBuildConfiguration:dontActuallyRunCommands:restorePersistedBuildResults:deviceAvailableChecker:error:completionBlock:] (in IDEFoundation)
 11   -[IDEScheme schemeOperationForSchemeOperationParameters:buildLog:overridingProperties:overridingBuildConfiguration:dontActuallyRunCommands:restorePersistedBuildResults:error:completionBlock:] (in IDEFoundation)
 12   -[Xcode3CommandLineBuildTool(TestSchemeAction) buildForTestSchemeCommandWantsSkip:buildAction:isProjectBuild:title:buildLog:isMoreDestinationsPending:runDestinations:runDestination:schemeCommand:executionEnvironment:restorePersistedBuildResults:operationToEnqueue:error:] (in Xcode3Core)
 13   -[Xcode3CommandLineBuildTool doSchemeBuildWithRunDestinations:runDestinationIdx:wantsSkip:buildActionTimingSection:timingSection:buildAction:isMoreDesinationsPending:actionResultBlock:title:buildLog:executionEnvironment:restorePersistedBuildResults:operationToEnqueue:error:] (in Xcode3Core)
 14   -[Xcode3CommandLineBuildTool doBuildForBuildAction:timingSection:colorize:colorizeFailure:error:] (in Xcode3Core)
 15   -[Xcode3CommandLineBuildTool _buildWithTimingSection:] (in Xcode3Core)
 16   -[Xcode3CommandLineBuildTool run] (in Xcode3Core)
 17   XcodeBuildMain (in libxcodebuildLoader.dylib)
 18   -[XcodebuildPreIDEHandler loadXcode3ProjectSupportAndRunXcode3CommandLineBuildToolWithArguments:] (in xcodebuild)
 19   -[XcodebuildPreIDEHandler runWithArguments:] (in xcodebuild)
 20   main (in xcodebuild)
 21   start (in dyld)

<DVTOperation: 0x7aa5fa7980; state = aReFc> created at:
  0   -[DVTOperation init] (in DVTFoundation)
  1   +[DVTOperation(DVTConveniences) operationWithBlock:] (in DVTFoundation)
  2   -[IDESchemeAction setUpActionDependenciesForCorePhaseOperation:shouldRunPostActionsBlock:prePhaseEnvironmentPopulationBlock:postPhaseEnvironmentPopulationBlock:handlePreActionsActivityLogSection:handlePostActionsActivityLogSection:buildParameters:schemeActionResultOperation:error:] (in IDEFoundation)
  3   -[IDETestSchemeAction testOperationWithSchemeOperationParameters:testManager:buildOperation:buildParameters:schemeCommand:actionRecord:testPlanRunSpecifications:deviceAvailableChecker:outError:actionCallbackBlock:] (in IDEFoundation)
  4   -[IDEScheme(TestSchemeAction) executionOperationForTestSchemeActionWithOperationParameters:command:buildOperationVariantSpecifiers:buildOperationGroup:schemeActionResult:buildParameters:shouldOnlyBuild:runDestination:orderedOperations:schemeActionRecord:deviceAvailableChecker:actionCallbackBlock:error:] (in IDEFoundation)
  5   -[IDEScheme _executionOperationForSchemeOperationParameters:build:onlyBuild:buildParameters:title:buildLog:dontActuallyRunCommands:restorePersistedBuildResults:deviceAvailableChecker:error:actionCallbackBlock:] (in IDEFoundation)
  6   -[IDEScheme(TestSchemeAction) schemeTestActionOperationForSchemeOperationParameters:onlyBuild:buildLog:deviceAvailableChecker:buildParameters:shouldBuild:restorePersistedBuildResults:error:completionBlock:] (in IDEFoundation)
  7   -[IDEScheme buildAndActionTaskForSchemeOperationParameters:shouldBuild:onlyBuild:buildParameters:buildLog:deviceAvailableChecker:restorePersistedBuildResults:dontActuallyRunCommands:error:completionBlock:] (in IDEFoundation)
  8   -[IDEScheme schemeOperationForSchemeOperationParameters:buildLog:overridingProperties:overridingBuildConfiguration:dontActuallyRunCommands:restorePersistedBuildResults:deviceAvailableChecker:error:completionBlock:] (in IDEFoundation)
  9   -[IDEScheme schemeOperationForSchemeOperationParameters:buildLog:overridingProperties:overridingBuildConfiguration:dontActuallyRunCommands:restorePersistedBuildResults:error:completionBlock:] (in IDEFoundation)
 10   -[Xcode3CommandLineBuildTool(TestSchemeAction) buildForTestSchemeCommandWantsSkip:buildAction:isProjectBuild:title:buildLog:isMoreDestinationsPending:runDestinations:runDestination:schemeCommand:executionEnvironment:restorePersistedBuildResults:operationToEnqueue:error:] (in Xcode3Core)
 11   -[Xcode3CommandLineBuildTool doSchemeBuildWithRunDestinations:runDestinationIdx:wantsSkip:buildActionTimingSection:timingSection:buildAction:isMoreDesinationsPending:actionResultBlock:title:buildLog:executionEnvironment:restorePersistedBuildResults:operationToEnqueue:error:] (in Xcode3Core)
 12   -[Xcode3CommandLineBuildTool doBuildForBuildAction:timingSection:colorize:colorizeFailure:error:] (in Xcode3Core)
 13   -[Xcode3CommandLineBuildTool _buildWithTimingSection:] (in Xcode3Core)
 14   -[Xcode3CommandLineBuildTool run] (in Xcode3Core)
 15   XcodeBuildMain (in libxcodebuildLoader.dylib)
 16   -[XcodebuildPreIDEHandler loadXcode3ProjectSupportAndRunXcode3CommandLineBuildToolWithArguments:] (in xcodebuild)
 17   -[XcodebuildPreIDEHandler runWithArguments:] (in xcodebuild)
 18   main (in xcodebuild)
 19   start (in dyld)

<DVTOperation: 0x7aa5fa7d40; state = arefc> created at:
  0   -[DVTOperation init] (in DVTFoundation)
  1   +[DVTOperation(DVTConveniences) operationWithBlock:] (in DVTFoundation)
  2   -[IDESchemeAction setUpActionDependenciesForCorePhaseOperation:shouldRunPostActionsBlock:prePhaseEnvironmentPopulationBlock:postPhaseEnvironmentPopulationBlock:handlePreActionsActivityLogSection:handlePostActionsActivityLogSection:buildParameters:schemeActionResultOperation:error:] (in IDEFoundation)
  3   -[IDETestSchemeAction testOperationWithSchemeOperationParameters:testManager:buildOperation:buildParameters:schemeCommand:actionRecord:testPlanRunSpecifications:deviceAvailableChecker:outError:actionCallbackBlock:] (in IDEFoundation)
  4   -[IDEScheme(TestSchemeAction) executionOperationForTestSchemeActionWithOperationParameters:command:buildOperationVariantSpecifiers:buildOperationGroup:schemeActionResult:buildParameters:shouldOnlyBuild:runDestination:orderedOperations:schemeActionRecord:deviceAvailableChecker:actionCallbackBlock:error:] (in IDEFoundation)
  5   -[IDEScheme _executionOperationForSchemeOperationParameters:build:onlyBuild:buildParameters:title:buildLog:dontActuallyRunCommands:restorePersistedBuildResults:deviceAvailableChecker:error:actionCallbackBlock:] (in IDEFoundation)
  6   -[IDEScheme(TestSchemeAction) schemeTestActionOperationForSchemeOperationParameters:onlyBuild:buildLog:deviceAvailableChecker:buildParameters:shouldBuild:restorePersistedBuildResults:error:completionBlock:] (in IDEFoundation)
  7   -[IDEScheme buildAndActionTaskForSchemeOperationParameters:shouldBuild:onlyBuild:buildParameters:buildLog:deviceAvailableChecker:restorePersistedBuildResults:dontActuallyRunCommands:error:completionBlock:] (in IDEFoundation)
  8   -[IDEScheme schemeOperationForSchemeOperationParameters:buildLog:overridingProperties:overridingBuildConfiguration:dontActuallyRunCommands:restorePersistedBuildResults:deviceAvailableChecker:error:completionBlock:] (in IDEFoundation)
  9   -[IDEScheme schemeOperationForSchemeOperationParameters:buildLog:overridingProperties:overridingBuildConfiguration:dontActuallyRunCommands:restorePersistedBuildResults:error:completionBlock:] (in IDEFoundation)
 10   -[Xcode3CommandLineBuildTool(TestSchemeAction) buildForTestSchemeCommandWantsSkip:buildAction:isProjectBuild:title:buildLog:isMoreDestinationsPending:runDestinations:runDestination:schemeCommand:executionEnvironment:restorePersistedBuildResults:operationToEnqueue:error:] (in Xcode3Core)
 11   -[Xcode3CommandLineBuildTool doSchemeBuildWithRunDestinations:runDestinationIdx:wantsSkip:buildActionTimingSection:timingSection:buildAction:isMoreDesinationsPending:actionResultBlock:title:buildLog:executionEnvironment:restorePersistedBuildResults:operationToEnqueue:error:] (in Xcode3Core)
 12   -[Xcode3CommandLineBuildTool doBuildForBuildAction:timingSection:colorize:colorizeFailure:error:] (in Xcode3Core)
 13   -[Xcode3CommandLineBuildTool _buildWithTimingSection:] (in Xcode3Core)
 14   -[Xcode3CommandLineBuildTool run] (in Xcode3Core)
 15   XcodeBuildMain (in libxcodebuildLoader.dylib)
 16   -[XcodebuildPreIDEHandler loadXcode3ProjectSupportAndRunXcode3CommandLineBuildToolWithArguments:] (in xcodebuild)
 17   -[XcodebuildPreIDEHandler runWithArguments:] (in xcodebuild)
 18   main (in xcodebuild)
 19   start (in dyld)

<IDESchemeActionResultOperation: 0x7aa8d08c00; state = Arefc> created at:
  0   -[DVTOperation init] (in DVTFoundation)
  1   +[IDESchemeActionResultOperation schemeActionResultOperationWithSchemeActionRecord:trackingExecutionOfOperation:actionCallbackBlock:schemeActionResultComputationBlock:] (in IDEFoundation)
  2   -[IDETestRunSession testOperationForTestRunSpecificationGroups:executionEnvironment:invocationRecord:actionRecord:schemeIdentifier:outSchemeActionResultOperation:launchParametersBlock:actionCallbackBlock:error:] (in IDEFoundation)
  3   -[IDETestManager testOperationForTestRunSpecificationGroups:executionEnvironment:runDestinationPool:invocationRecord:actionRecord:schemeIdentifier:outSchemeActionResultOperation:launchParametersBlock:actionCallbackBlock:error:] (in IDEFoundation)
  4   -[IDETestSchemeAction testOperationWithSchemeOperationParameters:testManager:buildOperation:buildParameters:schemeCommand:actionRecord:testPlanRunSpecifications:deviceAvailableChecker:outError:actionCallbackBlock:] (in IDEFoundation)
  5   -[IDEScheme(TestSchemeAction) executionOperationForTestSchemeActionWithOperationParameters:command:buildOperationVariantSpecifiers:buildOperationGroup:schemeActionResult:buildParameters:shouldOnlyBuild:runDestination:orderedOperations:schemeActionRecord:deviceAvailableChecker:actionCallbackBlock:error:] (in IDEFoundation)
  6   -[IDEScheme _executionOperationForSchemeOperationParameters:build:onlyBuild:buildParameters:title:buildLog:dontActuallyRunCommands:restorePersistedBuildResults:deviceAvailableChecker:error:actionCallbackBlock:] (in IDEFoundation)
  7   -[IDEScheme(TestSchemeAction) schemeTestActionOperationForSchemeOperationParameters:onlyBuild:buildLog:deviceAvailableChecker:buildParameters:shouldBuild:restorePersistedBuildResults:error:completionBlock:] (in IDEFoundation)
  8   -[IDEScheme buildAndActionTaskForSchemeOperationParameters:shouldBuild:onlyBuild:buildParameters:buildLog:deviceAvailableChecker:restorePersistedBuildResults:dontActuallyRunCommands:error:completionBlock:] (in IDEFoundation)
  9   -[IDEScheme schemeOperationForSchemeOperationParameters:buildLog:overridingProperties:overridingBuildConfiguration:dontActuallyRunCommands:restorePersistedBuildResults:deviceAvailableChecker:error:completionBlock:] (in IDEFoundation)
 10   -[IDEScheme schemeOperationForSchemeOperationParameters:buildLog:overridingProperties:overridingBuildConfiguration:dontActuallyRunCommands:restorePersistedBuildResults:error:completionBlock:] (in IDEFoundation)
 11   -[Xcode3CommandLineBuildTool(TestSchemeAction) buildForTestSchemeCommandWantsSkip:buildAction:isProjectBuild:title:buildLog:isMoreDestinationsPending:runDestinations:runDestination:schemeCommand:executionEnvironment:restorePersistedBuildResults:operationToEnqueue:error:] (in Xcode3Core)
 12   -[Xcode3CommandLineBuildTool doSchemeBuildWithRunDestinations:runDestinationIdx:wantsSkip:buildActionTimingSection:timingSection:buildAction:isMoreDesinationsPending:actionResultBlock:title:buildLog:executionEnvironment:restorePersistedBuildResults:operationToEnqueue:error:] (in Xcode3Core)
 13   -[Xcode3CommandLineBuildTool doBuildForBuildAction:timingSection:colorize:colorizeFailure:error:] (in Xcode3Core)
 14   -[Xcode3CommandLineBuildTool _buildWithTimingSection:] (in Xcode3Core)
 15   -[Xcode3CommandLineBuildTool run] (in Xcode3Core)
 16   XcodeBuildMain (in libxcodebuildLoader.dylib)
 17   -[XcodebuildPreIDEHandler loadXcode3ProjectSupportAndRunXcode3CommandLineBuildToolWithArguments:] (in xcodebuild)
 18   -[XcodebuildPreIDEHandler runWithArguments:] (in xcodebuild)
 19   main (in xcodebuild)
 20   start (in dyld)

<DVTOperation: 0x7aa5fa7c00; state = arefc> created at:
  0   -[DVTOperation init] (in DVTFoundation)
  1   +[DVTOperation(DVTConveniences) operationWithBlock:] (in DVTFoundation)
  2   -[IDESchemeAction setUpActionDependenciesForCorePhaseOperation:shouldRunPostActionsBlock:prePhaseEnvironmentPopulationBlock:postPhaseEnvironmentPopulationBlock:handlePreActionsActivityLogSection:handlePostActionsActivityLogSection:buildParameters:schemeActionResultOperation:error:] (in IDEFoundation)
  3   -[IDETestSchemeAction testOperationWithSchemeOperationParameters:testManager:buildOperation:buildParameters:schemeCommand:actionRecord:testPlanRunSpecifications:deviceAvailableChecker:outError:actionCallbackBlock:] (in IDEFoundation)
  4   -[IDEScheme(TestSchemeAction) executionOperationForTestSchemeActionWithOperationParameters:command:buildOperationVariantSpecifiers:buildOperationGroup:schemeActionResult:buildParameters:shouldOnlyBuild:runDestination:orderedOperations:schemeActionRecord:deviceAvailableChecker:actionCallbackBlock:error:] (in IDEFoundation)
  5   -[IDEScheme _executionOperationForSchemeOperationParameters:build:onlyBuild:buildParameters:title:buildLog:dontActuallyRunCommands:restorePersistedBuildResults:deviceAvailableChecker:error:actionCallbackBlock:] (in IDEFoundation)
  6   -[IDEScheme(TestSchemeAction) schemeTestActionOperationForSchemeOperationParameters:onlyBuild:buildLog:deviceAvailableChecker:buildParameters:shouldBuild:restorePersistedBuildResults:error:completionBlock:] (in IDEFoundation)
  7   -[IDEScheme buildAndActionTaskForSchemeOperationParameters:shouldBuild:onlyBuild:buildParameters:buildLog:deviceAvailableChecker:restorePersistedBuildResults:dontActuallyRunCommands:error:completionBlock:] (in IDEFoundation)
  8   -[IDEScheme schemeOperationForSchemeOperationParameters:buildLog:overridingProperties:overridingBuildConfiguration:dontActuallyRunCommands:restorePersistedBuildResults:deviceAvailableChecker:error:completionBlock:] (in IDEFoundation)
  9   -[IDEScheme schemeOperationForSchemeOperationParameters:buildLog:overridingProperties:overridingBuildConfiguration:dontActuallyRunCommands:restorePersistedBuildResults:error:completionBlock:] (in IDEFoundation)
 10   -[Xcode3CommandLineBuildTool(TestSchemeAction) buildForTestSchemeCommandWantsSkip:buildAction:isProjectBuild:title:buildLog:isMoreDestinationsPending:runDestinations:runDestination:schemeCommand:executionEnvironment:restorePersistedBuildResults:operationToEnqueue:error:] (in Xcode3Core)
 11   -[Xcode3CommandLineBuildTool doSchemeBuildWithRunDestinations:runDestinationIdx:wantsSkip:buildActionTimingSection:timingSection:buildAction:isMoreDesinationsPending:actionResultBlock:title:buildLog:executionEnvironment:restorePersistedBuildResults:operationToEnqueue:error:] (in Xcode3Core)
 12   -[Xcode3CommandLineBuildTool doBuildForBuildAction:timingSection:colorize:colorizeFailure:error:] (in Xcode3Core)
 13   -[Xcode3CommandLineBuildTool _buildWithTimingSection:] (in Xcode3Core)
 14   -[Xcode3CommandLineBuildTool run] (in Xcode3Core)
 15   XcodeBuildMain (in libxcodebuildLoader.dylib)
 16   -[XcodebuildPreIDEHandler loadXcode3ProjectSupportAndRunXcode3CommandLineBuildToolWithArguments:] (in xcodebuild)
 17   -[XcodebuildPreIDEHandler runWithArguments:] (in xcodebuild)
 18   main (in xcodebuild)
 19   start (in dyld)

<__DVTSwiftAsyncOperation: 0x7aa8d2c000; state = AReFc> created at:
  0   -[DVTOperation init] (in DVTFoundation)
  1   @objc DVTAsyncOperation.init() (in DVTFoundation)
  2   static DVTOperation.awaiting(_:) (in DVTFoundation)
  3   @objc static IDESchemeAction.operationToWaitForFinishedLoadingOperation(of:) (in IDEFoundation)
  4   -[IDESchemeAction setUpActionDependenciesForCorePhaseOperation:shouldRunPostActionsBlock:prePhaseEnvironmentPopulationBlock:postPhaseEnvironmentPopulationBlock:handlePreActionsActivityLogSection:handlePostActionsActivityLogSection:buildParameters:schemeActionResultOperation:error:] (in IDEFoundation)
  5   -[IDETestSchemeAction testOperationWithSchemeOperationParameters:testManager:buildOperation:buildParameters:schemeCommand:actionRecord:testPlanRunSpecifications:deviceAvailableChecker:outError:actionCallbackBlock:] (in IDEFoundation)
  6   -[IDEScheme(TestSchemeAction) executionOperationForTestSchemeActionWithOperationParameters:command:buildOperationVariantSpecifiers:buildOperationGroup:schemeActionResult:buildParameters:shouldOnlyBuild:runDestination:orderedOperations:schemeActionRecord:deviceAvailableChecker:actionCallbackBlock:error:] (in IDEFoundation)
  7   -[IDEScheme _executionOperationForSchemeOperationParameters:build:onlyBuild:buildParameters:title:buildLog:dontActuallyRunCommands:restorePersistedBuildResults:deviceAvailableChecker:error:actionCallbackBlock:] (in IDEFoundation)
  8   -[IDEScheme(TestSchemeAction) schemeTestActionOperationForSchemeOperationParameters:onlyBuild:buildLog:deviceAvailableChecker:buildParameters:shouldBuild:restorePersistedBuildResults:error:completionBlock:] (in IDEFoundation)
  9   -[IDEScheme buildAndActionTaskForSchemeOperationParameters:shouldBuild:onlyBuild:buildParameters:buildLog:deviceAvailableChecker:restorePersistedBuildResults:dontActuallyRunCommands:error:completionBlock:] (in IDEFoundation)
 10   -[IDEScheme schemeOperationForSchemeOperationParameters:buildLog:overridingProperties:overridingBuildConfiguration:dontActuallyRunCommands:restorePersistedBuildResults:deviceAvailableChecker:error:completionBlock:] (in IDEFoundation)
 11   -[IDEScheme schemeOperationForSchemeOperationParameters:buildLog:overridingProperties:overridingBuildConfiguration:dontActuallyRunCommands:restorePersistedBuildResults:error:completionBlock:] (in IDEFoundation)
 12   -[Xcode3CommandLineBuildTool(TestSchemeAction) buildForTestSchemeCommandWantsSkip:buildAction:isProjectBuild:title:buildLog:isMoreDestinationsPending:runDestinations:runDestination:schemeCommand:executionEnvironment:restorePersistedBuildResults:operationToEnqueue:error:] (in Xcode3Core)
 13   -[Xcode3CommandLineBuildTool doSchemeBuildWithRunDestinations:runDestinationIdx:wantsSkip:buildActionTimingSection:timingSection:buildAction:isMoreDesinationsPending:actionResultBlock:title:buildLog:executionEnvironment:restorePersistedBuildResults:operationToEnqueue:error:] (in Xcode3Core)
 14   -[Xcode3CommandLineBuildTool doBuildForBuildAction:timingSection:colorize:colorizeFailure:error:] (in Xcode3Core)
 15   -[Xcode3CommandLineBuildTool _buildWithTimingSection:] (in Xcode3Core)
 16   -[Xcode3CommandLineBuildTool run] (in Xcode3Core)
 17   XcodeBuildMain (in libxcodebuildLoader.dylib)
 18   -[XcodebuildPreIDEHandler loadXcode3ProjectSupportAndRunXcode3CommandLineBuildToolWithArguments:] (in xcodebuild)
 19   -[XcodebuildPreIDEHandler runWithArguments:] (in xcodebuild)
 20   main (in xcodebuild)
 21   start (in dyld)

<__DVTSwiftAsyncOperation: 0x7aa8d2c300; state = AReFc> created at:
  0   -[DVTOperation init] (in DVTFoundation)
  1   @objc DVTAsyncOperation.init() (in DVTFoundation)
  2   static DVTOperation.awaiting(_:) (in DVTFoundation)
  3   @objc static IDESchemeAction.operationToWaitForFinishedLoadingOperation(of:) (in IDEFoundation)
  4   -[IDESchemeAction _setUpOperationsForPackageLoadingInWorkspace:handlePreActionsActivityLogSection:isCleanOperation:] (in IDEFoundation)
  5   -[IDESchemeAction setUpActionDependenciesForCorePhaseOperation:shouldRunPostActionsBlock:prePhaseEnvironmentPopulationBlock:postPhaseEnvironmentPopulationBlock:handlePreActionsActivityLogSection:handlePostActionsActivityLogSection:buildParameters:schemeActionResultOperation:error:] (in IDEFoundation)
  6   -[IDETestSchemeAction testOperationWithSchemeOperationParameters:testManager:buildOperation:buildParameters:schemeCommand:actionRecord:testPlanRunSpecifications:deviceAvailableChecker:outError:actionCallbackBlock:] (in IDEFoundation)
  7   -[IDEScheme(TestSchemeAction) executionOperationForTestSchemeActionWithOperationParameters:command:buildOperationVariantSpecifiers:buildOperationGroup:schemeActionResult:buildParameters:shouldOnlyBuild:runDestination:orderedOperations:schemeActionRecord:deviceAvailableChecker:actionCallbackBlock:error:] (in IDEFoundation)
  8   -[IDEScheme _executionOperationForSchemeOperationParameters:build:onlyBuild:buildParameters:title:buildLog:dontActuallyRunCommands:restorePersistedBuildResults:deviceAvailableChecker:error:actionCallbackBlock:] (in IDEFoundation)
  9   -[IDEScheme(TestSchemeAction) schemeTestActionOperationForSchemeOperationParameters:onlyBuild:buildLog:deviceAvailableChecker:buildParameters:shouldBuild:restorePersistedBuildResults:error:completionBlock:] (in IDEFoundation)
 10   -[IDEScheme buildAndActionTaskForSchemeOperationParameters:shouldBuild:onlyBuild:buildParameters:buildLog:deviceAvailableChecker:restorePersistedBuildResults:dontActuallyRunCommands:error:completionBlock:] (in IDEFoundation)
 11   -[IDEScheme schemeOperationForSchemeOperationParameters:buildLog:overridingProperties:overridingBuildConfiguration:dontActuallyRunCommands:restorePersistedBuildResults:deviceAvailableChecker:error:completionBlock:] (in IDEFoundation)
 12   -[IDEScheme schemeOperationForSchemeOperationParameters:buildLog:overridingProperties:overridingBuildConfiguration:dontActuallyRunCommands:restorePersistedBuildResults:error:completionBlock:] (in IDEFoundation)
 13   -[Xcode3CommandLineBuildTool(TestSchemeAction) buildForTestSchemeCommandWantsSkip:buildAction:isProjectBuild:title:buildLog:isMoreDestinationsPending:runDestinations:runDestination:schemeCommand:executionEnvironment:restorePersistedBuildResults:operationToEnqueue:error:] (in Xcode3Core)
 14   -[Xcode3CommandLineBuildTool doSchemeBuildWithRunDestinations:runDestinationIdx:wantsSkip:buildActionTimingSection:timingSection:buildAction:isMoreDesinationsPending:actionResultBlock:title:buildLog:executionEnvironment:restorePersistedBuildResults:operationToEnqueue:error:] (in Xcode3Core)
 15   -[Xcode3CommandLineBuildTool doBuildForBuildAction:timingSection:colorize:colorizeFailure:error:] (in Xcode3Core)
 16   -[Xcode3CommandLineBuildTool _buildWithTimingSection:] (in Xcode3Core)
 17   -[Xcode3CommandLineBuildTool run] (in Xcode3Core)
 18   XcodeBuildMain (in libxcodebuildLoader.dylib)
 19   -[XcodebuildPreIDEHandler loadXcode3ProjectSupportAndRunXcode3CommandLineBuildToolWithArguments:] (in xcodebuild)
 20   -[XcodebuildPreIDEHandler runWithArguments:] (in xcodebuild)
 21   main (in xcodebuild)
 22   start (in dyld)

<DVTOperation: 0x7aa5fa7e80; state = aReFc> created at:
  0   -[DVTOperation init] (in DVTFoundation)
  1   +[DVTOperation(DVTConveniences) operationWithBlock:] (in DVTFoundation)
  2   -[IDETestSchemeAction testOperationWithSchemeOperationParameters:testManager:buildOperation:buildParameters:schemeCommand:actionRecord:testPlanRunSpecifications:deviceAvailableChecker:outError:actionCallbackBlock:] (in IDEFoundation)
  3   -[IDEScheme(TestSchemeAction) executionOperationForTestSchemeActionWithOperationParameters:command:buildOperationVariantSpecifiers:buildOperationGroup:schemeActionResult:buildParameters:shouldOnlyBuild:runDestination:orderedOperations:schemeActionRecord:deviceAvailableChecker:actionCallbackBlock:error:] (in IDEFoundation)
  4   -[IDEScheme _executionOperationForSchemeOperationParameters:build:onlyBuild:buildParameters:title:buildLog:dontActuallyRunCommands:restorePersistedBuildResults:deviceAvailableChecker:error:actionCallbackBlock:] (in IDEFoundation)
  5   -[IDEScheme(TestSchemeAction) schemeTestActionOperationForSchemeOperationParameters:onlyBuild:buildLog:deviceAvailableChecker:buildParameters:shouldBuild:restorePersistedBuildResults:error:completionBlock:] (in IDEFoundation)
  6   -[IDEScheme buildAndActionTaskForSchemeOperationParameters:shouldBuild:onlyBuild:buildParameters:buildLog:deviceAvailableChecker:restorePersistedBuildResults:dontActuallyRunCommands:error:completionBlock:] (in IDEFoundation)
  7   -[IDEScheme schemeOperationForSchemeOperationParameters:buildLog:overridingProperties:overridingBuildConfiguration:dontActuallyRunCommands:restorePersistedBuildResults:deviceAvailableChecker:error:completionBlock:] (in IDEFoundation)
  8   -[IDEScheme schemeOperationForSchemeOperationParameters:buildLog:overridingProperties:overridingBuildConfiguration:dontActuallyRunCommands:restorePersistedBuildResults:error:completionBlock:] (in IDEFoundation)
  9   -[Xcode3CommandLineBuildTool(TestSchemeAction) buildForTestSchemeCommandWantsSkip:buildAction:isProjectBuild:title:buildLog:isMoreDestinationsPending:runDestinations:runDestination:schemeCommand:executionEnvironment:restorePersistedBuildResults:operationToEnqueue:error:] (in Xcode3Core)
 10   -[Xcode3CommandLineBuildTool doSchemeBuildWithRunDestinations:runDestinationIdx:wantsSkip:buildActionTimingSection:timingSection:buildAction:isMoreDesinationsPending:actionResultBlock:title:buildLog:executionEnvironment:restorePersistedBuildResults:operationToEnqueue:error:] (in Xcode3Core)
 11   -[Xcode3CommandLineBuildTool doBuildForBuildAction:timingSection:colorize:colorizeFailure:error:] (in Xcode3Core)
 12   -[Xcode3CommandLineBuildTool _buildWithTimingSection:] (in Xcode3Core)
 13   -[Xcode3CommandLineBuildTool run] (in Xcode3Core)
 14   XcodeBuildMain (in libxcodebuildLoader.dylib)
 15   -[XcodebuildPreIDEHandler loadXcode3ProjectSupportAndRunXcode3CommandLineBuildToolWithArguments:] (in xcodebuild)
 16   -[XcodebuildPreIDEHandler runWithArguments:] (in xcodebuild)
 17   main (in xcodebuild)
 18   start (in dyld)

<_IDETestingFinalizeLogsOperation: 0x7aa5c1f5c0; name = 'Finalize test log', state = aref!c> created at:
  0   -[DVTOperation init] (in DVTFoundation)
  1   +[DVTOperation(DVTConveniences) operationWithBlock:] (in DVTFoundation)
  2   -[IDETestSchemeAction _finalizeLogOperationWithRecorder:launchLogsSectionRecorder:] (in IDEFoundation)
  3   -[IDETestSchemeAction testOperationWithSchemeOperationParameters:testManager:buildOperation:buildParameters:schemeCommand:actionRecord:testPlanRunSpecifications:deviceAvailableChecker:outError:actionCallbackBlock:] (in IDEFoundation)
  4   -[IDEScheme(TestSchemeAction) executionOperationForTestSchemeActionWithOperationParameters:command:buildOperationVariantSpecifiers:buildOperationGroup:schemeActionResult:buildParameters:shouldOnlyBuild:runDestination:orderedOperations:schemeActionRecord:deviceAvailableChecker:actionCallbackBlock:error:] (in IDEFoundation)
  5   -[IDEScheme _executionOperationForSchemeOperationParameters:build:onlyBuild:buildParameters:title:buildLog:dontActuallyRunCommands:restorePersistedBuildResults:deviceAvailableChecker:error:actionCallbackBlock:] (in IDEFoundation)
  6   -[IDEScheme(TestSchemeAction) schemeTestActionOperationForSchemeOperationParameters:onlyBuild:buildLog:deviceAvailableChecker:buildParameters:shouldBuild:restorePersistedBuildResults:error:completionBlock:] (in IDEFoundation)
  7   -[IDEScheme buildAndActionTaskForSchemeOperationParameters:shouldBuild:onlyBuild:buildParameters:buildLog:deviceAvailableChecker:restorePersistedBuildResults:dontActuallyRunCommands:error:completionBlock:] (in IDEFoundation)
  8   -[IDEScheme schemeOperationForSchemeOperationParameters:buildLog:overridingProperties:overridingBuildConfiguration:dontActuallyRunCommands:restorePersistedBuildResults:deviceAvailableChecker:error:completionBlock:] (in IDEFoundation)
  9   -[IDEScheme schemeOperationForSchemeOperationParameters:buildLog:overridingProperties:overridingBuildConfiguration:dontActuallyRunCommands:restorePersistedBuildResults:error:completionBlock:] (in IDEFoundation)
 10   -[Xcode3CommandLineBuildTool(TestSchemeAction) buildForTestSchemeCommandWantsSkip:buildAction:isProjectBuild:title:buildLog:isMoreDestinationsPending:runDestinations:runDestination:schemeCommand:executionEnvironment:restorePersistedBuildResults:operationToEnqueue:error:] (in Xcode3Core)
 11   -[Xcode3CommandLineBuildTool doSchemeBuildWithRunDestinations:runDestinationIdx:wantsSkip:buildActionTimingSection:timingSection:buildAction:isMoreDesinationsPending:actionResultBlock:title:buildLog:executionEnvironment:restorePersistedBuildResults:operationToEnqueue:error:] (in Xcode3Core)
 12   -[Xcode3CommandLineBuildTool doBuildForBuildAction:timingSection:colorize:colorizeFailure:error:] (in Xcode3Core)
 13   -[Xcode3CommandLineBuildTool _buildWithTimingSection:] (in Xcode3Core)
 14   -[Xcode3CommandLineBuildTool run] (in Xcode3Core)
 15   XcodeBuildMain (in libxcodebuildLoader.dylib)
 16   -[XcodebuildPreIDEHandler loadXcode3Project** BUILD INTERRUPTED **
