Building for debugging...
[Computing dependencies]
[1 / 1]
Build complete! (0.71 sec)
Test Suite 'All tests' started at 2026-10-05 12:50:08.046.
Test Suite 'All tests' passed at 2026-10-05 12:50:08.048.
	 Executed 0 tests, with 0 failures (0 unexpected) in 0.000 (0.001) seconds
Test Suite 'All tests' started at 2026-10-05 12:50:08.119.
Test Suite 'All tests' passed at 2026-10-05 12:50:08.120.
	 Executed 0 tests, with 0 failures (0 unexpected) in 0.000 (0.001) seconds
Test Suite 'All tests' started at 2026-10-05 12:50:08.194.
Test Suite 'All tests' passed at 2026-10-05 12:50:08.195.
	 Executed 0 tests, with 0 failures (0 unexpected) in 0.000 (0.001) seconds
◇ Test run started.
↳ Testing Library Version: 2084
↳ Target Platform: arm64e-apple-macos14.0
◇ Test oldDraftUpgradesWithoutResetAndIncompatibleRecoveryIsRetainedOnDisk() started.
◇ Test transportCapacityFailureRetainsHistoryForExportRestartAndRetry() started.
◇ Test corruptDraftIsNotSilentlyReplaced() started.
➜ Test appleRelayRecoversOfflineDraftsAndDeferredComposition() skipped.
◇ Test draftRestoresExclusiveAuthorHistoryAndPreservesRemoteChanges() started.
◇ Test pendingRecoverySurvivesDraftRestartExportAndExplicitRepair() started.
◇ Test standaloneOpenDoesNotReplaceAnExistingRelayDraft() started.
◇ Test standaloneDraftCreatesReopensAndUndoesWithoutTransport() started.
✔ Test corruptDraftIsNotSilentlyReplaced() passed after 0.003 seconds.
✔ Test standaloneOpenDoesNotReplaceAnExistingRelayDraft() passed after 0.003 seconds.
✔ Test oldDraftUpgradesWithoutResetAndIncompatibleRecoveryIsRetainedOnDisk() passed after 0.005 seconds.
✔ Test draftRestoresExclusiveAuthorHistoryAndPreservesRemoteChanges() passed after 0.010 seconds.
✔ Test standaloneDraftCreatesReopensAndUndoesWithoutTransport() passed after 0.011 seconds.
✔ Test pendingRecoverySurvivesDraftRestartExportAndExplicitRepair() passed after 0.025 seconds.
✔ Test transportCapacityFailureRetainsHistoryForExportRestartAndRetry() passed after 0.030 seconds.
✔ Test run with 8 tests in 0 suites passed after 0.031 seconds.
◇ Test run started.
↳ Testing Library Version: 2084
↳ Target Platform: arm64e-apple-macos14.0
◇ Suite ModernSplitMergeTests started.
◇ Suite ModernCommandTargetsTests started.
◇ Suite WritingByteRootBoundaryTests started.
◇ Test retainedPasteSequentialReuseKeepsOneStepHistory(actor:) started.
◇ Test generatedRecoveryCollisionsRetainAllCollectionKinds(seed:kind:) started.
◇ Test schemaRichCodeRejectionAndRemoteRichUnionPreserveAcceptedState() started.
◇ Test clipboardMixedCopyUsesVisibleOrderAfterRemoteMove() started.
◇ Test incrementalLocalEditsMatchFullReplayAfterEveryAction() started.
◇ Test mixedPasteAtZeroKeepsOriginalSuffixOwnerWithoutAnIncidentalBlankHead() started.
◇ Test schemaConversionRejectsReservedUnknownFieldCollisionsWithoutMutation(key:) started.
◇ Test v4EmptySplitHeadPositionFollowsRetainedBoundaryAcrossPeerEditsUndoReopenAndRedo(list:actor:) started.
◇ Test cachedWritingOrderMatchesCanonicalIdentityOrder() started.
◇ Test sameChangeTextAnchorsCannotNamePlacementsOrAnotherField(version:) started.
◇ Test writingPrototypeCyclesAndIncompleteHistoriesFailExplicitly() started.
◇ Suite ModernClipboardTests started.
◇ Test writingPrototypeSplitRetainsConcurrentTypingFormattingAndAtomOrigins() started.
◇ Test spliceDuplicateDescriptorMustRemainMalformedWhenAuthorUndone(inactive:) started.
◇ Test writingPrototypeAtomicReferencesMoveWithoutReplacement() started.
◇ Test writingSessionEmptyTextExtensionsSurviveAuthoringAndUndo() started.
◇ Test externalNormalizationPreservesRichReferenceAndPeerUndo(version:) started.
◇ Test writingSessionStoppedAuthorReorderedUndoRedoRestoresWinningHistory() started.
◇ Test retainedPasteAtZeroUsesOriginalEndpointAndNoBlankPrefix(actor:) started.
◇ Test retainedPasteCannotRankFromGloballyKnownButUnobservedSourceAnchor() started.
◇ Test rejectedRepairsAndMalformedPayloadsLeaveThePendingUnionAndReceiptsIntact() started.
◇ Test mixedPasteRejectsPolicyAndOldEpochBeforeAnyAcceptedMutation() started.
◇ Test v4TextRepairCompletesRequiredUndoAndPreservesAdditionalPeerMetadata(actor:) started.
◇ Test schemaOverlappingMovedItemConversionOriginsNeverDependOnDictionaryOrder() started.
◇ Test schemaMalformedV4ObservedFrontierLeavesAcceptedSaveUnchanged(fault:) started.
◇ Test externalNormalizationResultPolicyArraysHaveDeterministicWireOrder() started.
◇ Test hierarchicalPasteForeignMovedImportRetainsPeerWorkThroughAuthorUndo(actor:acrossContainer:) started.
◇ Suite ModernSessionTests started.
◇ Test retainedPasteSupersededEndpointContainerDoesNotClaimOldSourceGroup(actor:) started.
◇ Test v4CausalSplitPinsEarlierDestinationAndJoinedPrefix(joinFirst:) started.
◇ Suite ModernInlineCommandsTests started.
◇ Suite ModernColumnTests started.
◇ Test schemaRetainedRoleAnchorsKeepMultiplePeerParagraphOrderAndWrapperRedo() started.
◇ Test writingSessionRecoveryRepairUndoPreservesRemoteCutAndFailureProposal() started.
◇ Test undoOfMissingEditRemainsValidUntilItsCausalTargetArrives(version:) started.
◇ Test crossPasteConcurrentBoundarySplitsPreserveCutOwners(actor:scenario:) started.
◇ Suite ModernAsyncBridgeTests started.
◇ Suite ModernStructureTests started.
◇ Suite ModernDuplicationTests started.
◇ Suite ModernBlockCommandsTests started.
◇ Suite ModernListRoleTests started.
◇ Suite ModernStructuralBridgeTests started.
◇ Test collectionInsertAfterMiddleExitKeepsRoleAnchorAcrossRemoteUndo() started.
◇ Test v4InsertionAfterReferenceNeighborRetainsAtomicPayloadAndMarks() started.
◇ Suite ModernProjectionTests started.
◇ Test textPositionsWaitForMissingCausalAnchorsAndRejectOtherDocuments() started.
◇ Test case passing 1 argument actor → "z" to retainedPasteSequentialReuseKeepsOneStepHistory(actor:) started.
◇ Test case passing 1 argument actor → "a" to retainedPasteSequentialReuseKeepsOneStepHistory(actor:) started.
◇ Test schemaRetainedPeerSupportsConversionShortcutAndMerge(command:) started.
◇ Test legacyStoppedAuthorReorderedUndoRedoKeepsWinningAvailability(version:) started.
◇ Test clipboardMarkdownDividerRoundTripsWithFreshIdentityAndPolicy() started.
◇ Test schemaMalformedRetainedRoleDoesNotChangeAcceptedSaveOrReachV3(fault:) started.
◇ Test externalNormalizationRejectsVersionDepthAndUnknownKindWithoutMutatingSource() started.
◇ Test sameTransactionCreationSeedsRemainValid(version:) started.
◇ Test sharedRecoveryBridgeFixture() started.
◇ Suite ModernBridgeTests started.
◇ Test recoveryTextEditsRetainUnicodeMarksAndAtomicReferences() started.
◇ Test collectionInsertAfterProjectedPeerRetainsRoleProofAndUndo(baseline:) started.
◇ Suite ModernSchemaConversionTests started.
◇ Test schemaConcurrentPartitionsThatExhaustAnOwnerRetainRecoveryAndEitherAuthorCanRepair(actor:repairOther:) started.
◇ Suite ModernDocumentTests started.
◇ Test simultaneousRepairsConvergeAndUndoKeepsTheOtherRepair() started.
◇ Suite ModernListStructureTests started.
◇ Test case passing 1 argument key → "style" to schemaConversionRejectsReservedUnknownFieldCollisionsWithoutMutation(key:) started.
◇ Test case passing 1 argument key → "items" to schemaConversionRejectsReservedUnknownFieldCollisionsWithoutMutation(key:) started.
◇ Suite ModernClipboardBridgeTests started.
◇ Test case passing 2 arguments seed → 1, kind → .tableCells to generatedRecoveryCollisionsRetainAllCollectionKinds(seed:kind:) started.
◇ Test case passing 2 arguments seed → 1, kind → .root to generatedRecoveryCollisionsRetainAllCollectionKinds(seed:kind:) started.
◇ Test case passing 2 arguments seed → 1, kind → .listItems to generatedRecoveryCollisionsRetainAllCollectionKinds(seed:kind:) started.
◇ Test case passing 2 arguments seed → 1, kind → .toggleChildren to generatedRecoveryCollisionsRetainAllCollectionKinds(seed:kind:) started.
◇ Test case passing 2 arguments seed → 1, kind → .tableRows to generatedRecoveryCollisionsRetainAllCollectionKinds(seed:kind:) started.
◇ Suite ModernAsyncCommandsTests started.
◇ Test exitRolesWithRankedAndFallbackOriginsKeepOneStableOrder() started.
◇ Test schemaUndoKeepsPeerSubtreeIdentityMarksReferencesAndOpaqueChildren() started.
◇ Test case passing 1 argument key → "code" to schemaConversionRejectsReservedUnknownFieldCollisionsWithoutMutation(key:) started.
◇ Test case passing 1 argument version → 1 to sameChangeTextAnchorsCannotNamePlacementsOrAnotherField(version:) started.
◇ Test writingSharedBridgeFixture(name:) started.
◇ Test case passing 2 arguments list → false, actor → "a" to v4EmptySplitHeadPositionFollowsRetainedBoundaryAcrossPeerEditsUndoReopenAndRedo(list:actor:) started.
◇ Test case passing 2 arguments seed → 7, kind → .root to generatedRecoveryCollisionsRetainAllCollectionKinds(seed:kind:) started.
◇ Test retainedPasteNewWireCannotBeSpoofedIntoFiveOrMissingCohortAdmitted() started.
◇ Test case passing 1 argument version → 2 to sameChangeTextAnchorsCannotNamePlacementsOrAnotherField(version:) started.
◇ Test blockConversionKeepsIdentityRichContentAndAuthorUndoAfterReopen() started.
◇ Test schemaListConversionKeepsRootIdentityRichAtomsMetadataAndRemoteUndo(style:) started.
◇ Test case passing 2 arguments list → false, actor → "z" to v4EmptySplitHeadPositionFollowsRetainedBoundaryAcrossPeerEditsUndoReopenAndRedo(list:actor:) started.
◇ Test case passing 2 arguments seed → 7, kind → .toggleChildren to generatedRecoveryCollisionsRetainAllCollectionKinds(seed:kind:) started.
◇ Test schemaConcurrentListConversionsKeepRecoverableUnionAndEitherAuthorCanRepair(reverseActors:repairFirst:) started.
◇ Test case passing 2 arguments seed → 7, kind → .listItems to generatedRecoveryCollisionsRetainAllCollectionKinds(seed:kind:) started.
◇ Test case passing 2 arguments list → true, actor → "a" to v4EmptySplitHeadPositionFollowsRetainedBoundaryAcrossPeerEditsUndoReopenAndRedo(list:actor:) started.
◇ Test case passing 1 argument inactive → false to spliceDuplicateDescriptorMustRemainMalformedWhenAuthorUndone(inactive:) started.
◇ Test case passing 1 argument inactive → true to spliceDuplicateDescriptorMustRemainMalformedWhenAuthorUndone(inactive:) started.
◇ Test case passing 2 arguments list → true, actor → "z" to v4EmptySplitHeadPositionFollowsRetainedBoundaryAcrossPeerEditsUndoReopenAndRedo(list:actor:) started.
◇ Test case passing 2 arguments seed → 7, kind → .tableRows to generatedRecoveryCollisionsRetainAllCollectionKinds(seed:kind:) started.
◇ Test clipboardPoliciesRejectUnsafeOrRestrictedImportsWithoutChangingHistory() started.
◇ Test case passing 1 argument version → 4 to externalNormalizationPreservesRichReferenceAndPeerUndo(version:) started.
◇ Test case passing 1 argument actor → "a" to retainedPasteAtZeroUsesOriginalEndpointAndNoBlankPrefix(actor:) started.
◇ Test markdownDialectAndUnknownProtocol() started.
◇ Test bridgeRoutesExplicitV5AndRejectsUnknownCreateAndRestoreVersions() started.
◇ Test case passing 1 argument version → 5 to externalNormalizationPreservesRichReferenceAndPeerUndo(version:) started.
◇ Test case passing 1 argument actor → "z" to retainedPasteAtZeroUsesOriginalEndpointAndNoBlankPrefix(actor:) started.
◇ Test writingSessionEmptyCodeHasNoSyntheticInlineRecord() started.
◇ Test crossPasteMetadataEndpointRejectsWithoutAcceptedMutation() started.
◇ Test case passing 2 arguments seed → 7, kind → .tableCells to generatedRecoveryCollisionsRetainAllCollectionKinds(seed:kind:) started.
◇ Test v4RetiredSplitHeadTraversesLongValidatedBirthChainWithoutRecursion() started.
◇ Test writingSessionReplacementAndSoftBreakAreAtomicAndCompositionGuarded() started.
◇ Test writingBatchRejectsOverlapAndCompositionWithoutMutation() started.
◇ Test schemaInlineConversionDoesNotOverwriteUnknownReservedMetadata(version:key:) started.
◇ Test schemaInactiveRoleRestoresExactItemAndSupportsLaterListCommands() started.
◇ Test schemaConvertedMergeDestinationPreservesTypeIdentityAndBothAuthorUndo(type:) started.
◇ Test retainedPasteOverlappingEndpointExportsAndEitherAuthorRepairs(actor:repairPeer:) started.
◇ Test case passing 2 arguments seed → 42, kind → .root to generatedRecoveryCollisionsRetainAllCollectionKinds(seed:kind:) started.
◇ Test case passing 1 argument actor → "a" to v4TextRepairCompletesRequiredUndoAndPreservesAdditionalPeerMetadata(actor:) started.
◇ Test hierarchicalPasteDeletesOnlyObservedIntermediateSubtrees(actor:) started.
◇ Test retainedPasteBaselineRoleRequiresObservedRetirement(actor:) started.
◇ Test schemaConcurrentFirstAndLastExitsConvergeAndKeepSourceOrdinal(actor:inserted:) started.
◇ Test writingBatchMixedDeletionPreservesRemoteTextAndReopenUndo() started.
◇ Test externalNormalizationDoesNotCommitOrReleaseComposition() started.
◇ Test case passing 1 argument actor → "z" to v4TextRepairCompletesRequiredUndoAndPreservesAdditionalPeerMetadata(actor:) started.
◇ Test writingSessionSplitFollowsRemoteTextMarksSelectionsAndOneUndo() started.
◇ Test case passing 1 argument fault → "absent" to schemaMalformedV4ObservedFrontierLeavesAcceptedSaveUnchanged(fault:) started.
◇ Test receiveHoldBoundsQueuedMessagesWithoutAcknowledgingThem() started.
◇ Test schemaEmptyExitRejectsVisibleAndRetainedRootLabelCollisionAtomically(retired:) started.
◇ Test case passing 2 arguments seed → 42, kind → .toggleChildren to generatedRecoveryCollisionsRetainAllCollectionKinds(seed:kind:) started.
◇ Test schemaV4CannotEnterV3SessionAndRestrictionsRemainAtomic() started.
◇ Test unicodeRangesAndRoundTrip() started.
◇ Test heldProtocolFailureDoesNotStopLaterNestedChangesOrAcknowledgeTheFailure() started.
◇ Test collectionTableConcurrentRowsCellsReorderRemoveAndReopenedUndo() started.
◇ Test knownUndoTargetsMustBeEdits(version:) started.
◇ Test markdownHeadingConsumesPrefixInOneUndoAndRespectsPolicyAndComposition() started.
◇ Test collectionToggleCreationUndoRedoRetainsRemoteDescendants() started.
◇ Test concurrentConversionAndParagraphSplitConvergeWithRemotePreservingUndo() started.
◇ Test case passing 2 arguments actor → "a", acrossContainer → false to hierarchicalPasteForeignMovedImportRetainsPeerWorkThroughAuthorUndo(actor:acrossContainer:) started.
◇ Test case passing 2 arguments seed → 42, kind → .listItems to generatedRecoveryCollisionsRetainAllCollectionKinds(seed:kind:) started.
◇ Test case passing 1 argument actor → "a" to retainedPasteSupersededEndpointContainerDoesNotClaimOldSourceGroup(actor:) started.
◇ Test v5SplicePreservesForeignMovedImportedContainerAndUnseenChildThroughAuthorUndoAndReopen() started.
◇ Test inactiveMovesStillRejectKnownAnchorsFromAnotherCollection(editedAnchor:) started.
◇ Test emptyNestedListItemOutdentsWithoutChangingIdentity() started.
◇ Test writingBatchDuplicateSkipsLabelsRetainedAcrossEpochReset() started.
◇ Test reservedSeedReferencesRejectAtomically(version:) started.
◇ Test schemaRoleDeltaBeforeDependenciesRetainsRecoveryAndReopens() started.
◇ Test case passing 1 argument actor → "z" to retainedPasteSupersededEndpointContainerDoesNotClaimOldSourceGroup(actor:) started.
◇ Test concurrentTypingAndAuthorUndo() started.
◇ Test inlineReconciliationKeepsFormattingOperationsSeparateFromText() started.
◇ Test case passing 2 arguments seed → 42, kind → .tableRows to generatedRecoveryCollisionsRetainAllCollectionKinds(seed:kind:) started.
◇ Test schemaFirstExitKeepsInsertedOwnerAndFollowingInsertedRootOrdinal() started.
◇ Test case passing 2 arguments actor → "a", acrossContainer → true to hierarchicalPasteForeignMovedImportRetainsPeerWorkThroughAuthorUndo(actor:acrossContainer:) started.
◇ Test schemaPeerListStyleSurvivesWrapperUndoAsMetadataAndRedoUsesPeerStyle() started.
◇ Test legacySeedNamespaceFollowsTheTextActuallyInitialized(initialized:) started.
◇ Test emptyLastRootItemExitsAndUndoRetainsConcurrentRemoteInput() started.
◇ Test sameChangeMovesCannotHideExistingContentInAnAnchorCycle(version:) started.
◇ Test duplicateAndReorderedDelivery() started.
◇ Test case passing 1 argument joinFirst → false to v4CausalSplitPinsEarlierDestinationAndJoinedPrefix(joinFirst:) started.
◇ Test sharedBridgeFixture() started.
◇ Test nestedReceiveHoldsPreserveCompositionAnchorsAndPreparationCallbacks() started.
◇ Test textPositionsFollowRemoteEditsDeletionUndoAndRestore() started.
◇ Test pasteBlocksSequentialSameBoundaryKeepsCapturedBeforeImportedGroup() started.
◇ Test retainedPasteEndpointRoleKeepsOpaqueIdentityThroughHistory(actor:) started.
◇ Test case passing 2 arguments seed → 42, kind → .tableCells to generatedRecoveryCollisionsRetainAllCollectionKinds(seed:kind:) started.
◇ Test case passing 2 arguments actor → "z", acrossContainer → false to hierarchicalPasteForeignMovedImportRetainsPeerWorkThroughAuthorUndo(actor:acrossContainer:) started.
◇ Test schemaSoleEmptyItemExitRetainsChildrenAndReorderedPeerChildEdits(existing:actor:) started.
◇ Test pasteBlocksPublicCommandRetainsWholeMetadataAndConcurrentCutGroups(actor:cut:) started.
◇ Test case passing 1 argument joinFirst → true to v4CausalSplitPinsEarlierDestinationAndJoinedPrefix(joinFirst:) started.
◇ Test v4RequiredUndoPersistsAndExplicitRedoRetainsEveryHistory(actor:) started.
◇ Test case passing 2 arguments seed → 255, kind → .root to generatedRecoveryCollisionsRetainAllCollectionKinds(seed:kind:) started.
◇ Test case passing 1 argument fault → "duplicateActor" to schemaMalformedV4ObservedFrontierLeavesAcceptedSaveUnchanged(fault:) started.
◇ Test schemaConversionAndOldParagraphSplitUseRetainedOriginWithAuthorUndo(type:reverseActors:) started.
◇ Test mixedPasteAdjacentInlineFieldsKeepTheirExplicitBreak(actor:emptyLeading:) started.
◇ Test generatedStructuralCollectionsOfflineEditsAndHistoryConverge(seed:kind:) started.
◇ Test concurrentMovesAndDeletesConverge() started.
◇ Test case passing 2 arguments actor → "z", acrossContainer → true to hierarchicalPasteForeignMovedImportRetainsPeerWorkThroughAuthorUndo(actor:acrossContainer:) started.
◇ Test case passing 1 argument fault → "unsorted" to schemaMalformedV4ObservedFrontierLeavesAcceptedSaveUnchanged(fault:) started.
◇ Test collectionNestedChecklistMovesPreserveReferencesCheckedAndScopedLabels() started.
◇ Test writingBatchCapturesBackwardRootAndNestedRanges() started.
◇ Test externalNormalizationRequiresExplicitSafeAssetMetadata() started.
◇ Test case passing 2 arguments seed → 255, kind → .toggleChildren to generatedRecoveryCollisionsRetainAllCollectionKinds(seed:kind:) started.
◇ Test retainedPasteConcurrentSplitsOrderRetainedEndpointGroup(actor:scenario:) started.
◇ Test case passing 1 argument fault → "future" to schemaMalformedV4ObservedFrontierLeavesAcceptedSaveUnchanged(fault:) started.
◇ Test writingSessionNestedSplitKeepsContainerIDsReferencesAndUndo() started.
◇ Test writingMathThresholdUnionAt10000PreservesBothAuthorsAndUndo(version:actor:) started.
◇ Test writingSessionNewLinksRejectUnsafeSchemesWithoutChangingLegacyBaseline() started.
◇ Test schemaProjectedPeerParagraphSupportsEnterMoveUndoAndReopen(baseline:) started.
◇ Test v4EmptySplitHeadPositionFollowsNestedRetiredBirthsWithoutChangingEndSentinels() started.
◇ Test case passing 1 argument fault → "zero" to schemaMalformedV4ObservedFrontierLeavesAcceptedSaveUnchanged(fault:) started.
◇ Test case passing 2 arguments seed → 255, kind → .listItems to generatedRecoveryCollisionsRetainAllCollectionKinds(seed:kind:) started.
◇ Test retainedPasteAfterOrdinarySourceMoveUsesLiveOrderNotRgaAfterAncestry(actor:) started.
◇ Test listContinuationKeepsMarksReferencesChildrenAndRemoteSuffix() started.
◇ Test schemaBaselineItemMoveUndoAndRedoKeepIdentityAndSubtree() started.
◇ Test hierarchicalPasteConcurrentImportsUseRetainedRankInSameChildCollection(actor:reversedDelivery:) started.
◇ Test independentTextAcceptanceRestoredAuthorUndoPreservesRemoteMarksAndReference(version:) started.
◇ Test v2StructuralReplayPreservesTheMigrationCorpus() started.
◇ Test retainedPasteDifferentLaterSourceKeepsEarlierImportedMember(actor:concurrentCut:) started.
◇ Test case passing 2 arguments seed → 255, kind → .tableRows to generatedRecoveryCollisionsRetainAllCollectionKinds(seed:kind:) started.
◇ Test depthLimitUnionCanBeRepairedWithoutChangingExistingIDsOrContent(levels:) started.
◇ Test v4ScalarMetadataIsAtomicAndCannotReplaceSchemaRichTextOrConversionAttributes() started.
◇ Test v4ObservedRichPrefixSelectionReplacementRetainsReferencesFormattingAndPeerUndo(list:actor:) started.
◇ Test retiredSplitHeadPositionPreservesV3AndRejectsUnrelatedDeletion() started.
◇ Test aMoveIntoAnUnanchoredCausalOwnerKeepsItsPreviousPlacement() started.
◇ Test generatedOfflineTextAndFormattingConverge(seed:) started.
◇ Test case passing 2 arguments seed → 255, kind → .tableCells to generatedRecoveryCollisionsRetainAllCollectionKinds(seed:kind:) started.
◇ Test writingSessionMergeKeepsEmptySourceRemoteInputAndRestoresOrigins() started.
◇ Test writingSessionUnicodeReferenceAndUnknownPayloadSurviveSplitReopen() started.
◇ Test invalidNestedOperationsRejectAtomicallyAndDoNotRewriteIDs() started.
◇ Test duplicateRecursivelyRespectsAuthoringPolicyWithoutChangingAcceptedHistory() started.
◇ Test impossiblePriorCreationPathsRejectAtomically(delivery:) started.
◇ Test nestedReceiveHoldsKeepReceiptsPendingAndDrainAfterInvalidBatch() started.
◇ Test allDeliveryPermutationsConverge() started.
◇ Test writingSessionReferenceInteriorSelectionFollowsSplitAndDeletion() started.
◇ Test receivePreparationCannotOverwriteReentrantLocalChanges() started.
◇ Test retainedPasteRichReferenceCannotFlattenThroughConcurrentCode(actor:) started.
◇ Test writingPrototypeBoundaryAffinityFollowsTheAdjacentContent() started.
◇ Test partialReferenceEditBecomesPlainText() started.
◇ Test v4RepairGuardsPreserveAcceptedAndPendingHistories() started.
◇ Test retainedPasteConcurrentHeadingPreservesEndpointSchemaAndUndo(actor:) started.
◇ Test v4SplitKeepsObservedInsertedPrefixAndPeerUndo(list:) started.
◇ Test knownCreationSeedsValidateWhileTheirParentIsMissing() started.
◇ Test v5SpliceOnExposedPeerParagraphPreservesRoleAcrossWrapperUndoAndReopen(wrapperActor:) started.
◇ Test concurrentFormattingPreservesRemoteInsertionAndIndependentMarks() started.
◇ Test writingSessionReentrantCompositionQueueRetainsNewPacketsDuringDrain() started.
◇ Test writingPrototypeMergeRetainsBothNamespacesAndRemoteTextThroughUndo() started.
◇ Test retainedPasteAcceptsObservedRoleSourceAndRejectsErasedRoleCohort(actor:) started.
◇ Test writingSessionObserverSeesFinalUndoAndRedoHistory() started.
◇ Test requiredContentRepairAdmitsFailedAuthorUndoWithoutDroppingRemoteMetadata() started.
◇ Test sharedStructureBridgeFixture() started.
◇ Test hierarchicalPasteBoundaryAncestorKeepsChildrenAndForeignDescendants(actor:) started.
◇ Test crossPasteMixedRetainsWholeImportsAndObservedSuffixOneUndo(actor:reversed:) started.
◇ Test externalNormalizationDoesNotRelaxLiveHostPolicy() started.
◇ Test documentMigrationCorpusRetainsEveryFieldAndRejectsInvalidKnownShapes() started.
◇ Test hierarchicalPasteNestedImportsAndParentEnterKeepIndependentCollections(actor:reversedDelivery:) started.
◇ Test undoInsertionPreservesRemoteContentAndConcurrentDescendantsSurviveDelete() started.
◇ Test v4InlineEnterPreservesSourceAttributesRichSuffixAndAuthorUndo(type:) started.
◇ Test recoveryAccumulatesReorderedAdditionalEditsWithoutAcknowledgingThem() started.
◇ Test preservesUnknownFieldsAndNestedContent() started.
◇ Test writingSessionUndoEmptySplitRetainsIndependentRemoteParagraph() started.
◇ Test case passing 1 argument version → 1 to undoOfMissingEditRemainsValidUntilItsCausalTargetArrives(version:) started.
◇ Test independentTextAcceptanceUndoDoesNotResurrectAnotherAuthorsDeletion(version:) started.
◇ Test protocolCutoverPreservesDocumentAndRejectsMixedVersionsAtomically() started.
◇ Test concurrentJoinedSourceConversionRetainsUnionForAuthorReconciliation(reverseActors:repairMerge:) started.
◇ Test formattingAndStructureRedoPreserveUnrelatedRemoteChanges() started.
◇ Test codeUsesCharacterMergingToo() started.
◇ Test case passing 1 argument version → 2 to undoOfMissingEditRemainsValidUntilItsCausalTargetArrives(version:) started.
◇ Test writingSessionConcurrentSameCutRetainsBothBreaksAndUndo() started.
◇ Test v4PendingReceiveBlocksHistoryEvenWhenNeitherStackHasAnEntry() started.
◇ Test writingSessionConcurrentDifferentCutsPreserveSegmentOrder(swap:) started.
◇ Test schemaConversionAndOldOriginEditConvergeUnderReversedActorAndDeliveryOrder(converter:) started.
◇ Test observerSeesCommittedHistory() started.
◇ Test writingPrototypeEmptyMergedFieldKeepsItsVirtualBoundaryAcrossUndo() started.
◇ Test retainedPasteKeepsBothOpaqueOwnersAndOneAuthorUndo(actor:reversed:) started.
◇ Test writingSessionCausalGapRecoveryPersistsSeparatelyAndReplaysOnRejoin() started.
◇ Test actual32MBUnionRetainsRejectedHistoryAndPeerMetadata(version:excess:) started.
◇ Test writingSessionRejectsOldEpochProtocolAndMalformedBirthWithoutAcknowledging() started.
◇ Test pasteSpliceRejectsDuplicateOwnershipEvenWhenAuthorUndoRetainsMalformedEdit(inactive:) started.
◇ Test case passing 2 arguments actor → "a", scenario → "source-before" to crossPasteConcurrentBoundarySplitsPreserveCutOwners(actor:scenario:) started.
◇ Test sameChangePlacementCyclesAreRejectedWithoutAcknowledgmentOrContentLoss() started.
◇ Test externalUnknownWholeNodeFallbackKeepsRecognizedVisibleFieldsOnly() started.
◇ Test schemaCodeShortcutAndEncodingRoundTripRetainIdentityAndBothOrigins() started.
◇ Test schemaConcurrentUnobservedPeerAndRetirementCanRetainRole(undoActor:) started.
◇ Test authoringRestrictionsDoNotDestroySavedBlocks() started.
◇ Test writingSessionCutoverPreservesDocumentIDRequiresReconciliationAndArchivesUndo() started.
◇ Test clipboardCollectionFreshensOnlySchemaIDsAndUndoesOnceWithRemoteChildren() started.
◇ Test case passing 2 arguments actor → "a", scenario → "source-after" to crossPasteConcurrentBoundarySplitsPreserveCutOwners(actor:scenario:) started.
◇ Test retainedPasteCannotClaimGloballyKnownButUnobservedEndpointAtom() started.
◇ Test writingSessionRepairReconcilesRetainedOwnUndoBeforeSaveRestore() started.
◇ Test case passing 2 arguments actor → "a", scenario → "endpoint-before" to crossPasteConcurrentBoundarySplitsPreserveCutOwners(actor:scenario:) started.
◇ Test ordinarySplitBeforeFirstImportedMemberMustPrecedeWholeExistingGroup() started.
◇ Test retainedPasteLaterEndpointMoveStaysAuthoritativeThroughOwnUndo(actor:acrossContainer:) started.
◇ Test schemaOrdinaryConversionCannotBeSpoofedIntoV3BatchOrRestore() started.
◇ Test invalidBatchIsAtomic() started.
◇ Test v3NewBlockCommandsLeaveAcceptedStateUntouched() started.
◇ Test schemaSoleEmptyListExitKeepsRootIdentityAndRemoteReopenedUndo() started.
◇ Test invalidKnownShapesAreRejectedWithoutChangingTheDocument() started.
◇ Test nestedListIndentOutdentAndTableCollectionsUseSharedCommands() started.
◇ Test case passing 2 arguments actor → "a", scenario → "endpoint-after" to crossPasteConcurrentBoundarySplitsPreserveCutOwners(actor:scenario:) started.
◇ Test multiMovePreservesCapturedOrderCaretAndPeerTextAsOneUndo() started.
◇ Test schemaRetirementBeforePeerBirthCannotForgeExposure() started.
◇ Test writingBatchRetainedRangeFollowsRemoteSplitAndPreservesItOnUndo() started.
◇ Test readOnlyBodyFallbackUsesTitleAndCoveredRangesDoNotDuplicateDeletion() started.
◇ Test staleSelectionScopeForgedBoundaryWrongOrderAndForeignCaretRejectAtomically() started.
◇ Test schemaRetiredListStyleStillRejectsMalformedWireAttribute() started.
◇ Test capturedRootBoundarySurvivesAnchorMoveAndDeletionWithoutRetargeting() started.
◇ Test writingSessionCompositionDefersReceiptsCapturesSelectionAndReleasesOnce() started.
◇ Test case passing 2 arguments actor → "z", scenario → "source-before" to crossPasteConcurrentBoundarySplitsPreserveCutOwners(actor:scenario:) started.
◇ Test insertChoosesFirstEditableNestedFieldOrWholeNodeAndUndoesOnce() started.
◇ Test ancestorOverlapMetadataAndDeletedColumnDestinationReject() started.
◇ Test authoredRichBlockMarksUseTextPolicyWithoutReinterpretingOpaqueMetadata() started.
◇ Test recoveryRepairPreservesBothAuthorsAndSurvivesRestartAndRemoteUndo() started.
◇ Test v5RequiredUndoExportsRestartsAndRepairsWithoutLosingPeerMetadata() started.
◇ Test deleteReturnsFollowingThenPrecedingTextOrEmptyInsertionWithoutPlaceholder() started.
◇ Test v4ConcurrentTextRepairsRetainBothAuthorsAndRecoverAfterBothUndos(actor:) started.
◇ Test case passing 2 arguments actor → "z", scenario → "source-after" to crossPasteConcurrentBoundarySplitsPreserveCutOwners(actor:scenario:) started.
◇ Test mixedDeletePreservesLaterPeerAtomsAndIndependentTextWithOneUndo() started.
◇ Test emptyHeadTraversesMultipleRetiredSplitsButExplicitDeletionDoesNotRetarget() started.
◇ Test emptySplitHeadReturnsToExactRetainedBoundaryOnUndoIncludingPeerPrefixAndReopen() started.
◇ Test concurrentCutsPartitionSuffixInTextOrderAndEachAuthorUndoRetainsOtherCut() started.
◇ Test externalNormalizationFallbackKeepsVisibleNestedOrderAndAllowedRichNodes() started.
◇ Test bridgeReportsErrorsAndReleasesSessions() started.
◇ Test retainedSuffixCaretAndPeerReplacementFollowSplitUndoRedoAndReopen() started.
◇ Test case passing 2 arguments actor → "z", scenario → "endpoint-before" to crossPasteConcurrentBoundarySplitsPreserveCutOwners(actor:scenario:) started.
◇ Test incompatibleMergePolicyTitleAndForgedCutProofRejectWithoutHistoryChanges() started.
◇ Test crossPasteInlineUsesOneAuthorJoinAndPreservesPeerAtoms(actor:reversed:) started.
◇ Test crossPastePreservesUnseenIntermediateChildAndBoundaryText(actor:) started.
◇ Test structuralPasteAtFieldStartMustRetainCompleteFirstNodeAndAvoidIncidentalBlankPrefix() started.
◇ Test nestedEmptyChecklistEnterOutdentsAndRetainsHistory() started.
◇ Test schemaConversionUndoProjectsPeerItemWithSameIdentityAndSuffix() started.
◇ Test joinedSourceInputUsesCapturedAtomsAndRejectsUnrelatedFieldAnchor() started.
◇ Test case passing 2 arguments actor → "z", scenario → "endpoint-after" to crossPasteConcurrentBoundarySplitsPreserveCutOwners(actor:scenario:) started.
◇ Test mergeRetainsRightPeerAtomsAndAnchorsAcrossUndoReopen() started.
◇ Test splitKeepsHeadingSourceMetadataRichReferencesAndAtomicBoundaries() started.
◇ Test writingSessionSequentialCutsKeepObservedSiblingOrder(offset:) started.
◇ Test nestedChecklistSplitRetainsParentChildrenAndResetsNewItemCheckedState() started.
◇ Test capturedCaretRebasesThroughObservedPeerCutBeforeSecondSplit() started.
◇ Test writingBatchCrossCollectionRangeKeepsBoundaryAncestorsAndUnselectedChildren() started.
◇ Test splitAfterColumnRemovalAndUndoKeepsLogicalOriginRoutes() started.
◇ Test concurrentColumnCutsRemainReachableAfterFlatteningUndoAndRejoin() started.
◇ Test writingSessionDeletionCannotCollapseDifferentCutRanks(swap:) started.
◇ Test collectionCreationRejectsInvalidScopePolicyCompositionAndLegacyAtomically() started.
◇ Test v4ConcurrentCutPreservesUnobservedInsertedPrefixInEarlierTail(actor:) started.
◇ Test writingBatchRetainedFieldEndFollowsRemoteSuffix(range:) started.
◇ Test schemaRoleCohortExcludesUnobservedConcurrentRedo(redoActor:) started.
◇ Test writingMathThresholdUnionAt10001RetainsProposalAndRepairsWithoutLosingPeerAtoms(version:actor:) started.
◇ Test hierarchicalPasteSingleInlineKeepsBothOpaqueBoundaries(actor:) started.
◇ Test schemaInactiveConversionAllowsEitherAuthorToRepairPriorSortedMetadataConflict(repairConversion:) started.
◇ Test seedAnchorsPreserveUnicodeReferencesAndTombstones(version:) started.
◇ Test siblingInsertionConflictDoesNotAcknowledgeOrPersistRemoteChanges() started.
◇ Test case passing 1 argument version → 1 to legacyStoppedAuthorReorderedUndoRedoKeepsWinningAvailability(version:) started.
◇ Test case passing 1 argument version → 2 to legacyStoppedAuthorReorderedUndoRedoKeepsWinningAvailability(version:) started.
◇ Test case passing 1 argument command → "heading" to schemaRetainedPeerSupportsConversionShortcutAndMerge(command:) started.
◇ Test case passing 1 argument fault → "retirement" to schemaMalformedRetainedRoleDoesNotChangeAcceptedSaveOrReachV3(fault:) started.
◇ Test case passing 1 argument command → "code" to schemaRetainedPeerSupportsConversionShortcutAndMerge(command:) started.
◇ Test case passing 1 argument fault → "owner" to schemaMalformedRetainedRoleDoesNotChangeAcceptedSaveOrReachV3(fault:) started.
◇ Test concurrentCyclesAndCollidingMovesFallBackWithoutChangingIDs() started.
◇ Test case passing 1 argument command → "list" to schemaRetainedPeerSupportsConversionShortcutAndMerge(command:) started.
◇ Test case passing 1 argument fault → "anchor" to schemaMalformedRetainedRoleDoesNotChangeAcceptedSaveOrReachV3(fault:) started.
◇ Test undoKeepsRemoteDescendants() started.
◇ Test case passing 1 argument command → "shortcut" to schemaRetainedPeerSupportsConversionShortcutAndMerge(command:) started.
◇ Test case passing 1 argument version → 1 to sameTransactionCreationSeedsRemainValid(version:) started.
◇ Test case passing 1 argument command → "mergeLeft" to schemaRetainedPeerSupportsConversionShortcutAndMerge(command:) started.
◇ Test case passing 1 argument version → 2 to sameTransactionCreationSeedsRemainValid(version:) started.
◇ Test case passing 1 argument command → "mergeRight" to schemaRetainedPeerSupportsConversionShortcutAndMerge(command:) started.
◇ Test schemaEmptyNestedOutdentKeepsChildrenAndUndo() started.
◇ Test mixedPasteConcurrentCutsOrderCompleteGroupsAndFollowBoundaryPrefix(actor:cut:) started.
◇ Test mixedPasteAbsorbsOnlyExplicitInlineBoundariesAndFreshensWholeSchemaNodes(actor:) started.
◇ Test mixedPasteZeroReplacementRetainsSuffixOriginWithConcurrentSplit(actor:upper:) started.
◇ Test retainedPasteCannotRankFromUnobservedSourcePinEvenWithBaselineEdge() started.
◇ Test concurrentFormattingAndDeletion() started.
◇ Test schemaConvertedMergeSourceRetainsUnionForEitherAuthorRepair(type:repairConversion:) started.
◇ Test localHistorySurvivesRestartWithoutRevertingRemoteWork() started.
◇ Test v5InheritsV4ObservedUnicodeAuthorUndoAndRestart() started.
◇ Test nestedPositionsRespectAtomicReferencesAndDoNotChangeSavedState() started.
◇ Test pasteBlocksAtZeroPreservesOriginalSuffixIdentityAndOpaqueBoundaryMetadata() started.
◇ Test case passing 1 argument baseline → false to collectionInsertAfterProjectedPeerRetainsRoleProofAndUndo(baseline:) started.
◇ Test pasteSpliceRejectsUnobservedSameEditOuterNeighborWhenActiveOrUndone(inactive:) started.
◇ Test oversizedDocumentAndCapacityErrorsKeepEveryUnappliedChangeRecoverable() started.
◇ Test pasteBlocksRejectsUnsupportedPolicyCompositionAndOldEpochWithoutAcceptedMutation() started.
◇ Test case passing 1 argument baseline → true to collectionInsertAfterProjectedPeerRetainsRoleProofAndUndo(baseline:) started.
◇ Test schemaEmptyRootItemExitPreservesBothIdentitiesAndRemoteHistory(index:actor:) started.
◇ Test hierarchicalPasteKeepsOriginalCollectionsAndWholeImportedMetadata(actor:reversed:) started.
◇ Test dependentPlacementChainsPreserveExistingContentUntilTheirAnchorArrives(nested:) started.
◇ Test writingBatchMoveKeepsNestedOriginsAndRemoteAuthorWork() started.
◇ Test case passing 2 arguments actor → "a", repairOther → false to schemaConcurrentPartitionsThatExhaustAnOwnerRetainRecoveryAndEitherAuthorCanRepair(actor:repairOther:) started.
◇ Test clipboardPlainTextNormalizesLineEndingsInOneUndoAction() started.
◇ Test case passing 2 arguments actor → "a", repairOther → true to schemaConcurrentPartitionsThatExhaustAnOwnerRetainRecoveryAndEitherAuthorCanRepair(actor:repairOther:) started.
◇ Test schemaListTextSemanticsCannotBeSpoofedIntoV3BatchOrRestore(exit:) started.
◇ Test retainedPasteInsideObservedInsertedToggleKeepsNestedInitialProofs(actor:) started.
◇ Test v4SequentialInsertionKeepsObservedRunOrderAndPeerUndo(list:actor:) started.
◇ Test case passing 2 arguments actor → "z", repairOther → false to schemaConcurrentPartitionsThatExhaustAnOwnerRetainRecoveryAndEitherAuthorCanRepair(actor:repairOther:) started.
◇ Test v4SoftBreakAfterInsertedRunSurvivesTransferredAndJoinedHistory(splitFirst:) started.
◇ Test retainedPasteDoesNotUpgradeOrAdmitMixedEpochs() started.
◇ Test schemaMalformedRoleAnchorAndHiddenFirstItemRejectAtomically(fault:) started.
◇ Test hierarchicalPasteOldEpochAndIncompatibleKindRejectAtomically() started.
◇ Test impossibleSameChangeNodePathsAndInitialAnchorsRejectAtomically(deferredParent:) started.
◇ Test case passing 2 arguments actor → "z", repairOther → true to schemaConcurrentPartitionsThatExhaustAnOwnerRetainRecoveryAndEitherAuthorCanRepair(actor:repairOther:) started.
◇ Test reusedChildIDsRemainIndependentlyEditable() started.
◇ Test nestedMovesRetainScopedIdentityTextMarksReferencesAndSelections() started.
◇ Test v4ConcurrentCutsKeepEachObservedPrefixPartition(actor:) started.
◇ Test v4ScalarMetadataPreservesOpaqueCompositeValuesAndRejectsActiveComposition() started.
◇ Test rootCountLimitUnionRepairsIntoAnExistingContainerWithoutDroppingBlocks() started.
◇ Test pasteSpliceExplicitGroupKeepsConcurrentCutsInBoundaryOrder(pasteActor:pasteCut:) started.
◇ Test externalNormalizationFreshensSchemaLabelsWithoutChangingOpaqueReferenceData() started.
◇ Test retainedPasteCanReuseObservedOrdinarySplitTail(actor:) started.
◇ Test writingDepthBoundaryKeepsOriginsAndPeerAtomsThroughExplicitRecovery(version:scenario:) started.
◇ Test insertedDescendantInitialPlacementsAndCausalReorderingRemainValid() started.
◇ Test v5RejectsMixedVersionsAndUnknownVersionsWithoutAdmission() started.
◇ Test concurrentDestinationConversionAndParagraphMergePreserveIdentityAndAuthorUndo() started.
◇ Test schemaOverlappingOwnerRepairRoutesBothHistoricalHeadsAndOriginalAtomOrigin(actor:repairOther:) started.
✔ Test schemaConversionRejectsReservedUnknownFieldCollisionsWithoutMutation(key:) with 3 test cases passed after 0.453 seconds.
◇ Test knownPriorElementsMustHaveTheReferencedKindAndField() started.
◇ Test writingBatchDuplicateCopiesRichDescendantsWithFreshOrigins() started.
◇ Test clipboardRichPastePreservesReferencePayloadAndPeerUndoAcrossReopen() started.
◇ Test undoNodeInsertionRemovesItsTextButRetainsRemoteAtoms() started.
◇ Test sequentialSpliceBeforeFirstImportedMemberMustPrecedeWholeEarlierGroup() started.
◇ Test createdListDescendantsRetainOpaqueTypeMetadata(metadataType:) started.
◇ Test copiedFilesAndPreviewsRemainInertAndRequireExplicitSafeMetadataPermission() started.
◇ Test writingSessionConcurrentMergeSplitFollowsBoundary(swap:side:) started.
◇ Test readOnlyCopyWorksUnderCompositionAndAuthoringPolicyButTitleCannotMixWithBody() started.
◇ Test receivePreparationOnlyRunsForValidatedStateChanges() started.
◇ Test wholeSubtreeCopySuppressesRedundantPartialRangesAndTracksCurrentMaterialization() started.
◇ Test modernItemRowCellPayloadsValidateSemanticMarksWithoutLegacyAdmission() started.
✔ Test sameChangeTextAnchorsCannotNamePlacementsOrAnotherField(version:) with 2 test cases passed after 0.457 seconds.
◇ Test versionUnknownFieldsDuplicateKeysFallbackMismatchAndNestedLayoutReject() started.
◇ Test case passing 1 argument name → "writing" to writingSharedBridgeFixture(name:) started.
◇ Test case passing 1 argument name → "blockCommands" to writingSharedBridgeFixture(name:) started.
◇ Test case passing 1 argument name → "schemaCommands" to writingSharedBridgeFixture(name:) started.
◇ Test case passing 1 argument name → "roleCommands" to writingSharedBridgeFixture(name:) started.
◇ Test case passing 1 argument name → "collectionCommands" to writingSharedBridgeFixture(name:) started.
◇ Test case passing 1 argument name → "exitCommands" to writingSharedBridgeFixture(name:) started.
◇ Test case passing 1 argument name → "pinCommands" to writingSharedBridgeFixture(name:) started.
◇ Test case passing 1 argument name → "boundaryCommands" to writingSharedBridgeFixture(name:) started.
◇ Test case passing 1 argument name → "undoRecoveryCommands" to writingSharedBridgeFixture(name:) started.
◇ Test case passing 1 argument name → "clipboardCommands" to writingSharedBridgeFixture(name:) started.
◇ Test case passing 1 argument name → "spliceCommands" to writingSharedBridgeFixture(name:) started.
◇ Test case passing 1 argument name → "thresholdCommands" to writingSharedBridgeFixture(name:) started.
◇ Test case passing 1 argument name → "depthCommands" to writingSharedBridgeFixture(name:) started.
◇ Test case passing 1 argument name → "importCommands" to writingSharedBridgeFixture(name:) started.
◇ Test case passing 1 argument name → "paste6Commands" to writingSharedBridgeFixture(name:) started.
◇ Test hiddenToggleAndTwoColumnsCopyAllContentSplitAndOpaqueMetadataInLogicalOrder() started.
◇ Test sameFieldPeerInsertionDoesNotInventAParagraphBreakInCapturedCopy() started.
◇ Test modernMarksReferencesAndOpaqueNodeDataRemainExactWithSeparatePastePolicy() started.
✔ Test writingPrototypeCyclesAndIncompleteHistoriesFailExplicitly() passed after 1.039 seconds.
✔ Test mixedPasteAtZeroKeepsOriginalSuffixOwnerWithoutAnIncidentalBlankHead() passed after 1.039 seconds.
◇ Test mixedWholeAndBackwardPartialCopyHasLiteralOrderAndLeavesHistoryFocusUntouched() started.
✔ Test writingPrototypeSplitRetainsConcurrentTypingFormattingAndAtomOrigins() passed after 1.135 seconds.
◇ Test malformedNodeKindsDepthAndFutureScopeRejectWithoutHistoryMutation() started.
◇ Test capturedAtomsFollowPeerSplitsWhileUnobservedPeerTextAndOverlappingRangesDoNotDuplicate() started.
◇ Test case passing 1 argument style → "ordered" to schemaListConversionKeepsRootIdentityRichAtomsMetadataAndRemoteUndo(style:) started.
◇ Test case passing 1 argument style → "unordered" to schemaListConversionKeepsRootIdentityRichAtomsMetadataAndRemoteUndo(style:) started.
◇ Test case passing 1 argument style → "todo" to schemaListConversionKeepsRootIdentityRichAtomsMetadataAndRemoteUndo(style:) started.
✔ Test schemaRichCodeRejectionAndRemoteRichUnionPreserveAcceptedState() passed after 1.184 seconds.
✔ Test clipboardMixedCopyUsesVisibleOrderAfterRemoteMove() passed after 1.184 seconds.
◇ Test case passing 2 arguments reverseActors → false, repairFirst → false to schemaConcurrentListConversionsKeepRecoverableUnionAndEitherAuthorCanRepair(reverseActors:repairFirst:) started.
◇ Test case passing 2 arguments reverseActors → false, repairFirst → true to schemaConcurrentListConversionsKeepRecoverableUnionAndEitherAuthorCanRepair(reverseActors:repairFirst:) started.
◇ Test case passing 2 arguments reverseActors → true, repairFirst → false to schemaConcurrentListConversionsKeepRecoverableUnionAndEitherAuthorCanRepair(reverseActors:repairFirst:) started.
◇ Test case passing 2 arguments reverseActors → true, repairFirst → true to schemaConcurrentListConversionsKeepRecoverableUnionAndEitherAuthorCanRepair(reverseActors:repairFirst:) started.
✔ Test v4EmptySplitHeadPositionFollowsRetainedBoundaryAcrossPeerEditsUndoReopenAndRedo(list:actor:) with 4 test cases passed after 1.232 seconds.
✔ Test generatedRecoveryCollisionsRetainAllCollectionKinds(seed:kind:) with 20 test cases passed after 1.232 seconds.
✔ Test writingSessionEmptyTextExtensionsSurviveAuthoringAndUndo() passed after 1.232 seconds.
✔ Test writingPrototypeAtomicReferencesMoveWithoutReplacement() passed after 1.232 seconds.
✔ Test spliceDuplicateDescriptorMustRemainMalformedWhenAuthorUndone(inactive:) with 2 test cases passed after 1.232 seconds.
✔ Test writingSessionStoppedAuthorReorderedUndoRedoRestoresWinningHistory() passed after 1.240 seconds.
✔ Test mixedPasteRejectsPolicyAndOldEpochBeforeAnyAcceptedMutation() passed after 1.240 seconds.
✔ Test rejectedRepairsAndMalformedPayloadsLeaveThePendingUnionAndReceiptsIntact() passed after 1.247 seconds.
◇ Test case passing 2 arguments version → 3, key → "level" to schemaInlineConversionDoesNotOverwriteUnknownReservedMetadata(version:key:) started.
◇ Test case passing 2 arguments version → 3, key → "variant" to schemaInlineConversionDoesNotOverwriteUnknownReservedMetadata(version:key:) started.
◇ Test case passing 2 arguments version → 4, key → "level" to schemaInlineConversionDoesNotOverwriteUnknownReservedMetadata(version:key:) started.
◇ Test case passing 2 arguments version → 4, key → "variant" to schemaInlineConversionDoesNotOverwriteUnknownReservedMetadata(version:key:) started.
◇ Test case passing 1 argument type → "list" to schemaConvertedMergeDestinationPreservesTypeIdentityAndBothAuthorUndo(type:) started.
◇ Test case passing 1 argument type → "code" to schemaConvertedMergeDestinationPreservesTypeIdentityAndBothAuthorUndo(type:) started.
✔ Test retainedPasteCannotRankFromGloballyKnownButUnobservedSourceAnchor() passed after 1.293 seconds.
◇ Test case passing 2 arguments actor → "a", repairPeer → false to retainedPasteOverlappingEndpointExportsAndEitherAuthorRepairs(actor:repairPeer:) started.
◇ Test case passing 2 arguments actor → "a", repairPeer → true to retainedPasteOverlappingEndpointExportsAndEitherAuthorRepairs(actor:repairPeer:) started.
◇ Test case passing 2 arguments actor → "z", repairPeer → false to retainedPasteOverlappingEndpointExportsAndEitherAuthorRepairs(actor:repairPeer:) started.
◇ Test case passing 2 arguments actor → "z", repairPeer → true to retainedPasteOverlappingEndpointExportsAndEitherAuthorRepairs(actor:repairPeer:) started.
✔ Test externalNormalizationPreservesRichReferenceAndPeerUndo(version:) with 2 test cases passed after 1.866 seconds.
◇ Test case passing 1 argument actor → "a" to hierarchicalPasteDeletesOnlyObservedIntermediateSubtrees(actor:) started.
◇ Test case passing 1 argument actor → "z" to hierarchicalPasteDeletesOnlyObservedIntermediateSubtrees(actor:) started.
◇ Test case passing 1 argument actor → "a" to retainedPasteBaselineRoleRequiresObservedRetirement(actor:) started.
◇ Test case passing 1 argument actor → "z" to retainedPasteBaselineRoleRequiresObservedRetirement(actor:) started.
◇ Test case passing 2 arguments actor → "a", inserted → false to schemaConcurrentFirstAndLastExitsConvergeAndKeepSourceOrdinal(actor:inserted:) started.
◇ Test case passing 2 arguments actor → "a", inserted → true to schemaConcurrentFirstAndLastExitsConvergeAndKeepSourceOrdinal(actor:inserted:) started.
◇ Test case passing 2 arguments actor → "z", inserted → false to schemaConcurrentFirstAndLastExitsConvergeAndKeepSourceOrdinal(actor:inserted:) started.
◇ Test case passing 2 arguments actor → "z", inserted → true to schemaConcurrentFirstAndLastExitsConvergeAndKeepSourceOrdinal(actor:inserted:) started.
✔ Test externalNormalizationResultPolicyArraysHaveDeterministicWireOrder() passed after 2.109 seconds.
✔ Test schemaOverlappingMovedItemConversionOriginsNeverDependOnDictionaryOrder() passed after 2.111 seconds.
◇ Test case passing 1 argument retired → false to schemaEmptyExitRejectsVisibleAndRetainedRootLabelCollisionAtomically(retired:) started.
◇ Test case passing 1 argument retired → true to schemaEmptyExitRejectsVisibleAndRetainedRootLabelCollisionAtomically(retired:) started.
◇ Test typingGroupUndoRetainsPeerAtomsAndHistoryOrderAcrossReopen() started.
◇ Test callbacksObserveFinalHistoryAndCannotReenterPublication() started.
◇ Test packetCountRawBytesAndHeldBytesUseIndependentLimitsWithoutReceipt() started.
◇ Test malformedOperationWithMissingDependencyRejectsInsteadOfCreatingRecovery() started.
◇ Test unobservedReferencesDuplicateBirthsCrossFieldRoutesAndForeignUndoReject() started.
◇ Test independentAppearanceRegistersAndSameFieldWinsConvergeAcrossOrder(_:) started.
◇ Test case passing 1 argument version → 1 to knownUndoTargetsMustBeEdits(version:) started.
◇ Test case passing 1 argument version → 2 to knownUndoTargetsMustBeEdits(version:) started.
◇ Test schemaUnionRecoveryRetainsBothAuthorsAndRepairDisablesOnlyOwnEdit() started.
◇ Test independentTitleAppearanceFixturesPassSharedSessionPeerUndoRedoAndReopen() started.
◇ Test compositionHoldPreservesLocalDraftBoundaryQueuesNoReceiptAndReleasesOnce() started.
✔ Test cachedWritingOrderMatchesCanonicalIdentityOrder() passed after 2.140 seconds.
◇ Test bodyFieldsInsideColumnsRemainDistinctAndLiteralAtomsRejectRichMarks() started.
✔ Test retainedPasteAtZeroUsesOriginalEndpointAndNoBlankPrefix(actor:) with 2 test cases passed after 2.140 seconds.
◇ Test invalidDeferredPacketRemainsExportableAndQueueLimitDoesNotAcknowledge() started.
◇ Test case passing 1 argument editedAnchor → false to inactiveMovesStillRejectKnownAnchorsFromAnotherCollection(editedAnchor:) started.
◇ Test case passing 1 argument editedAnchor → true to inactiveMovesStillRejectKnownAnchorsFromAnotherCollection(editedAnchor:) started.
◇ Test mismatchedScopeUnsupportedFormatDuplicateKeysAndLossyNumbersRejectUnchanged() started.
◇ Test malformedPlainTitleAndInactiveTransactionsNeverAcknowledge(_:) started.
◇ Test noopsAndFailedCommandsPreserveAcceptedHistoryAndCompositionEndsTypingGroup() started.
◇ Test missingCausalPacketIsSeparatelyRecoverableWithoutReceiptThenAcceptsUnion() started.
◇ Test anchoredBackwardRangeRetainsUnobservedPeerTextAndUnicodeCaret() started.
◇ Test unknownWireFieldsAndMalformedSavedHistoryRejectRatherThanDisappear() started.
◇ Test case passing 1 argument version → 1 to reservedSeedReferencesRejectAtomically(version:) started.
◇ Test case passing 1 argument version → 2 to reservedSeedReferencesRejectAtomically(version:) started.
✔ Test schemaMalformedV4ObservedFrontierLeavesAcceptedSaveUnchanged(fault:) with 5 test cases passed after 2.192 seconds.
◇ Test case passing 1 argument initialized → false to legacySeedNamespaceFollowsTheTextActuallyInitialized(initialized:) started.
◇ Test case passing 1 argument initialized → true to legacySeedNamespaceFollowsTheTextActuallyInitialized(initialized:) started.
◇ Test case passing 1 argument version → 1 to sameChangeMovesCannotHideExistingContentInAnAnchorCycle(version:) started.
◇ Test case passing 1 argument version → 2 to sameChangeMovesCannotHideExistingContentInAnAnchorCycle(version:) started.
◇ Test inlineRolesAndLinksKeepWholeAtomicReferencesAndInheritedListDefaults() started.
◇ Test case passing 1 argument actor → "a" to retainedPasteEndpointRoleKeepsOpaqueIdentityThroughHistory(actor:) started.
◇ Test case passing 1 argument actor → "z" to retainedPasteEndpointRoleKeepsOpaqueIdentityThroughHistory(actor:) started.
◇ Test case passing 2 arguments existing → false, actor → "a" to schemaSoleEmptyItemExitRetainsChildrenAndReorderedPeerChildEdits(existing:actor:) started.
◇ Test case passing 2 arguments existing → false, actor → "z" to schemaSoleEmptyItemExitRetainsChildrenAndReorderedPeerChildEdits(existing:actor:) started.
◇ Test case passing 2 arguments existing → true, actor → "a" to schemaSoleEmptyItemExitRetainsChildrenAndReorderedPeerChildEdits(existing:actor:) started.
◇ Test case passing 2 arguments existing → true, actor → "z" to schemaSoleEmptyItemExitRetainsChildrenAndReorderedPeerChildEdits(existing:actor:) started.
◇ Test case passing 2 arguments actor → "a", cut → 1 to pasteBlocksPublicCommandRetainsWholeMetadataAndConcurrentCutGroups(actor:cut:) started.
◇ Test case passing 2 arguments actor → "a", cut → 2 to pasteBlocksPublicCommandRetainsWholeMetadataAndConcurrentCutGroups(actor:cut:) started.
◇ Test case passing 2 arguments actor → "z", cut → 1 to pasteBlocksPublicCommandRetainsWholeMetadataAndConcurrentCutGroups(actor:cut:) started.
◇ Test case passing 2 arguments actor → "z", cut → 2 to pasteBlocksPublicCommandRetainsWholeMetadataAndConcurrentCutGroups(actor:cut:) started.
◇ Test concurrentDeletionKeepsDefaultsForRestorationWithoutResurrectingContent() started.
✔ Test retainedPasteSequentialReuseKeepsOneStepHistory(actor:) with 2 test cases passed after 2.307 seconds.
◇ Test case passing 1 argument actor → "a" to v4RequiredUndoPersistsAndExplicitRedoRetainsEveryHistory(actor:) started.
◇ Test case passing 1 argument actor → "z" to v4RequiredUndoPersistsAndExplicitRedoRetainsEveryHistory(actor:) started.
◇ Test blockDefaultsFollowScopedMovementAndSchemaConversionWithoutCopyingText() started.
◇ Test multiBlockDefaultsPreservePeerTextOpaqueDataCaretAndOneUndoReopen() started.
◇ Test localCompositionAndCommandPoliciesPreserveRemoteDefaultsAndLinkHistory() started.
◇ Test invalidLinksNeverMutateStateOrStripExistingMarks(href:) started.
◇ Test case passing 2 arguments type → "list", reverseActors → false to schemaConversionAndOldParagraphSplitUseRetainedOriginWithAuthorUndo(type:reverseActors:) started.
◇ Test case passing 2 arguments type → "list", reverseActors → true to schemaConversionAndOldParagraphSplitUseRetainedOriginWithAuthorUndo(type:reverseActors:) started.
◇ Test case passing 2 arguments type → "code", reverseActors → false to schemaConversionAndOldParagraphSplitUseRetainedOriginWithAuthorUndo(type:reverseActors:) started.
◇ Test case passing 2 arguments type → "code", reverseActors → true to schemaConversionAndOldParagraphSplitUseRetainedOriginWithAuthorUndo(type:reverseActors:) started.
◇ Test case passing 2 arguments actor → "a", emptyLeading → false to mixedPasteAdjacentInlineFieldsKeepTheirExplicitBreak(actor:emptyLeading:) started.
◇ Test case passing 2 arguments actor → "a", emptyLeading → true to mixedPasteAdjacentInlineFieldsKeepTheirExplicitBreak(actor:emptyLeading:) started.
◇ Test case passing 2 arguments actor → "z", emptyLeading → false to mixedPasteAdjacentInlineFieldsKeepTheirExplicitBreak(actor:emptyLeading:) started.
◇ Test case passing 2 arguments actor → "z", emptyLeading → true to mixedPasteAdjacentInlineFieldsKeepTheirExplicitBreak(actor:emptyLeading:) started.
◇ Test case passing 2 arguments seed → 1, kind → .root to generatedStructuralCollectionsOfflineEditsAndHistoryConverge(seed:kind:) started.
◇ Test case passing 2 arguments seed → 1, kind → .toggleChildren to generatedStructuralCollectionsOfflineEditsAndHistoryConverge(seed:kind:) started.
◇ Test case passing 2 arguments seed → 1, kind → .listItems to generatedStructuralCollectionsOfflineEditsAndHistoryConverge(seed:kind:) started.
◇ Test case passing 2 arguments seed → 1, kind → .tableRows to generatedStructuralCollectionsOfflineEditsAndHistoryConverge(seed:kind:) started.
◇ Test case passing 2 arguments seed → 1, kind → .tableCells to generatedStructuralCollectionsOfflineEditsAndHistoryConverge(seed:kind:) started.
◇ Test case passing 2 arguments seed → 7, kind → .root to generatedStructuralCollectionsOfflineEditsAndHistoryConverge(seed:kind:) started.
◇ Test case passing 2 arguments seed → 7, kind → .toggleChildren to generatedStructuralCollectionsOfflineEditsAndHistoryConverge(seed:kind:) started.
◇ Test case passing 2 arguments seed → 7, kind → .listItems to generatedStructuralCollectionsOfflineEditsAndHistoryConverge(seed:kind:) started.
◇ Test case passing 2 arguments seed → 7, kind → .tableRows to generatedStructuralCollectionsOfflineEditsAndHistoryConverge(seed:kind:) started.
◇ Test case passing 2 arguments seed → 7, kind → .tableCells to generatedStructuralCollectionsOfflineEditsAndHistoryConverge(seed:kind:) started.
◇ Test case passing 2 arguments seed → 42, kind → .root to generatedStructuralCollectionsOfflineEditsAndHistoryConverge(seed:kind:) started.
◇ Test case passing 2 arguments seed → 42, kind → .toggleChildren to generatedStructuralCollectionsOfflineEditsAndHistoryConverge(seed:kind:) started.
◇ Test case passing 2 arguments seed → 42, kind → .listItems to generatedStructuralCollectionsOfflineEditsAndHistoryConverge(seed:kind:) started.
◇ Test case passing 2 arguments seed → 42, kind → .tableRows to generatedStructuralCollectionsOfflineEditsAndHistoryConverge(seed:kind:) started.
◇ Test case passing 2 arguments seed → 42, kind → .tableCells to generatedStructuralCollectionsOfflineEditsAndHistoryConverge(seed:kind:) started.
◇ Test case passing 2 arguments seed → 255, kind → .root to generatedStructuralCollectionsOfflineEditsAndHistoryConverge(seed:kind:) started.
◇ Test case passing 2 arguments seed → 255, kind → .toggleChildren to generatedStructuralCollectionsOfflineEditsAndHistoryConverge(seed:kind:) started.
◇ Test case passing 2 arguments seed → 255, kind → .listItems to generatedStructuralCollectionsOfflineEditsAndHistoryConverge(seed:kind:) started.
◇ Test case passing 2 arguments seed → 255, kind → .tableRows to generatedStructuralCollectionsOfflineEditsAndHistoryConverge(seed:kind:) started.
◇ Test case passing 2 arguments seed → 255, kind → .tableCells to generatedStructuralCollectionsOfflineEditsAndHistoryConverge(seed:kind:) started.
◇ Test case passing 2 arguments seed → 65537, kind → .root to generatedStructuralCollectionsOfflineEditsAndHistoryConverge(seed:kind:) started.
◇ Test case passing 2 arguments seed → 65537, kind → .toggleChildren to generatedStructuralCollectionsOfflineEditsAndHistoryConverge(seed:kind:) started.
◇ Test case passing 2 arguments seed → 65537, kind → .listItems to generatedStructuralCollectionsOfflineEditsAndHistoryConverge(seed:kind:) started.
◇ Test case passing 2 arguments seed → 65537, kind → .tableRows to generatedStructuralCollectionsOfflineEditsAndHistoryConverge(seed:kind:) started.
◇ Test case passing 2 arguments seed → 65537, kind → .tableCells to generatedStructuralCollectionsOfflineEditsAndHistoryConverge(seed:kind:) started.
◇ Test case passing 2 arguments seed → 20260930, kind → .root to generatedStructuralCollectionsOfflineEditsAndHistoryConverge(seed:kind:) started.
◇ Test case passing 2 arguments seed → 20260930, kind → .toggleChildren to generatedStructuralCollectionsOfflineEditsAndHistoryConverge(seed:kind:) started.
◇ Test case passing 2 arguments seed → 20260930, kind → .listItems to generatedStructuralCollectionsOfflineEditsAndHistoryConverge(seed:kind:) started.
◇ Test case passing 2 arguments seed → 20260930, kind → .tableRows to generatedStructuralCollectionsOfflineEditsAndHistoryConverge(seed:kind:) started.
◇ Test case passing 2 arguments seed → 20260930, kind → .tableCells to generatedStructuralCollectionsOfflineEditsAndHistoryConverge(seed:kind:) started.
◇ Test case passing 2 arguments seed → 999983, kind → .root to generatedStructuralCollectionsOfflineEditsAndHistoryConverge(seed:kind:) started.
◇ Test case passing 2 arguments seed → 999983, kind → .toggleChildren to generatedStructuralCollectionsOfflineEditsAndHistoryConverge(seed:kind:) started.
◇ Test case passing 2 arguments seed → 999983, kind → .listItems to generatedStructuralCollectionsOfflineEditsAndHistoryConverge(seed:kind:) started.
◇ Test case passing 2 arguments seed → 999983, kind → .tableRows to generatedStructuralCollectionsOfflineEditsAndHistoryConverge(seed:kind:) started.
◇ Test case passing 2 arguments seed → 999983, kind → .tableCells to generatedStructuralCollectionsOfflineEditsAndHistoryConverge(seed:kind:) started.
◇ Test case passing 2 arguments seed → 4294967295, kind → .root to generatedStructuralCollectionsOfflineEditsAndHistoryConverge(seed:kind:) started.
◇ Test case passing 2 arguments seed → 4294967295, kind → .toggleChildren to generatedStructuralCollectionsOfflineEditsAndHistoryConverge(seed:kind:) started.
◇ Test case passing 2 arguments seed → 4294967295, kind → .listItems to generatedStructuralCollectionsOfflineEditsAndHistoryConverge(seed:kind:) started.
◇ Test case passing 2 arguments seed → 4294967295, kind → .tableRows to generatedStructuralCollectionsOfflineEditsAndHistoryConverge(seed:kind:) started.
◇ Test case passing 2 arguments seed → 4294967295, kind → .tableCells to generatedStructuralCollectionsOfflineEditsAndHistoryConverge(seed:kind:) started.
◇ Test insertedDefaultIncrementalPacketRecoversAfterItsValidBirthArrives() started.
◇ Test invalidLabelsLiteralFieldsAndStaleLinkCapturesRejectUnchanged() started.
◇ Test resetsRemoveOnlyOverridesAndMixedStateIncludesInheritedDefaults() started.
◇ Test rangeLinksPreserveCapturedAtomsPeerTextBackwardSelectionAndUndoReopen() started.
◇ Test invalidSemanticTargetsAndRolesRejectAtomically(fault:) started.
◇ Test explicitLabelInsertionUsesCapturedCaretInheritedMarksAndOneAuthorStep() started.
✔ Test v4CausalSplitPinsEarlierDestinationAndJoinedPrefix(joinFirst:) with 2 test cases passed after 53.479 seconds.
◇ Test sameDefaultRegisterConvergesAndAuthorUndoRevealsPeerRole() started.
◇ Test defaultOnExposedPeerParagraphSurvivesOriginalListCreationRedoAndOwnUndo() started.
◇ Test case passing 2 arguments actor → "a", scenario → "source-before" to retainedPasteConcurrentSplitsOrderRetainedEndpointGroup(actor:scenario:) started.
◇ Test case passing 2 arguments actor → "a", scenario → "source-after" to retainedPasteConcurrentSplitsOrderRetainedEndpointGroup(actor:scenario:) started.
◇ Test case passing 2 arguments actor → "a", scenario → "endpoint-before" to retainedPasteConcurrentSplitsOrderRetainedEndpointGroup(actor:scenario:) started.
◇ Test case passing 2 arguments actor → "a", scenario → "endpoint-after" to retainedPasteConcurrentSplitsOrderRetainedEndpointGroup(actor:scenario:) started.
◇ Test case passing 2 arguments actor → "z", scenario → "source-before" to retainedPasteConcurrentSplitsOrderRetainedEndpointGroup(actor:scenario:) started.
◇ Test case passing 2 arguments actor → "z", scenario → "source-after" to retainedPasteConcurrentSplitsOrderRetainedEndpointGroup(actor:scenario:) started.
◇ Test case passing 2 arguments actor → "z", scenario → "endpoint-before" to retainedPasteConcurrentSplitsOrderRetainedEndpointGroup(actor:scenario:) started.
◇ Test case passing 2 arguments actor → "z", scenario → "endpoint-after" to retainedPasteConcurrentSplitsOrderRetainedEndpointGroup(actor:scenario:) started.
◇ Test resizePacketBeforeLayoutBirthRetainsRecoveryThenConvergesWithoutPromotingReceipt() started.
◇ Test case passing 2 arguments version → 4, actor → "a" to writingMathThresholdUnionAt10000PreservesBothAuthorsAndUndo(version:actor:) started.
◇ Test case passing 2 arguments version → 4, actor → "z" to writingMathThresholdUnionAt10000PreservesBothAuthorsAndUndo(version:actor:) started.
◇ Test case passing 2 arguments version → 5, actor → "a" to writingMathThresholdUnionAt10000PreservesBothAuthorsAndUndo(version:actor:) started.
◇ Test case passing 2 arguments version → 5, actor → "z" to writingMathThresholdUnionAt10000PreservesBothAuthorsAndUndo(version:actor:) started.
◇ Test capturedBackwardTextInkAndPeerFillKeepPeerInsertionsOutsideFormatting() started.
◇ Test malformedSemanticPacketsRejectEvenInactiveWithoutReceiptOrRecovery(fault:) started.
◇ Test case passing 1 argument baseline → false to schemaProjectedPeerParagraphSupportsEnterMoveUndoAndReopen(baseline:) started.
◇ Test case passing 1 argument baseline → true to schemaProjectedPeerParagraphSupportsEnterMoveUndoAndReopen(baseline:) started.
◇ Test removalUndoKeepsInsertionsAnchoredAfterPreviouslyFlattenedChildOutsideLayout() started.
◇ Test semanticCaretAndAlreadyMatchingMarksDoNotCreateHistory() started.
✔ Test retainedPasteSupersededEndpointContainerDoesNotClaimOldSourceGroup(actor:) with 2 test cases passed after 58.023 seconds.
◇ Test invalidNestedAndNoncontiguousCreationAndSplitDoNotChangeSavedHistory() started.
◇ Test case passing 1 argument actor → "a" to retainedPasteAfterOrdinarySourceMoveUsesLiveOrderNotRgaAfterAncestry(actor:) started.
◇ Test case passing 1 argument actor → "z" to retainedPasteAfterOrdinarySourceMoveUsesLiveOrderNotRgaAfterAncestry(actor:) started.
◇ Test checkedBridgeReportsSemanticStateLinkResultsPolicyAndUnchangedInvalidArguments() started.
◇ Test removalDoesNotOverrideIndependentPeerMoveAndConcurrentRemovalsNeverDuplicate() started.
◇ Test emptyRemovalReturnsUsableInsertionBoundaryAtFormerLayoutPosition() started.
◇ Test capturedMarksAndStateFollowAllActualFieldsAfterPeerSplitAndReopen() started.
◇ Test case passing 2 arguments actor → "a", reversedDelivery → false to hierarchicalPasteConcurrentImportsUseRetainedRankInSameChildCollection(actor:reversedDelivery:) started.
◇ Test case passing 2 arguments actor → "a", reversedDelivery → true to hierarchicalPasteConcurrentImportsUseRetainedRankInSameChildCollection(actor:reversedDelivery:) started.
◇ Test case passing 2 arguments actor → "z", reversedDelivery → false to hierarchicalPasteConcurrentImportsUseRetainedRankInSameChildCollection(actor:reversedDelivery:) started.
◇ Test case passing 2 arguments actor → "z", reversedDelivery → true to hierarchicalPasteConcurrentImportsUseRetainedRankInSameChildCollection(actor:reversedDelivery:) started.
◇ Test case passing 1 argument version → 1 to independentTextAcceptanceRestoredAuthorUndoPreservesRemoteMarksAndReference(version:) started.
◇ Test case passing 1 argument version → 2 to independentTextAcceptanceRestoredAuthorUndoPreservesRemoteMarksAndReference(version:) started.
◇ Test removalMatchesFlattenedFixtureRestoresSplitAndCaretAndRoutesLatePeerPackets() started.
◇ Test case passing 2 arguments actor → "a", concurrentCut → false to retainedPasteDifferentLaterSourceKeepsEarlierImportedMember(actor:concurrentCut:) started.
◇ Test case passing 2 arguments actor → "a", concurrentCut → true to retainedPasteDifferentLaterSourceKeepsEarlierImportedMember(actor:concurrentCut:) started.
◇ Test case passing 2 arguments actor → "z", concurrentCut → false to retainedPasteDifferentLaterSourceKeepsEarlierImportedMember(actor:concurrentCut:) started.
◇ Test case passing 2 arguments actor → "z", concurrentCut → true to retainedPasteDifferentLaterSourceKeepsEarlierImportedMember(actor:concurrentCut:) started.
◇ Test creationUndoFlattensPeerChildrenAfterRestoredSelectionAndRetainsHistoricalAnchors() started.
◇ Test case passing 1 argument levels → 17 to depthLimitUnionCanBeRepairedWithoutChangingExistingIDsOrContent(levels:) started.
◇ Test case passing 1 argument levels → 20 to depthLimitUnionCanBeRepairedWithoutChangingExistingIDsOrContent(levels:) started.
◇ Test case passing 1 argument levels → 24 to depthLimitUnionCanBeRepairedWithoutChangingExistingIDsOrContent(levels:) started.
◇ Test case passing 2 arguments list → false, actor → "a" to v4ObservedRichPrefixSelectionReplacementRetainsReferencesFormattingAndPeerUndo(list:actor:) started.
◇ Test case passing 2 arguments list → false, actor → "z" to v4ObservedRichPrefixSelectionReplacementRetainsReferencesFormattingAndPeerUndo(list:actor:) started.
◇ Test case passing 2 arguments list → true, actor → "a" to v4ObservedRichPrefixSelectionReplacementRetainsReferencesFormattingAndPeerUndo(list:actor:) started.
◇ Test case passing 2 arguments list → true, actor → "z" to v4ObservedRichPrefixSelectionReplacementRetainsReferencesFormattingAndPeerUndo(list:actor:) started.
◇ Test conflictingFlattenedLabelsRetainUnionUntilAuthorRepairInsteadOfLosingPeerChild() started.
◇ Test case passing 1 argument seed → 1 to generatedOfflineTextAndFormattingConverge(seed:) started.
◇ Test case passing 1 argument seed → 7 to generatedOfflineTextAndFormattingConverge(seed:) started.
◇ Test case passing 1 argument seed → 42 to generatedOfflineTextAndFormattingConverge(seed:) started.
◇ Test case passing 1 argument seed → 255 to generatedOfflineTextAndFormattingConverge(seed:) started.
◇ Test case passing 1 argument seed → 65537 to generatedOfflineTextAndFormattingConverge(seed:) started.
◇ Test case passing 1 argument seed → 20260930 to generatedOfflineTextAndFormattingConverge(seed:) started.
◇ Test case passing 1 argument seed → 999983 to generatedOfflineTextAndFormattingConverge(seed:) started.
◇ Test case passing 1 argument seed → 4294967295 to generatedOfflineTextAndFormattingConverge(seed:) started.
◇ Test malformedInactiveColumnOperationAndCausallyRemovedTargetsReject() started.
◇ Test emptyCreationHasNoPlaceholderAndAllowsOutsideLayoutNestedBoundaries() started.
◇ Test case passing 1 argument delivery → 0 to impossiblePriorCreationPathsRejectAtomically(delivery:) started.
◇ Test case passing 1 argument delivery → 1 to impossiblePriorCreationPathsRejectAtomically(delivery:) started.
◇ Test case passing 1 argument delivery → 2 to impossiblePriorCreationPathsRejectAtomically(delivery:) started.
◇ Test creationMatchesIndependentFixtureAndKeepsCaretOriginsOneUndoAndReopen() started.
◇ Test synchronizedResizeLWWAuthorUndoReopenAndNoopMatchIndependentSnapshots() started.
◇ Test modernColumnRoutesRejectAtEveryLegacyProtocolWithoutReceiptOrSaveChanges() started.
◇ Test case passing 1 argument actor → "a" to retainedPasteRichReferenceCannotFlattenThroughConcurrentCode(actor:) started.
◇ Test case passing 1 argument actor → "z" to retainedPasteRichReferenceCannotFlattenThroughConcurrentCode(actor:) started.
◇ Test case passing 1 argument actor → "a" to retainedPasteConcurrentHeadingPreservesEndpointSchemaAndUndo(actor:) started.
◇ Test case passing 1 argument actor → "z" to retainedPasteConcurrentHeadingPreservesEndpointSchemaAndUndo(actor:) started.
◇ Test case passing 1 argument list → false to v4SplitKeepsObservedInsertedPrefixAndPeerUndo(list:) started.
◇ Test case passing 1 argument list → true to v4SplitKeepsObservedInsertedPrefixAndPeerUndo(list:) started.
◇ Test case passing 1 argument wrapperActor → "a" to v5SpliceOnExposedPeerParagraphPreservesRoleAcrossWrapperUndoAndReopen(wrapperActor:) started.
◇ Test case passing 1 argument wrapperActor → "z" to v5SpliceOnExposedPeerParagraphPreservesRoleAcrossWrapperUndoAndReopen(wrapperActor:) started.
◇ Test case passing 1 argument actor → "a" to retainedPasteAcceptsObservedRoleSourceAndRejectsErasedRoleCohort(actor:) started.
◇ Test case passing 1 argument actor → "z" to retainedPasteAcceptsObservedRoleSourceAndRejectsErasedRoleCohort(actor:) started.
◇ Test case passing 1 argument actor → "a" to hierarchicalPasteBoundaryAncestorKeepsChildrenAndForeignDescendants(actor:) started.
◇ Test case passing 1 argument actor → "z" to hierarchicalPasteBoundaryAncestorKeepsChildrenAndForeignDescendants(actor:) started.
◇ Test case passing 2 arguments actor → "a", reversed → false to crossPasteMixedRetainsWholeImportsAndObservedSuffixOneUndo(actor:reversed:) started.
◇ Test case passing 2 arguments actor → "a", reversed → true to crossPasteMixedRetainsWholeImportsAndObservedSuffixOneUndo(actor:reversed:) started.
◇ Test case passing 2 arguments actor → "z", reversed → false to crossPasteMixedRetainsWholeImportsAndObservedSuffixOneUndo(actor:reversed:) started.
◇ Test case passing 2 arguments actor → "z", reversed → true to crossPasteMixedRetainsWholeImportsAndObservedSuffixOneUndo(actor:reversed:) started.
◇ Test case passing 2 arguments actor → "a", reversedDelivery → false to hierarchicalPasteNestedImportsAndParentEnterKeepIndependentCollections(actor:reversedDelivery:) started.
◇ Test case passing 2 arguments actor → "a", reversedDelivery → true to hierarchicalPasteNestedImportsAndParentEnterKeepIndependentCollections(actor:reversedDelivery:) started.
◇ Test case passing 2 arguments actor → "z", reversedDelivery → false to hierarchicalPasteNestedImportsAndParentEnterKeepIndependentCollections(actor:reversedDelivery:) started.
◇ Test case passing 2 arguments actor → "z", reversedDelivery → true to hierarchicalPasteNestedImportsAndParentEnterKeepIndependentCollections(actor:reversedDelivery:) started.
◇ Test case passing 1 argument type → "heading" to v4InlineEnterPreservesSourceAttributesRichSuffixAndAuthorUndo(type:) started.
◇ Test case passing 1 argument type → "quote" to v4InlineEnterPreservesSourceAttributesRichSuffixAndAuthorUndo(type:) started.
◇ Test case passing 1 argument type → "callout" to v4InlineEnterPreservesSourceAttributesRichSuffixAndAuthorUndo(type:) started.
✔ Test writingSessionRecoveryRepairUndoPreservesRemoteCutAndFailureProposal() passed after 65.239 seconds.
◇ Test case passing 1 argument version → 1 to independentTextAcceptanceUndoDoesNotResurrectAnotherAuthorsDeletion(version:) started.
◇ Test case passing 1 argument version → 2 to independentTextAcceptanceUndoDoesNotResurrectAnotherAuthorsDeletion(version:) started.
◇ Test case passing 2 arguments reverseActors → false, repairMerge → false to concurrentJoinedSourceConversionRetainsUnionForAuthorReconciliation(reverseActors:repairMerge:) started.
◇ Test case passing 2 arguments reverseActors → false, repairMerge → true to concurrentJoinedSourceConversionRetainsUnionForAuthorReconciliation(reverseActors:repairMerge:) started.
◇ Test case passing 2 arguments reverseActors → true, repairMerge → false to concurrentJoinedSourceConversionRetainsUnionForAuthorReconciliation(reverseActors:repairMerge:) started.
◇ Test case passing 2 arguments reverseActors → true, repairMerge → true to concurrentJoinedSourceConversionRetainsUnionForAuthorReconciliation(reverseActors:repairMerge:) started.
✔ Test v4TextRepairCompletesRequiredUndoAndPreservesAdditionalPeerMetadata(actor:) with 2 test cases passed after 65.274 seconds.
◇ Test case passing 1 argument swap → false to writingSessionConcurrentDifferentCutsPreserveSegmentOrder(swap:) started.
◇ Test case passing 1 argument swap → true to writingSessionConcurrentDifferentCutsPreserveSegmentOrder(swap:) started.
◇ Test case passing 1 argument converter → "a" to schemaConversionAndOldOriginEditConvergeUnderReversedActorAndDeliveryOrder(converter:) started.
◇ Test case passing 1 argument converter → "z" to schemaConversionAndOldOriginEditConvergeUnderReversedActorAndDeliveryOrder(converter:) started.
◇ Test policyCompositionCancelFailureAndReopenPreserveProviderRecordsWithoutAutomaticCompletion() started.
◇ Test case passing 2 arguments actor → "a", reversed → false to retainedPasteKeepsBothOpaqueOwnersAndOneAuthorUndo(actor:reversed:) started.
◇ Test case passing 2 arguments actor → "a", reversed → true to retainedPasteKeepsBothOpaqueOwnersAndOneAuthorUndo(actor:reversed:) started.
◇ Test case passing 2 arguments actor → "z", reversed → false to retainedPasteKeepsBothOpaqueOwnersAndOneAuthorUndo(actor:reversed:) started.
◇ Test case passing 2 arguments actor → "z", reversed → true to retainedPasteKeepsBothOpaqueOwnersAndOneAuthorUndo(actor:reversed:) started.
◇ Test checkedCompletionReturnsNoFocusAndRequestStateIsSeparateFromAcceptedSave() started.
◇ Test case passing 2 arguments version → 4, excess → 0 to actual32MBUnionRetainsRejectedHistoryAndPeerMetadata(version:excess:) started.
◇ Test case passing 1 argument inactive → false to pasteSpliceRejectsDuplicateOwnershipEvenWhenAuthorUndoRetainsMalformedEdit(inactive:) started.
◇ Test case passing 1 argument inactive → true to pasteSpliceRejectsDuplicateOwnershipEvenWhenAuthorUndoRetainsMalformedEdit(inactive:) started.
◇ Test forgedStructuralAndUnobservedInsertedTextPacketsNeverAcknowledge() started.
◇ Test independentInsertionsAndMovesConvergeInEitherReceiveOrder() started.
◇ Test acceptedACC15SwitchRetainsResultWithoutReplacementMutationOrOriginAcknowledgment() started.
◇ Test incrementalInsertedFieldPacketBeforeBirthRetainsRecoveryThenConverges() started.
◇ Test case passing 1 argument undoActor → "a" to schemaConcurrentUnobservedPeerAndRetirementCanRetainRole(undoActor:) started.
◇ Test case passing 1 argument undoActor → "z" to schemaConcurrentUnobservedPeerAndRetirementCanRetainRole(undoActor:) started.
◇ Test columnMovesKeepScopedOriginsCaretPeerTextAndOneAuthorUndo() started.
◇ Test concurrentScopedLabelConflictRetainsUnionAndAuthorRepairKeepsPeerBirth() started.
◇ Test duplicateFromPeerSplitCopiesOnlyCurrentVisibleContentNotBirthPayload() started.
◇ Test opaqueBlockIsCopiedVerbatimWithItsOnlyKnownSchemaIDFreshened() started.
◇ Test deletionRetainsPeerHistoryAndStaleTargetsCannotHitReusedLabels() started.
◇ Test insertedBodyFieldsShareTitleHistoryPeerUndoAndReopen() started.
◇ Test insertionUndoWithoutPeerWorkHidesBirthButDoesNotReuseOrigin() started.
◇ Test semanticInsertionsAndObservedSubtreeDeletionRetainNestedOriginsThroughUndo() started.
◇ Test invalidStructuralCommandsAreAtomicAndPolicyDoesNotStripPeerContent() started.
✔ Test undoOfMissingEditRemainsValidUntilItsCausalTargetArrives(version:) with 2 test cases passed after 65.494 seconds.
◇ Test case passing 2 arguments actor → "a", acrossContainer → false to retainedPasteLaterEndpointMoveStaysAuthoritativeThroughOwnUndo(actor:acrossContainer:) started.
◇ Test case passing 2 arguments actor → "a", acrossContainer → true to retainedPasteLaterEndpointMoveStaysAuthoritativeThroughOwnUndo(actor:acrossContainer:) started.
◇ Test case passing 2 arguments actor → "z", acrossContainer → false to retainedPasteLaterEndpointMoveStaysAuthoritativeThroughOwnUndo(actor:acrossContainer:) started.
◇ Test case passing 2 arguments actor → "z", acrossContainer → true to retainedPasteLaterEndpointMoveStaysAuthoritativeThroughOwnUndo(actor:acrossContainer:) started.
◇ Test copiedExposedPeerParagraphAndFollowingAnchorSurviveOriginalListRedo() started.
◇ Test deletedSourceAndOwnerReusedLabelsScopeAndPolicyRejectUnchanged() started.
◇ Test forgedCopyPayloadAndInvisibleMalformedPacketsRejectAtomically() started.
◇ Test unchangedConversionAndLossyOrInvalidTargetsDoNotChangeSavedHistory() started.
◇ Test activeExitWhosePeerRestoresColumnsRetainsRecoveryAndAuthorCanRepair() started.
◇ Test distinctCommandPolicyCompositionAndTitleRejectWithoutMutatingHistory() started.
◇ Test conversionPreservesRichReferenceOpaqueFieldsAndCaretInsideAtomicLabel() started.
◇ Test codeBornCaretCanSplitAfterParagraphConversion() started.
◇ Test columnDestinationAdmitsOrdinaryCopiesAndRejectsNestedLayoutOrDeletedOwner() started.
◇ Test malformedInactiveConversionRejectsBeforeMissingCausalRecovery() started.
◇ Test sameContentConversionMatchesIndependentConcurrentSuffixFixturesThroughUndoReopenAndDuplicatePackets() started.
◇ Test listStyleConversionKeepsNestedChecklistOriginsStateAndFieldCaret() started.
◇ Test retainedPeerParagraphSupportsModernCommandsAndReopenedHistory(command:) started.
◇ Test concurrentHeadingRegisterUndoRevealsPeerValueInsteadOfOverwritingIt() started.
◇ Test nestedListsTablesColumnsFreshenOnlySchemaIDsAndRetainLiteralRichAndOpaqueFields() started.
◇ Test softBreakMatchesIndependentFixtureAndSharesOneUndoWithPeerSafeCapturedReplacement() started.
◇ Test nestedEmptyOutdentRetainsMetadataDescendantsCapturedCaretAndUndo() started.
◇ Test case passing 1 argument actor → "a" to v4ConcurrentTextRepairsRetainBothAuthorsAndRecoverAfterBothUndos(actor:) started.
◇ Test case passing 1 argument actor → "z" to v4ConcurrentTextRepairsRetainBothAuthorsAndRecoverAfterBothUndos(actor:) started.
◇ Test capturedOrderSurvivesPeerMovesAndHistoricalDeletedBoundaryRemainsUsable() started.
◇ Test emptyRootExitKeepsOwnerItemChildrenPeerTextAndReopenedUndo(index:actor:) started.
◇ Test acceptedDuplicateLiteralSelectsCopyAndFocusesItsFirstInputOneStep() started.
◇ Test admissionCopiesObservedTextButLaterOriginalPeerEditsAndUndoRemainIndependent() started.
◇ Test copiedChildPeersRemainRecoverableAcrossAuthorUndoRedoAndReopen() started.
◇ Test malformedTargetsAndPoliciesCompositionAndScopeLeaveStateUnchanged() started.
◇ Test case passing 2 arguments actor → "a", reversed → false to crossPasteInlineUsesOneAuthorJoinAndPreservesPeerAtoms(actor:reversed:) started.
◇ Test case passing 2 arguments actor → "a", reversed → true to crossPasteInlineUsesOneAuthorJoinAndPreservesPeerAtoms(actor:reversed:) started.
◇ Test case passing 2 arguments actor → "z", reversed → false to crossPasteInlineUsesOneAuthorJoinAndPreservesPeerAtoms(actor:reversed:) started.
◇ Test case passing 2 arguments actor → "z", reversed → true to crossPasteInlineUsesOneAuthorJoinAndPreservesPeerAtoms(actor:reversed:) started.
◇ Test case passing 1 argument actor → "a" to crossPastePreservesUnseenIntermediateChildAndBoundaryText(actor:) started.
◇ Test case passing 1 argument actor → "z" to crossPastePreservesUnseenIntermediateChildAndBoundaryText(actor:) started.
◇ Test independentNestedMoveFixtureKeepsSelectionOriginAndSingleUndoReopen() started.
◇ Test checkedInsertFocusAndWholeBodyDeleteInsertionTargetAreUsableAndAtomic() started.
✔ Test schemaRetainedRoleAnchorsKeepMultiplePeerParagraphOrderAndWrapperRedo() passed after 66.327 seconds.
◇ Test concurrentFirstAndLastExitsConvergeWithRetainedOrdinals(actor:) started.
◇ Test retainedRoleSurvivesOriginalCreationRedoAndUndoAndKeepsFollowingAnchor() started.
◇ Test capturedEmptyItemWithObservedPeerTypingSplitsWithoutReinterpretingAsExit() started.
◇ Test case passing 1 argument offset → 0 to writingSessionSequentialCutsKeepObservedSiblingOrder(offset:) started.
◇ Test case passing 1 argument offset → 1 to writingSessionSequentialCutsKeepObservedSiblingOrder(offset:) started.
◇ Test forgedParagraphRolesRejectAtomicallyIncludingDisabledEdits(fault:) started.
✔ Test crossPasteConcurrentBoundarySplitsPreserveCutOwners(actor:scenario:) with 8 test cases passed after 66.399 seconds.
◇ Test exhaustedConcurrentPartitionsRemainRecoverableUntilAuthorRepair() started.
◇ Test forgedEmptyEnterPlansRejectWithoutAcknowledgment(fault:) started.
◇ Test emptyExitAfterColumnFlattenRetainsLogicalPlacementPeerTextAndUndo() started.
◇ Test legacyWritingProtocolsRejectDocumentOriginsWithoutAcknowledging(_:) started.
◇ Test allIndependentModernSnapshotsKeepExactJSONThroughSharedProjection() started.
◇ Test case passing 1 argument swap → false to writingSessionDeletionCannotCollapseDifferentCutRanks(swap:) started.
◇ Test case passing 1 argument swap → true to writingSessionDeletionCannotCollapseDifferentCutRanks(swap:) started.
◇ Test documentTitleHasAnExplicitOriginOutsideBodyAndConsumerIDs() started.
✔ Test textPositionsWaitForMissingCausalAnchorsAndRejectOtherDocuments() passed after 66.602 seconds.
◇ Test case passing 1 argument actor → "a" to v4ConcurrentCutPreservesUnobservedInsertedPrefixInEarlierTail(actor:) started.
◇ Test case passing 1 argument actor → "z" to v4ConcurrentCutPreservesUnobservedInsertedPrefixInEarlierTail(actor:) started.
◇ Test case passing 1 argument range → 0 ..< 4 to writingBatchRetainedFieldEndFollowsRemoteSuffix(range:) started.
◇ Test case passing 1 argument range → 1 ..< 4 to writingBatchRetainedFieldEndFollowsRemoteSuffix(range:) started.
◇ Test case passing 1 argument range → 4 ..< 4 to writingBatchRetainedFieldEndFollowsRemoteSuffix(range:) started.
◇ Test legacyStructuralProtocolRejectsDocumentOriginMutationAtomically() started.
◇ Test twoColumnsKeepScopedChildOriginsAndLogicalAddressOrder() started.
◇ Test titleReplayAndAuthorDeactivationKeepPeerTextAndBodyIndependent() started.
◇ Test case passing 1 argument redoActor → "a" to schemaRoleCohortExcludesUnobservedConcurrentRedo(redoActor:) started.
◇ Test case passing 1 argument redoActor → "z" to schemaRoleCohortExcludesUnobservedConcurrentRedo(redoActor:) started.
◇ Test case passing 2 arguments version → 4, actor → "a" to writingMathThresholdUnionAt10001RetainsProposalAndRepairsWithoutLosingPeerAtoms(version:actor:) started.
◇ Test case passing 2 arguments version → 4, actor → "z" to writingMathThresholdUnionAt10001RetainsProposalAndRepairsWithoutLosingPeerAtoms(version:actor:) started.
◇ Test case passing 2 arguments version → 5, actor → "a" to writingMathThresholdUnionAt10001RetainsProposalAndRepairsWithoutLosingPeerAtoms(version:actor:) started.
◇ Test case passing 2 arguments version → 5, actor → "z" to writingMathThresholdUnionAt10001RetainsProposalAndRepairsWithoutLosingPeerAtoms(version:actor:) started.
◇ Test case passing 1 argument actor → "a" to hierarchicalPasteSingleInlineKeepsBothOpaqueBoundaries(actor:) started.
◇ Test case passing 1 argument actor → "z" to hierarchicalPasteSingleInlineKeepsBothOpaqueBoundaries(actor:) started.
◇ Test case passing 1 argument repairConversion → false to schemaInactiveConversionAllowsEitherAuthorToRepairPriorSortedMetadataConflict(repairConversion:) started.
◇ Test case passing 1 argument repairConversion → true to schemaInactiveConversionAllowsEitherAuthorToRepairPriorSortedMetadataConflict(repairConversion:) started.
◇ Test case passing 1 argument version → 1 to seedAnchorsPreserveUnicodeReferencesAndTombstones(version:) started.
◇ Test case passing 1 argument version → 2 to seedAnchorsPreserveUnicodeReferencesAndTombstones(version:) started.
✔ Test v4InsertionAfterReferenceNeighborRetainsAtomicPayloadAndMarks() passed after 66.957 seconds.
✔ Test hierarchicalPasteForeignMovedImportRetainsPeerWorkThroughAuthorUndo(actor:acrossContainer:) with 4 test cases passed after 66.957 seconds.
✔ Test legacyStoppedAuthorReorderedUndoRedoKeepsWinningAvailability(version:) with 2 test cases passed after 66.957 seconds.
✔ Test externalNormalizationRejectsVersionDepthAndUnknownKindWithoutMutatingSource() passed after 66.957 seconds.
✔ Test collectionInsertAfterMiddleExitKeepsRoleAnchorAcrossRemoteUndo() passed after 66.969 seconds.
✔ Test sameTransactionCreationSeedsRemainValid(version:) with 2 test cases passed after 66.969 seconds.
✔ Test clipboardMarkdownDividerRoundTripsWithFreshIdentityAndPolicy() passed after 66.969 seconds.
◇ Test case passing 2 arguments actor → "a", cut → 1 to mixedPasteConcurrentCutsOrderCompleteGroupsAndFollowBoundaryPrefix(actor:cut:) started.
◇ Test case passing 2 arguments actor → "a", cut → 2 to mixedPasteConcurrentCutsOrderCompleteGroupsAndFollowBoundaryPrefix(actor:cut:) started.
◇ Test case passing 2 arguments actor → "z", cut → 1 to mixedPasteConcurrentCutsOrderCompleteGroupsAndFollowBoundaryPrefix(actor:cut:) started.
◇ Test case passing 2 arguments actor → "z", cut → 2 to mixedPasteConcurrentCutsOrderCompleteGroupsAndFollowBoundaryPrefix(actor:cut:) started.
◇ Test case passing 1 argument actor → "a" to mixedPasteAbsorbsOnlyExplicitInlineBoundariesAndFreshensWholeSchemaNodes(actor:) started.
◇ Test case passing 1 argument actor → "z" to mixedPasteAbsorbsOnlyExplicitInlineBoundariesAndFreshensWholeSchemaNodes(actor:) started.
◇ Test case passing 2 arguments actor → "a", upper → 2 to mixedPasteZeroReplacementRetainsSuffixOriginWithConcurrentSplit(actor:upper:) started.
◇ Test case passing 2 arguments actor → "a", upper → 4 to mixedPasteZeroReplacementRetainsSuffixOriginWithConcurrentSplit(actor:upper:) started.
◇ Test case passing 2 arguments actor → "z", upper → 2 to mixedPasteZeroReplacementRetainsSuffixOriginWithConcurrentSplit(actor:upper:) started.
◇ Test case passing 2 arguments actor → "z", upper → 4 to mixedPasteZeroReplacementRetainsSuffixOriginWithConcurrentSplit(actor:upper:) started.
◇ Test case passing 2 arguments type → "list", repairConversion → false to schemaConvertedMergeSourceRetainsUnionForEitherAuthorRepair(type:repairConversion:) started.
◇ Test case passing 2 arguments type → "list", repairConversion → true to schemaConvertedMergeSourceRetainsUnionForEitherAuthorRepair(type:repairConversion:) started.
◇ Test case passing 2 arguments type → "code", repairConversion → false to schemaConvertedMergeSourceRetainsUnionForEitherAuthorRepair(type:repairConversion:) started.
◇ Test case passing 2 arguments type → "code", repairConversion → true to schemaConvertedMergeSourceRetainsUnionForEitherAuthorRepair(type:repairConversion:) started.
◇ Test heldPacketsExportRestoreAndReleaseWithoutPrematureReceipts() started.
◇ Test localPolicyAndCompositionReturnUnchangedUnavailableAndPreservePeerRichContent() started.
◇ Test explicitModernEndpointsReturnCheckedTransactionsFocusAndSavedAuthorHistory() started.
◇ Test capturedBackwardReplacementPreservesPeerInsertionThroughTheBridge() started.
◇ Test capturedFormattingPreservesDirectionAndLeavesUnobservedPeerAtomsUnformatted() started.
◇ Test legacyEntryPointsHandleCollisionsAndMalformedModernRequestsDoNotPromoteOrMutate() started.
✔ Test schemaMalformedRetainedRoleDoesNotChangeAcceptedSaveOrReachV3(fault:) with 3 test cases passed after 67.189 seconds.
◇ Test codeFormattingAndTitleConversionRejectWithoutHistoryOrReceiptChanges() started.
◇ Test undoListConversionExposesPeerSplitAsRetainedParagraphInsteadOfDroppingIt() started.
◇ Test case passing 1 argument inactive → false to pasteSpliceRejectsUnobservedSameEditOuterNeighborWhenActiveOrUndone(inactive:) started.
◇ Test case passing 1 argument inactive → true to pasteSpliceRejectsUnobservedSameEditOuterNeighborWhenActiveOrUndone(inactive:) started.
◇ Test concurrentListConversionsRetainRecoveryUntilOwnUndoKeepsPeerBranch() started.
◇ Test splitNoncollapsedCapturedRangeStillDeletesOnlyObservedAtomsAfterSchemaRoundTrip() started.
◇ Test textAuthoredAtConvertedCodeBirthFollowsConversionUndoAndCapturedReplacementAliases() started.
◇ Test opaqueContentOnCodeBlocksCannotBeDiscardedByLocalOrInactiveRemoteListConversion() started.
◇ Test soleListItemCollapseRetainsCheckedMetadataChildOriginsPeerTextAndUndo() started.
◇ Test concurrentCodeConversionsConvergeAndEachUndoKeepsPeerHead() started.
◇ Test codeAndListConversionsInsideColumnsKeepLogicalOwnersAcrossFlattenAndUndo() started.
◇ Test listConversionPreservesAtomsCaretPeerReplacementAndChecklistStateThroughUndo() started.
◇ Test codeFieldPacketArrivingBeforeBaselineAliasBirthRetainsThenResolvesRecovery() started.
◇ Test codeConversionRetainsCapturedCaretPeerTextAndFieldAliasesThroughUndoRedoAndReopen() started.
◇ Test malformedInactiveSchemaConversionRejectsBeforeMissingPredecessorAndKeepsReceipt() started.
◇ Test laterSchemaConversionRetainsTextCreatedInItsBirthsOwnCompoundPacket() started.
◇ Test soleEmptyChecklistEnterPreservesOwnerChildOriginsAndPeerTextThroughUndoReopen() started.
◇ Test forgedTextUsesOfRetiredContentAliasRejectEvenWhenInactive() started.
◇ Test codeBirthTextCanBecomeRichParagraphWithoutLosingOriginalOriginsOrOpaqueLanguage() started.
◇ Test futureJoinCannotJustifyForgedAnchorInEarlierCapturedField() started.
◇ Test richCodeConversionAndOpaqueFieldCollisionsRejectWithoutChangingSavedHistory() started.
◇ Test case passing 2 arguments index → 0, actor → "a" to schemaEmptyRootItemExitPreservesBothIdentitiesAndRemoteHistory(index:actor:) started.
◇ Test case passing 2 arguments index → 0, actor → "z" to schemaEmptyRootItemExitPreservesBothIdentitiesAndRemoteHistory(index:actor:) started.
◇ Test case passing 2 arguments index → 1, actor → "a" to schemaEmptyRootItemExitPreservesBothIdentitiesAndRemoteHistory(index:actor:) started.
◇ Test case passing 2 arguments index → 1, actor → "z" to schemaEmptyRootItemExitPreservesBothIdentitiesAndRemoteHistory(index:actor:) started.
◇ Test case passing 2 arguments index → 2, actor → "a" to schemaEmptyRootItemExitPreservesBothIdentitiesAndRemoteHistory(index:actor:) started.
◇ Test case passing 2 arguments index → 2, actor → "z" to schemaEmptyRootItemExitPreservesBothIdentitiesAndRemoteHistory(index:actor:) started.
◇ Test case passing 2 arguments actor → "a", reversed → false to hierarchicalPasteKeepsOriginalCollectionsAndWholeImportedMetadata(actor:reversed:) started.
◇ Test case passing 2 arguments actor → "a", reversed → true to hierarchicalPasteKeepsOriginalCollectionsAndWholeImportedMetadata(actor:reversed:) started.
◇ Test case passing 2 arguments actor → "z", reversed → false to hierarchicalPasteKeepsOriginalCollectionsAndWholeImportedMetadata(actor:reversed:) started.
◇ Test case passing 2 arguments actor → "z", reversed → true to hierarchicalPasteKeepsOriginalCollectionsAndWholeImportedMetadata(actor:reversed:) started.
◇ Test case passing 1 argument nested → false to dependentPlacementChainsPreserveExistingContentUntilTheirAnchorArrives(nested:) started.
◇ Test case passing 1 argument nested → true to dependentPlacementChainsPreserveExistingContentUntilTheirAnchorArrives(nested:) started.
◇ Test modernSnapshotDoesNotBroadenLegacyMarkOrSessionAdmission() started.
◇ Test splitRejectsInvalidBoundsAndNonintegerValues(_:) started.
◇ Test nestedColumnsRejectEvenThroughToggleDescendantsButIndependentLayoutsRemainValid() started.
◇ Test opaqueNumbersCannotSilentlyRoundDuringAdmission(_:) started.
◇ Test appearanceAndPaletteRejectUnrecognizedPresetsAndRoles() started.
✔ Test schemaRetainedPeerSupportsConversionShortcutAndMerge(command:) with 6 test cases passed after 67.630 seconds.
◇ Test existingLimitsAndOpaqueMetadataArePreserved() started.
◇ Test titleRejectsLineBreaksWithoutConsumingBody(_:) started.
◇ Test exactNumericRoundTripsAllowCanonicalDecimalSpelling(_:) started.
◇ Test explicitNewDocumentDefaultsDoNotSilentlyUpgradeMissingWireFields() started.
◇ Test duplicateRawKeysIncludingEscapedKeysRejectBeforeSemanticAdmission() started.
✔ Test recoveryTextEditsRetainUnicodeMarksAndAtomicReferences() passed after 67.633 seconds.
◇ Test exactTwoContainersAndScopedIdentitiesAreRequired() started.
◇ Test independentSnapshotsRetainEveryAdmittedFieldAndCanonicalRoundTrip() started.
◇ Test case passing 1 argument exit → false to schemaListTextSemanticsCannotBeSpoofedIntoV3BatchOrRestore(exit:) started.
◇ Test case passing 1 argument exit → true to schemaListTextSemanticsCannotBeSpoofedIntoV3BatchOrRestore(exit:) started.
◇ Test invalidHierarchyTargetsRejectWithoutStateHistoryOrReceiptChanges(fault:) started.
◇ Test capturedItemsFollowObservedPeerMovesBeforeStyleAndChecklistCommands() started.
◇ Test hierarchyHistoryRetainsLateBirthRecoveryUntilCreatorPacketArrives() started.
◇ Test multiItemOutdentKeepsUnselectedChildrenAndReopenedPeerEdits() started.
◇ Test case passing 1 argument actor → "a" to retainedPasteInsideObservedInsertedToggleKeepsNestedInitialProofs(actor:) started.
◇ Test case passing 1 argument actor → "z" to retainedPasteInsideObservedInsertedToggleKeepsNestedInitialProofs(actor:) started.
◇ Test concurrentListStylesConvergeAndUndoRevealsPeerWinner() started.
◇ Test case passing 2 arguments list → false, actor → "a" to v4SequentialInsertionKeepsObservedRunOrderAndPeerUndo(list:actor:) started.
◇ Test case passing 2 arguments list → false, actor → "z" to v4SequentialInsertionKeepsObservedRunOrderAndPeerUndo(list:actor:) started.
◇ Test case passing 2 arguments list → true, actor → "a" to v4SequentialInsertionKeepsObservedRunOrderAndPeerUndo(list:actor:) started.
◇ Test case passing 2 arguments list → true, actor → "z" to v4SequentialInsertionKeepsObservedRunOrderAndPeerUndo(list:actor:) started.
◇ Test reorderBetweenListsPreservesOriginsCheckedStatePeerTextAndNoopHistory() started.
◇ Test compositionAndReducedActionPolicyRejectLocalStyleButPreserveRemoteStyleAndChecks() started.
✔ Test simultaneousRepairsConvergeAndUndoKeepsTheOtherRepair() passed after 67.772 seconds.
◇ Test activeInlineCodeUnionRetainsAcceptedStateUntilAuthorRepair() started.
◇ Test styleChangesDeduplicateContainingOwnersAndPreserveCheckedRichAndOpaqueFields() started.
◇ Test case passing 1 argument splitFirst → false to v4SoftBreakAfterInsertedRunSurvivesTransferredAndJoinedHistory(splitFirst:) started.
◇ Test case passing 1 argument splitFirst → true to v4SoftBreakAfterInsertedRunSurvivesTransferredAndJoinedHistory(splitFirst:) started.
◇ Test nativeJSONEnvelopeChecksListArgumentsPolicyCapturesAndFocus() started.
◇ Test directListStyleConversionPreservesPeerStyleAfterCreatorUndo() started.
◇ Test inactiveInlineConversionDoesNotConflictWithPeerCodeShape() started.
◇ Test multiItemIndentPreservesRichMetadataChildrenPeerTextCaretAndSingleUndo(actor:) started.
◇ Test concurrentNestedMovesPreserveBothAuthorsAndUndoUsesRemainingPlacement() started.
◇ Test peerStyleAndChecklistHistorySurviveListCreationUndoAndRedo() started.
◇ Test forgedListPlansRejectEvenWhenDisabledWithoutAcknowledgment(fault:) started.
◇ Test case passing 1 argument fault → "negative" to schemaMalformedRoleAnchorAndHiddenFirstItemRejectAtomically(fault:) started.
◇ Test case passing 1 argument fault → "zero" to schemaMalformedRoleAnchorAndHiddenFirstItemRejectAtomically(fault:) started.
◇ Test case passing 1 argument fault → "future" to schemaMalformedRoleAnchorAndHiddenFirstItemRejectAtomically(fault:) started.
◇ Test case passing 1 argument fault → "actor" to schemaMalformedRoleAnchorAndHiddenFirstItemRejectAtomically(fault:) started.
◇ Test case passing 1 argument fault → "firstItem" to schemaMalformedRoleAnchorAndHiddenFirstItemRejectAtomically(fault:) started.
◇ Test checklistUpdatesOnlyChangedItemsAndOneUndoRetainsDisjointPeerWrites() started.
◇ Test genericBlockCommandsKeepItemTableAndDocumentBoundariesClosed() started.
◇ Test case passing 1 argument deferredParent → false to impossibleSameChangeNodePathsAndInitialAnchorsRejectAtomically(deferredParent:) started.
◇ Test case passing 1 argument deferredParent → true to impossibleSameChangeNodePathsAndInitialAnchorsRejectAtomically(deferredParent:) started.
◇ Test case passing 1 argument actor → "a" to v4ConcurrentCutsKeepEachObservedPrefixPartition(actor:) started.
◇ Test case passing 1 argument actor → "z" to v4ConcurrentCutsKeepEachObservedPrefixPartition(actor:) started.
◇ Test case passing 2 arguments pasteActor → "a", pasteCut → 1 to pasteSpliceExplicitGroupKeepsConcurrentCutsInBoundaryOrder(pasteActor:pasteCut:) started.
◇ Test case passing 2 arguments pasteActor → "a", pasteCut → 2 to pasteSpliceExplicitGroupKeepsConcurrentCutsInBoundaryOrder(pasteActor:pasteCut:) started.
◇ Test case passing 2 arguments pasteActor → "z", pasteCut → 1 to pasteSpliceExplicitGroupKeepsConcurrentCutsInBoundaryOrder(pasteActor:pasteCut:) started.
◇ Test case passing 2 arguments pasteActor → "z", pasteCut → 2 to pasteSpliceExplicitGroupKeepsConcurrentCutsInBoundaryOrder(pasteActor:pasteCut:) started.
◇ Test case passing 1 argument actor → "a" to retainedPasteCanReuseObservedOrdinarySplitTail(actor:) started.
◇ Test case passing 1 argument actor → "z" to retainedPasteCanReuseObservedOrdinarySplitTail(actor:) started.
◇ Test case passing 2 arguments version → 4, scenario → ("a", 15) to writingDepthBoundaryKeepsOriginsAndPeerAtomsThroughExplicitRecovery(version:scenario:) started.
◇ Test case passing 2 arguments version → 4, scenario → ("a", 16) to writingDepthBoundaryKeepsOriginsAndPeerAtomsThroughExplicitRecovery(version:scenario:) started.
◇ Test case passing 2 arguments version → 4, scenario → ("z", 15) to writingDepthBoundaryKeepsOriginsAndPeerAtomsThroughExplicitRecovery(version:scenario:) started.
◇ Test case passing 2 arguments version → 4, scenario → ("z", 16) to writingDepthBoundaryKeepsOriginsAndPeerAtomsThroughExplicitRecovery(version:scenario:) started.
◇ Test case passing 2 arguments version → 5, scenario → ("a", 15) to writingDepthBoundaryKeepsOriginsAndPeerAtomsThroughExplicitRecovery(version:scenario:) started.
◇ Test case passing 2 arguments version → 5, scenario → ("a", 16) to writingDepthBoundaryKeepsOriginsAndPeerAtomsThroughExplicitRecovery(version:scenario:) started.
◇ Test case passing 2 arguments version → 5, scenario → ("z", 15) to writingDepthBoundaryKeepsOriginsAndPeerAtomsThroughExplicitRecovery(version:scenario:) started.
◇ Test case passing 2 arguments version → 5, scenario → ("z", 16) to writingDepthBoundaryKeepsOriginsAndPeerAtomsThroughExplicitRecovery(version:scenario:) started.
◇ Test case passing 2 arguments actor → "a", repairOther → false to schemaOverlappingOwnerRepairRoutesBothHistoricalHeadsAndOriginalAtomOrigin(actor:repairOther:) started.
◇ Test case passing 2 arguments actor → "a", repairOther → true to schemaOverlappingOwnerRepairRoutesBothHistoricalHeadsAndOriginalAtomOrigin(actor:repairOther:) started.
◇ Test case passing 2 arguments actor → "z", repairOther → false to schemaOverlappingOwnerRepairRoutesBothHistoricalHeadsAndOriginalAtomOrigin(actor:repairOther:) started.
◇ Test case passing 2 arguments actor → "z", repairOther → true to schemaOverlappingOwnerRepairRoutesBothHistoricalHeadsAndOriginalAtomOrigin(actor:repairOther:) started.
◇ Test foreignForgedAndExtraTargetFieldsRejectCopyUnchanged() started.
◇ Test checkedCopyReturnsVersionedPayloadAndFallbackWithoutDocumentHistoryOrFocusMutation() started.
◇ Test fileInsertionAndCompletionAreSeparateStepsAndKeepConsumerPendingMetadata() started.
◇ Test sourceChangeRetainsOldResultAndFreshTargetCompletesWithoutOverwritingNewPreviewURL() started.
◇ Test modernFileValidationDoesNotReinterpretLegacyOpaqueFiles() started.
◇ Test forgedAppliedLocalReceiptCannotAcknowledgePendingOriginAfterReopen() started.
✔ Test exitRolesWithRankedAndFallbackOriginsKeepOneStableOrder() passed after 70.101 seconds.
◇ Test case passing 1 argument metadataType → "host-metadata" to createdListDescendantsRetainOpaqueTypeMetadata(metadataType:) started.
◇ Test case passing 1 argument metadataType → "math" to createdListDescendantsRetainOpaqueTypeMetadata(metadataType:) started.
◇ Test case passing 1 argument metadataType → "toggle" to createdListDescendantsRetainOpaqueTypeMetadata(metadataType:) started.
◇ Test case passing 2 arguments swap → false, side → "left" to writingSessionConcurrentMergeSplitFollowsBoundary(swap:side:) started.
◇ Test case passing 2 arguments swap → false, side → "right" to writingSessionConcurrentMergeSplitFollowsBoundary(swap:side:) started.
◇ Test case passing 2 arguments swap → true, side → "left" to writingSessionConcurrentMergeSplitFollowsBoundary(swap:side:) started.
◇ Test case passing 2 arguments swap → true, side → "right" to writingSessionConcurrentMergeSplitFollowsBoundary(swap:side:) started.
◇ Test completionPublicationPreservesAnotherRequestFailureFromTheHostCallback() started.
◇ Test failureAndInterruptedReopenPreserveLocalPendingErrorResultWithoutSharedMutation() started.
◇ Test completionPreservesPeerCaptionOpaqueMetadataAndOriginalOriginThroughMoveUndoReopen() started.
◇ Test acceptedReplacementDocumentAndEpochRejectLateResultWithOriginReceiptStillPending() started.
◇ Test independentConcurrentMetadataRegistersComposeAndAuthorUndoRevealsPeerWinner() started.
◇ Test unchangedResultAndRepeatedDeliveryHaveNoHistoryAndNoAutomaticRedo() started.
◇ Test cancellationSupersededGenerationAndReusedRequestIDCannotApplyLateResult() started.
◇ Test forgedSharedMetadataAndWrongSourceProofRejectEvenWhenInactive() started.
◇ Test nearFullArchiveReservesFailureAndCancellationWithoutLosingAcceptedLocalState() started.
◇ Test previewOnlyUpdatesDescriptiveMetadataAndExplicitNullRemovesOptionalValues() started.
◇ Test concurrentDeletionPreventsValidPeerCompletionFromRecreatingContent() started.
◇ Test invalidMetadataNeverChangesAcceptedHistoryOrRequestRecord(_:) started.
◇ Test localArchiveAndGenerationValidationAreAtomicAndCapacityNeedsExplicitForget() started.
◇ Test deletedOrReusedLabelNeverReceivesCompletionAndExplicitRetryAfterDeletionUndoIsPossible() started.
◇ Test policyAndCompositionRetainInertResultForExplicitResubmissionAndDoNotChangeHistory() started.
✔ Test collectionInsertAfterProjectedPeerRetainsRoleProofAndUndo(baseline:) with 2 test cases passed after 70.149 seconds.
✔ Test schemaConcurrentPartitionsThatExhaustAnOwnerRetainRecoveryAndEitherAuthorCanRepair(actor:repairOther:) with 4 test cases passed after 70.149 seconds.
✔ Test writingSharedBridgeFixture(name:) with 15 test cases passed after 70.136 seconds.
✔ Test schemaUndoKeepsPeerSubtreeIdentityMarksReferencesAndOpaqueChildren() passed after 70.139 seconds.
✔ Test retainedPasteNewWireCannotBeSpoofedIntoFiveOrMissingCohortAdmitted() passed after 70.223 seconds.
✔ Test blockConversionKeepsIdentityRichContentAndAuthorUndoAfterReopen() passed after 70.248 seconds.
✔ Test schemaListConversionKeepsRootIdentityRichAtomsMetadataAndRemoteUndo(style:) with 3 test cases passed after 70.248 seconds.
✔ Test schemaConcurrentListConversionsKeepRecoverableUnionAndEitherAuthorCanRepair(reverseActors:repairFirst:) with 4 test cases passed after 70.245 seconds.
✔ Test clipboardPoliciesRejectUnsafeOrRestrictedImportsWithoutChangingHistory() passed after 70.204 seconds.
✔ Test markdownDialectAndUnknownProtocol() passed after 70.191 seconds.
✔ Test writingSessionEmptyCodeHasNoSyntheticInlineRecord() passed after 70.185 seconds.
✔ Test crossPasteMetadataEndpointRejectsWithoutAcceptedMutation() passed after 70.185 seconds.
✔ Test bridgeRoutesExplicitV5AndRejectsUnknownCreateAndRestoreVersions() passed after 70.191 seconds.
✔ Test writingBatchRejectsOverlapAndCompositionWithoutMutation() passed after 70.178 seconds.
✔ Test schemaInlineConversionDoesNotOverwriteUnknownReservedMetadata(version:key:) with 4 test cases passed after 70.178 seconds.
✔ Test writingSessionReplacementAndSoftBreakAreAtomicAndCompositionGuarded() passed after 70.178 seconds.
✔ Test schemaConvertedMergeDestinationPreservesTypeIdentityAndBothAuthorUndo(type:) with 2 test cases passed after 70.178 seconds.
✔ Test schemaInactiveRoleRestoresExactItemAndSupportsLaterListCommands() passed after 70.178 seconds.
✔ Test retainedPasteOverlappingEndpointExportsAndEitherAuthorRepairs(actor:repairPeer:) with 4 test cases passed after 70.174 seconds.
✔ Test hierarchicalPasteDeletesOnlyObservedIntermediateSubtrees(actor:) with 2 test cases passed after 70.164 seconds.
✔ Test schemaConcurrentFirstAndLastExitsConvergeAndKeepSourceOrdinal(actor:inserted:) with 4 test cases passed after 70.164 seconds.
✔ Test retainedPasteBaselineRoleRequiresObservedRetirement(actor:) with 2 test cases passed after 70.164 seconds.
✔ Test externalNormalizationDoesNotCommitOrReleaseComposition() passed after 70.163 seconds.
✔ Test receiveHoldBoundsQueuedMessagesWithoutAcknowledgingThem() passed after 70.162 seconds.
✔ Test schemaEmptyExitRejectsVisibleAndRetainedRootLabelCollisionAtomically(retired:) with 2 test cases passed after 70.162 seconds.
✔ Test writingSessionSplitFollowsRemoteTextMarksSelectionsAndOneUndo() passed after 70.164 seconds.
✔ Test schemaV4CannotEnterV3SessionAndRestrictionsRemainAtomic() passed after 70.160 seconds.
✔ Test unicodeRangesAndRoundTrip() passed after 70.164 seconds.
✔ Test writingBatchMixedDeletionPreservesRemoteTextAndReopenUndo() passed after 70.168 seconds.
◇ Test case passing 1 argument reverse → false to independentAppearanceRegistersAndSameFieldWinsConvergeAcrossOrder(_:) started.
◇ Test case passing 1 argument reverse → true to independentAppearanceRegistersAndSameFieldWinsConvergeAcrossOrder(_:) started.
✔ Test heldProtocolFailureDoesNotStopLaterNestedChangesOrAcknowledgeTheFailure() passed after 70.214 seconds.
✔ Test knownUndoTargetsMustBeEdits(version:) with 2 test cases passed after 70.217 seconds.
✔ Test markdownHeadingConsumesPrefixInOneUndoAndRespectsPolicyAndComposition() passed after 70.217 seconds.
✔ Test collectionToggleCreationUndoRedoRetainsRemoteDescendants() passed after 70.282 seconds.
✔ Test concurrentConversionAndParagraphSplitConvergeWithRemotePreservingUndo() passed after 70.344 seconds.
✔ Test emptyNestedListItemOutdentsWithoutChangingIdentity() passed after 70.330 seconds.
◇ Test case passing 1 argument inactive → false to malformedPlainTitleAndInactiveTransactionsNeverAcknowledge(_:) started.
◇ Test case passing 1 argument inactive → true to malformedPlainTitleAndInactiveTransactionsNeverAcknowledge(_:) started.
✔ Test writingBatchDuplicateSkipsLabelsRetainedAcrossEpochReset() passed after 70.352 seconds.
✔ Test inactiveMovesStillRejectKnownAnchorsFromAnotherCollection(editedAnchor:) with 2 test cases passed after 70.386 seconds.
✔ Test reservedSeedReferencesRejectAtomically(version:) with 2 test cases passed after 70.386 seconds.
✔ Test concurrentTypingAndAuthorUndo() passed after 70.379 seconds.
✔ Test inlineReconciliationKeepsFormattingOperationsSeparateFromText() passed after 70.379 seconds.
✔ Test schemaPeerListStyleSurvivesWrapperUndoAsMetadataAndRedoUsesPeerStyle() passed after 70.366 seconds.
✔ Test schemaFirstExitKeepsInsertedOwnerAndFollowingInsertedRootOrdinal() passed after 70.369 seconds.
✔ Test schemaRoleDeltaBeforeDependenciesRetainsRecoveryAndReopens() passed after 70.386 seconds.
✔ Test sameChangeMovesCannotHideExistingContentInAnAnchorCycle(version:) with 2 test cases passed after 70.366 seconds.
✔ Test legacySeedNamespaceFollowsTheTextActuallyInitialized(initialized:) with 2 test cases passed after 70.366 seconds.
✔ Test duplicateAndReorderedDelivery() passed after 70.366 seconds.
✔ Test sharedBridgeFixture() passed after 70.359 seconds.
✔ Test collectionTableConcurrentRowsCellsReorderRemoveAndReopenedUndo() passed after 70.401 seconds.
✔ Test emptyLastRootItemExitsAndUndoRetainsConcurrentRemoteInput() passed after 70.374 seconds.
✔ Test textPositionsFollowRemoteEditsDeletionUndoAndRestore() passed after 70.368 seconds.
✔ Test nestedReceiveHoldsPreserveCompositionAnchorsAndPreparationCallbacks() passed after 70.368 seconds.
✔ Test pasteBlocksSequentialSameBoundaryKeepsCapturedBeforeImportedGroup() passed after 70.368 seconds.
✔ Test schemaSoleEmptyItemExitRetainsChildrenAndReorderedPeerChildEdits(existing:actor:) with 4 test cases passed after 70.348 seconds.
✔ Test v5SplicePreservesForeignMovedImportedContainerAndUnseenChildThroughAuthorUndoAndReopen() passed after 70.395 seconds.
✔ Test pasteBlocksPublicCommandRetainsWholeMetadataAndConcurrentCutGroups(actor:cut:) with 4 test cases passed after 70.348 seconds.
◇ Test case passing 1 argument href → "javascript:alert(1)" to invalidLinksNeverMutateStateOrStripExistingMarks(href:) started.
◇ Test case passing 1 argument href → "data:text/html,test" to invalidLinksNeverMutateStateOrStripExistingMarks(href:) started.
◇ Test case passing 1 argument href → "file:///tmp/file" to invalidLinksNeverMutateStateOrStripExistingMarks(href:) started.
◇ Test case passing 1 argument href → "https://" to invalidLinksNeverMutateStateOrStripExistingMarks(href:) started.
◇ Test case passing 1 argument href → "relative" to invalidLinksNeverMutateStateOrStripExistingMarks(href:) started.
◇ Test case passing 1 argument href → "https://example.com/space here" to invalidLinksNeverMutateStateOrStripExistingMarks(href:) started.
◇ Test case passing 1 argument href → "https://example.com/
" to invalidLinksNeverMutateStateOrStripExistingMarks(href:) started.
◇ Test case passing 1 argument href → "mailto:" to invalidLinksNeverMutateStateOrStripExistingMarks(href:) started.
✔ Test retainedPasteEndpointRoleKeepsOpaqueIdentityThroughHistory(actor:) with 2 test cases passed after 70.510 seconds.
✔ Test schemaConversionAndOldParagraphSplitUseRetainedOriginWithAuthorUndo(type:reverseActors:) with 4 test cases passed after 70.479 seconds.
✔ Test v4RequiredUndoPersistsAndExplicitRedoRetainsEveryHistory(actor:) with 2 test cases passed after 70.488 seconds.
✔ Test mixedPasteAdjacentInlineFieldsKeepTheirExplicitBreak(actor:emptyLeading:) with 4 test cases passed after 70.479 seconds.
✔ Test v4RetiredSplitHeadTraversesLongValidatedBirthChainWithoutRecursion() passed after 70.571 seconds.
✔ Test generatedStructuralCollectionsOfflineEditsAndHistoryConverge(seed:kind:) with 40 test cases passed after 70.479 seconds.
✔ Test sharedRecoveryBridgeFixture() passed after 70.667 seconds.
◇ Test case passing 1 argument fault → "none" to invalidSemanticTargetsAndRolesRejectAtomically(fault:) started.
◇ Test case passing 1 argument fault → "both" to invalidSemanticTargetsAndRolesRejectAtomically(fault:) started.
◇ Test case passing 1 argument fault → "wrongCaret" to invalidSemanticTargetsAndRolesRejectAtomically(fault:) started.
◇ Test case passing 1 argument fault → "unknown" to invalidSemanticTargetsAndRolesRejectAtomically(fault:) started.
◇ Test case passing 1 argument fault → "item" to invalidSemanticTargetsAndRolesRejectAtomically(fault:) started.
◇ Test case passing 1 argument fault → "deleted" to invalidSemanticTargetsAndRolesRejectAtomically(fault:) started.
◇ Test case passing 1 argument fault → "scope" to invalidSemanticTargetsAndRolesRejectAtomically(fault:) started.
◇ Test case passing 1 argument fault → "role" to invalidSemanticTargetsAndRolesRejectAtomically(fault:) started.
◇ Test case passing 1 argument fault → "codeRange" to invalidSemanticTargetsAndRolesRejectAtomically(fault:) started.
◇ Test case passing 1 argument fault → "titleRange" to invalidSemanticTargetsAndRolesRejectAtomically(fault:) started.
✔ Test concurrentMovesAndDeletesConverge() passed after 70.650 seconds.
✔ Test collectionNestedChecklistMovesPreserveReferencesCheckedAndScopedLabels() passed after 70.638 seconds.
✔ Test writingBatchCapturesBackwardRootAndNestedRanges() passed after 70.688 seconds.
✔ Test externalNormalizationRequiresExplicitSafeAssetMetadata() passed after 70.688 seconds.
✔ Test retainedPasteConcurrentSplitsOrderRetainedEndpointGroup(actor:scenario:) with 8 test cases passed after 70.747 seconds.
✔ Test writingSessionNestedSplitKeepsContainerIDsReferencesAndUndo() passed after 70.740 seconds.
✔ Test writingSessionNewLinksRejectUnsafeSchemesWithoutChangingLegacyBaseline() passed after 70.746 seconds.
◇ Test case passing 1 argument fault → "role" to malformedSemanticPacketsRejectEvenInactiveWithoutReceiptOrRecovery(fault:) started.
◇ Test case passing 1 argument fault → "document" to malformedSemanticPacketsRejectEvenInactiveWithoutReceiptOrRecovery(fault:) started.
◇ Test case passing 1 argument fault → "unknown" to malformedSemanticPacketsRejectEvenInactiveWithoutReceiptOrRecovery(fault:) started.
◇ Test case passing 1 argument fault → "item" to malformedSemanticPacketsRejectEvenInactiveWithoutReceiptOrRecovery(fault:) started.
◇ Test case passing 1 argument fault → "duplicate" to malformedSemanticPacketsRejectEvenInactiveWithoutReceiptOrRecovery(fault:) started.
◇ Test case passing 1 argument fault → "future" to malformedSemanticPacketsRejectEvenInactiveWithoutReceiptOrRecovery(fault:) started.
✔ Test schemaProjectedPeerParagraphSupportsEnterMoveUndoAndReopen(baseline:) with 2 test cases passed after 70.809 seconds.
✔ Test v4EmptySplitHeadPositionFollowsNestedRetiredBirthsWithoutChangingEndSentinels() passed after 70.811 seconds.
✔ Test retainedPasteAfterOrdinarySourceMoveUsesLiveOrderNotRgaAfterAncestry(actor:) with 2 test cases passed after 70.842 seconds.
✔ Test writingMathThresholdUnionAt10000PreservesBothAuthorsAndUndo(version:actor:) with 4 test cases passed after 70.852 seconds.
✔ Test listContinuationKeepsMarksReferencesChildrenAndRemoteSuffix() passed after 70.854 seconds.
✔ Test schemaBaselineItemMoveUndoAndRedoKeepIdentityAndSubtree() passed after 70.944 seconds.
✔ Test hierarchicalPasteConcurrentImportsUseRetainedRankInSameChildCollection(actor:reversedDelivery:) with 4 test cases passed after 70.944 seconds.
✔ Test independentTextAcceptanceRestoredAuthorUndoPreservesRemoteMarksAndReference(version:) with 2 test cases passed after 70.969 seconds.
✔ Test v2StructuralReplayPreservesTheMigrationCorpus() passed after 70.969 seconds.
✔ Test retainedPasteDifferentLaterSourceKeepsEarlierImportedMember(actor:concurrentCut:) with 4 test cases passed after 70.969 seconds.
✔ Test v4ScalarMetadataIsAtomicAndCannotReplaceSchemaRichTextOrConversionAttributes() passed after 71.045 seconds.
✔ Test v4ObservedRichPrefixSelectionReplacementRetainsReferencesFormattingAndPeerUndo(list:actor:) with 4 test cases passed after 71.045 seconds.
✔ Test depthLimitUnionCanBeRepairedWithoutChangingExistingIDsOrContent(levels:) with 3 test cases passed after 71.045 seconds.
✔ Test aMoveIntoAnUnanchoredCausalOwnerKeepsItsPreviousPlacement() passed after 71.071 seconds.
✔ Test retiredSplitHeadPositionPreservesV3AndRejectsUnrelatedDeletion() passed after 71.071 seconds.
✔ Test generatedOfflineTextAndFormattingConverge(seed:) with 8 test cases passed after 71.071 seconds.
✔ Test writingSessionMergeKeepsEmptySourceRemoteInputAndRestoresOrigins() passed after 71.130 seconds.
✔ Test writingSessionUnicodeReferenceAndUnknownPayloadSurviveSplitReopen() passed after 71.131 seconds.
✔ Test invalidNestedOperationsRejectAtomicallyAndDoNotRewriteIDs() passed after 71.131 seconds.
✔ Test duplicateRecursivelyRespectsAuthoringPolicyWithoutChangingAcceptedHistory() passed after 71.131 seconds.
✔ Test impossiblePriorCreationPathsRejectAtomically(delivery:) with 3 test cases passed after 71.141 seconds.
✔ Test nestedReceiveHoldsKeepReceiptsPendingAndDrainAfterInvalidBatch() passed after 71.141 seconds.
✔ Test allDeliveryPermutationsConverge() passed after 71.141 seconds.
✔ Test writingSessionReferenceInteriorSelectionFollowsSplitAndDeletion() passed after 71.188 seconds.
✔ Test receivePreparationCannotOverwriteReentrantLocalChanges() passed after 71.188 seconds.
✔ Test retainedPasteRichReferenceCannotFlattenThroughConcurrentCode(actor:) with 2 test cases passed after 71.188 seconds.
✔ Test writingPrototypeBoundaryAffinityFollowsTheAdjacentContent() passed after 71.188 seconds.
✔ Test partialReferenceEditBecomesPlainText() passed after 71.188 seconds.
✔ Test v4RepairGuardsPreserveAcceptedAndPendingHistories() passed after 71.188 seconds.
✔ Test retainedPasteConcurrentHeadingPreservesEndpointSchemaAndUndo(actor:) with 2 test cases passed after 71.188 seconds.
✔ Test v4SplitKeepsObservedInsertedPrefixAndPeerUndo(list:) with 2 test cases passed after 71.188 seconds.
✔ Test knownCreationSeedsValidateWhileTheirParentIsMissing() passed after 71.188 seconds.
✔ Test v5SpliceOnExposedPeerParagraphPreservesRoleAcrossWrapperUndoAndReopen(wrapperActor:) with 2 test cases passed after 71.188 seconds.
✔ Test concurrentFormattingPreservesRemoteInsertionAndIndependentMarks() passed after 71.188 seconds.
✔ Test writingPrototypeMergeRetainsBothNamespacesAndRemoteTextThroughUndo() passed after 71.188 seconds.
✔ Test writingSessionReentrantCompositionQueueRetainsNewPacketsDuringDrain() passed after 71.188 seconds.
✔ Test writingSessionObserverSeesFinalUndoAndRedoHistory() passed after 71.188 seconds.
✔ Test requiredContentRepairAdmitsFailedAuthorUndoWithoutDroppingRemoteMetadata() passed after 71.188 seconds.
✔ Test retainedPasteAcceptsObservedRoleSourceAndRejectsErasedRoleCohort(actor:) with 2 test cases passed after 71.188 seconds.
✔ Test hierarchicalPasteBoundaryAncestorKeepsChildrenAndForeignDescendants(actor:) with 2 test cases passed after 71.188 seconds.
✔ Test crossPasteMixedRetainsWholeImportsAndObservedSuffixOneUndo(actor:reversed:) with 4 test cases passed after 71.188 seconds.
✔ Test externalNormalizationDoesNotRelaxLiveHostPolicy() passed after 71.188 seconds.
✔ Test documentMigrationCorpusRetainsEveryFieldAndRejectsInvalidKnownShapes() passed after 71.177 seconds.
✔ Test hierarchicalPasteNestedImportsAndParentEnterKeepIndependentCollections(actor:reversedDelivery:) with 4 test cases passed after 71.177 seconds.
✔ Test undoInsertionPreservesRemoteContentAndConcurrentDescendantsSurviveDelete() passed after 71.176 seconds.
✔ Test v4InlineEnterPreservesSourceAttributesRichSuffixAndAuthorUndo(type:) with 3 test cases passed after 71.176 seconds.
✔ Test preservesUnknownFieldsAndNestedContent() passed after 71.176 seconds.
✔ Test writingSessionUndoEmptySplitRetainsIndependentRemoteParagraph() passed after 71.176 seconds.
✔ Test recoveryAccumulatesReorderedAdditionalEditsWithoutAcknowledgingThem() passed after 71.177 seconds.
✔ Test independentTextAcceptanceUndoDoesNotResurrectAnotherAuthorsDeletion(version:) with 2 test cases passed after 71.173 seconds.
✔ Test concurrentJoinedSourceConversionRetainsUnionForAuthorReconciliation(reverseActors:repairMerge:) with 4 test cases passed after 71.173 seconds.
✔ Test formattingAndStructureRedoPreserveUnrelatedRemoteChanges() passed after 71.173 seconds.
✔ Test codeUsesCharacterMergingToo() passed after 71.173 seconds.
✔ Test protocolCutoverPreservesDocumentAndRejectsMixedVersionsAtomically() passed after 71.173 seconds.
✔ Test writingSessionConcurrentSameCutRetainsBothBreaksAndUndo() passed after 71.172 seconds.
✔ Test writingSessionConcurrentDifferentCutsPreserveSegmentOrder(swap:) with 2 test cases passed after 71.172 seconds.
✔ Test observerSeesCommittedHistory() passed after 71.172 seconds.
✔ Test writingPrototypeEmptyMergedFieldKeepsItsVirtualBoundaryAcrossUndo() passed after 71.174 seconds.
✔ Test v4PendingReceiveBlocksHistoryEvenWhenNeitherStackHasAnEntry() passed after 71.175 seconds.
✔ Test schemaConversionAndOldOriginEditConvergeUnderReversedActorAndDeliveryOrder(converter:) with 2 test cases passed after 71.175 seconds.
✔ Test retainedPasteKeepsBothOpaqueOwnersAndOneAuthorUndo(actor:reversed:) with 4 test cases passed after 71.174 seconds.
✔ Test writingSessionCausalGapRecoveryPersistsSeparatelyAndReplaysOnRejoin() passed after 71.174 seconds.
✔ Test writingSessionRejectsOldEpochProtocolAndMalformedBirthWithoutAcknowledging() passed after 71.235 seconds.
✔ Test pasteSpliceRejectsDuplicateOwnershipEvenWhenAuthorUndoRetainsMalformedEdit(inactive:) with 2 test cases passed after 71.235 seconds.
✔ Test externalUnknownWholeNodeFallbackKeepsRecognizedVisibleFieldsOnly() passed after 71.259 seconds.
✔ Test sameChangePlacementCyclesAreRejectedWithoutAcknowledgmentOrContentLoss() passed after 71.268 seconds.
✔ Test schemaCodeShortcutAndEncodingRoundTripRetainIdentityAndBothOrigins() passed after 71.268 seconds.
✔ Test authoringRestrictionsDoNotDestroySavedBlocks() passed after 71.284 seconds.
✔ Test writingSessionCutoverPreservesDocumentIDRequiresReconciliationAndArchivesUndo() passed after 71.284 seconds.
✔ Test schemaConcurrentUnobservedPeerAndRetirementCanRetainRole(undoActor:) with 2 test cases passed after 71.284 seconds.
✔ Test retainedPasteCannotClaimGloballyKnownButUnobservedEndpointAtom() passed after 71.341 seconds.
✔ Test clipboardCollectionFreshensOnlySchemaIDsAndUndoesOnceWithRemoteChildren() passed after 71.406 seconds.
✔ Test writingSessionRepairReconcilesRetainedOwnUndoBeforeSaveRestore() passed after 71.406 seconds.
✔ Test ordinarySplitBeforeFirstImportedMemberMustPrecedeWholeExistingGroup() passed after 71.404 seconds.
✔ Test retainedPasteLaterEndpointMoveStaysAuthoritativeThroughOwnUndo(actor:acrossContainer:) with 4 test cases passed after 71.404 seconds.
✔ Test schemaOrdinaryConversionCannotBeSpoofedIntoV3BatchOrRestore() passed after 71.444 seconds.
✔ Test invalidBatchIsAtomic() passed after 71.482 seconds.
✔ Test v3NewBlockCommandsLeaveAcceptedStateUntouched() passed after 71.482 seconds.
✔ Test invalidKnownShapesAreRejectedWithoutChangingTheDocument() passed after 71.482 seconds.
✔ Test schemaSoleEmptyListExitKeepsRootIdentityAndRemoteReopenedUndo() passed after 71.482 seconds.
✔ Test nestedListIndentOutdentAndTableCollectionsUseSharedCommands() passed after 71.482 seconds.
✔ Test schemaRetirementBeforePeerBirthCannotForgeExposure() passed after 71.475 seconds.
✔ Test multiMovePreservesCapturedOrderCaretAndPeerTextAsOneUndo() passed after 71.475 seconds.
✔ Test writingBatchRetainedRangeFollowsRemoteSplitAndPreservesItOnUndo() passed after 71.494 seconds.
✔ Test readOnlyBodyFallbackUsesTitleAndCoveredRangesDoNotDuplicateDeletion() passed after 71.612 seconds.
✔ Test schemaRetiredListStyleStillRejectsMalformedWireAttribute() passed after 71.650 seconds.
◇ Test case passing 1 argument command → "heading" to retainedPeerParagraphSupportsModernCommandsAndReopenedHistory(command:) started.
◇ Test case passing 1 argument command → "code" to retainedPeerParagraphSupportsModernCommandsAndReopenedHistory(command:) started.
◇ Test case passing 1 argument command → "list" to retainedPeerParagraphSupportsModernCommandsAndReopenedHistory(command:) started.
◇ Test case passing 1 argument command → "split" to retainedPeerParagraphSupportsModernCommandsAndReopenedHistory(command:) started.
◇ Test case passing 1 argument command → "move" to retainedPeerParagraphSupportsModernCommandsAndReopenedHistory(command:) started.
◇ Test case passing 1 argument command → "delete" to retainedPeerParagraphSupportsModernCommandsAndReopenedHistory(command:) started.
◇ Test case passing 1 argument command → "insert" to retainedPeerParagraphSupportsModernCommandsAndReopenedHistory(command:) started.
◇ Test case passing 1 argument command → "columns" to retainedPeerParagraphSupportsModernCommandsAndReopenedHistory(command:) started.
✔ Test staleSelectionScopeForgedBoundaryWrongOrderAndForeignCaretRejectAtomically() passed after 71.886 seconds.
✔ Test writingSessionCompositionDefersReceiptsCapturesSelectionAndReleasesOnce() passed after 71.886 seconds.
✔ Test capturedRootBoundarySurvivesAnchorMoveAndDeletionWithoutRetargeting() passed after 71.959 seconds.
✔ Test insertChoosesFirstEditableNestedFieldOrWholeNodeAndUndoesOnce() passed after 71.954 seconds.
✔ Test authoredRichBlockMarksUseTextPolicyWithoutReinterpretingOpaqueMetadata() passed after 71.954 seconds.
✔ Test ancestorOverlapMetadataAndDeletedColumnDestinationReject() passed after 71.954 seconds.
✔ Test deleteReturnsFollowingThenPrecedingTextOrEmptyInsertionWithoutPlaceholder() passed after 71.954 seconds.
✔ Test recoveryRepairPreservesBothAuthorsAndSurvivesRestartAndRemoteUndo() passed after 71.968 seconds.
✔ Test v5RequiredUndoExportsRestartsAndRepairsWithoutLosingPeerMetadata() passed after 71.968 seconds.
✔ Test mixedDeletePreservesLaterPeerAtomsAndIndependentTextWithOneUndo() passed after 71.981 seconds.
✔ Test emptyHeadTraversesMultipleRetiredSplitsButExplicitDeletionDoesNotRetarget() passed after 71.981 seconds.
◇ Test case passing 2 arguments index → 0, actor → "a" to emptyRootExitKeepsOwnerItemChildrenPeerTextAndReopenedUndo(index:actor:) started.
◇ Test case passing 2 arguments index → 0, actor → "z" to emptyRootExitKeepsOwnerItemChildrenPeerTextAndReopenedUndo(index:actor:) started.
◇ Test case passing 2 arguments index → 1, actor → "a" to emptyRootExitKeepsOwnerItemChildrenPeerTextAndReopenedUndo(index:actor:) started.
◇ Test case passing 2 arguments index → 1, actor → "z" to emptyRootExitKeepsOwnerItemChildrenPeerTextAndReopenedUndo(index:actor:) started.
◇ Test case passing 2 arguments index → 2, actor → "a" to emptyRootExitKeepsOwnerItemChildrenPeerTextAndReopenedUndo(index:actor:) started.
◇ Test case passing 2 arguments index → 2, actor → "z" to emptyRootExitKeepsOwnerItemChildrenPeerTextAndReopenedUndo(index:actor:) started.
✔ Test emptySplitHeadReturnsToExactRetainedBoundaryOnUndoIncludingPeerPrefixAndReopen() passed after 72.470 seconds.
✔ Test externalNormalizationFallbackKeepsVisibleNestedOrderAndAllowedRichNodes() passed after 72.470 seconds.
✔ Test bridgeReportsErrorsAndReleasesSessions() passed after 72.470 seconds.
✔ Test v4ConcurrentTextRepairsRetainBothAuthorsAndRecoverAfterBothUndos(actor:) with 2 test cases passed after 72.502 seconds.
✔ Test crossPasteInlineUsesOneAuthorJoinAndPreservesPeerAtoms(actor:reversed:) with 4 test cases passed after 72.526 seconds.
✔ Test retainedSuffixCaretAndPeerReplacementFollowSplitUndoRedoAndReopen() passed after 72.526 seconds.
✔ Test concurrentCutsPartitionSuffixInTextOrderAndEachAuthorUndoRetainsOtherCut() passed after 72.526 seconds.
✔ Test incompatibleMergePolicyTitleAndForgedCutProofRejectWithoutHistoryChanges() passed after 72.572 seconds.
✔ Test structuralPasteAtFieldStartMustRetainCompleteFirstNodeAndAvoidIncidentalBlankPrefix() passed after 72.673 seconds.
✔ Test schemaConversionUndoProjectsPeerItemWithSameIdentityAndSuffix() passed after 72.673 seconds.
✔ Test crossPastePreservesUnseenIntermediateChildAndBoundaryText(actor:) with 2 test cases passed after 72.674 seconds.
◇ Test case passing 1 argument actor → "a" to concurrentFirstAndLastExitsConvergeWithRetainedOrdinals(actor:) started.
◇ Test case passing 1 argument actor → "z" to concurrentFirstAndLastExitsConvergeWithRetainedOrdinals(actor:) started.
✔ Test joinedSourceInputUsesCapturedAtomsAndRejectsUnrelatedFieldAnchor() passed after 72.816 seconds.
✔ Test writingSessionSequentialCutsKeepObservedSiblingOrder(offset:) with 2 test cases passed after 72.818 seconds.
◇ Test case passing 1 argument fault → "duplicate" to forgedParagraphRolesRejectAtomicallyIncludingDisabledEdits(fault:) started.
◇ Test case passing 1 argument fault → "late" to forgedParagraphRolesRejectAtomicallyIncludingDisabledEdits(fault:) started.
◇ Test case passing 1 argument fault → "wrongNode" to forgedParagraphRolesRejectAtomicallyIncludingDisabledEdits(fault:) started.
◇ Test case passing 1 argument fault → "wrongOwner" to forgedParagraphRolesRejectAtomicallyIncludingDisabledEdits(fault:) started.
◇ Test case passing 1 argument fault → "wrongRetirement" to forgedParagraphRolesRejectAtomicallyIncludingDisabledEdits(fault:) started.
◇ Test case passing 1 argument fault → "emptyExposure" to forgedParagraphRolesRejectAtomicallyIncludingDisabledEdits(fault:) started.
◇ Test case passing 1 argument fault → "oldExposure" to forgedParagraphRolesRejectAtomicallyIncludingDisabledEdits(fault:) started.
◇ Test case passing 1 argument fault → "selfAnchor" to forgedParagraphRolesRejectAtomicallyIncludingDisabledEdits(fault:) started.
◇ Test case passing 1 argument fault → "futureRetirement" to forgedParagraphRolesRejectAtomicallyIncludingDisabledEdits(fault:) started.
◇ Test case passing 1 argument fault → "forgedAnchor" to forgedParagraphRolesRejectAtomicallyIncludingDisabledEdits(fault:) started.
◇ Test case passing 1 argument fault → "currentAnchor" to forgedParagraphRolesRejectAtomicallyIncludingDisabledEdits(fault:) started.
✔ Test mergeRetainsRightPeerAtomsAndAnchorsAcrossUndoReopen() passed after 73.123 seconds.
✔ Test nestedChecklistSplitRetainsParentChildrenAndResetsNewItemCheckedState() passed after 73.079 seconds.
◇ Test case passing 1 argument fault → "extraDelete" to forgedEmptyEnterPlansRejectWithoutAcknowledgment(fault:) started.
◇ Test case passing 1 argument fault → "wrongTail" to forgedEmptyEnterPlansRejectWithoutAcknowledgment(fault:) started.
◇ Test case passing 1 argument fault → "wrongRange" to forgedEmptyEnterPlansRejectWithoutAcknowledgment(fault:) started.
◇ Test case passing 1 argument fault → "nonempty" to forgedEmptyEnterPlansRejectWithoutAcknowledgment(fault:) started.
◇ Test case passing 1 argument fault → "wrongPlacement" to forgedEmptyEnterPlansRejectWithoutAcknowledgment(fault:) started.
◇ Test case passing 1 argument fault → "wrongScope" to forgedEmptyEnterPlansRejectWithoutAcknowledgment(fault:) started.
✔ Test capturedCaretRebasesThroughObservedPeerCutBeforeSecondSplit() passed after 73.178 seconds.
◇ Test case passing 1 argument version → 3 to legacyWritingProtocolsRejectDocumentOriginsWithoutAcknowledging(_:) started.
◇ Test case passing 1 argument version → 4 to legacyWritingProtocolsRejectDocumentOriginsWithoutAcknowledging(_:) started.
◇ Test case passing 1 argument version → 6 to legacyWritingProtocolsRejectDocumentOriginsWithoutAcknowledging(_:) started.
✔ Test writingBatchCrossCollectionRangeKeepsBoundaryAncestorsAndUnselectedChildren() passed after 73.205 seconds.
✔ Test splitKeepsHeadingSourceMetadataRichReferencesAndAtomicBoundaries() passed after 73.259 seconds.
◇ Test case passing 1 argument version → 5 to legacyWritingProtocolsRejectDocumentOriginsWithoutAcknowledging(_:) started.
✔ Test writingSessionDeletionCannotCollapseDifferentCutRanks(swap:) with 2 test cases passed after 73.211 seconds.
✔ Test collectionCreationRejectsInvalidScopePolicyCompositionAndLegacyAtomically() passed after 73.212 seconds.
✔ Test v4ConcurrentCutPreservesUnobservedInsertedPrefixInEarlierTail(actor:) with 2 test cases passed after 73.212 seconds.
✔ Test splitAfterColumnRemovalAndUndoKeepsLogicalOriginRoutes() passed after 73.212 seconds.
✔ Test writingBatchRetainedFieldEndFollowsRemoteSuffix(range:) with 3 test cases passed after 73.212 seconds.
✔ Test nestedEmptyChecklistEnterOutdentsAndRetainsHistory() passed after 73.297 seconds.
✔ Test schemaRoleCohortExcludesUnobservedConcurrentRedo(redoActor:) with 2 test cases passed after 73.220 seconds.
✔ Test concurrentColumnCutsRemainReachableAfterFlatteningUndoAndRejoin() passed after 73.221 seconds.
✔ Test hierarchicalPasteSingleInlineKeepsBothOpaqueBoundaries(actor:) with 2 test cases passed after 73.220 seconds.
✔ Test schemaInactiveConversionAllowsEitherAuthorToRepairPriorSortedMetadataConflict(repairConversion:) with 2 test cases passed after 73.220 seconds.
✔ Test seedAnchorsPreserveUnicodeReferencesAndTombstones(version:) with 2 test cases passed after 73.220 seconds.
✔ Test siblingInsertionConflictDoesNotAcknowledgeOrPersistRemoteChanges() passed after 73.220 seconds.
✔ Test undoKeepsRemoteDescendants() passed after 73.201 seconds.
✔ Test schemaEmptyNestedOutdentKeepsChildrenAndUndo() passed after 73.181 seconds.
✔ Test mixedPasteConcurrentCutsOrderCompleteGroupsAndFollowBoundaryPrefix(actor:cut:) with 4 test cases passed after 73.171 seconds.
✔ Test concurrentCyclesAndCollidingMovesFallBackWithoutChangingIDs() passed after 73.208 seconds.
✔ Test mixedPasteAbsorbsOnlyExplicitInlineBoundariesAndFreshensWholeSchemaNodes(actor:) with 2 test cases passed after 73.171 seconds.
✔ Test mixedPasteZeroReplacementRetainsSuffixOriginWithConcurrentSplit(actor:upper:) with 4 test cases passed after 73.171 seconds.
✔ Test concurrentFormattingAndDeletion() passed after 73.171 seconds.
✔ Test retainedPasteCannotRankFromUnobservedSourcePinEvenWithBaselineEdge() passed after 73.171 seconds.
✔ Test schemaConvertedMergeSourceRetainsUnionForEitherAuthorRepair(type:repairConversion:) with 4 test cases passed after 73.171 seconds.
✔ Test nestedPositionsRespectAtomicReferencesAndDoNotChangeSavedState() passed after 73.275 seconds.
✔ Test pasteBlocksAtZeroPreservesOriginalSuffixIdentityAndOpaqueBoundaryMetadata() passed after 73.275 seconds.
✔ Test localHistorySurvivesRestartWithoutRevertingRemoteWork() passed after 73.309 seconds.
✔ Test pasteSpliceRejectsUnobservedSameEditOuterNeighborWhenActiveOrUndone(inactive:) with 2 test cases passed after 73.285 seconds.
✔ Test pasteBlocksRejectsUnsupportedPolicyCompositionAndOldEpochWithoutAcceptedMutation() passed after 73.680 seconds.
✔ Test v5InheritsV4ObservedUnicodeAuthorUndoAndRestart() passed after 73.703 seconds.
✔ Test schemaEmptyRootItemExitPreservesBothIdentitiesAndRemoteHistory(index:actor:) with 6 test cases passed after 73.679 seconds.
✔ Test hierarchicalPasteKeepsOriginalCollectionsAndWholeImportedMetadata(actor:reversed:) with 4 test cases passed after 73.679 seconds.
✔ Test dependentPlacementChainsPreserveExistingContentUntilTheirAnchorArrives(nested:) with 2 test cases passed after 73.680 seconds.
◇ Test case passing 1 argument split → 999.0 to splitRejectsInvalidBoundsAndNonintegerValues(_:) started.
◇ Test case passing 1 argument split → 9001.0 to splitRejectsInvalidBoundsAndNonintegerValues(_:) started.
◇ Test case passing 1 argument split → 5000.5 to splitRejectsInvalidBoundsAndNonintegerValues(_:) started.
◇ Test case passing 1 argument split → inf to splitRejectsInvalidBoundsAndNonintegerValues(_:) started.
◇ Test case passing 1 argument split → nan to splitRejectsInvalidBoundsAndNonintegerValues(_:) started.
◇ Test case passing 1 argument literal → "9007199254740993" to opaqueNumbersCannotSilentlyRoundDuringAdmission(_:) started.
◇ Test case passing 1 argument literal → "1.000000000000000000001" to opaqueNumbersCannotSilentlyRoundDuringAdmission(_:) started.
◇ Test case passing 1 argument literal → "1e-400" to opaqueNumbersCannotSilentlyRoundDuringAdmission(_:) started.
◇ Test case passing 1 argument title → "a
b" to titleRejectsLineBreaksWithoutConsumingBody(_:) started.
◇ Test case passing 1 argument title → "ab" to titleRejectsLineBreaksWithoutConsumingBody(_:) started.
◇ Test case passing 1 argument title → "a
b" to titleRejectsLineBreaksWithoutConsumingBody(_:) started.
◇ Test case passing 1 argument title → "a b" to titleRejectsLineBreaksWithoutConsumingBody(_:) started.
◇ Test case passing 1 argument title → "a b" to titleRejectsLineBreaksWithoutConsumingBody(_:) started.
◇ Test case passing 1 argument literal → "9007199254740992" to exactNumericRoundTripsAllowCanonicalDecimalSpelling(_:) started.
◇ Test case passing 1 argument literal → "0.1" to exactNumericRoundTripsAllowCanonicalDecimalSpelling(_:) started.
◇ Test case passing 1 argument literal → "100e-2" to exactNumericRoundTripsAllowCanonicalDecimalSpelling(_:) started.
◇ Test case passing 1 argument literal → "1.00" to exactNumericRoundTripsAllowCanonicalDecimalSpelling(_:) started.
◇ Test case passing 1 argument literal → "-0.0" to exactNumericRoundTripsAllowCanonicalDecimalSpelling(_:) started.
✔ Test clipboardPlainTextNormalizesLineEndingsInOneUndoAction() passed after 73.881 seconds.
✔ Test writingBatchMoveKeepsNestedOriginsAndRemoteAuthorWork() passed after 73.912 seconds.
✔ Test schemaListTextSemanticsCannotBeSpoofedIntoV3BatchOrRestore(exit:) with 2 test cases passed after 73.904 seconds.
◇ Test case passing 1 argument fault → "first" to invalidHierarchyTargetsRejectWithoutStateHistoryOrReceiptChanges(fault:) started.
◇ Test case passing 1 argument fault → "rootOutdent" to invalidHierarchyTargetsRejectWithoutStateHistoryOrReceiptChanges(fault:) started.
◇ Test case passing 1 argument fault → "noncontiguous" to invalidHierarchyTargetsRejectWithoutStateHistoryOrReceiptChanges(fault:) started.
◇ Test case passing 1 argument fault → "reverse" to invalidHierarchyTargetsRejectWithoutStateHistoryOrReceiptChanges(fault:) started.
◇ Test case passing 1 argument fault → "ancestor" to invalidHierarchyTargetsRejectWithoutStateHistoryOrReceiptChanges(fault:) started.
◇ Test case passing 1 argument fault → "wrongCaret" to invalidHierarchyTargetsRejectWithoutStateHistoryOrReceiptChanges(fault:) started.
◇ Test case passing 1 argument fault → "crossList" to invalidHierarchyTargetsRejectWithoutStateHistoryOrReceiptChanges(fault:) started.
◇ Test case passing 1 argument fault → "collision" to invalidHierarchyTargetsRejectWithoutStateHistoryOrReceiptChanges(fault:) started.
✔ Test v4SequentialInsertionKeepsObservedRunOrderAndPeerUndo(list:actor:) with 4 test cases passed after 74.142 seconds.
✔ Test retainedPasteInsideObservedInsertedToggleKeepsNestedInitialProofs(actor:) with 2 test cases passed after 74.142 seconds.
✔ Test v4SoftBreakAfterInsertedRunSurvivesTransferredAndJoinedHistory(splitFirst:) with 2 test cases passed after 74.486 seconds.
◇ Test case passing 1 argument actor → "a" to multiItemIndentPreservesRichMetadataChildrenPeerTextCaretAndSingleUndo(actor:) started.
◇ Test case passing 1 argument actor → "z" to multiItemIndentPreservesRichMetadataChildrenPeerTextCaretAndSingleUndo(actor:) started.
◇ Test case passing 1 argument fault → "delete" to forgedListPlansRejectEvenWhenDisabledWithoutAcknowledgment(fault:) started.
◇ Test case passing 1 argument fault → "rootMove" to forgedListPlansRejectEvenWhenDisabledWithoutAcknowledgment(fault:) started.
◇ Test case passing 1 argument fault → "wrongPlacement" to forgedListPlansRejectEvenWhenDisabledWithoutAcknowledgment(fault:) started.
◇ Test case passing 1 argument fault → "wrongAnchor" to forgedListPlansRejectEvenWhenDisabledWithoutAcknowledgment(fault:) started.
◇ Test case passing 1 argument fault → "extraSetter" to forgedListPlansRejectEvenWhenDisabledWithoutAcknowledgment(fault:) started.
◇ Test case passing 1 argument fault → "duplicate" to forgedListPlansRejectEvenWhenDisabledWithoutAcknowledgment(fault:) started.
◇ Test case passing 1 argument fault → "empty" to forgedListPlansRejectEvenWhenDisabledWithoutAcknowledgment(fault:) started.
◇ Test case passing 1 argument fault → "wrongScope" to forgedListPlansRejectEvenWhenDisabledWithoutAcknowledgment(fault:) started.
◇ Test case passing 1 argument fault → "futureCapture" to forgedListPlansRejectEvenWhenDisabledWithoutAcknowledgment(fault:) started.
◇ Test case passing 1 argument fault → "futureCaret" to forgedListPlansRejectEvenWhenDisabledWithoutAcknowledgment(fault:) started.
✔ Test retainedPasteDoesNotUpgradeOrAdmitMixedEpochs() passed after 75.008 seconds.
✔ Test schemaMalformedRoleAnchorAndHiddenFirstItemRejectAtomically(fault:) with 5 test cases passed after 75.008 seconds.
✔ Test impossibleSameChangeNodePathsAndInitialAnchorsRejectAtomically(deferredParent:) with 2 test cases passed after 75.031 seconds.
✔ Test hierarchicalPasteOldEpochAndIncompatibleKindRejectAtomically() passed after 75.031 seconds.
✔ Test v4ConcurrentCutsKeepEachObservedPrefixPartition(actor:) with 2 test cases passed after 75.031 seconds.
✔ Test nestedMovesRetainScopedIdentityTextMarksReferencesAndSelections() passed after 75.031 seconds.
✔ Test v4ScalarMetadataPreservesOpaqueCompositeValuesAndRejectsActiveComposition() passed after 75.031 seconds.
✔ Test reusedChildIDsRemainIndependentlyEditable() passed after 75.031 seconds.
✔ Test pasteSpliceExplicitGroupKeepsConcurrentCutsInBoundaryOrder(pasteActor:pasteCut:) with 4 test cases passed after 75.031 seconds.
✔ Test externalNormalizationFreshensSchemaLabelsWithoutChangingOpaqueReferenceData() passed after 75.031 seconds.
✔ Test retainedPasteCanReuseObservedOrdinarySplitTail(actor:) with 2 test cases passed after 75.031 seconds.
✔ Test writingDepthBoundaryKeepsOriginsAndPeerAtomsThroughExplicitRecovery(version:scenario:) with 8 test cases passed after 75.031 seconds.
✔ Test oversizedDocumentAndCapacityErrorsKeepEveryUnappliedChangeRecoverable() passed after 75.042 seconds.
✔ Test insertedDescendantInitialPlacementsAndCausalReorderingRemainValid() passed after 75.031 seconds.
✔ Test v5RejectsMixedVersionsAndUnknownVersionsWithoutAdmission() passed after 75.031 seconds.
✔ Test concurrentDestinationConversionAndParagraphMergePreserveIdentityAndAuthorUndo() passed after 75.031 seconds.
✔ Test schemaOverlappingOwnerRepairRoutesBothHistoricalHeadsAndOriginalAtomOrigin(actor:repairOther:) with 4 test cases passed after 75.031 seconds.
✔ Test knownPriorElementsMustHaveTheReferencedKindAndField() passed after 75.051 seconds.
✔ Test undoNodeInsertionRemovesItsTextButRetainsRemoteAtoms() passed after 75.051 seconds.
✔ Test clipboardRichPastePreservesReferencePayloadAndPeerUndoAcrossReopen() passed after 75.051 seconds.
✔ Test writingBatchDuplicateCopiesRichDescendantsWithFreshOrigins() passed after 75.138 seconds.
✔ Test createdListDescendantsRetainOpaqueTypeMetadata(metadataType:) with 3 test cases passed after 75.138 seconds.
✔ Test copiedFilesAndPreviewsRemainInertAndRequireExplicitSafeMetadataPermission() passed after 75.137 seconds.
✔ Test sequentialSpliceBeforeFirstImportedMemberMustPrecedeWholeEarlierGroup() passed after 75.138 seconds.
✔ Test writingSessionConcurrentMergeSplitFollowsBoundary(swap:side:) with 4 test cases passed after 75.138 seconds.
✔ Test receivePreparationOnlyRunsForValidatedStateChanges() passed after 75.134 seconds.
◇ Test case passing 1 argument metadata → [:] to invalidMetadataNeverChangesAcceptedHistoryOrRequestRecord(_:) started.
◇ Test case passing 1 argument metadata → ["id": BlockEditorCore.JSONValue.string("new")] to invalidMetadataNeverChangesAcceptedHistoryOrRequestRecord(_:) started.
◇ Test case passing 1 argument metadata → ["caption": BlockEditorCore.JSONValue.array([])] to invalidMetadataNeverChangesAcceptedHistoryOrRequestRecord(_:) started.
◇ Test case passing 1 argument metadata → ["consumer": BlockEditorCore.JSONValue.object([:])] to invalidMetadataNeverChangesAcceptedHistoryOrRequestRecord(_:) started.
◇ Test case passing 1 argument metadata → ["src": BlockEditorCore.JSONValue.null] to invalidMetadataNeverChangesAcceptedHistoryOrRequestRecord(_:) started.
◇ Test case passing 1 argument metadata → ["width": BlockEditorCore.JSONValue.number(-1.0)] to invalidMetadataNeverChangesAcceptedHistoryOrRequestRecord(_:) started.
◇ Test case passing 1 argument metadata → ["alt": BlockEditorCore.JSONValue.number(5.0)] to invalidMetadataNeverChangesAcceptedHistoryOrRequestRecord(_:) started.
◇ Test case passing 1 argument metadata → ["height": BlockEditorCore.JSONValue.number(1.5)] to invalidMetadataNeverChangesAcceptedHistoryOrRequestRecord(_:) started.
✔ Test modernItemRowCellPayloadsValidateSemanticMarksWithoutLegacyAdmission() passed after 76.105 seconds.
✔ Test versionUnknownFieldsDuplicateKeysFallbackMismatchAndNestedLayoutReject() passed after 76.104 seconds.
✔ Test sameFieldPeerInsertionDoesNotInventAParagraphBreakInCapturedCopy() passed after 75.523 seconds.
✔ Test modernMarksReferencesAndOpaqueNodeDataRemainExactWithSeparatePastePolicy() passed after 75.523 seconds.
✔ Test hiddenToggleAndTwoColumnsCopyAllContentSplitAndOpaqueMetadataInLogicalOrder() passed after 75.523 seconds.
✔ Test readOnlyCopyWorksUnderCompositionAndAuthoringPolicyButTitleCannotMixWithBody() passed after 76.108 seconds.
✔ Test malformedNodeKindsDepthAndFutureScopeRejectWithoutHistoryMutation() passed after 75.427 seconds.
✔ Test mixedWholeAndBackwardPartialCopyHasLiteralOrderAndLeavesHistoryFocusUntouched() passed after 75.523 seconds.
✔ Test wholeSubtreeCopySuppressesRedundantPartialRangesAndTracksCurrentMaterialization() passed after 76.105 seconds.
✔ Test callbacksObserveFinalHistoryAndCannotReenterPublication() passed after 74.437 seconds.
✔ Test malformedOperationWithMissingDependencyRejectsInsteadOfCreatingRecovery() passed after 74.434 seconds.
✔ Test unobservedReferencesDuplicateBirthsCrossFieldRoutesAndForeignUndoReject() passed after 74.434 seconds.
✔ Test independentAppearanceRegistersAndSameFieldWinsConvergeAcrossOrder(_:) with 2 test cases passed after 74.434 seconds.
✔ Test capturedAtomsFollowPeerSplitsWhileUnobservedPeerTextAndOverlappingRangesDoNotDuplicate() passed after 75.427 seconds.
✔ Test typingGroupUndoRetainsPeerAtomsAndHistoryOrderAcrossReopen() passed after 74.440 seconds.
✔ Test schemaUnionRecoveryRetainsBothAuthorsAndRepairDisablesOnlyOwnEdit() passed after 74.428 seconds.
✔ Test compositionHoldPreservesLocalDraftBoundaryQueuesNoReceiptAndReleasesOnce() passed after 74.423 seconds.
✔ Test invalidDeferredPacketRemainsExportableAndQueueLimitDoesNotAcknowledge() passed after 74.407 seconds.
✔ Test mismatchedScopeUnsupportedFormatDuplicateKeysAndLossyNumbersRejectUnchanged() passed after 74.385 seconds.
✔ Test malformedPlainTitleAndInactiveTransactionsNeverAcknowledge(_:) with 2 test cases passed after 74.385 seconds.
✔ Test noopsAndFailedCommandsPreserveAcceptedHistoryAndCompositionEndsTypingGroup() passed after 74.385 seconds.
✔ Test anchoredBackwardRangeRetainsUnobservedPeerTextAndUnicodeCaret() passed after 74.381 seconds.
✔ Test missingCausalPacketIsSeparatelyRecoverableWithoutReceiptThenAcceptsUnion() passed after 74.385 seconds.
✔ Test unknownWireFieldsAndMalformedSavedHistoryRejectRatherThanDisappear() passed after 74.381 seconds.
✔ Test independentTitleAppearanceFixturesPassSharedSessionPeerUndoRedoAndReopen() passed after 74.423 seconds.
✔ Test concurrentDeletionKeepsDefaultsForRestorationWithoutResurrectingContent() passed after 74.256 seconds.
✔ Test blockDefaultsFollowScopedMovementAndSchemaConversionWithoutCopyingText() passed after 74.237 seconds.
✔ Test localCompositionAndCommandPoliciesPreserveRemoteDefaultsAndLinkHistory() passed after 74.237 seconds.
✔ Test invalidLinksNeverMutateStateOrStripExistingMarks(href:) with 8 test cases passed after 74.237 seconds.
✔ Test multiBlockDefaultsPreservePeerTextOpaqueDataCaretAndOneUndoReopen() passed after 74.237 seconds.
✔ Test insertedDefaultIncrementalPacketRecoversAfterItsValidBirthArrives() passed after 23.085 seconds.
✔ Test invalidLabelsLiteralFieldsAndStaleLinkCapturesRejectUnchanged() passed after 23.085 seconds.
✔ Test rangeLinksPreserveCapturedAtomsPeerTextBackwardSelectionAndUndoReopen() passed after 23.085 seconds.
✔ Test resetsRemoveOnlyOverridesAndMixedStateIncludesInheritedDefaults() passed after 23.085 seconds.
✔ Test invalidSemanticTargetsAndRolesRejectAtomically(fault:) with 10 test cases passed after 23.085 seconds.
✔ Test sameDefaultRegisterConvergesAndAuthorUndoRevealsPeerRole() passed after 23.053 seconds.
✔ Test explicitLabelInsertionUsesCapturedCaretInheritedMarksAndOneAuthorStep() passed after 23.084 seconds.
✔ Test inlineRolesAndLinksKeepWholeAtomicReferencesAndInheritedListDefaults() passed after 74.336 seconds.
✔ Test malformedSemanticPacketsRejectEvenInactiveWithoutReceiptOrRecovery(fault:) with 6 test cases passed after 18.745 seconds.
✔ Test packetCountRawBytesAndHeldBytesUseIndependentLimitsWithoutReceipt() passed after 74.434 seconds.
✔ Test resizePacketBeforeLayoutBirthRetainsRecoveryThenConvergesWithoutPromotingReceipt() passed after 22.551 seconds.
✔ Test capturedBackwardTextInkAndPeerFillKeepPeerInsertionsOutsideFormatting() passed after 18.745 seconds.
✔ Test semanticCaretAndAlreadyMatchingMarksDoNotCreateHistory() passed after 18.541 seconds.
✔ Test defaultOnExposedPeerParagraphSurvivesOriginalListCreationRedoAndOwnUndo() passed after 23.035 seconds.
✔ Test invalidNestedAndNoncontiguousCreationAndSplitDoNotChangeSavedHistory() passed after 18.539 seconds.
✔ Test checkedBridgeReportsSemanticStateLinkResultsPolicyAndUnchangedInvalidArguments() passed after 18.441 seconds.
✔ Test removalUndoKeepsInsertionsAnchoredAfterPreviouslyFlattenedChildOutsideLayout() passed after 18.582 seconds.
✔ Test emptyRemovalReturnsUsableInsertionBoundaryAtFormerLayoutPosition() passed after 18.429 seconds.
✔ Test malformedInactiveColumnOperationAndCausallyRemovedTargetsReject() passed after 12.929 seconds.
✔ Test capturedMarksAndStateFollowAllActualFieldsAfterPeerSplitAndReopen() passed after 18.429 seconds.
✔ Test conflictingFlattenedLabelsRetainUnionUntilAuthorRepairInsteadOfLosingPeerChild() passed after 17.836 seconds.
✔ Test emptyCreationHasNoPlaceholderAndAllowsOutsideLayoutNestedBoundaries() passed after 12.829 seconds.
✔ Test removalDoesNotOverrideIndependentPeerMoveAndConcurrentRemovalsNeverDuplicate() passed after 18.429 seconds.
✔ Test modernColumnRoutesRejectAtEveryLegacyProtocolWithoutReceiptOrSaveChanges() passed after 12.698 seconds.
✔ Test creationUndoFlattensPeerChildrenAfterRestoredSelectionAndRetainsHistoricalAnchors() passed after 18.127 seconds.
✔ Test creationMatchesIndependentFixtureAndKeepsCaretOriginsOneUndoAndReopen() passed after 12.699 seconds.
✔ Test forgedStructuralAndUnobservedInsertedTextPacketsNeverAcknowledge() passed after 11.138 seconds.
✔ Test independentInsertionsAndMovesConvergeInEitherReceiveOrder() passed after 11.138 seconds.
✔ Test policyCompositionCancelFailureAndReopenPreserveProviderRecordsWithoutAutomaticCompletion() passed after 11.275 seconds.
✔ Test checkedCompletionReturnsNoFocusAndRequestStateIsSeparateFromAcceptedSave() passed after 11.144 seconds.
✔ Test incrementalInsertedFieldPacketBeforeBirthRetainsRecoveryThenConverges() passed after 11.137 seconds.
✔ Test acceptedACC15SwitchRetainsResultWithoutReplacementMutationOrOriginAcknowledgment() passed after 11.138 seconds.
✔ Test concurrentScopedLabelConflictRetainsUnionAndAuthorRepairKeepsPeerBirth() passed after 11.092 seconds.
✔ Test deletionRetainsPeerHistoryAndStaleTargetsCannotHitReusedLabels() passed after 11.090 seconds.
✔ Test columnMovesKeepScopedOriginsCaretPeerTextAndOneAuthorUndo() passed after 11.120 seconds.
✔ Test insertionUndoWithoutPeerWorkHidesBirthButDoesNotReuseOrigin() passed after 11.069 seconds.
✔ Test semanticInsertionsAndObservedSubtreeDeletionRetainNestedOriginsThroughUndo() passed after 11.069 seconds.
✔ Test invalidStructuralCommandsAreAtomicAndPolicyDoesNotStripPeerContent() passed after 11.069 seconds.
✔ Test insertedBodyFieldsShareTitleHistoryPeerUndoAndReopen() passed after 11.090 seconds.
✔ Test synchronizedResizeLWWAuthorUndoReopenAndNoopMatchIndependentSnapshots() passed after 12.699 seconds.
✔ Test opaqueBlockIsCopiedVerbatimWithItsOnlyKnownSchemaIDFreshened() passed after 11.090 seconds.
✔ Test unchangedConversionAndLossyOrInvalidTargetsDoNotChangeSavedHistory() passed after 10.872 seconds.
✔ Test copiedExposedPeerParagraphAndFollowingAnchorSurviveOriginalListRedo() passed after 10.943 seconds.
✔ Test distinctCommandPolicyCompositionAndTitleRejectWithoutMutatingHistory() passed after 10.872 seconds.
✔ Test removalMatchesFlattenedFixtureRestoresSplitAndCaretAndRoutesLatePeerPackets() passed after 18.287 seconds.
✔ Test conversionPreservesRichReferenceOpaqueFieldsAndCaretInsideAtomicLabel() passed after 10.872 seconds.
✔ Test duplicateFromPeerSplitCopiesOnlyCurrentVisibleContentNotBirthPayload() passed after 11.092 seconds.
✔ Test malformedInactiveConversionRejectsBeforeMissingCausalRecovery() passed after 10.871 seconds.
✔ Test codeBornCaretCanSplitAfterParagraphConversion() passed after 10.871 seconds.
✔ Test listStyleConversionKeepsNestedChecklistOriginsStateAndFieldCaret() passed after 10.862 seconds.
✔ Test activeExitWhosePeerRestoresColumnsRetainsRecoveryAndAuthorCanRepair() passed after 10.873 seconds.
✔ Test forgedCopyPayloadAndInvisibleMalformedPacketsRejectAtomically() passed after 10.875 seconds.
✔ Test deletedSourceAndOwnerReusedLabelsScopeAndPolicyRejectUnchanged() passed after 10.939 seconds.
✔ Test retainedPeerParagraphSupportsModernCommandsAndReopenedHistory(command:) with 8 test cases passed after 10.862 seconds.
✔ Test sameContentConversionMatchesIndependentConcurrentSuffixFixturesThroughUndoReopenAndDuplicatePackets() passed after 10.871 seconds.
✔ Test concurrentHeadingRegisterUndoRevealsPeerValueInsteadOfOverwritingIt() passed after 10.854 seconds.
✔ Test softBreakMatchesIndependentFixtureAndSharesOneUndoWithPeerSafeCapturedReplacement() passed after 10.854 seconds.
✔ Test nestedEmptyOutdentRetainsMetadataDescendantsCapturedCaretAndUndo() passed after 10.819 seconds.
✔ Test emptyRootExitKeepsOwnerItemChildrenPeerTextAndReopenedUndo(index:actor:) with 6 test cases passed after 10.605 seconds.
✔ Test capturedOrderSurvivesPeerMovesAndHistoricalDeletedBoundaryRemainsUsable() passed after 10.756 seconds.
✔ Test columnDestinationAdmitsOrdinaryCopiesAndRejectsNestedLayoutOrDeletedOwner() passed after 10.872 seconds.
✔ Test malformedTargetsAndPoliciesCompositionAndScopeLeaveStateUnchanged() passed after 10.441 seconds.
✔ Test independentNestedMoveFixtureKeepsSelectionOriginAndSingleUndoReopen() passed after 10.300 seconds.
✔ Test checkedInsertFocusAndWholeBodyDeleteInsertionTargetAreUsableAndAtomic() passed after 10.283 seconds.
✔ Test acceptedDuplicateLiteralSelectsCopyAndFocusesItsFirstInputOneStep() passed after 10.544 seconds.
✔ Test concurrentFirstAndLastExitsConvergeWithRetainedOrdinals(actor:) with 2 test cases passed after 10.236 seconds.
✔ Test nestedListsTablesColumnsFreshenOnlySchemaIDsAndRetainLiteralRichAndOpaqueFields() passed after 10.855 seconds.
✔ Test capturedEmptyItemWithObservedPeerTypingSplitsWithoutReinterpretingAsExit() passed after 10.207 seconds.
✔ Test forgedParagraphRolesRejectAtomicallyIncludingDisabledEdits(fault:) with 11 test cases passed after 10.164 seconds.
✔ Test retainedRoleSurvivesOriginalCreationRedoAndUndoAndKeepsFollowingAnchor() passed after 10.207 seconds.
✔ Test admissionCopiesObservedTextButLaterOriginalPeerEditsAndUndoRemainIndependent() passed after 10.517 seconds.
✔ Test forgedEmptyEnterPlansRejectWithoutAcknowledgment(fault:) with 6 test cases passed after 10.081 seconds.
✔ Test legacyWritingProtocolsRejectDocumentOriginsWithoutAcknowledging(_:) with 4 test cases passed after 10.073 seconds.
✔ Test documentTitleHasAnExplicitOriginOutsideBodyAndConsumerIDs() passed after 9.961 seconds.
✔ Test legacyStructuralProtocolRejectsDocumentOriginMutationAtomically() passed after 9.910 seconds.
✔ Test twoColumnsKeepScopedChildOriginsAndLogicalAddressOrder() passed after 9.910 seconds.
✔ Test copiedChildPeersRemainRecoverableAcrossAuthorUndoRedoAndReopen() passed after 10.442 seconds.
◇ Test case passing 2 arguments version → 4, excess → 1 to actual32MBUnionRetainsRejectedHistoryAndPeerMetadata(version:excess:) started.
✔ Test titleReplayAndAuthorDeactivationKeepPeerTextAndBodyIndependent() passed after 9.944 seconds.
✔ Test exhaustedConcurrentPartitionsRemainRecoverableUntilAuthorRepair() passed after 10.116 seconds.
✔ Test localPolicyAndCompositionReturnUnchangedUnavailableAndPreservePeerRichContent() passed after 9.409 seconds.
✔ Test explicitModernEndpointsReturnCheckedTransactionsFocusAndSavedAuthorHistory() passed after 9.409 seconds.
✔ Test heldPacketsExportRestoreAndReleaseWithoutPrematureReceipts() passed after 9.409 seconds.
✔ Test legacyEntryPointsHandleCollisionsAndMalformedModernRequestsDoNotPromoteOrMutate() passed after 9.409 seconds.
✔ Test capturedFormattingPreservesDirectionAndLeavesUnobservedPeerAtomsUnformatted() passed after 9.409 seconds.
✔ Test codeFormattingAndTitleConversionRejectWithoutHistoryOrReceiptChanges() passed after 9.405 seconds.
✔ Test capturedBackwardReplacementPreservesPeerInsertionThroughTheBridge() passed after 9.409 seconds.
✔ Test splitNoncollapsedCapturedRangeStillDeletesOnlyObservedAtomsAfterSchemaRoundTrip() passed after 9.401 seconds.
✔ Test concurrentListConversionsRetainRecoveryUntilOwnUndoKeepsPeerBranch() passed after 9.401 seconds.
✔ Test emptyExitAfterColumnFlattenRetainsLogicalPlacementPeerTextAndUndo() passed after 10.108 seconds.
✔ Test opaqueContentOnCodeBlocksCannotBeDiscardedByLocalOrInactiveRemoteListConversion() passed after 9.401 seconds.
✔ Test undoListConversionExposesPeerSplitAsRetainedParagraphInsteadOfDroppingIt() passed after 9.405 seconds.
✔ Test textAuthoredAtConvertedCodeBirthFollowsConversionUndoAndCapturedReplacementAliases() passed after 9.401 seconds.
✔ Test soleListItemCollapseRetainsCheckedMetadataChildOriginsPeerTextAndUndo() passed after 9.401 seconds.
✔ Test concurrentCodeConversionsConvergeAndEachUndoKeepsPeerHead() passed after 9.401 seconds.
✔ Test malformedInactiveSchemaConversionRejectsBeforeMissingPredecessorAndKeepsReceipt() passed after 9.399 seconds.
✔ Test listConversionPreservesAtomsCaretPeerReplacementAndChecklistStateThroughUndo() passed after 9.399 seconds.
✔ Test codeFieldPacketArrivingBeforeBaselineAliasBirthRetainsThenResolvesRecovery() passed after 9.399 seconds.
✔ Test forgedTextUsesOfRetiredContentAliasRejectEvenWhenInactive() passed after 9.399 seconds.
✔ Test laterSchemaConversionRetainsTextCreatedInItsBirthsOwnCompoundPacket() passed after 9.400 seconds.
✔ Test futureJoinCannotJustifyForgedAnchorInEarlierCapturedField() passed after 9.399 seconds.
✔ Test codeBirthTextCanBecomeRichParagraphWithoutLosingOriginalOriginsOrOpaqueLanguage() passed after 9.399 seconds.
✔ Test modernSnapshotDoesNotBroadenLegacyMarkOrSessionAdmission() passed after 8.970 seconds.
✔ Test splitRejectsInvalidBoundsAndNonintegerValues(_:) with 5 test cases passed after 8.970 seconds.
✔ Test richCodeConversionAndOpaqueFieldCollisionsRejectWithoutChangingSavedHistory() passed after 9.399 seconds.
✔ Test codeConversionRetainsCapturedCaretPeerTextAndFieldAliasesThroughUndoRedoAndReopen() passed after 9.400 seconds.
✔ Test opaqueNumbersCannotSilentlyRoundDuringAdmission(_:) with 3 test cases passed after 8.969 seconds.
✔ Test appearanceAndPaletteRejectUnrecognizedPresetsAndRoles() passed after 8.969 seconds.
✔ Test titleRejectsLineBreaksWithoutConsumingBody(_:) with 5 test cases passed after 8.969 seconds.
✔ Test exactNumericRoundTripsAllowCanonicalDecimalSpelling(_:) with 5 test cases passed after 8.969 seconds.
✔ Test explicitNewDocumentDefaultsDoNotSilentlyUpgradeMissingWireFields() passed after 8.969 seconds.
✔ Test duplicateRawKeysIncludingEscapedKeysRejectBeforeSemanticAdmission() passed after 8.967 seconds.
✔ Test nestedColumnsRejectEvenThroughToggleDescendantsButIndependentLayoutsRemainValid() passed after 8.969 seconds.
✔ Test soleEmptyChecklistEnterPreservesOwnerChildOriginsAndPeerTextThroughUndoReopen() passed after 9.400 seconds.
✔ Test codeAndListConversionsInsideColumnsKeepLogicalOwnersAcrossFlattenAndUndo() passed after 9.400 seconds.
✔ Test exactTwoContainersAndScopedIdentitiesAreRequired() passed after 8.967 seconds.
✔ Test invalidHierarchyTargetsRejectWithoutStateHistoryOrReceiptChanges(fault:) with 8 test cases passed after 8.962 seconds.
✔ Test capturedItemsFollowObservedPeerMovesBeforeStyleAndChecklistCommands() passed after 8.962 seconds.
✔ Test hierarchyHistoryRetainsLateBirthRecoveryUntilCreatorPacketArrives() passed after 8.962 seconds.
✔ Test multiItemOutdentKeepsUnselectedChildrenAndReopenedPeerEdits() passed after 8.962 seconds.
✔ Test concurrentListStylesConvergeAndUndoRevealsPeerWinner() passed after 8.917 seconds.
✔ Test compositionAndReducedActionPolicyRejectLocalStyleButPreserveRemoteStyleAndChecks() passed after 8.828 seconds.
✔ Test activeInlineCodeUnionRetainsAcceptedStateUntilAuthorRepair() passed after 8.828 seconds.
✔ Test bodyFieldsInsideColumnsRemainDistinctAndLiteralAtomsRejectRichMarks() passed after 74.461 seconds.
✔ Test nativeJSONEnvelopeChecksListArgumentsPolicyCapturesAndFocus() passed after 8.792 seconds.
✔ Test directListStyleConversionPreservesPeerStyleAfterCreatorUndo() passed after 8.786 seconds.
✔ Test existingLimitsAndOpaqueMetadataArePreserved() passed after 8.970 seconds.
✔ Test inactiveInlineConversionDoesNotConflictWithPeerCodeShape() passed after 8.786 seconds.
✔ Test styleChangesDeduplicateContainingOwnersAndPreserveCheckedRichAndOpaqueFields() passed after 8.828 seconds.
✔ Test reorderBetweenListsPreservesOriginsCheckedStatePeerTextAndNoopHistory() passed after 8.828 seconds.
✔ Test peerStyleAndChecklistHistorySurviveListCreationUndoAndRedo() passed after 8.786 seconds.
✔ Test forgedListPlansRejectEvenWhenDisabledWithoutAcknowledgment(fault:) with 10 test cases passed after 8.787 seconds.
✔ Test multiItemIndentPreservesRichMetadataChildrenPeerTextCaretAndSingleUndo(actor:) with 2 test cases passed after 8.787 seconds.
✔ Test concurrentNestedMovesPreserveBothAuthorsAndUndoUsesRemainingPlacement() passed after 8.787 seconds.
✔ Test foreignForgedAndExtraTargetFieldsRejectCopyUnchanged() passed after 6.568 seconds.
✔ Test checkedCopyReturnsVersionedPayloadAndFallbackWithoutDocumentHistoryOrFocusMutation() passed after 6.568 seconds.
✔ Test genericBlockCommandsKeepItemTableAndDocumentBoundariesClosed() passed after 8.742 seconds.
✔ Test modernFileValidationDoesNotReinterpretLegacyOpaqueFiles() passed after 6.490 seconds.
✔ Test forgedAppliedLocalReceiptCannotAcknowledgePendingOriginAfterReopen() passed after 6.490 seconds.
✔ Test failureAndInterruptedReopenPreserveLocalPendingErrorResultWithoutSharedMutation() passed after 6.456 seconds.
✔ Test sourceChangeRetainsOldResultAndFreshTargetCompletesWithoutOverwritingNewPreviewURL() passed after 6.490 seconds.
✔ Test checklistUpdatesOnlyChangedItemsAndOneUndoRetainsDisjointPeerWrites() passed after 8.745 seconds.
✔ Test acceptedReplacementDocumentAndEpochRejectLateResultWithOriginReceiptStillPending() passed after 6.457 seconds.
✔ Test completionPublicationPreservesAnotherRequestFailureFromTheHostCallback() passed after 6.457 seconds.
✔ Test fileInsertionAndCompletionAreSeparateStepsAndKeepConsumerPendingMetadata() passed after 6.490 seconds.
✔ Test unchangedResultAndRepeatedDeliveryHaveNoHistoryAndNoAutomaticRedo() passed after 6.457 seconds.
✔ Test cancellationSupersededGenerationAndReusedRequestIDCannotApplyLateResult() passed after 6.457 seconds.
✔ Test forgedSharedMetadataAndWrongSourceProofRejectEvenWhenInactive() passed after 6.457 seconds.
✔ Test previewOnlyUpdatesDescriptiveMetadataAndExplicitNullRemovesOptionalValues() passed after 6.457 seconds.
✔ Test invalidMetadataNeverChangesAcceptedHistoryOrRequestRecord(_:) with 8 test cases passed after 6.457 seconds.
✔ Test completionPreservesPeerCaptionOpaqueMetadataAndOriginalOriginThroughMoveUndoReopen() passed after 6.457 seconds.
✔ Test concurrentDeletionPreventsValidPeerCompletionFromRecreatingContent() passed after 6.457 seconds.
✔ Test policyAndCompositionRetainInertResultForExplicitResubmissionAndDoNotChangeHistory() passed after 6.457 seconds.
✔ Suite ModernCommandTargetsTests passed after 76.603 seconds.
✔ Suite ModernSplitMergeTests passed after 76.603 seconds.
✔ Test deletedOrReusedLabelNeverReceivesCompletionAndExplicitRetryAfterDeletionUndoIsPossible() passed after 6.457 seconds.
✔ Suite ModernClipboardTests passed after 76.603 seconds.
✔ Suite ModernSessionTests passed after 76.603 seconds.
✔ Suite ModernInlineCommandsTests passed after 76.603 seconds.
✔ Suite ModernColumnTests passed after 76.603 seconds.
✔ Suite ModernStructureTests passed after 76.603 seconds.
✔ Suite ModernAsyncBridgeTests passed after 76.603 seconds.
✔ Suite ModernDuplicationTests passed after 76.603 seconds.
✔ Suite ModernBlockCommandsTests passed after 76.603 seconds.
✔ Suite ModernListRoleTests passed after 76.603 seconds.
✔ Suite ModernStructuralBridgeTests passed after 76.603 seconds.
✔ Suite ModernBridgeTests passed after 76.602 seconds.
✔ Suite ModernSchemaConversionTests passed after 76.602 seconds.
✔ Suite ModernListStructureTests passed after 76.602 seconds.
✔ Suite ModernClipboardBridgeTests passed after 76.602 seconds.
✔ Test independentConcurrentMetadataRegistersComposeAndAuthorUndoRevealsPeerWinner() passed after 6.592 seconds.
✔ Test independentSnapshotsRetainEveryAdmittedFieldAndCanonicalRoundTrip() passed after 10.093 seconds.
✔ Suite ModernDocumentTests passed after 77.727 seconds.
✔ Test localArchiveAndGenerationValidationAreAtomicAndCapacityNeedsExplicitForget() passed after 7.595 seconds.
✔ Test writingMathThresholdUnionAt10001RetainsProposalAndRepairsWithoutLosingPeerAtoms(version:actor:) with 4 test cases passed after 78.769 seconds.
✔ Test nearFullArchiveReservesFailureAndCancellationWithoutLosingAcceptedLocalState() passed after 9.949 seconds.
✔ Suite ModernAsyncCommandsTests passed after 80.084 seconds.
✔ Test incrementalLocalEditsMatchFullReplayAfterEveryAction() passed after 82.454 seconds.
✔ Test sharedStructureBridgeFixture() passed after 86.052 seconds.
✔ Test allIndependentModernSnapshotsKeepExactJSONThroughSharedProjection() passed after 20.696 seconds.
✔ Suite ModernProjectionTests passed after 87.282 seconds.
✔ Test rootCountLimitUnionRepairsIntoAnExistingContainerWithoutDroppingBlocks() passed after 87.532 seconds.
◇ Test case passing 2 arguments version → 5, excess → 0 to actual32MBUnionRetainsRejectedHistoryAndPeerMetadata(version:excess:) started.
◇ Test case passing 2 arguments version → 5, excess → 1 to actual32MBUnionRetainsRejectedHistoryAndPeerMetadata(version:excess:) started.
✔ Test actual32MBUnionRetainsRejectedHistoryAndPeerMetadata(version:excess:) with 4 test cases passed after 116.787 seconds.
◇ Test actual64MBRetainedBudgetPreservesCallerOwnedRejectedPacket(version:) started.
◇ Test case passing 1 argument version → 4 to actual64MBRetainedBudgetPreservesCallerOwnedRejectedPacket(version:) started.
◇ Test case passing 1 argument version → 5 to actual64MBRetainedBudgetPreservesCallerOwnedRejectedPacket(version:) started.
✔ Test actual64MBRetainedBudgetPreservesCallerOwnedRejectedPacket(version:) with 2 test cases passed after 6.733 seconds.
◇ Test actual10000RootUnionCountsRootsAndRetainsPeerDescendants(version:roots:) started.
◇ Test case passing 2 arguments version → 4, roots → 9998 to actual10000RootUnionCountsRootsAndRetainsPeerDescendants(version:roots:) started.
◇ Test case passing 2 arguments version → 4, roots → 9999 to actual10000RootUnionCountsRootsAndRetainsPeerDescendants(version:roots:) started.
◇ Test case passing 2 arguments version → 5, roots → 9998 to actual10000RootUnionCountsRootsAndRetainsPeerDescendants(version:roots:) started.
◇ Test case passing 2 arguments version → 5, roots → 9999 to actual10000RootUnionCountsRootsAndRetainsPeerDescendants(version:roots:) started.
✔ Test actual10000RootUnionCountsRootsAndRetainsPeerDescendants(version:roots:) with 4 test cases passed after 340.315 seconds.
✔ Suite WritingByteRootBoundaryTests passed after 464.092 seconds.
✔ Test run with 484 tests in 20 suites passed after 464.093 seconds.
◇ Test run started.
↳ Testing Library Version: 2084
↳ Target Platform: arm64e-apple-macos14.0
◇ Test writingNativeCopyRoundTripRetainsRichReferenceWithoutAuthorMutation(version:) started.
◇ Test writingNativeStructuredPasteFinalizesMarkedDraftAndKeepsPeerAuthorHistory(version:) started.
◇ Test writingImmediateRepeatedEnterUsesThePendingDestinationIdentityAndCaret() started.
◇ Test writingRemoteSplitOfUnfocusedFieldDoesNotStealAnotherFieldsFocus() started.
◇ Test writingListInsertionPreflightKeepsMarkedDraftAndHeldPeersOnDisabledOrRetiredActions(version:) started.
◇ Test compositionCommitsBeforeRemoteChangesAndPreservesAuthorUndo() started.
◇ Test appKitSelectionAndUnicodeInsertionFollowRemoteText() started.
◇ Test checklistCommandFollowsOriginAfterCompositionReleasesMoveAndLabelReuse() started.
◇ Test writingListInsertionRetainsFailedCompositionAndUsesCurrentDrainedStyle(version:) started.
◇ Test nativeInsertionsRespectPolicyAndPreserveExistingContent() started.
◇ Test writingNativePlainPasteUsesExistingSharedInlineCommand(version:replacingSelection:) started.
◇ Test appKitCompositionCommitsUnicodeBeforeRemoteReplay() started.
◇ Test writingNativeClipboardKeepsExplicitProtocolAndEpoch(version:) started.
◇ Test failedCompositionCommitStopsLocalCommandWithoutDroppingRemoteHold() started.
◇ Test writingPendingTargetMarkedInputCommitsBeforeAnotherEnterAndRetainsPeerUndo(list:emptyTail:) started.
◇ Test fullEditorViewRebindsAReusedLabelToItsNewOrigin() started.
◇ Test writingListAddNestedItemExplicitlyCreatesAbsentCollectionAndUndoesExactly(version:) started.
◇ Test writingNativePasteRespectsRetiredLeaseAndHostRestrictions(version:) started.
◇ Test writingRenderedListConvertRejectsTargetReparentingDuringDrain(version:) started.
◇ Test committedPlatformInputPreservesMarksAndReferences() started.
◇ Test platformCommandCommitsEntryBeforeUndoAndRemoteReplay() started.
◇ Test writingRenderedCallbacksCannotReauthorizeAfterMoveAndReturn(version:) started.
◇ Test unchangedReplayDoesNotLeaveFocusCaptureForALaterReparent() started.
◇ Test writingNativeTypingAppliesSharedMarkdownAndRespectsDisabledTypes() started.
◇ Test appleSelectionMapsRemoteEditsAndDisposalReleasesComposition() started.
◇ Test writingRetainedChecklistSetterKeepsOriginAfterMoveAndRejectsDeletedReuse() started.
◇ Test writingSplitTailUndoKeepsEmptyOrAtomicReferenceBoundary(empty:) started.
◇ Test case passing 1 argument version → 6 to writingNativeCopyRoundTripRetainsRichReferenceWithoutAuthorMutation(version:) started.
◇ Test writingEmptyTailUndoAndRedoRetainsNativeHeadPositionProvenance() started.
◇ Test case passing 1 argument version → 4 to writingNativeStructuredPasteFinalizesMarkedDraftAndKeepsPeerAuthorHistory(version:) started.
◇ Test appKitToolbarUndoCommitsCompositionBeforeUndoAndRemoteReplay() started.
◇ Test case passing 1 argument version → 4 to writingNativeCopyRoundTripRetainsRichReferenceWithoutAuthorMutation(version:) started.
◇ Test fullEditorViewPreservesFocusedOriginAfterRemoteReparentAndLabelReuse(scenario:) started.
◇ Test writingFailedLocalCommandExpiresCaptureBeforeIntentionalBlurAndRemoteReparent() started.
◇ Test case passing 1 argument version → 5 to writingNativeCopyRoundTripRetainsRichReferenceWithoutAuthorMutation(version:) started.
◇ Test writingNativeStructuralMarkdownUsesSharedNodesAndHostFallbackWithoutAssets(version:) started.
◇ Test case passing 1 argument version → 5 to writingNativeStructuredPasteFinalizesMarkedDraftAndKeepsPeerAuthorHistory(version:) started.
◇ Test writingPendingTargetSelectionFormatsItsRenderedRichFieldBeforeLayout() started.
◇ Test writingFocusedFormattingRetainsNativeRangeAndUpstreamAffinityAfterScheduledFocusWork() started.
◇ Test writingListAddItemFinalizesAndDrainsBeforeFreshCaretAndUndo(version:) started.
◇ Test case passing 1 argument version → 5 to writingListInsertionPreflightKeepsMarkedDraftAndHeldPeersOnDisabledOrRetiredActions(version:) started.
◇ Test appKitDisabledHostKeepsAcceptedTextSelectable() started.
◇ Test case passing 1 argument version → 6 to writingListInsertionPreflightKeepsMarkedDraftAndHeldPeersOnDisabledOrRetiredActions(version:) started.
◇ Test writingDetachedNativeSourceCannotUseRetainedKeyCallbackBeforeDisposal() started.
◇ Test writingRetainedNativeCallbacksRespectCurrentPermissionAndCloseLease() started.
◇ Test nativeFormattingCombinesCodeBoldAndItalic() started.
◇ Test fullEditorFocusHandoffWaitsForCompositionCommit() started.
◇ Test writingNativeMarkdownFinalizesMarkedInputBeforePasteAndPreservesPeerRichUndo(version:) started.
◇ Test case passing 1 argument version → 4 to writingListInsertionPreflightKeepsMarkedDraftAndHeldPeersOnDisabledOrRetiredActions(version:) started.
◇ Test writingFocusTransfersOpaqueOriginAndUpstreamSelectionAfterReplay(rapidReceive:) started.
◇ Test case passing 1 argument version → 4 to writingListInsertionRetainsFailedCompositionAndUsesCurrentDrainedStyle(version:) started.
◇ Test appKitUnmarkAndDisposalReleaseRemoteChanges() started.
◇ Test writingOrdinaryTypingBeforePendingTailLayoutUsesTheSharedDestination() started.
◇ Test writingAppKitSoftBreakAndBoundaryBackspaceUseSharedTransactions() started.
◇ Test nativeCompositionFollowsMovedNodeWhenItsOldPathIsReused() started.
◇ Test case passing 1 argument version → 5 to writingListInsertionRetainsFailedCompositionAndUsesCurrentDrainedStyle(version:) started.
◇ Test legacyNestedActionsCannotDeleteTheirContainingRoot() started.
◇ Test platformEntryCommitsBeforeApplyingQueuedRemoteText() started.
◇ Test writingNativeMarkdownFailureAndRetiredCallbacksPreserveAcceptedHistory(version:) started.
◇ Test case passing 1 argument version → 6 to writingListInsertionRetainsFailedCompositionAndUsesCurrentDrainedStyle(version:) started.
◇ Test writingRenderedListConvertRetainsBothOwnerAndTargetLease(version:) started.
◇ Test case passing 1 argument version → 6 to writingNativeStructuredPasteFinalizesMarkedDraftAndKeepsPeerAuthorHistory(version:) started.
◇ Test writingPendingCaretDoesNotRouteAnotherFocusedInputOrRevokedSourceCallback() started.
◇ Test case passing 2 arguments version → 4, replacingSelection → false to writingNativePlainPasteUsesExistingSharedInlineCommand(version:replacingSelection:) started.
◇ Test writingPlatformCommittedDictationAndDuplicateFinish() started.
◇ Test writingFailedCompositionClosePreservesRecoverableDraftAndQueuedRemoteInput() started.
◇ Test writingNativePasteUsesPendingTailAfterMarkedCommitBeforeLayout(version:emptyTail:) started.
◇ Test writingImpossibleMovementDoesNotFinalizeMarkedDraftOrDrainPeer(version:) started.
◇ Test nativeFormattingShortcutTogglesMarksAndIgnoresCompositionAndDisposal() started.
◇ Test writingPendingCaretExpiresAfterSynchronousFocusAwayAndBackBeforeLayout() started.
◇ Test writingListInsertionRejectsReparentingAfterCompositionWithoutMutatingCollections(version:) started.
◇ Test writingAppKitMinimalDraftPreservesMarksReferenceAndRejectsPartialReference() started.
◇ Test writingNativeMarkdownIsExplicitAndKeepsOrdinaryPasteLiteral(version:) started.
◇ Test case passing 2 arguments version → 4, replacingSelection → true to writingNativePlainPasteUsesExistingSharedInlineCommand(version:replacingSelection:) started.
◇ Test nativeRootOrderingAndUndoUseSharedCommands() started.
◇ Test writingEditorRejectsImplicitLegacyEpochAndClosedInputMutation() started.
◇ Test writingPlatformSubmitEchoPreservesDeferredPeerAndAuthorUndo(version:) started.
◇ Test platformEntryDisposalCommitsDraftAndReleasesRemoteHold() started.
◇ Test writingAppKitCompositionCommitsBeforeEnterAndKeepsPeerUndo() started.
◇ Test case passing 2 arguments version → 5, replacingSelection → false to writingNativePlainPasteUsesExistingSharedInlineCommand(version:replacingSelection:) started.
◇ Test writingLocalUndoRebasesFocusedTailToOriginalFieldDuringNativeLayout(selectionLength:remoteEdit:) started.
◇ Test nativeActionFollowsMovedIdentityWhenOldLabelIsReused() started.
◇ Test appleCompositionPreservesMarksAndAtomicReferences() started.
◇ Test case passing 2 arguments version → 5, replacingSelection → true to writingNativePlainPasteUsesExistingSharedInlineCommand(version:replacingSelection:) started.
◇ Test focusHandoffDoesNotOverrideAnotherNativeResponder() started.
◇ Test case passing 2 arguments version → 6, replacingSelection → false to writingNativePlainPasteUsesExistingSharedInlineCommand(version:replacingSelection:) started.
◇ Test nativeFormattingMapsQueuedRemoteInsertionBeforeCommand() started.
◇ Test writingRenderedDisposedAndReadOnlyControlsPreserveFullHistory(version:) started.
◇ Test case passing 1 argument version → 4 to writingListAddNestedItemExplicitlyCreatesAbsentCollectionAndUndoesExactly(version:) started.
◇ Test case passing 2 arguments version → 6, replacingSelection → true to writingNativePlainPasteUsesExistingSharedInlineCommand(version:replacingSelection:) started.
◇ Test case passing 1 argument version → 4 to writingNativeClipboardKeepsExplicitProtocolAndEpoch(version:) started.
◇ Test case passing 2 arguments list → false, emptyTail → false to writingPendingTargetMarkedInputCommitsBeforeAnotherEnterAndRetainsPeerUndo(list:emptyTail:) started.
◇ Test writingNativeFormattingTogglesAndPreservesUpstreamSelectionAffinity() started.
◇ Test case passing 1 argument version → 4 to writingNativePasteRespectsRetiredLeaseAndHostRestrictions(version:) started.
◇ Test case passing 1 argument version → 6 to writingListAddNestedItemExplicitlyCreatesAbsentCollectionAndUndoesExactly(version:) started.
◇ Test case passing 1 argument version → 5 to writingNativeClipboardKeepsExplicitProtocolAndEpoch(version:) started.
◇ Test case passing 2 arguments list → true, emptyTail → false to writingPendingTargetMarkedInputCommitsBeforeAnotherEnterAndRetainsPeerUndo(list:emptyTail:) started.
◇ Test writingRenderedMovementRechecksBoundsAfterHeldPeerDrain(version:) started.
◇ Test case passing 1 argument version → 5 to writingListAddNestedItemExplicitlyCreatesAbsentCollectionAndUndoesExactly(version:) started.
◇ Test case passing 1 argument version → 5 to writingNativePasteRespectsRetiredLeaseAndHostRestrictions(version:) started.
◇ Test case passing 1 argument version → 6 to writingRenderedListConvertRejectsTargetReparentingDuringDrain(version:) started.
◇ Test writingCleanDisabledInputAllowsAnotherNativeCommandButMarkedDraftBlocksIt() started.
◇ Test case passing 1 argument version → 4 to writingRenderedCallbacksCannotReauthorizeAfterMoveAndReturn(version:) started.
◇ Test case passing 1 argument version → 6 to writingRenderedCallbacksCannotReauthorizeAfterMoveAndReturn(version:) started.
◇ Test case passing 1 argument version → 5 to writingRenderedCallbacksCannotReauthorizeAfterMoveAndReturn(version:) started.
◇ Test writingTextOnlyReplayExpiresFocusCaptureBeforeIntentionalBlurAndLaterMove() started.
◇ Test case passing 1 argument empty → true to writingSplitTailUndoKeepsEmptyOrAtomicReferenceBoundary(empty:) started.
◇ Test case passing 1 argument scenario → .reparent to fullEditorViewPreservesFocusedOriginAfterRemoteReparentAndLabelReuse(scenario:) started.
◇ Test case passing 1 argument empty → false to writingSplitTailUndoKeepsEmptyOrAtomicReferenceBoundary(empty:) started.
◇ Test case passing 1 argument scenario → .selectionRebase to fullEditorViewPreservesFocusedOriginAfterRemoteReparentAndLabelReuse(scenario:) started.
◇ Test case passing 1 argument scenario → .consecutiveReceives to fullEditorViewPreservesFocusedOriginAfterRemoteReparentAndLabelReuse(scenario:) started.
◇ Test case passing 1 argument version → 5 to writingNativeStructuralMarkdownUsesSharedNodesAndHostFallbackWithoutAssets(version:) started.
◇ Test case passing 1 argument version → 6 to writingNativeStructuralMarkdownUsesSharedNodesAndHostFallbackWithoutAssets(version:) started.
◇ Test case passing 2 arguments list → true, emptyTail → true to writingPendingTargetMarkedInputCommitsBeforeAnotherEnterAndRetainsPeerUndo(list:emptyTail:) started.
◇ Test case passing 1 argument version → 6 to writingNativePasteRespectsRetiredLeaseAndHostRestrictions(version:) started.
◇ Test case passing 1 argument version → 6 to writingListAddItemFinalizesAndDrainsBeforeFreshCaretAndUndo(version:) started.
◇ Test case passing 1 argument version → 4 to writingNativeMarkdownFinalizesMarkedInputBeforePasteAndPreservesPeerRichUndo(version:) started.
◇ Test case passing 1 argument version → 6 to writingNativeMarkdownFinalizesMarkedInputBeforePasteAndPreservesPeerRichUndo(version:) started.
◇ Test writingCompositionMenuUsesCapturedOriginAfterQueuedReparentAndLabelReuse() started.
◇ Test case passing 1 argument rapidReceive → false to writingFocusTransfersOpaqueOriginAndUpstreamSelectionAfterReplay(rapidReceive:) started.
◇ Test case passing 1 argument version → 5 to writingNativeMarkdownFinalizesMarkedInputBeforePasteAndPreservesPeerRichUndo(version:) started.
◇ Test case passing 1 argument rapidReceive → true to writingFocusTransfersOpaqueOriginAndUpstreamSelectionAfterReplay(rapidReceive:) started.
◇ Test case passing 1 argument version → 4 to writingNativeMarkdownFailureAndRetiredCallbacksPreserveAcceptedHistory(version:) started.
◇ Test case passing 1 argument version → 5 to writingNativeMarkdownFailureAndRetiredCallbacksPreserveAcceptedHistory(version:) started.
◇ Test case passing 1 argument version → 4 to writingRenderedListConvertRetainsBothOwnerAndTargetLease(version:) started.
◇ Test case passing 1 argument version → 6 to writingNativeMarkdownFailureAndRetiredCallbacksPreserveAcceptedHistory(version:) started.
◇ Test case passing 1 argument version → 5 to writingRenderedListConvertRetainsBothOwnerAndTargetLease(version:) started.
◇ Test case passing 1 argument version → 6 to writingRenderedListConvertRetainsBothOwnerAndTargetLease(version:) started.
◇ Test case passing 1 argument version → 5 to writingListInsertionRejectsReparentingAfterCompositionWithoutMutatingCollections(version:) started.
◇ Test case passing 1 argument version → 6 to writingNativeClipboardKeepsExplicitProtocolAndEpoch(version:) started.
◇ Test case passing 1 argument version → 4 to writingImpossibleMovementDoesNotFinalizeMarkedDraftOrDrainPeer(version:) started.
◇ Test case passing 1 argument version → 4 to writingRenderedListConvertRejectsTargetReparentingDuringDrain(version:) started.
◇ Test case passing 1 argument version → 4 to writingNativeMarkdownIsExplicitAndKeepsOrdinaryPasteLiteral(version:) started.
◇ Test case passing 1 argument version → 5 to writingPlatformSubmitEchoPreservesDeferredPeerAndAuthorUndo(version:) started.
◇ Test case passing 1 argument version → 6 to writingImpossibleMovementDoesNotFinalizeMarkedDraftOrDrainPeer(version:) started.
◇ Test case passing 2 arguments version → 4, emptyTail → true to writingNativePasteUsesPendingTailAfterMarkedCommitBeforeLayout(version:emptyTail:) started.
◇ Test case passing 1 argument version → 6 to writingPlatformSubmitEchoPreservesDeferredPeerAndAuthorUndo(version:) started.
◇ Test case passing 2 arguments version → 5, emptyTail → false to writingNativePasteUsesPendingTailAfterMarkedCommitBeforeLayout(version:emptyTail:) started.
◇ Test case passing 2 arguments version → 5, emptyTail → true to writingNativePasteUsesPendingTailAfterMarkedCommitBeforeLayout(version:emptyTail:) started.
◇ Test case passing 1 argument version → 6 to writingListInsertionRejectsReparentingAfterCompositionWithoutMutatingCollections(version:) started.
◇ Test case passing 1 argument version → 5 to writingNativeMarkdownIsExplicitAndKeepsOrdinaryPasteLiteral(version:) started.
◇ Test case passing 1 argument version → 6 to writingNativeMarkdownIsExplicitAndKeepsOrdinaryPasteLiteral(version:) started.
◇ Test case passing 2 arguments list → false, emptyTail → true to writingPendingTargetMarkedInputCommitsBeforeAnotherEnterAndRetainsPeerUndo(list:emptyTail:) started.
◇ Test case passing 1 argument version → 5 to writingListAddItemFinalizesAndDrainsBeforeFreshCaretAndUndo(version:) started.
◇ Test case passing 2 arguments selectionLength → 0, remoteEdit → true to writingLocalUndoRebasesFocusedTailToOriginalFieldDuringNativeLayout(selectionLength:remoteEdit:) started.
◇ Test case passing 2 arguments selectionLength → 0, remoteEdit → false to writingLocalUndoRebasesFocusedTailToOriginalFieldDuringNativeLayout(selectionLength:remoteEdit:) started.
◇ Test case passing 1 argument version → 4 to writingListAddItemFinalizesAndDrainsBeforeFreshCaretAndUndo(version:) started.
◇ Test case passing 2 arguments version → 6, emptyTail → false to writingNativePasteUsesPendingTailAfterMarkedCommitBeforeLayout(version:emptyTail:) started.
◇ Test case passing 1 argument version → 4 to writingRenderedDisposedAndReadOnlyControlsPreserveFullHistory(version:) started.
◇ Test case passing 1 argument version → 5 to writingRenderedDisposedAndReadOnlyControlsPreserveFullHistory(version:) started.
◇ Test case passing 1 argument version → 5 to writingRenderedMovementRechecksBoundsAfterHeldPeerDrain(version:) started.
◇ Test case passing 1 argument version → 6 to writingRenderedMovementRechecksBoundsAfterHeldPeerDrain(version:) started.
◇ Test case passing 1 argument version → 4 to writingListInsertionRejectsReparentingAfterCompositionWithoutMutatingCollections(version:) started.
◇ Test case passing 2 arguments version → 4, emptyTail → false to writingNativePasteUsesPendingTailAfterMarkedCommitBeforeLayout(version:emptyTail:) started.
◇ Test case passing 1 argument version → 4 to writingRenderedMovementRechecksBoundsAfterHeldPeerDrain(version:) started.
◇ Test case passing 1 argument version → 5 to writingImpossibleMovementDoesNotFinalizeMarkedDraftOrDrainPeer(version:) started.
◇ Test case passing 1 argument version → 6 to writingRenderedDisposedAndReadOnlyControlsPreserveFullHistory(version:) started.
◇ Test case passing 2 arguments selectionLength → 3, remoteEdit → true to writingLocalUndoRebasesFocusedTailToOriginalFieldDuringNativeLayout(selectionLength:remoteEdit:) started.
◇ Test case passing 1 argument version → 5 to writingRenderedListConvertRejectsTargetReparentingDuringDrain(version:) started.
◇ Test case passing 2 arguments version → 6, emptyTail → true to writingNativePasteUsesPendingTailAfterMarkedCommitBeforeLayout(version:emptyTail:) started.
◇ Test case passing 1 argument version → 4 to writingPlatformSubmitEchoPreservesDeferredPeerAndAuthorUndo(version:) started.
◇ Test case passing 2 arguments selectionLength → 3, remoteEdit → false to writingLocalUndoRebasesFocusedTailToOriginalFieldDuringNativeLayout(selectionLength:remoteEdit:) started.
✔ Test writingNativeCopyRoundTripRetainsRichReferenceWithoutAuthorMutation(version:) with 3 test cases passed after 0.255 seconds.
✔ Test compositionCommitsBeforeRemoteChangesAndPreservesAuthorUndo() passed after 0.258 seconds.
✔ Test writingImmediateRepeatedEnterUsesThePendingDestinationIdentityAndCaret() passed after 0.290 seconds.
✔ Test appKitSelectionAndUnicodeInsertionFollowRemoteText() passed after 0.294 seconds.
✔ Test checklistCommandFollowsOriginAfterCompositionReleasesMoveAndLabelReuse() passed after 0.306 seconds.
✔ Test writingListInsertionPreflightKeepsMarkedDraftAndHeldPeersOnDisabledOrRetiredActions(version:) with 3 test cases passed after 0.342 seconds.
✔ Test appKitCompositionCommitsUnicodeBeforeRemoteReplay() passed after 0.365 seconds.
✔ Test writingListInsertionRetainsFailedCompositionAndUsesCurrentDrainedStyle(version:) with 3 test cases passed after 0.383 seconds.
✔ Test nativeInsertionsRespectPolicyAndPreserveExistingContent() passed after 0.405 seconds.
✔ Test failedCompositionCommitStopsLocalCommandWithoutDroppingRemoteHold() passed after 0.423 seconds.
✔ Test fullEditorViewRebindsAReusedLabelToItsNewOrigin() passed after 0.626 seconds.
✔ Test writingListAddNestedItemExplicitlyCreatesAbsentCollectionAndUndoesExactly(version:) with 3 test cases passed after 0.640 seconds.
✔ Test platformCommandCommitsEntryBeforeUndoAndRemoteReplay() passed after 0.697 seconds.
✔ Test writingRenderedCallbacksCannotReauthorizeAfterMoveAndReturn(version:) with 3 test cases passed after 0.737 seconds.
✔ Test appKitToolbarUndoCommitsCompositionBeforeUndoAndRemoteReplay() passed after 0.743 seconds.
✔ Test committedPlatformInputPreservesMarksAndReferences() passed after 0.744 seconds.
✔ Test writingNativeStructuralMarkdownUsesSharedNodesAndHostFallbackWithoutAssets(version:) with 2 test cases passed after 1.073 seconds.
✔ Test writingPendingTargetSelectionFormatsItsRenderedRichFieldBeforeLayout() passed after 1.081 seconds.
✔ Test writingRetainedChecklistSetterKeepsOriginAfterMoveAndRejectsDeletedReuse() passed after 1.134 seconds.
✔ Test writingNativePasteRespectsRetiredLeaseAndHostRestrictions(version:) with 3 test cases passed after 1.136 seconds.
✔ Test appleSelectionMapsRemoteEditsAndDisposalReleasesComposition() passed after 1.136 seconds.
✔ Test nativeFormattingCombinesCodeBoldAndItalic() passed after 1.139 seconds.
✔ Test writingNativeTypingAppliesSharedMarkdownAndRespectsDisabledTypes() passed after 1.163 seconds.
✔ Test writingDetachedNativeSourceCannotUseRetainedKeyCallbackBeforeDisposal() passed after 1.242 seconds.
✔ Test appKitDisabledHostKeepsAcceptedTextSelectable() passed after 1.268 seconds.
✔ Test writingRetainedNativeCallbacksRespectCurrentPermissionAndCloseLease() passed after 1.271 seconds.
✔ Test legacyNestedActionsCannotDeleteTheirContainingRoot() passed after 1.271 seconds.
✔ Test writingOrdinaryTypingBeforePendingTailLayoutUsesTheSharedDestination() passed after 1.287 seconds.
✔ Test writingNativeMarkdownFinalizesMarkedInputBeforePasteAndPreservesPeerRichUndo(version:) with 3 test cases passed after 1.321 seconds.
✔ Test nativeCompositionFollowsMovedNodeWhenItsOldPathIsReused() passed after 1.341 seconds.
✔ Test writingNativeMarkdownFailureAndRetiredCallbacksPreserveAcceptedHistory(version:) with 3 test cases passed after 1.401 seconds.
✔ Test writingFailedCompositionClosePreservesRecoverableDraftAndQueuedRemoteInput() passed after 1.430 seconds.
✔ Test writingPlatformCommittedDictationAndDuplicateFinish() passed after 1.442 seconds.
✔ Test platformEntryCommitsBeforeApplyingQueuedRemoteText() passed after 1.443 seconds.
✔ Test nativeFormattingShortcutTogglesMarksAndIgnoresCompositionAndDisposal() passed after 1.446 seconds.
✔ Test writingPendingCaretExpiresAfterSynchronousFocusAwayAndBackBeforeLayout() passed after 1.455 seconds.
✔ Test writingAppKitMinimalDraftPreservesMarksReferenceAndRejectsPartialReference() passed after 1.460 seconds.
✔ Test writingAppKitSoftBreakAndBoundaryBackspaceUseSharedTransactions() passed after 1.470 seconds.
✔ Test writingRenderedListConvertRetainsBothOwnerAndTargetLease(version:) with 3 test cases passed after 1.495 seconds.
✔ Test nativeRootOrderingAndUndoUseSharedCommands() passed after 1.513 seconds.
✔ Test appKitUnmarkAndDisposalReleaseRemoteChanges() passed after 1.515 seconds.
✔ Test writingNativeClipboardKeepsExplicitProtocolAndEpoch(version:) with 3 test cases passed after 1.516 seconds.
✔ Test writingEditorRejectsImplicitLegacyEpochAndClosedInputMutation() passed after 1.535 seconds.
✔ Test writingAppKitCompositionCommitsBeforeEnterAndKeepsPeerUndo() passed after 1.690 seconds.
✔ Test nativeActionFollowsMovedIdentityWhenOldLabelIsReused() passed after 1.751 seconds.
✔ Test writingNativeMarkdownIsExplicitAndKeepsOrdinaryPasteLiteral(version:) with 3 test cases passed after 1.754 seconds.
✔ Test writingPendingTargetMarkedInputCommitsBeforeAnotherEnterAndRetainsPeerUndo(list:emptyTail:) with 4 test cases passed after 1.784 seconds.
✔ Test appleCompositionPreservesMarksAndAtomicReferences() passed after 1.804 seconds.
✔ Test platformEntryDisposalCommitsDraftAndReleasesRemoteHold() passed after 1.844 seconds.
✔ Test writingNativeFormattingTogglesAndPreservesUpstreamSelectionAffinity() passed after 1.889 seconds.
✔ Test writingListInsertionRejectsReparentingAfterCompositionWithoutMutatingCollections(version:) with 3 test cases passed after 1.944 seconds.
✔ Test writingRenderedMovementRechecksBoundsAfterHeldPeerDrain(version:) with 3 test cases passed after 2.012 seconds.
✔ Test writingCompositionMenuUsesCapturedOriginAfterQueuedReparentAndLabelReuse() passed after 2.020 seconds.
✔ Test writingImpossibleMovementDoesNotFinalizeMarkedDraftOrDrainPeer(version:) with 3 test cases passed after 2.040 seconds.
✔ Test writingCleanDisabledInputAllowsAnotherNativeCommandButMarkedDraftBlocksIt() passed after 2.049 seconds.
✔ Test writingRenderedDisposedAndReadOnlyControlsPreserveFullHistory(version:) with 3 test cases passed after 2.055 seconds.
✔ Test nativeFormattingMapsQueuedRemoteInsertionBeforeCommand() passed after 2.056 seconds.
✔ Test writingRenderedListConvertRejectsTargetReparentingDuringDrain(version:) with 3 test cases passed after 2.080 seconds.
✔ Test writingNativePasteUsesPendingTailAfterMarkedCommitBeforeLayout(version:emptyTail:) with 6 test cases passed after 2.108 seconds.
✔ Test writingPlatformSubmitEchoPreservesDeferredPeerAndAuthorUndo(version:) with 3 test cases passed after 2.126 seconds.
✔ Test writingRemoteSplitOfUnfocusedFieldDoesNotStealAnotherFieldsFocus() passed after 2.256 seconds.
✔ Test writingNativeStructuredPasteFinalizesMarkedDraftAndKeepsPeerAuthorHistory(version:) with 3 test cases passed after 2.279 seconds.
✔ Test writingNativePlainPasteUsesExistingSharedInlineCommand(version:replacingSelection:) with 6 test cases passed after 2.331 seconds.
✔ Test writingFailedLocalCommandExpiresCaptureBeforeIntentionalBlurAndRemoteReparent() passed after 2.355 seconds.
✔ Test fullEditorViewPreservesFocusedOriginAfterRemoteReparentAndLabelReuse(scenario:) with 3 test cases passed after 2.388 seconds.
✔ Test fullEditorFocusHandoffWaitsForCompositionCommit() passed after 2.408 seconds.
✔ Test writingFocusTransfersOpaqueOriginAndUpstreamSelectionAfterReplay(rapidReceive:) with 2 test cases passed after 2.410 seconds.
✔ Test writingListAddItemFinalizesAndDrainsBeforeFreshCaretAndUndo(version:) with 3 test cases passed after 2.450 seconds.
✔ Test writingPendingCaretDoesNotRouteAnotherFocusedInputOrRevokedSourceCallback() passed after 2.450 seconds.
✔ Test writingTextOnlyReplayExpiresFocusCaptureBeforeIntentionalBlurAndLaterMove() passed after 2.451 seconds.
✔ Test unchangedReplayDoesNotLeaveFocusCaptureForALaterReparent() passed after 2.503 seconds.
✔ Test writingSplitTailUndoKeepsEmptyOrAtomicReferenceBoundary(empty:) with 2 test cases passed after 2.508 seconds.
✔ Test writingFocusedFormattingRetainsNativeRangeAndUpstreamAffinityAfterScheduledFocusWork() passed after 2.509 seconds.
✔ Test focusHandoffDoesNotOverrideAnotherNativeResponder() passed after 2.510 seconds.
✔ Test writingEmptyTailUndoAndRedoRetainsNativeHeadPositionProvenance() passed after 2.540 seconds.
✔ Test writingLocalUndoRebasesFocusedTailToOriginalFieldDuringNativeLayout(selectionLength:remoteEdit:) with 4 test cases passed after 2.564 seconds.
✔ Test run with 76 tests in 0 suites passed after 2.565 seconds.
