2026-10-06T09:24:58.2180258Z Current runner version: '2.337.0'
2026-10-06T09:24:58.2208190Z ##[group]Runner Image Provisioner
2026-10-06T09:24:58.2209099Z Hosted Compute Agent
2026-10-06T09:24:58.2209749Z Version: 20260901.588
2026-10-06T09:24:58.2210612Z Commit: f88ec8081b781fac6c440065ac7ff9e710ce3d0b
2026-10-06T09:24:58.2211364Z Build Date: 2026-09-01T19:56:44Z
2026-10-06T09:24:58.2212039Z Worker ID: {47d25f77-7215-4a5f-9717-2adb5424f87a}
2026-10-06T09:24:58.2212724Z Azure Region: centralus
2026-10-06T09:24:58.2213304Z ##[endgroup]
2026-10-06T09:24:58.2214815Z ##[group]Operating System
2026-10-06T09:24:58.2215408Z Ubuntu
2026-10-06T09:24:58.2215967Z 24.04.5
2026-10-06T09:24:58.2216517Z LTS
2026-10-06T09:24:58.2217047Z ##[endgroup]
2026-10-06T09:24:58.2217570Z ##[group]Runner Image
2026-10-06T09:24:58.2218127Z Image: ubuntu-24.04
2026-10-06T09:24:58.2218709Z Version: 20260927.320.1
2026-10-06T09:24:58.2219979Z Included Software: https://github.com/actions/runner-images/blob/ubuntu24/20260927.320/images/ubuntu/Ubuntu2404-Readme.md
2026-10-06T09:24:58.2221730Z Image Release: https://github.com/actions/runner-images/releases/tag/ubuntu24%2F20260927.320
2026-10-06T09:24:58.2222612Z ##[endgroup]
2026-10-06T09:24:58.2223797Z ##[group]GITHUB_TOKEN Permissions
2026-10-06T09:24:58.2226047Z Contents: read
2026-10-06T09:24:58.2226687Z Metadata: read
2026-10-06T09:24:58.2227224Z ##[endgroup]
2026-10-06T09:24:58.2229375Z Secret source: Actions
2026-10-06T09:24:58.2230537Z Cache mode: write
2026-10-06T09:24:58.2231336Z Prepare workflow directory
2026-10-06T09:24:58.2554271Z Prepare all required actions
2026-10-06T09:24:58.2604830Z Getting action download info
2026-10-06T09:24:58.5444734Z Download action repository 'actions/checkout@11d5960a326750d5838078e36cf38b85af677262' (SHA:11d5960a326750d5838078e36cf38b85af677262)
2026-10-06T09:24:58.6139627Z Download action repository 'oven-sh/setup-bun@0c5077e51419868618aeaa5fe8019c62421857d6' (SHA:0c5077e51419868618aeaa5fe8019c62421857d6)
2026-10-06T09:24:58.9964868Z Download action repository 'actions/upload-artifact@ea165f8d65b6e75b540449e92b4886f43607fa02' (SHA:ea165f8d65b6e75b540449e92b4886f43607fa02)
2026-10-06T09:24:59.1887355Z Complete job name: wasm-runtime
2026-10-06T09:24:59.2483680Z ##[group]Run actions/checkout@11d5960a326750d5838078e36cf38b85af677262
2026-10-06T09:24:59.2484484Z with:
2026-10-06T09:24:59.2484962Z   repository: seventwo-studio/block-editor
2026-10-06T09:24:59.2488455Z   token: ***
2026-10-06T09:24:59.2488938Z   ssh-strict: true
2026-10-06T09:24:59.2489349Z   ssh-user: git
2026-10-06T09:24:59.2489762Z   persist-credentials: true
2026-10-06T09:24:59.2490230Z   clean: true
2026-10-06T09:24:59.2491013Z   sparse-checkout-cone-mode: true
2026-10-06T09:24:59.2491484Z   fetch-depth: 1
2026-10-06T09:24:59.2491949Z   fetch-tags: false
2026-10-06T09:24:59.2492358Z   show-progress: true
2026-10-06T09:24:59.2492792Z   lfs: false
2026-10-06T09:24:59.2493201Z   submodules: false
2026-10-06T09:24:59.2493599Z   set-safe-directory: true
2026-10-06T09:24:59.2494080Z   allow-unsafe-pr-checkout: false
2026-10-06T09:24:59.2494786Z ##[endgroup]
2026-10-06T09:24:59.3247203Z Syncing repository: seventwo-studio/block-editor
2026-10-06T09:24:59.3248805Z ##[group]Getting Git version info
2026-10-06T09:24:59.3249467Z Working directory is '/home/runner/work/block-editor/block-editor'
2026-10-06T09:24:59.3251168Z [command]/usr/bin/git version
2026-10-06T09:24:59.3298232Z git version 2.55.0
2026-10-06T09:24:59.3310751Z ##[endgroup]
2026-10-06T09:24:59.3319823Z Temporarily overriding HOME='/home/runner/work/_temp/eafad414-6851-4217-997d-c14a5087a8af' before making global git config changes
2026-10-06T09:24:59.3321470Z Adding repository directory to the temporary git global config as a safe directory
2026-10-06T09:24:59.3322847Z [command]/usr/bin/git config --global --add safe.directory /home/runner/work/block-editor/block-editor
2026-10-06T09:24:59.3361192Z Deleting the contents of '/home/runner/work/block-editor/block-editor'
2026-10-06T09:24:59.3365153Z ##[group]Initializing the repository
2026-10-06T09:24:59.3367712Z [command]/usr/bin/git init /home/runner/work/block-editor/block-editor
2026-10-06T09:24:59.3453285Z hint: Using 'master' as the name for the initial branch. This default branch name
2026-10-06T09:24:59.3454684Z hint: will change to "main" in Git 3.0. To configure the initial branch name
2026-10-06T09:24:59.3455811Z hint: to use in all of your new repositories, which will suppress this warning,
2026-10-06T09:24:59.3456738Z hint: call:
2026-10-06T09:24:59.3457120Z hint:
2026-10-06T09:24:59.3457687Z hint: 	git config --global init.defaultBranch <name>
2026-10-06T09:24:59.3458596Z hint:
2026-10-06T09:24:59.3459118Z hint: Names commonly chosen instead of 'master' are 'main', 'trunk' and
2026-10-06T09:24:59.3459892Z hint: 'development'. The just-created branch can be renamed via this command:
2026-10-06T09:24:59.3460767Z hint:
2026-10-06T09:24:59.3461186Z hint: 	git branch -m <name>
2026-10-06T09:24:59.3461955Z hint:
2026-10-06T09:24:59.3462574Z hint: Disable this message with "git config set advice.defaultBranchName false"
2026-10-06T09:24:59.3463465Z Initialized empty Git repository in /home/runner/work/block-editor/block-editor/.git/
2026-10-06T09:24:59.3465115Z [command]/usr/bin/git remote add origin https://github.com/seventwo-studio/block-editor
2026-10-06T09:24:59.3501648Z ##[endgroup]
2026-10-06T09:24:59.3502426Z ##[group]Disabling automatic garbage collection
2026-10-06T09:24:59.3504066Z [command]/usr/bin/git config --local gc.auto 0
2026-10-06T09:24:59.3527013Z ##[endgroup]
2026-10-06T09:24:59.3528068Z ##[group]Setting up auth
2026-10-06T09:24:59.3529787Z [command]/usr/bin/git config --local --name-only --get-regexp core\.sshCommand
2026-10-06T09:24:59.3551139Z [command]/usr/bin/git submodule foreach --recursive sh -c "git config --local --name-only --get-regexp 'core\.sshCommand' && git config --local --unset-all 'core.sshCommand' || :"
2026-10-06T09:24:59.4450727Z [command]/usr/bin/git config --local --name-only --get-regexp http\.https\:\/\/github\.com\/\.extraheader
2026-10-06T09:24:59.4473944Z [command]/usr/bin/git submodule foreach --recursive sh -c "git config --local --name-only --get-regexp 'http\.https\:\/\/github\.com\/\.extraheader' && git config --local --unset-all 'http.https://github.com/.extraheader' || :"
2026-10-06T09:24:59.4617377Z [command]/usr/bin/git config --local --name-only --get-regexp ^includeIf\.gitdir:
2026-10-06T09:24:59.4638986Z [command]/usr/bin/git submodule foreach --recursive git config --local --show-origin --name-only --get-regexp remote.origin.url
2026-10-06T09:24:59.4783619Z [command]/usr/bin/git config --local http.https://github.com/.extraheader AUTHORIZATION: basic ***
2026-10-06T09:24:59.4811847Z ##[endgroup]
2026-10-06T09:24:59.4812588Z ##[group]Fetching the repository
2026-10-06T09:24:59.4824661Z [command]/usr/bin/git -c protocol.version=2 fetch --no-tags --prune --no-recurse-submodules --depth=1 origin +b2a9a3c78162daed2fa10ecd664e5043b39e85d3:refs/remotes/pull/70/merge
2026-10-06T09:25:03.8856810Z From https://github.com/seventwo-studio/block-editor
2026-10-06T09:25:03.8857717Z  * [new ref]         b2a9a3c78162daed2fa10ecd664e5043b39e85d3 -> pull/70/merge
2026-10-06T09:25:03.8860441Z ##[endgroup]
2026-10-06T09:25:03.8862339Z ##[group]Determining the checkout info
2026-10-06T09:25:03.8863043Z ##[endgroup]
2026-10-06T09:25:03.8868205Z [command]/usr/bin/git sparse-checkout disable
2026-10-06T09:25:03.8914532Z [command]/usr/bin/git config --local --unset-all extensions.worktreeConfig
2026-10-06T09:25:03.8936247Z ##[group]Checking out the ref
2026-10-06T09:25:03.8939524Z [command]/usr/bin/git checkout --progress --force refs/remotes/pull/70/merge
2026-10-06T09:25:04.4461873Z Note: switching to 'refs/remotes/pull/70/merge'.
2026-10-06T09:25:04.4462250Z 
2026-10-06T09:25:04.4462501Z You are in 'detached HEAD' state. You can look around, make experimental
2026-10-06T09:25:04.4462930Z changes and commit them, and you can discard any commits you make in this
2026-10-06T09:25:04.4463384Z state without impacting any branches by switching back to a branch.
2026-10-06T09:25:04.4463647Z 
2026-10-06T09:25:04.4464236Z If you want to create a new branch to retain commits you create, you may
2026-10-06T09:25:04.4464666Z do so (now or later) by using -c with the switch command. Example:
2026-10-06T09:25:04.4464887Z 
2026-10-06T09:25:04.4465023Z   git switch -c <new-branch-name>
2026-10-06T09:25:04.4465195Z 
2026-10-06T09:25:04.4465326Z Or undo this operation with:
2026-10-06T09:25:04.4465525Z 
2026-10-06T09:25:04.4465612Z   git switch -
2026-10-06T09:25:04.4465882Z 
2026-10-06T09:25:04.4466053Z Turn off this advice by setting config variable advice.detachedHead to false
2026-10-06T09:25:04.4466304Z 
2026-10-06T09:25:04.4466619Z HEAD is now at b2a9a3c Merge 7b8efe7cf9bbac7c9e89f8c2cfc5546776fab127 into 01a0e35cceace2e6cd0ae2366621caf305bfd169
2026-10-06T09:25:04.4491428Z ##[endgroup]
2026-10-06T09:25:04.4525857Z [command]/usr/bin/git log -1 --format=%H
2026-10-06T09:25:04.4543026Z b2a9a3c78162daed2fa10ecd664e5043b39e85d3
2026-10-06T09:25:04.4781129Z ##[group]Run oven-sh/setup-bun@0c5077e51419868618aeaa5fe8019c62421857d6
2026-10-06T09:25:04.4781507Z with:
2026-10-06T09:25:04.4781721Z   bun-version: 1.4.2
2026-10-06T09:25:04.4781960Z   no-cache: false
2026-10-06T09:25:04.4783901Z   token: ***
2026-10-06T09:25:04.4784127Z ##[endgroup]
2026-10-06T09:25:04.7337438Z Cache hit for: bun-gmoqYqdUbaYsI0KujeXt7Zg/p0I=
2026-10-06T09:25:05.4160054Z Received 35684135 of 35684135 (100.0%), 63.3 MBs/sec
2026-10-06T09:25:05.4160910Z Cache Size: ~34 MB (35684135 B)
2026-10-06T09:25:05.4187108Z [command]/usr/bin/tar -xf /home/runner/work/_temp/3bc4d4d7-539b-4308-bf59-35b3b9b2b48e/cache.tzst -P -C /home/runner/work/block-editor/block-editor --use-compress-program unzstd
2026-10-06T09:25:05.5158756Z Cache restored successfully
2026-10-06T09:25:05.5176768Z [command]/home/runner/.bun/bin/bun --revision
2026-10-06T09:25:05.5206182Z 1.4.2+744846f84
2026-10-06T09:25:05.5211320Z Using a cached version of Bun: 1.4.2+744846f84
2026-10-06T09:25:05.5313428Z ##[group]Run sudo apt-get update && sudo apt-get install -y libcurl4-openssl-dev libxml2-dev libsqlite3-dev libncurses-dev libzstd-dev
2026-10-06T09:25:05.5314279Z [36;1msudo apt-get update && sudo apt-get install -y libcurl4-openssl-dev libxml2-dev libsqlite3-dev libncurses-dev libzstd-dev[0m
2026-10-06T09:25:05.5480796Z shell: /usr/bin/bash --noprofile --norc -e -o pipefail {0}
2026-10-06T09:25:05.5481190Z ##[endgroup]
2026-10-06T09:25:05.6038554Z Get:1 file:/etc/apt/apt-mirrors.txt Mirrorlist [144 B]
2026-10-06T09:25:05.6329104Z Hit:2 http://azure.archive.ubuntu.com/ubuntu noble InRelease
2026-10-06T09:25:05.6339650Z Get:3 http://azure.archive.ubuntu.com/ubuntu noble-updates InRelease [126 kB]
2026-10-06T09:25:05.6365817Z Get:4 http://azure.archive.ubuntu.com/ubuntu noble-backports InRelease [126 kB]
2026-10-06T09:25:05.6383603Z Get:5 http://azure.archive.ubuntu.com/ubuntu noble-security InRelease [126 kB]
2026-10-06T09:25:05.6496946Z Get:6 https://packages.microsoft.com/ubuntu/24.04/prod noble InRelease [3600 B]
2026-10-06T09:25:05.7301679Z Get:7 http://azure.archive.ubuntu.com/ubuntu noble-updates/main amd64 Packages [1370 kB]
2026-10-06T09:25:05.7341778Z Get:8 http://azure.archive.ubuntu.com/ubuntu noble-updates/main Translation-en [305 kB]
2026-10-06T09:25:05.7351340Z Get:9 http://azure.archive.ubuntu.com/ubuntu noble-updates/main amd64 Components [181 kB]
2026-10-06T09:25:05.7352298Z Get:10 http://azure.archive.ubuntu.com/ubuntu noble-updates/universe amd64 Packages [1701 kB]
2026-10-06T09:25:05.7403883Z Get:11 http://azure.archive.ubuntu.com/ubuntu noble-updates/universe Translation-en [341 kB]
2026-10-06T09:25:05.7425900Z Get:12 http://azure.archive.ubuntu.com/ubuntu noble-updates/universe amd64 Components [388 kB]
2026-10-06T09:25:05.7434066Z Get:13 http://azure.archive.ubuntu.com/ubuntu noble-updates/restricted amd64 Packages [1728 kB]
2026-10-06T09:25:05.7510108Z Get:14 http://azure.archive.ubuntu.com/ubuntu noble-updates/restricted Translation-en [395 kB]
2026-10-06T09:25:05.7531887Z Get:15 http://azure.archive.ubuntu.com/ubuntu noble-updates/multiverse Translation-en [13.3 kB]
2026-10-06T09:25:05.7540176Z Get:16 http://azure.archive.ubuntu.com/ubuntu noble-updates/multiverse amd64 Components [940 B]
2026-10-06T09:25:05.8049030Z Get:17 http://azure.archive.ubuntu.com/ubuntu noble-backports/main amd64 Components [5764 B]
2026-10-06T09:25:05.8056765Z Get:18 http://azure.archive.ubuntu.com/ubuntu noble-backports/universe amd64 Components [12.6 kB]
2026-10-06T09:25:05.8065794Z Get:19 http://azure.archive.ubuntu.com/ubuntu noble-security/main amd64 Packages [1071 kB]
2026-10-06T09:25:05.8117530Z Get:20 http://azure.archive.ubuntu.com/ubuntu noble-security/main Translation-en [222 kB]
2026-10-06T09:25:05.8123567Z Get:21 http://azure.archive.ubuntu.com/ubuntu noble-security/main amd64 Components [46.4 kB]
2026-10-06T09:25:05.8139365Z Get:22 http://azure.archive.ubuntu.com/ubuntu noble-security/universe amd64 Packages [1216 kB]
2026-10-06T09:25:05.8190743Z Get:23 http://azure.archive.ubuntu.com/ubuntu noble-security/universe Translation-en [244 kB]
2026-10-06T09:25:05.8204397Z Get:24 http://azure.archive.ubuntu.com/ubuntu noble-security/universe amd64 Components [76.3 kB]
2026-10-06T09:25:05.8214119Z Get:25 http://azure.archive.ubuntu.com/ubuntu noble-security/restricted amd64 Packages [1566 kB]
2026-10-06T09:25:05.8230026Z Get:27 https://packages.microsoft.com/ubuntu/24.04/prod noble/main armhf Packages [12.6 kB]
2026-10-06T09:25:05.8268466Z Get:28 https://packages.microsoft.com/ubuntu/24.04/prod noble/main arm64 Packages [458 kB]
2026-10-06T09:25:05.8277634Z Get:26 http://azure.archive.ubuntu.com/ubuntu noble-security/restricted Translation-en [361 kB]
2026-10-06T09:25:05.8338250Z Get:29 https://packages.microsoft.com/ubuntu/24.04/prod noble/main amd64 Packages [515 kB]
2026-10-06T09:25:12.0127645Z Fetched 12.6 MB in 1s (11.9 MB/s)
2026-10-06T09:25:12.6526530Z Reading package lists...
2026-10-06T09:25:12.6787783Z Reading package lists...
2026-10-06T09:25:12.8228903Z Building dependency tree...
2026-10-06T09:25:12.8232960Z Reading state information...
2026-10-06T09:25:12.9624506Z libxml2-dev is already the newest version (2.9.14+dfsg-1.3ubuntu3.9).
2026-10-06T09:25:12.9624927Z libxml2-dev set to manually installed.
2026-10-06T09:25:12.9625260Z libsqlite3-dev is already the newest version (3.45.1-1ubuntu2.8).
2026-10-06T09:25:12.9625571Z libncurses-dev is already the newest version (6.4+20240113-1ubuntu2.2).
2026-10-06T09:25:12.9625838Z libncurses-dev set to manually installed.
2026-10-06T09:25:12.9626101Z libzstd-dev is already the newest version (1.5.5+dfsg2-2build1.1).
2026-10-06T09:25:12.9626349Z libzstd-dev set to manually installed.
2026-10-06T09:25:12.9626539Z Suggested packages:
2026-10-06T09:25:12.9626785Z   libcurl4-doc libidn-dev libkrb5-dev libldap2-dev librtmp-dev libssh2-1-dev
2026-10-06T09:25:12.9748745Z The following NEW packages will be installed:
2026-10-06T09:25:12.9753766Z   libcurl4-openssl-dev
2026-10-06T09:25:12.9888538Z 0 upgraded, 1 newly installed, 0 to remove and 25 not upgraded.
2026-10-06T09:25:12.9888888Z Need to get 446 kB of archives.
2026-10-06T09:25:12.9889220Z After this operation, 1966 kB of additional disk space will be used.
2026-10-06T09:25:12.9889589Z Get:1 file:/etc/apt/apt-mirrors.txt Mirrorlist [144 B]
2026-10-06T09:25:13.0342499Z Get:2 http://azure.archive.ubuntu.com/ubuntu noble-updates/main amd64 libcurl4-openssl-dev amd64 8.5.0-2ubuntu10.15 [446 kB]
2026-10-06T09:25:13.2236074Z Fetched 446 kB in 0s (7989 kB/s)
2026-10-06T09:25:13.2392749Z Selecting previously unselected package libcurl4-openssl-dev:amd64.
2026-10-06T09:25:13.2572137Z (Reading database ... 
2026-10-06T09:25:13.2572483Z (Reading database ... 5%
2026-10-06T09:25:13.2572801Z (Reading database ... 10%
2026-10-06T09:25:13.2573110Z (Reading database ... 15%
2026-10-06T09:25:13.2573409Z (Reading database ... 20%
2026-10-06T09:25:13.2573703Z (Reading database ... 25%
2026-10-06T09:25:13.2574006Z (Reading database ... 30%
2026-10-06T09:25:13.2574448Z (Reading database ... 35%
2026-10-06T09:25:13.2574644Z (Reading database ... 40%
2026-10-06T09:25:13.2574888Z (Reading database ... 45%
2026-10-06T09:25:13.2575294Z (Reading database ... 50%
2026-10-06T09:25:13.2607082Z (Reading database ... 55%
2026-10-06T09:25:13.4184479Z (Reading database ... 60%
2026-10-06T09:25:13.6103978Z (Reading database ... 65%
2026-10-06T09:25:13.8131790Z (Reading database ... 70%
2026-10-06T09:25:13.9806127Z (Reading database ... 75%
2026-10-06T09:25:14.1595370Z (Reading database ... 80%
2026-10-06T09:25:14.3276506Z (Reading database ... 85%
2026-10-06T09:25:14.5162200Z (Reading database ... 90%
2026-10-06T09:25:14.6376991Z (Reading database ... 95%
2026-10-06T09:25:14.6377279Z (Reading database ... 100%
2026-10-06T09:25:14.6377544Z (Reading database ... 202296 files and directories currently installed.)
2026-10-06T09:25:14.6418111Z Preparing to unpack .../libcurl4-openssl-dev_8.5.0-2ubuntu10.15_amd64.deb ...
2026-10-06T09:25:14.6440555Z Unpacking libcurl4-openssl-dev:amd64 (8.5.0-2ubuntu10.15) ...
2026-10-06T09:25:14.6929832Z Setting up libcurl4-openssl-dev:amd64 (8.5.0-2ubuntu10.15) ...
2026-10-06T09:25:14.6963101Z Processing triggers for man-db (2.12.0-4build2) ...
2026-10-06T09:25:14.6984579Z Not building database; man-db/auto-update is not 'true'.
2026-10-06T09:25:15.1216916Z 
2026-10-06T09:25:15.1217378Z Running kernel seems to be up-to-date.
2026-10-06T09:25:15.1217577Z 
2026-10-06T09:25:15.1217652Z No services need to be restarted.
2026-10-06T09:25:15.1217780Z 
2026-10-06T09:25:15.1217852Z No containers need to be restarted.
2026-10-06T09:25:15.1217983Z 
2026-10-06T09:25:15.1218078Z No user sessions are running outdated binaries.
2026-10-06T09:25:15.1218219Z 
2026-10-06T09:25:15.1218359Z No VM guests are running outdated hypervisor (qemu) binaries on this host.
2026-10-06T09:25:15.8328281Z ##[group]Run python3 scripts/install-ci-toolchains.py wasm "$RUNNER_TEMP/editor-toolchains"
2026-10-06T09:25:15.8328789Z [36;1mpython3 scripts/install-ci-toolchains.py wasm "$RUNNER_TEMP/editor-toolchains"[0m
2026-10-06T09:25:15.8363412Z shell: /usr/bin/bash --noprofile --norc -e -o pipefail {0}
2026-10-06T09:25:15.8363678Z ##[endgroup]
2026-10-06T09:25:15.8798047Z Download swift-linux: 6.4.0-RELEASE Ubuntu 24.04 x86_64
2026-10-06T09:25:38.5350152Z Download swift-wasm: 6.4.0-RELEASE_wasm
2026-10-06T09:25:41.5744845Z Swift SDK bundle at `/home/runner/work/_temp/editor-toolchains/swift-wasm.tar.gz` is assumed to be an archive, unpacking...
2026-10-06T09:25:41.5745858Z Swift SDK bundle at `/home/runner/work/_temp/editor-toolchains/swift-wasm.tar.gz` successfully installed as swift-6.4.0-RELEASE_wasm.artifactbundle.
2026-10-06T09:25:41.6278669Z Swift version 6.4 (swift-6.4-RELEASE)
2026-10-06T09:25:41.6279159Z Target: x86_64-unknown-linux-gnu
2026-10-06T09:25:41.6298566Z {
2026-10-06T09:25:41.6299245Z   "SWIFT_BIN": "/home/runner/work/_temp/editor-toolchains/swift-6.4.0-RELEASE-ubuntu24.04/usr/bin/swift"
2026-10-06T09:25:41.6299790Z }
2026-10-06T09:25:41.6432879Z ##[group]Run bun install --frozen-lockfile
2026-10-06T09:25:41.6433210Z [36;1mbun install --frozen-lockfile[0m
2026-10-06T09:25:41.6466011Z shell: /usr/bin/bash --noprofile --norc -e -o pipefail {0}
2026-10-06T09:25:41.6466404Z env:
2026-10-06T09:25:41.6466794Z   SWIFT_BIN: /home/runner/work/_temp/editor-toolchains/swift-6.4.0-RELEASE-ubuntu24.04/usr/bin/swift
2026-10-06T09:25:41.6467203Z ##[endgroup]
2026-10-06T09:25:41.6538624Z bun install v1.4.2 (744846f84)
2026-10-06T09:25:42.0828967Z 
2026-10-06T09:25:42.0829512Z + @biomejs/biome@2.4.14
2026-10-06T09:25:42.0829894Z + @playwright/test@1.63.0
2026-10-06T09:25:42.0830255Z + @types/bun@1.4.2
2026-10-06T09:25:42.0831613Z + @types/react@19.2.14
2026-10-06T09:25:42.0832119Z + @types/react-dom@19.2.3
2026-10-06T09:25:42.0832447Z + @vitejs/plugin-react@6.1.1
2026-10-06T09:25:42.0832773Z + react@19.2.6
2026-10-06T09:25:42.0833056Z + react-dom@19.2.6
2026-10-06T09:25:42.0833381Z + typescript@6.0.3
2026-10-06T09:25:42.0833818Z + vite@8.3.1
2026-10-06T09:25:42.0834110Z + @bjorn3/browser_wasi_shim@0.4.2
2026-10-06T09:25:42.0834438Z + zod@4.4.3
2026-10-06T09:25:42.0834605Z 
2026-10-06T09:25:42.0834732Z 37 packages installed [429.00ms]
2026-10-06T09:25:42.0877172Z ##[group]Run bunx playwright install --with-deps chromium webkit firefox
2026-10-06T09:25:42.0877553Z [36;1mbunx playwright install --with-deps chromium webkit firefox[0m
2026-10-06T09:25:42.0913908Z shell: /usr/bin/bash --noprofile --norc -e -o pipefail {0}
2026-10-06T09:25:42.0914157Z env:
2026-10-06T09:25:42.0914610Z   SWIFT_BIN: /home/runner/work/_temp/editor-toolchains/swift-6.4.0-RELEASE-ubuntu24.04/usr/bin/swift
2026-10-06T09:25:42.0914946Z ##[endgroup]
2026-10-06T09:25:42.7888281Z Installing dependencies...
2026-10-06T09:25:42.7941242Z Switching to root user to install dependencies...
2026-10-06T09:25:42.8316303Z Get:1 file:/etc/apt/apt-mirrors.txt Mirrorlist [144 B]
2026-10-06T09:25:42.8592368Z Hit:2 http://azure.archive.ubuntu.com/ubuntu noble InRelease
2026-10-06T09:25:42.8621336Z Hit:3 http://azure.archive.ubuntu.com/ubuntu noble-updates InRelease
2026-10-06T09:25:42.8622419Z Hit:4 http://azure.archive.ubuntu.com/ubuntu noble-backports InRelease
2026-10-06T09:25:42.8629662Z Hit:5 http://azure.archive.ubuntu.com/ubuntu noble-security InRelease
2026-10-06T09:25:42.8667872Z Hit:6 https://packages.microsoft.com/ubuntu/24.04/prod noble InRelease
2026-10-06T09:25:43.7751800Z Reading package lists...
2026-10-06T09:25:43.7949807Z Reading package lists...
2026-10-06T09:25:43.9141725Z Building dependency tree...
2026-10-06T09:25:43.9147440Z Reading state information...
2026-10-06T09:25:43.9267501Z libasound2t64 is already the newest version (1.2.11-1ubuntu0.3).
2026-10-06T09:25:43.9267873Z libasound2t64 set to manually installed.
2026-10-06T09:25:43.9268222Z libatk-bridge2.0-0t64 is already the newest version (2.52.0-1build1).
2026-10-06T09:25:43.9268588Z libatk-bridge2.0-0t64 set to manually installed.
2026-10-06T09:25:43.9268907Z libatk1.0-0t64 is already the newest version (2.52.0-1build1).
2026-10-06T09:25:43.9269151Z libatk1.0-0t64 set to manually installed.
2026-10-06T09:25:43.9269393Z libatspi2.0-0t64 is already the newest version (2.52.0-1build1).
2026-10-06T09:25:43.9269689Z libatspi2.0-0t64 set to manually installed.
2026-10-06T09:25:43.9269939Z libcairo2 is already the newest version (1.18.0-3build1).
2026-10-06T09:25:43.9270169Z libcairo2 set to manually installed.
2026-10-06T09:25:43.9270609Z libcups2t64 is already the newest version (2.4.7-1.2ubuntu7.14).
2026-10-06T09:25:43.9270870Z libcups2t64 set to manually installed.
2026-10-06T09:25:43.9271108Z libdbus-1-3 is already the newest version (1.14.10-4ubuntu4.1).
2026-10-06T09:25:43.9271356Z libdbus-1-3 set to manually installed.
2026-10-06T09:25:43.9271597Z libdrm2 is already the newest version (2.4.125-1ubuntu0.1~24.04.2).
2026-10-06T09:25:43.9271853Z libdrm2 set to manually installed.
2026-10-06T09:25:43.9272090Z libglib2.0-0t64 is already the newest version (2.80.0-6ubuntu3.9).
2026-10-06T09:25:43.9272341Z libglib2.0-0t64 set to manually installed.
2026-10-06T09:25:43.9272577Z libnspr4 is already the newest version (2:4.35-1.1build1).
2026-10-06T09:25:43.9272818Z libnspr4 set to manually installed.
2026-10-06T09:25:43.9273051Z libnss3 is already the newest version (2:3.98-1ubuntu0.2).
2026-10-06T09:25:43.9273278Z libnss3 set to manually installed.
2026-10-06T09:25:43.9273517Z libpango-1.0-0 is already the newest version (1.52.1+ds-1build1).
2026-10-06T09:25:43.9273773Z libpango-1.0-0 set to manually installed.
2026-10-06T09:25:43.9274006Z libx11-6 is already the newest version (2:1.8.7-1build1).
2026-10-06T09:25:43.9274228Z libx11-6 set to manually installed.
2026-10-06T09:25:43.9274437Z libxcb1 is already the newest version (1.15-1ubuntu2).
2026-10-06T09:25:43.9274664Z libxcb1 set to manually installed.
2026-10-06T09:25:43.9274880Z libxcomposite1 is already the newest version (1:0.4.5-1build3).
2026-10-06T09:25:43.9275113Z libxcomposite1 set to manually installed.
2026-10-06T09:25:43.9275352Z libxdamage1 is already the newest version (1:1.1.6-1build1).
2026-10-06T09:25:43.9275599Z libxdamage1 set to manually installed.
2026-10-06T09:25:43.9275823Z libxext6 is already the newest version (2:1.3.4-1build2).
2026-10-06T09:25:43.9276465Z libxext6 set to manually installed.
2026-10-06T09:25:43.9276699Z libxfixes3 is already the newest version (1:6.0.0-2build1).
2026-10-06T09:25:43.9276955Z libxfixes3 set to manually installed.
2026-10-06T09:25:43.9277194Z libxkbcommon0 is already the newest version (1.6.0-1build1).
2026-10-06T09:25:43.9277436Z libxkbcommon0 set to manually installed.
2026-10-06T09:25:43.9277666Z libxrandr2 is already the newest version (2:1.5.2-2build1).
2026-10-06T09:25:43.9277908Z libxrandr2 set to manually installed.
2026-10-06T09:25:43.9278131Z xvfb is already the newest version (2:21.1.12-1ubuntu1.8).
2026-10-06T09:25:43.9278432Z fonts-noto-color-emoji is already the newest version (2.047-0ubuntu0.24.04.1).
2026-10-06T09:25:43.9278760Z libfontconfig1 is already the newest version (2.15.0-1.1ubuntu2).
2026-10-06T09:25:43.9279020Z libfontconfig1 set to manually installed.
2026-10-06T09:25:43.9279258Z libfreetype6 is already the newest version (2.13.2+dfsg-1ubuntu0.1).
2026-10-06T09:25:43.9279512Z libfreetype6 set to manually installed.
2026-10-06T09:25:43.9279749Z fonts-liberation is already the newest version (1:2.1.5-3).
2026-10-06T09:25:43.9279997Z fonts-liberation set to manually installed.
2026-10-06T09:25:43.9280229Z libicu74 is already the newest version (74.2-1ubuntu3.1).
2026-10-06T09:25:43.9280699Z libatomic1 is already the newest version (14.2.0-4ubuntu2~24.04.1).
2026-10-06T09:25:43.9280951Z libatomic1 set to manually installed.
2026-10-06T09:25:43.9281201Z libcairo-gobject2 is already the newest version (1.18.0-3build1).
2026-10-06T09:25:43.9281459Z libcairo-gobject2 set to manually installed.
2026-10-06T09:25:43.9281712Z libenchant-2-2 is already the newest version (2.3.3-2build2).
2026-10-06T09:25:43.9281958Z libenchant-2-2 set to manually installed.
2026-10-06T09:25:43.9282184Z libepoxy0 is already the newest version (1.5.10-1build1).
2026-10-06T09:25:43.9282422Z libepoxy0 set to manually installed.
2026-10-06T09:25:43.9282687Z libgdk-pixbuf-2.0-0 is already the newest version (2.42.10+dfsg-3ubuntu3.3).
2026-10-06T09:25:43.9282975Z libgdk-pixbuf-2.0-0 set to manually installed.
2026-10-06T09:25:43.9283234Z libgstreamer1.0-0 is already the newest version (1.24.2-1ubuntu0.1).
2026-10-06T09:25:43.9283505Z libgstreamer1.0-0 set to manually installed.
2026-10-06T09:25:43.9283833Z libharfbuzz0b is already the newest version (8.3.0-2build2).
2026-10-06T09:25:43.9284123Z libharfbuzz0b set to manually installed.
2026-10-06T09:25:43.9284401Z libjpeg-turbo8 is already the newest version (2.1.5-2ubuntu2).
2026-10-06T09:25:43.9284647Z libjpeg-turbo8 set to manually installed.
2026-10-06T09:25:43.9284881Z liblcms2-2 is already the newest version (2.14-2ubuntu0.1).
2026-10-06T09:25:43.9285111Z liblcms2-2 set to manually installed.
2026-10-06T09:25:43.9285382Z libpangocairo-1.0-0 is already the newest version (1.52.1+ds-1build1).
2026-10-06T09:25:43.9285656Z libpangocairo-1.0-0 set to manually installed.
2026-10-06T09:25:43.9285914Z libpng16-16t64 is already the newest version (1.6.43-5ubuntu0.6).
2026-10-06T09:25:43.9286177Z libpng16-16t64 set to manually installed.
2026-10-06T09:25:43.9286426Z libwayland-client0 is already the newest version (1.22.0-2.1build1).
2026-10-06T09:25:43.9286696Z libwayland-client0 set to manually installed.
2026-10-06T09:25:43.9286948Z libwayland-egl1 is already the newest version (1.22.0-2.1build1).
2026-10-06T09:25:43.9287200Z libwayland-egl1 set to manually installed.
2026-10-06T09:25:43.9287428Z libwebp7 is already the newest version (1.3.2-0.4build3).
2026-10-06T09:25:43.9287768Z libwebp7 set to manually installed.
2026-10-06T09:25:44.0485371Z libwebpdemux2 is already the newest version (1.3.2-0.4build3).
2026-10-06T09:25:44.0485776Z libwebpdemux2 set to manually installed.
2026-10-06T09:25:44.0486090Z libxml2 is already the newest version (2.9.14+dfsg-1.3ubuntu3.9).
2026-10-06T09:25:44.0486411Z libxml2 set to manually installed.
2026-10-06T09:25:44.0486754Z libxslt1.1 is already the newest version (1.1.39-0exp1ubuntu0.24.04.3).
2026-10-06T09:25:44.0487474Z libxslt1.1 set to manually installed.
2026-10-06T09:25:44.0487883Z libgtk-3-0t64 is already the newest version (3.24.41-4ubuntu1.3).
2026-10-06T09:25:44.0488184Z libgtk-3-0t64 set to manually installed.
2026-10-06T09:25:44.0488457Z libx11-xcb1 is already the newest version (2:1.8.7-1build1).
2026-10-06T09:25:44.0488739Z libx11-xcb1 set to manually installed.
2026-10-06T09:25:44.0489287Z libxcb-shm0 is already the newest version (1.15-1ubuntu2).
2026-10-06T09:25:44.0489689Z libxcb-shm0 set to manually installed.
2026-10-06T09:25:44.0490056Z libxcursor1 is already the newest version (1:1.2.1-1build1).
2026-10-06T09:25:44.0490588Z libxcursor1 set to manually installed.
2026-10-06T09:25:44.0490818Z libxi6 is already the newest version (2:1.8.1-1build1).
2026-10-06T09:25:44.0491052Z libxi6 set to manually installed.
2026-10-06T09:25:44.0491374Z libxrender1 is already the newest version (1:0.9.10-1.1build1).
2026-10-06T09:25:44.0491659Z libxrender1 set to manually installed.
2026-10-06T09:25:44.0491914Z The following additional packages will be installed:
2026-10-06T09:25:44.0492267Z   glib-networking glib-networking-common glib-networking-services
2026-10-06T09:25:44.0492636Z   gsettings-desktop-schemas libaa1 libabsl20220623t64 libass9 libasyncns0
2026-10-06T09:25:44.0493140Z   libavc1394-0 libavfilter9 libavformat60 libavtp0 libavutil58 libblas3
2026-10-06T09:25:44.0493523Z   libbluray2 libbs2b0 libcaca0 libcairo-script-interpreter2 libcdparanoia0
2026-10-06T09:25:44.0494084Z   libchromaprint1 libcjson1 libcodec2-1.2 libdav1d7 libdc1394-25 libdca0
2026-10-06T09:25:44.0494411Z   libde265-0 libdecor-0-0 libdirectfb-1.7-7t64 libdv4t64 libdvdnav4
2026-10-06T09:25:44.0494714Z   libdvdread8t64 libegl-mesa0 libegl1 libevent-core-2.1-7t64
2026-10-06T09:25:44.0495077Z   libevent-pthreads-2.1-7t64 libfaad2 libflac12t64 libfluidsynth3 libfreeaptx0
2026-10-06T09:25:44.0495435Z   libgav1-1 libgl1-mesa-dri libglx-mesa0 libgme0 libgraphene-1.0-0 libgsm1
2026-10-06T09:25:44.0495791Z   libgssdp-1.6-0 libgstreamer-plugins-good1.0-0 libgtk-4-common libgupnp-1.6-0
2026-10-06T09:25:44.0496139Z   libgupnp-igd-1.6-0 libhwy1t64 libiec61883-0 libimath-3-1-29t64
2026-10-06T09:25:44.0496456Z   libinstpatch-1.0-2 libjack-jackd2-0 libjxl0.7 liblapack3 liblc3-1
2026-10-06T09:25:44.0496815Z   libldacbt-enc2 liblilv-0-0 liblrdf0 libltc11 libmbedcrypto7t64 libmfx1
2026-10-06T09:25:44.0497163Z   libmjpegutils-2.1-0t64 libmodplug1 libmp3lame0 libmpcdec6
2026-10-06T09:25:44.0497501Z   libmpeg2encpp-2.1-0t64 libmpg123-0t64 libmplex2-2.1-0t64 libmysofa1
2026-10-06T09:25:44.0497869Z   libneon27t64 libnice10 libopenal-data libopenal1 libopenexr-3-1-30
2026-10-06T09:25:44.0498500Z   libopenh264-7 libopenmpt0t64 libopenni2-0 liborc-0.4-0t64
2026-10-06T09:25:44.0498839Z   libpipewire-0.3-0t64 libplacebo338 libpocketsphinx3 libpostproc57
2026-10-06T09:25:44.0499209Z   libproxy1v5 libpulse0 libqrencode4 libraptor2-0 librav1e0 libraw1394-11
2026-10-06T09:25:44.0499563Z   librist4 librsvg2-2 librubberband2 libsamplerate0 libsbc1 libsdl2-2.0-0
2026-10-06T09:25:44.0499920Z   libsecret-common libserd-0-0 libshine3 libshout3 libsndfile1 libsndio7.0
2026-10-06T09:25:44.0500475Z   libsord-0-0 libsoundtouch1 libsoup-3.0-0 libsoup-3.0-common libsoxr0
2026-10-06T09:25:44.0500920Z   libspa-0.2-modules libspandsp2t64 libspeex1 libsphinxbase3t64 libsratom-0-0
2026-10-06T09:25:44.0501330Z   libsrt1.5-gnutls libsrtp2-1 libssh-gcrypt-4 libsvtav1enc1d1 libswresample4
2026-10-06T09:25:44.0501731Z   libswscale7 libtag1v5 libtag1v5-vanilla libtheora0 libtwolame0 libudfread0
2026-10-06T09:25:44.0502118Z   libunibreak5 libv4l-0t64 libv4lconvert0t64 libva-drm2 libva-x11-2 libva2
2026-10-06T09:25:44.0502639Z   libvdpau1 libvidstab1.1 libvisual-0.4-0 libvo-aacenc0 libvo-amrwbenc0
2026-10-06T09:25:44.0503050Z   libvorbisenc2 libvpl2 libwavpack1 libwebrtc-audio-processing1 libwildmidi2
2026-10-06T09:25:44.0503428Z   libx265-199 libxcb-xkb1 libxkbcommon-x11-0 libxvidcore4 libyuv0 libzbar0t64
2026-10-06T09:25:44.0503774Z   libzimg2 libzix-0-0 libzvbi-common libzvbi0t64 libzxing3 mesa-libgallium
2026-10-06T09:25:44.0504320Z   ocl-icd-libopencl1 session-migration timgm6mb-soundfont xfonts-encodings
2026-10-06T09:25:44.0504691Z   xfonts-utils
2026-10-06T09:25:44.0504882Z Suggested packages:
2026-10-06T09:25:44.0505158Z   frei0r-plugins gvfs libcuda1 libnvcuvid1 libnvidia-encode1 libbluray-bdj
2026-10-06T09:25:44.0505559Z   libdirectfb-extra libdv-bin oss-compat libdvdcss2 libvisual-0.4-plugins
2026-10-06T09:25:44.0505938Z   jackd2 liblrdf0-dev libportaudio2 opus-tools pipewire pulseaudio
2026-10-06T09:25:44.0506300Z   raptor2-utils libraw1394-doc librsvg2-bin serdi sndiod sordi speex
2026-10-06T09:25:44.0506679Z   libwildmidi-config opencl-icd fluid-soundfont-gm
2026-10-06T09:25:44.0506952Z Recommended packages:
2026-10-06T09:25:44.0507177Z   fonts-ipafont-mincho fonts-tlwg-loma gstreamer1.0-x libaacs0
2026-10-06T09:25:44.0507501Z   default-libdecor-0-plugin-1 | libdecor-0-plugin-1 gstreamer1.0-gl
2026-10-06T09:25:44.0507855Z   libgtk-4-bin librsvg2-common libgtk-4-media-gstreamer libpipewire-0.3-common
2026-10-06T09:25:44.0508255Z   pocketsphinx-en-us va-driver-all | va-driver vdpau-driver-all | vdpau-driver
2026-10-06T09:25:44.0508538Z   libmagickcore-6.q16-7-extra
2026-10-06T09:25:44.1245499Z The following NEW packages will be installed:
2026-10-06T09:25:44.1246136Z   fonts-freefont-ttf fonts-ipafont-gothic fonts-tlwg-loma-otf fonts-unifont
2026-10-06T09:25:44.1246599Z   fonts-wqy-zenhei glib-networking glib-networking-common
2026-10-06T09:25:44.1247121Z   glib-networking-services gsettings-desktop-schemas gstreamer1.0-libav
2026-10-06T09:25:44.1247732Z   gstreamer1.0-plugins-bad gstreamer1.0-plugins-base gstreamer1.0-plugins-good
2026-10-06T09:25:44.1248230Z   libaa1 libabsl20220623t64 libass9 libasyncns0 libavc1394-0 libavcodec60
2026-10-06T09:25:44.1248607Z   libavfilter9 libavformat60 libavif16 libavtp0 libavutil58 libblas3
2026-10-06T09:25:44.1248987Z   libbluray2 libbs2b0 libcaca0 libcairo-script-interpreter2 libcdparanoia0
2026-10-06T09:25:44.1249375Z   libchromaprint1 libcjson1 libcodec2-1.2 libdav1d7 libdc1394-25 libdca0
2026-10-06T09:25:44.1250049Z   libde265-0 libdecor-0-0 libdirectfb-1.7-7t64 libdv4t64 libdvdnav4
2026-10-06T09:25:44.1250686Z   libdvdread8t64 libegl-mesa0 libegl1 libevent-2.1-7t64 libfaad2 libflac12t64
2026-10-06T09:25:44.1251250Z   libflite1 libfluidsynth3 libfreeaptx0 libgav1-1 libgles2 libgme0
2026-10-06T09:25:44.1251684Z   libgraphene-1.0-0 libgsm1 libgssdp-1.6-0 libgstreamer-gl1.0-0
2026-10-06T09:25:44.1252047Z   libgstreamer-plugins-bad1.0-0 libgstreamer-plugins-base1.0-0
2026-10-06T09:25:44.1252423Z   libgstreamer-plugins-good1.0-0 libgtk-4-1 libgtk-4-common libgupnp-1.6-0
2026-10-06T09:25:44.1252865Z   libgupnp-igd-1.6-0 libharfbuzz-icu0 libhwy1t64 libhyphen0 libiec61883-0
2026-10-06T09:25:44.1253489Z   libimath-3-1-29t64 libinstpatch-1.0-2 libjack-jackd2-0 libjxl0.7 liblapack3
2026-10-06T09:25:44.1253891Z   liblc3-1 libldacbt-enc2 liblilv-0-0 liblrdf0 libltc11 libmanette-0.2-0
2026-10-06T09:25:44.1254266Z   libmbedcrypto7t64 libmfx1 libmjpegutils-2.1-0t64 libmodplug1 libmp3lame0
2026-10-06T09:25:44.1254771Z   libmpcdec6 libmpeg2encpp-2.1-0t64 libmpg123-0t64 libmplex2-2.1-0t64
2026-10-06T09:25:44.1255242Z   libmysofa1 libneon27t64 libnice10 libopenal-data libopenal1
2026-10-06T09:25:44.1255595Z   libopenexr-3-1-30 libopenh264-7 libopenmpt0t64 libopenni2-0 libopus0
2026-10-06T09:25:44.1255959Z   liborc-0.4-0t64 libpipewire-0.3-0t64 libplacebo338 libpocketsphinx3
2026-10-06T09:25:44.1256335Z   libpostproc57 libproxy1v5 libpulse0 libqrencode4 libraptor2-0 librav1e0
2026-10-06T09:25:44.1256723Z   libraw1394-11 librist4 librsvg2-2 librubberband2 libsamplerate0 libsbc1
2026-10-06T09:25:44.1257106Z   libsdl2-2.0-0 libsecret-1-0 libsecret-common libserd-0-0 libshine3 libshout3
2026-10-06T09:25:44.1257482Z   libsndfile1 libsndio7.0 libsord-0-0 libsoundtouch1 libsoup-3.0-0
2026-10-06T09:25:44.1257844Z   libsoup-3.0-common libsoxr0 libspa-0.2-modules libspandsp2t64 libspeex1
2026-10-06T09:25:44.1258245Z   libsphinxbase3t64 libsratom-0-0 libsrt1.5-gnutls libsrtp2-1 libssh-gcrypt-4
2026-10-06T09:25:44.1259020Z   libsvtav1enc1d1 libswresample4 libswscale7 libtag1v5 libtag1v5-vanilla
2026-10-06T09:25:44.1259649Z   libtheora0 libtwolame0 libudfread0 libunibreak5 libv4l-0t64
2026-10-06T09:25:44.1260084Z   libv4lconvert0t64 libva-drm2 libva-x11-2 libva2 libvdpau1 libvidstab1.1
2026-10-06T09:25:44.1260670Z   libvisual-0.4-0 libvo-aacenc0 libvo-amrwbenc0 libvorbisenc2 libvpl2 libvpx9
2026-10-06T09:25:44.1261068Z   libwavpack1 libwayland-server0 libwebrtc-audio-processing1 libwildmidi2
2026-10-06T09:25:44.1261457Z   libwoff1 libx264-164 libx265-199 libxcb-xkb1 libxkbcommon-x11-0 libxvidcore4
2026-10-06T09:25:44.1261849Z   libyuv0 libzbar0t64 libzimg2 libzix-0-0 libzvbi-common libzvbi0t64 libzxing3
2026-10-06T09:25:44.1262500Z   ocl-icd-libopencl1 session-migration timgm6mb-soundfont xfonts-cyrillic
2026-10-06T09:25:44.1262837Z   xfonts-encodings xfonts-scalable xfonts-utils
2026-10-06T09:25:44.1263098Z The following packages will be upgraded:
2026-10-06T09:25:44.1263412Z   libevent-core-2.1-7t64 libevent-pthreads-2.1-7t64 libgbm1 libgl1-mesa-dri
2026-10-06T09:25:44.1265331Z   libglx-mesa0 mesa-libgallium
2026-10-06T09:25:44.1426446Z 6 upgraded, 181 newly installed, 0 to remove and 19 not upgraded.
2026-10-06T09:25:44.1426856Z Need to get 125 MB of archives.
2026-10-06T09:25:44.1427145Z After this operation, 364 MB of additional disk space will be used.
2026-10-06T09:25:44.1427464Z Get:1 file:/etc/apt/apt-mirrors.txt Mirrorlist [144 B]
2026-10-06T09:25:44.2122102Z Get:2 http://azure.archive.ubuntu.com/ubuntu noble/universe amd64 fonts-ipafont-gothic all 00303-21ubuntu1 [3513 kB]
2026-10-06T09:25:44.3586973Z Get:3 http://azure.archive.ubuntu.com/ubuntu noble/main amd64 fonts-freefont-ttf all 20211204+svn4273-2 [5641 kB]
2026-10-06T09:25:44.4325221Z Get:4 http://azure.archive.ubuntu.com/ubuntu noble/universe amd64 fonts-tlwg-loma-otf all 1:0.7.3-1 [107 kB]
2026-10-06T09:25:44.4603674Z Get:5 http://azure.archive.ubuntu.com/ubuntu noble/universe amd64 fonts-unifont all 1:15.1.01-1build1 [2993 kB]
2026-10-06T09:25:44.5035369Z Get:6 http://azure.archive.ubuntu.com/ubuntu noble/universe amd64 fonts-wqy-zenhei all 0.9.45-8 [7472 kB]
2026-10-06T09:25:44.5962659Z Get:7 http://azure.archive.ubuntu.com/ubuntu noble/main amd64 libproxy1v5 amd64 0.5.4-4build1 [26.5 kB]
2026-10-06T09:25:44.6240736Z Get:8 http://azure.archive.ubuntu.com/ubuntu noble/main amd64 glib-networking-common all 2.80.0-1build1 [6702 B]
2026-10-06T09:25:44.6520667Z Get:9 http://azure.archive.ubuntu.com/ubuntu noble/main amd64 glib-networking-services amd64 2.80.0-1build1 [12.8 kB]
2026-10-06T09:25:44.6797901Z Get:10 http://azure.archive.ubuntu.com/ubuntu noble/main amd64 session-migration amd64 0.3.9build1 [9034 B]
2026-10-06T09:25:44.7075129Z Get:11 http://azure.archive.ubuntu.com/ubuntu noble-updates/main amd64 gsettings-desktop-schemas all 46.1-0ubuntu1 [35.6 kB]
2026-10-06T09:25:44.7354562Z Get:12 http://azure.archive.ubuntu.com/ubuntu noble/main amd64 glib-networking amd64 2.80.0-1build1 [64.1 kB]
2026-10-06T09:25:44.7636127Z Get:13 http://azure.archive.ubuntu.com/ubuntu noble-updates/universe amd64 libva2 amd64 2.20.0-2ubuntu0.2 [66.4 kB]
2026-10-06T09:25:44.7917795Z Get:14 http://azure.archive.ubuntu.com/ubuntu noble-updates/universe amd64 libva-drm2 amd64 2.20.0-2ubuntu0.2 [7124 B]
2026-10-06T09:25:44.8196905Z Get:15 http://azure.archive.ubuntu.com/ubuntu noble-updates/universe amd64 libva-x11-2 amd64 2.20.0-2ubuntu0.2 [12.0 kB]
2026-10-06T09:25:44.8472014Z Get:16 http://azure.archive.ubuntu.com/ubuntu noble/main amd64 libvdpau1 amd64 1.5-2build1 [27.8 kB]
2026-10-06T09:25:44.8750198Z Get:17 http://azure.archive.ubuntu.com/ubuntu noble/universe amd64 libvpl2 amd64 2023.3.0-1build1 [99.8 kB]
2026-10-06T09:25:44.9034500Z Get:18 http://azure.archive.ubuntu.com/ubuntu noble/universe amd64 ocl-icd-libopencl1 amd64 2.3.2-1build1 [38.5 kB]
2026-10-06T09:25:44.9312365Z Get:19 http://azure.archive.ubuntu.com/ubuntu noble/universe amd64 libavutil58 amd64 7:6.1.1-3ubuntu5 [401 kB]
2026-10-06T09:25:45.0045054Z Get:20 http://azure.archive.ubuntu.com/ubuntu noble/universe amd64 libcodec2-1.2 amd64 1.2.0-2build1 [8998 kB]
2026-10-06T09:25:45.1105353Z Get:21 http://azure.archive.ubuntu.com/ubuntu noble/universe amd64 libdav1d7 amd64 1.4.1-1build1 [604 kB]
2026-10-06T09:25:45.1434216Z Get:22 http://azure.archive.ubuntu.com/ubuntu noble/universe amd64 libgsm1 amd64 1.0.22-1build1 [27.8 kB]
2026-10-06T09:25:45.1726117Z Get:23 http://azure.archive.ubuntu.com/ubuntu noble/universe amd64 libhwy1t64 amd64 1.0.7-8.1build1 [584 kB]
2026-10-06T09:25:45.2035860Z Get:24 http://azure.archive.ubuntu.com/ubuntu noble-updates/universe amd64 libjxl0.7 amd64 0.7.0-10.2ubuntu6.1 [1001 kB]
2026-10-06T09:25:45.2400040Z Get:25 http://azure.archive.ubuntu.com/ubuntu noble/main amd64 libmp3lame0 amd64 3.100-6build1 [142 kB]
2026-10-06T09:25:45.2686493Z Get:26 http://azure.archive.ubuntu.com/ubuntu noble/main amd64 libopus0 amd64 1.4-1build1 [208 kB]
2026-10-06T09:25:45.2974729Z Get:27 http://azure.archive.ubuntu.com/ubuntu noble/universe amd64 librav1e0 amd64 0.7.1-2 [1022 kB]
2026-10-06T09:25:45.3343263Z Get:28 http://azure.archive.ubuntu.com/ubuntu noble/main amd64 librsvg2-2 amd64 2.58.0+dfsg-1build1 [2135 kB]
2026-10-06T09:25:45.3802091Z Get:29 http://azure.archive.ubuntu.com/ubuntu noble/universe amd64 libshine3 amd64 3.1.1-2build1 [23.2 kB]
2026-10-06T09:25:45.4080124Z Get:30 http://azure.archive.ubuntu.com/ubuntu noble-updates/main amd64 libspeex1 amd64 1.2.1-2ubuntu2.24.04.1 [59.6 kB]
2026-10-06T09:25:45.4359618Z Get:31 http://azure.archive.ubuntu.com/ubuntu noble/universe amd64 libsvtav1enc1d1 amd64 1.7.0+dfsg-2build1 [2425 kB]
2026-10-06T09:25:45.4845142Z Get:32 http://azure.archive.ubuntu.com/ubuntu noble/universe amd64 libsoxr0 amd64 0.1.3-4build3 [80.0 kB]
2026-10-06T09:25:45.5125230Z Get:33 http://azure.archive.ubuntu.com/ubuntu noble/universe amd64 libswresample4 amd64 7:6.1.1-3ubuntu5 [63.8 kB]
2026-10-06T09:25:45.5405806Z Get:34 http://azure.archive.ubuntu.com/ubuntu noble/main amd64 libtheora0 amd64 1.1.1+dfsg.1-16.1build3 [211 kB]
2026-10-06T09:25:45.5696585Z Get:35 http://azure.archive.ubuntu.com/ubuntu noble/main amd64 libtwolame0 amd64 0.4.0-2build3 [52.3 kB]
2026-10-06T09:25:45.5976139Z Get:36 http://azure.archive.ubuntu.com/ubuntu noble/main amd64 libvorbisenc2 amd64 1.3.7-1build3 [80.8 kB]
2026-10-06T09:25:45.6256126Z Get:37 http://azure.archive.ubuntu.com/ubuntu noble-updates/main amd64 libvpx9 amd64 1.14.0-1ubuntu2.3 [1143 kB]
2026-10-06T09:25:45.6671901Z Get:38 http://azure.archive.ubuntu.com/ubuntu noble/universe amd64 libx264-164 amd64 2:0.164.3108+git31e19f9-1 [604 kB]
2026-10-06T09:25:45.7466624Z Get:39 http://azure.archive.ubuntu.com/ubuntu noble/universe amd64 libx265-199 amd64 3.5-2build1 [1226 kB]
2026-10-06T09:25:45.7871318Z Get:40 http://azure.archive.ubuntu.com/ubuntu noble/universe amd64 libxvidcore4 amd64 2:1.3.7-1build1 [219 kB]
2026-10-06T09:25:45.8182675Z Get:41 http://azure.archive.ubuntu.com/ubuntu noble/universe amd64 libzvbi-common all 0.2.42-2 [42.4 kB]
2026-10-06T09:25:45.8484099Z Get:42 http://azure.archive.ubuntu.com/ubuntu noble/universe amd64 libzvbi0t64 amd64 0.2.42-2 [261 kB]
2026-10-06T09:25:45.8801133Z Get:43 http://azure.archive.ubuntu.com/ubuntu noble/universe amd64 libavcodec60 amd64 7:6.1.1-3ubuntu5 [5851 kB]
2026-10-06T09:25:45.9648841Z Get:44 http://azure.archive.ubuntu.com/ubuntu noble/universe amd64 libunibreak5 amd64 5.1-2build1 [25.0 kB]
2026-10-06T09:25:45.9955084Z Get:45 http://azure.archive.ubuntu.com/ubuntu noble/universe amd64 libass9 amd64 1:0.17.1-2build1 [104 kB]
2026-10-06T09:25:46.0257472Z Get:46 http://azure.archive.ubuntu.com/ubuntu noble/universe amd64 libudfread0 amd64 1.1.2-1build1 [19.0 kB]
2026-10-06T09:25:46.0558786Z Get:47 http://azure.archive.ubuntu.com/ubuntu noble/universe amd64 libbluray2 amd64 1:1.3.4-1build1 [159 kB]
2026-10-06T09:25:46.0866161Z Get:48 http://azure.archive.ubuntu.com/ubuntu noble/universe amd64 libchromaprint1 amd64 1.5.1-5 [30.5 kB]
2026-10-06T09:25:46.1171384Z Get:49 http://azure.archive.ubuntu.com/ubuntu noble/universe amd64 libgme0 amd64 0.6.3-7build1 [134 kB]
2026-10-06T09:25:46.1451848Z Get:50 http://azure.archive.ubuntu.com/ubuntu noble-updates/main amd64 libmpg123-0t64 amd64 1.32.5-1ubuntu1.1 [169 kB]
2026-10-06T09:25:46.1732752Z Get:51 http://azure.archive.ubuntu.com/ubuntu noble/universe amd64 libopenmpt0t64 amd64 0.7.3-1.1build3 [647 kB]
2026-10-06T09:25:46.2058332Z Get:52 http://azure.archive.ubuntu.com/ubuntu noble/universe amd64 libcjson1 amd64 1.7.17-1 [24.8 kB]
2026-10-06T09:25:46.2357704Z Get:53 http://azure.archive.ubuntu.com/ubuntu noble/universe amd64 libmbedcrypto7t64 amd64 2.28.8-1 [209 kB]
2026-10-06T09:25:46.2671293Z Get:54 http://azure.archive.ubuntu.com/ubuntu noble/universe amd64 librist4 amd64 0.2.10+dfsg-2 [74.9 kB]
2026-10-06T09:25:46.2984663Z Get:55 http://azure.archive.ubuntu.com/ubuntu noble/universe amd64 libsrt1.5-gnutls amd64 1.5.3-1build2 [316 kB]
2026-10-06T09:25:46.3298945Z Get:56 http://azure.archive.ubuntu.com/ubuntu noble-updates/main amd64 libssh-gcrypt-4 amd64 0.10.6-2ubuntu0.5 [226 kB]
2026-10-06T09:25:46.3613122Z Get:57 http://azure.archive.ubuntu.com/ubuntu noble/universe amd64 libavformat60 amd64 7:6.1.1-3ubuntu5 [1153 kB]
2026-10-06T09:25:46.4422496Z Get:58 http://azure.archive.ubuntu.com/ubuntu noble/universe amd64 libbs2b0 amd64 3.1.0+dfsg-7build1 [10.6 kB]
2026-10-06T09:25:46.4720379Z Get:59 http://azure.archive.ubuntu.com/ubuntu noble/universe amd64 libflite1 amd64 2.2-6build3 [13.6 MB]
2026-10-06T09:25:46.6300601Z Get:60 http://azure.archive.ubuntu.com/ubuntu noble/universe amd64 libserd-0-0 amd64 0.32.2-1 [43.6 kB]
2026-10-06T09:25:46.6658341Z Get:61 http://azure.archive.ubuntu.com/ubuntu noble/universe amd64 libzix-0-0 amd64 0.4.2-2build1 [23.6 kB]
2026-10-06T09:25:46.6955648Z Get:62 http://azure.archive.ubuntu.com/ubuntu noble/universe amd64 libsord-0-0 amd64 0.16.16-2build1 [15.8 kB]
2026-10-06T09:25:46.7254618Z Get:63 http://azure.archive.ubuntu.com/ubuntu noble/universe amd64 libsratom-0-0 amd64 0.6.16-1build1 [17.3 kB]
2026-10-06T09:25:46.7553501Z Get:64 http://azure.archive.ubuntu.com/ubuntu noble/universe amd64 liblilv-0-0 amd64 0.24.22-1build1 [41.0 kB]
2026-10-06T09:25:46.7854735Z Get:65 http://azure.archive.ubuntu.com/ubuntu noble/universe amd64 libmysofa1 amd64 1.3.2+dfsg-2ubuntu2 [1158 kB]
2026-10-06T09:25:46.8260593Z Get:66 http://azure.archive.ubuntu.com/ubuntu noble/universe amd64 libplacebo338 amd64 6.338.2-2build1 [2654 kB]
2026-10-06T09:25:46.8898235Z Get:67 http://azure.archive.ubuntu.com/ubuntu noble-updates/main amd64 libblas3 amd64 3.12.0-3build1.1 [238 kB]
2026-10-06T09:25:46.9206817Z Get:68 http://azure.archive.ubuntu.com/ubuntu noble-updates/main amd64 liblapack3 amd64 3.12.0-3build1.1 [2646 kB]
2026-10-06T09:25:46.9770855Z Get:69 http://azure.archive.ubuntu.com/ubuntu noble/main amd64 libasyncns0 amd64 0.8-6build4 [11.3 kB]
2026-10-06T09:25:47.0095159Z Get:70 http://azure.archive.ubuntu.com/ubuntu noble/main amd64 libflac12t64 amd64 1.4.3+ds-2.1ubuntu2 [197 kB]
2026-10-06T09:25:47.0402958Z Get:71 http://azure.archive.ubuntu.com/ubuntu noble-updates/main amd64 libsndfile1 amd64 1.2.2-1ubuntu5.24.04.1 [209 kB]
2026-10-06T09:25:47.0720487Z Get:72 http://azure.archive.ubuntu.com/ubuntu noble-updates/main amd64 libpulse0 amd64 1:16.1+dfsg1-2ubuntu10.1 [292 kB]
2026-10-06T09:25:47.1041214Z Get:73 http://azure.archive.ubuntu.com/ubuntu noble/universe amd64 libsphinxbase3t64 amd64 0.8+5prealpha+1-17build2 [126 kB]
2026-10-06T09:25:47.1347688Z Get:74 http://azure.archive.ubuntu.com/ubuntu noble/universe amd64 libpocketsphinx3 amd64 0.8.0+real5prealpha+1-15ubuntu5 [133 kB]
2026-10-06T09:25:47.1659867Z Get:75 http://azure.archive.ubuntu.com/ubuntu noble/universe amd64 libpostproc57 amd64 7:6.1.1-3ubuntu5 [49.9 kB]
2026-10-06T09:25:47.2356302Z Get:76 http://azure.archive.ubuntu.com/ubuntu noble/main amd64 libsamplerate0 amd64 0.2.2-4build1 [1344 kB]
2026-10-06T09:25:47.2742344Z Get:77 http://azure.archive.ubuntu.com/ubuntu noble/universe amd64 librubberband2 amd64 3.3.0+dfsg-2build1 [130 kB]
2026-10-06T09:25:47.3026942Z Get:78 http://azure.archive.ubuntu.com/ubuntu noble/universe amd64 libswscale7 amd64 7:6.1.1-3ubuntu5 [193 kB]
2026-10-06T09:25:47.3312283Z Get:79 http://azure.archive.ubuntu.com/ubuntu noble/universe amd64 libvidstab1.1 amd64 1.1.0-2build1 [38.5 kB]
2026-10-06T09:25:47.3591393Z Get:80 http://azure.archive.ubuntu.com/ubuntu noble/universe amd64 libzimg2 amd64 3.0.5+ds1-1build1 [254 kB]
2026-10-06T09:25:47.3982125Z Get:81 http://azure.archive.ubuntu.com/ubuntu noble/universe amd64 libavfilter9 amd64 7:6.1.1-3ubuntu5 [4235 kB]
2026-10-06T09:25:47.5270566Z Get:82 http://azure.archive.ubuntu.com/ubuntu noble-updates/main amd64 liborc-0.4-0t64 amd64 1:0.4.38-1ubuntu0.1 [207 kB]
2026-10-06T09:25:47.5557606Z Get:83 http://azure.archive.ubuntu.com/ubuntu noble-updates/main amd64 libgstreamer-plugins-base1.0-0 amd64 1.24.2-1ubuntu0.5 [862 kB]
2026-10-06T09:25:47.5898474Z Get:84 http://azure.archive.ubuntu.com/ubuntu noble/universe amd64 gstreamer1.0-libav amd64 1.24.1-1build1 [103 kB]
2026-10-06T09:25:47.6178878Z Get:85 http://azure.archive.ubuntu.com/ubuntu noble/main amd64 libcdparanoia0 amd64 3.10.2+debian-14build3 [48.5 kB]
2026-10-06T09:25:47.6458121Z Get:86 http://azure.archive.ubuntu.com/ubuntu noble/main amd64 libvisual-0.4-0 amd64 0.4.2-2build1 [115 kB]
2026-10-06T09:25:47.6738616Z Get:87 http://azure.archive.ubuntu.com/ubuntu noble-updates/main amd64 gstreamer1.0-plugins-base amd64 1.24.2-1ubuntu0.5 [721 kB]
2026-10-06T09:25:47.7068766Z Get:88 http://azure.archive.ubuntu.com/ubuntu noble/main amd64 libaa1 amd64 1.4p5-51.1 [49.9 kB]
2026-10-06T09:25:47.7346987Z Get:89 http://azure.archive.ubuntu.com/ubuntu noble/main amd64 libraw1394-11 amd64 2.1.2-2build3 [26.2 kB]
2026-10-06T09:25:47.7623349Z Get:90 http://azure.archive.ubuntu.com/ubuntu noble/main amd64 libavc1394-0 amd64 0.5.4-5build3 [15.4 kB]
2026-10-06T09:25:47.7897653Z Get:91 http://azure.archive.ubuntu.com/ubuntu noble-updates/main amd64 libcaca0 amd64 0.99.beta20-4ubuntu0.2 [209 kB]
2026-10-06T09:25:47.8192784Z Get:92 http://azure.archive.ubuntu.com/ubuntu noble/main amd64 libdv4t64 amd64 1.0.0-17.1build1 [63.2 kB]
2026-10-06T09:25:47.8469224Z Get:93 http://azure.archive.ubuntu.com/ubuntu noble-updates/main amd64 libgstreamer-plugins-good1.0-0 amd64 1.24.2-1ubuntu1.8 [34.3 kB]
2026-10-06T09:25:47.8745094Z Get:94 http://azure.archive.ubuntu.com/ubuntu noble/main amd64 libiec61883-0 amd64 1.2.0-6build1 [24.5 kB]
2026-10-06T09:25:47.9481907Z Get:95 http://azure.archive.ubuntu.com/ubuntu noble/main amd64 libshout3 amd64 2.4.6-1build2 [50.3 kB]
2026-10-06T09:25:47.9761453Z Get:96 http://azure.archive.ubuntu.com/ubuntu noble/main amd64 libtag1v5-vanilla amd64 1.13.1-1build1 [326 kB]
2026-10-06T09:25:48.0062575Z Get:97 http://azure.archive.ubuntu.com/ubuntu noble/main amd64 libtag1v5 amd64 1.13.1-1build1 [11.7 kB]
2026-10-06T09:25:48.0342294Z Get:98 http://azure.archive.ubuntu.com/ubuntu noble/main amd64 libv4lconvert0t64 amd64 1.26.1-4build3 [87.6 kB]
2026-10-06T09:25:48.0626489Z Get:99 http://azure.archive.ubuntu.com/ubuntu noble/main amd64 libv4l-0t64 amd64 1.26.1-4build3 [46.9 kB]
2026-10-06T09:25:48.0914311Z Get:100 http://azure.archive.ubuntu.com/ubuntu noble/main amd64 libwavpack1 amd64 5.6.0-1build1 [84.6 kB]
2026-10-06T09:25:48.1201664Z Get:101 http://azure.archive.ubuntu.com/ubuntu noble-updates/main amd64 libsoup-3.0-common all 3.4.4-5ubuntu0.8 [11.7 kB]
2026-10-06T09:25:48.1478019Z Get:102 http://azure.archive.ubuntu.com/ubuntu noble-updates/main amd64 libsoup-3.0-0 amd64 3.4.4-5ubuntu0.8 [290 kB]
2026-10-06T09:25:48.1825593Z Get:103 http://azure.archive.ubuntu.com/ubuntu noble-updates/main amd64 gstreamer1.0-plugins-good amd64 1.24.2-1ubuntu1.8 [2236 kB]
2026-10-06T09:25:48.2300258Z Get:104 http://azure.archive.ubuntu.com/ubuntu noble-updates/main amd64 libabsl20220623t64 amd64 20220623.1-3.1ubuntu3.2 [423 kB]
2026-10-06T09:25:48.2635337Z Get:105 http://azure.archive.ubuntu.com/ubuntu noble/universe amd64 libgav1-1 amd64 0.18.0-1build3 [357 kB]
2026-10-06T09:25:48.2973738Z Get:106 http://azure.archive.ubuntu.com/ubuntu noble/universe amd64 libyuv0 amd64 0.0~git202401110.af6ac82-1 [178 kB]
2026-10-06T09:25:48.3266699Z Get:107 http://azure.archive.ubuntu.com/ubuntu noble/universe amd64 libavif16 amd64 1.0.4-1ubuntu3 [91.2 kB]
2026-10-06T09:25:48.3556922Z Get:108 http://azure.archive.ubuntu.com/ubuntu noble/universe amd64 libavtp0 amd64 0.2.0-1build1 [6414 B]
2026-10-06T09:25:48.3833741Z Get:109 http://azure.archive.ubuntu.com/ubuntu noble/main amd64 libcairo-script-interpreter2 amd64 1.18.0-3build1 [60.3 kB]
2026-10-06T09:25:48.4117476Z Get:110 http://azure.archive.ubuntu.com/ubuntu noble/universe amd64 libdc1394-25 amd64 2.2.6-4build1 [90.1 kB]
2026-10-06T09:25:48.4403531Z Get:111 http://azure.archive.ubuntu.com/ubuntu noble-updates/main amd64 libde265-0 amd64 1.0.15-1ubuntu0.1 [167 kB]
2026-10-06T09:25:48.4690072Z Get:112 http://azure.archive.ubuntu.com/ubuntu noble/main amd64 libdecor-0-0 amd64 0.2.2-1build2 [16.5 kB]
2026-10-06T09:25:48.4978833Z Get:113 http://azure.archive.ubuntu.com/ubuntu noble/main amd64 libgles2 amd64 1.7.0-1build1 [17.1 kB]
2026-10-06T09:25:48.5261527Z Get:114 http://azure.archive.ubuntu.com/ubuntu noble/universe amd64 libdirectfb-1.7-7t64 amd64 1.7.7-11.1ubuntu2 [1035 kB]
2026-10-06T09:25:48.5620180Z Get:115 http://azure.archive.ubuntu.com/ubuntu noble/universe amd64 libdvdread8t64 amd64 6.1.3-1.1build1 [54.7 kB]
2026-10-06T09:25:48.5914582Z Get:116 http://azure.archive.ubuntu.com/ubuntu noble/universe amd64 libdvdnav4 amd64 6.1.1-3build1 [39.5 kB]
2026-10-06T09:25:48.6235014Z Get:117 http://azure.archive.ubuntu.com/ubuntu noble-updates/main amd64 libgl1-mesa-dri amd64 25.2.8-0ubuntu0.24.04.4 [38.0 kB]
2026-10-06T09:25:48.6510841Z Get:118 http://azure.archive.ubuntu.com/ubuntu noble-updates/main amd64 libglx-mesa0 amd64 25.2.8-0ubuntu0.24.04.4 [110 kB]
2026-10-06T09:25:48.6798850Z Get:119 http://azure.archive.ubuntu.com/ubuntu noble-updates/main amd64 libgbm1 amd64 25.2.8-0ubuntu0.24.04.4 [34.2 kB]
2026-10-06T09:25:48.7077283Z Get:120 http://azure.archive.ubuntu.com/ubuntu noble-updates/main amd64 mesa-libgallium amd64 25.2.8-0ubuntu0.24.04.4 [10.8 MB]
2026-10-06T09:25:48.8753182Z Get:121 http://azure.archive.ubuntu.com/ubuntu noble-updates/main amd64 libegl-mesa0 amd64 25.2.8-0ubuntu0.24.04.4 [117 kB]
2026-10-06T09:25:48.9037299Z Get:122 http://azure.archive.ubuntu.com/ubuntu noble-updates/main amd64 libevent-2.1-7t64 amd64 2.1.12-stable-9ubuntu2.2 [146 kB]
2026-10-06T09:25:48.9320635Z Get:123 http://azure.archive.ubuntu.com/ubuntu noble-updates/main amd64 libevent-pthreads-2.1-7t64 amd64 2.1.12-stable-9ubuntu2.2 [7988 B]
2026-10-06T09:25:48.9601097Z Get:124 http://azure.archive.ubuntu.com/ubuntu noble-updates/main amd64 libevent-core-2.1-7t64 amd64 2.1.12-stable-9ubuntu2.2 [91.9 kB]
2026-10-06T09:25:48.9888681Z Get:125 http://azure.archive.ubuntu.com/ubuntu noble/universe amd64 libfaad2 amd64 2.11.1-1build1 [207 kB]
2026-10-06T09:25:49.0180585Z Get:126 http://azure.archive.ubuntu.com/ubuntu noble/universe amd64 libinstpatch-1.0-2 amd64 1.1.6-1build2 [251 kB]
2026-10-06T09:25:49.0473244Z Get:127 http://azure.archive.ubuntu.com/ubuntu noble/main amd64 libjack-jackd2-0 amd64 1.9.21~dfsg-3ubuntu3 [289 kB]
2026-10-06T09:25:49.0764035Z Get:128 http://azure.archive.ubuntu.com/ubuntu noble/main amd64 libwebrtc-audio-processing1 amd64 0.3.1-0ubuntu6 [290 kB]
2026-10-06T09:25:49.1068464Z Get:129 http://azure.archive.ubuntu.com/ubuntu noble-updates/main amd64 libspa-0.2-modules amd64 1.0.5-1ubuntu3.3 [628 kB]
2026-10-06T09:25:49.1376258Z Get:130 http://azure.archive.ubuntu.com/ubuntu noble-updates/main amd64 libpipewire-0.3-0t64 amd64 1.0.5-1ubuntu3.3 [252 kB]
2026-10-06T09:25:49.1664311Z Get:131 http://azure.archive.ubuntu.com/ubuntu noble-updates/main amd64 libsdl2-2.0-0 amd64 2.30.0+dfsg-1ubuntu3.1 [686 kB]
2026-10-06T09:25:49.1999402Z Get:132 http://azure.archive.ubuntu.com/ubuntu noble/universe amd64 timgm6mb-soundfont all 1.3-5 [5427 kB]
2026-10-06T09:25:49.2760672Z Get:133 http://azure.archive.ubuntu.com/ubuntu noble/universe amd64 libfluidsynth3 amd64 2.3.4-1build3 [249 kB]
2026-10-06T09:25:49.3046542Z Get:134 http://azure.archive.ubuntu.com/ubuntu noble/main amd64 libfreeaptx0 amd64 0.1.1-2build1 [13.5 kB]
2026-10-06T09:25:49.3328633Z Get:135 http://azure.archive.ubuntu.com/ubuntu noble/main amd64 libgraphene-1.0-0 amd64 1.10.8-3build2 [46.2 kB]
2026-10-06T09:25:49.3627858Z Get:136 http://azure.archive.ubuntu.com/ubuntu noble/main amd64 libgssdp-1.6-0 amd64 1.6.3-1build3 [40.4 kB]
2026-10-06T09:25:49.3939009Z Get:137 http://azure.archive.ubuntu.com/ubuntu noble/main amd64 libegl1 amd64 1.7.0-1build1 [28.7 kB]
2026-10-06T09:25:49.4219330Z Get:138 http://azure.archive.ubuntu.com/ubuntu noble-updates/main amd64 libgstreamer-gl1.0-0 amd64 1.24.2-1ubuntu0.5 [214 kB]
2026-10-06T09:25:49.4958594Z Get:139 http://azure.archive.ubuntu.com/ubuntu noble-updates/main amd64 libgtk-4-common all 4.14.5+ds-0ubuntu0.10 [1497 kB]
2026-10-06T09:25:49.5386033Z Get:140 http://azure.archive.ubuntu.com/ubuntu noble-updates/main amd64 libgtk-4-1 amd64 4.14.5+ds-0ubuntu0.10 [3295 kB]
2026-10-06T09:25:49.6026820Z Get:141 http://azure.archive.ubuntu.com/ubuntu noble/main amd64 libgupnp-1.6-0 amd64 1.6.6-1build3 [92.7 kB]
2026-10-06T09:25:49.6308137Z Get:142 http://azure.archive.ubuntu.com/ubuntu noble/universe amd64 libgupnp-igd-1.6-0 amd64 1.6.0-3build3 [16.5 kB]
2026-10-06T09:25:49.6590261Z Get:143 http://azure.archive.ubuntu.com/ubuntu noble/main amd64 libharfbuzz-icu0 amd64 8.3.0-2build2 [13.3 kB]
2026-10-06T09:25:49.6871520Z Get:144 http://azure.archive.ubuntu.com/ubuntu noble/main amd64 libhyphen0 amd64 2.8.8-7build3 [26.5 kB]
2026-10-06T09:25:49.7155821Z Get:145 http://azure.archive.ubuntu.com/ubuntu noble/universe amd64 libimath-3-1-29t64 amd64 3.1.9-3.1ubuntu2 [72.2 kB]
2026-10-06T09:25:49.7441022Z Get:146 http://azure.archive.ubuntu.com/ubuntu noble/main amd64 liblc3-1 amd64 1.0.4-3build1 [69.7 kB]
2026-10-06T09:25:49.7723418Z Get:147 http://azure.archive.ubuntu.com/ubuntu noble/main amd64 libldacbt-enc2 amd64 2.0.2.3+git20200429+ed310a0-4ubuntu2 [27.1 kB]
2026-10-06T09:25:49.8003666Z Get:148 http://azure.archive.ubuntu.com/ubuntu noble-updates/main amd64 libraptor2-0 amd64 2.0.16-3ubuntu0.1 [165 kB]
2026-10-06T09:25:49.8290813Z Get:149 http://azure.archive.ubuntu.com/ubuntu noble/universe amd64 liblrdf0 amd64 0.6.1-4build1 [18.5 kB]
2026-10-06T09:25:49.8570965Z Get:150 http://azure.archive.ubuntu.com/ubuntu noble/universe amd64 libltc11 amd64 1.3.2-1build1 [13.0 kB]
2026-10-06T09:25:49.8848942Z Get:151 http://azure.archive.ubuntu.com/ubuntu noble/main amd64 libmanette-0.2-0 amd64 0.2.7-1build2 [30.6 kB]
2026-10-06T09:25:49.9127631Z Get:152 http://azure.archive.ubuntu.com/ubuntu noble/universe amd64 libmfx1 amd64 22.5.4-1 [3124 kB]
2026-10-06T09:25:49.9678585Z Get:153 http://azure.archive.ubuntu.com/ubuntu noble/universe amd64 libmjpegutils-2.1-0t64 amd64 1:2.1.0+debian-8.1build1 [25.5 kB]
2026-10-06T09:25:49.9961642Z Get:154 http://azure.archive.ubuntu.com/ubuntu noble/universe amd64 libmodplug1 amd64 1:0.8.9.0-3build1 [166 kB]
2026-10-06T09:25:50.0250600Z Get:155 http://azure.archive.ubuntu.com/ubuntu noble/universe amd64 libmpcdec6 amd64 2:0.1~r495-2build1 [32.7 kB]
2026-10-06T09:25:50.0539108Z Get:156 http://azure.archive.ubuntu.com/ubuntu noble/universe amd64 libmpeg2encpp-2.1-0t64 amd64 1:2.1.0+debian-8.1build1 [75.6 kB]
2026-10-06T09:25:50.1239471Z Get:157 http://azure.archive.ubuntu.com/ubuntu noble/universe amd64 libmplex2-2.1-0t64 amd64 1:2.1.0+debian-8.1build1 [46.1 kB]
2026-10-06T09:25:50.1531568Z Get:158 http://azure.archive.ubuntu.com/ubuntu noble/universe amd64 libneon27t64 amd64 0.33.0-1.1build3 [102 kB]
2026-10-06T09:25:50.1809223Z Get:159 http://azure.archive.ubuntu.com/ubuntu noble/universe amd64 libnice10 amd64 0.1.21-2build3 [157 kB]
2026-10-06T09:25:50.2110125Z Get:160 http://azure.archive.ubuntu.com/ubuntu noble/universe amd64 libopenal-data all 1:1.23.1-4build1 [161 kB]
2026-10-06T09:25:50.2422208Z Get:161 http://azure.archive.ubuntu.com/ubuntu noble/universe amd64 libopenexr-3-1-30 amd64 3.1.5-5.1build3 [1004 kB]
2026-10-06T09:25:50.2783494Z Get:162 http://azure.archive.ubuntu.com/ubuntu noble/universe amd64 libopenh264-7 amd64 2.4.1+dfsg-1 [409 kB]
2026-10-06T09:25:50.3099439Z Get:163 http://azure.archive.ubuntu.com/ubuntu noble/universe amd64 libopenni2-0 amd64 2.2.0.33+dfsg-18 [370 kB]
2026-10-06T09:25:50.3398947Z Get:164 http://azure.archive.ubuntu.com/ubuntu noble/universe amd64 libqrencode4 amd64 4.1.1-1build2 [25.0 kB]
2026-10-06T09:25:50.3679274Z Get:165 http://azure.archive.ubuntu.com/ubuntu noble/main amd64 libsecret-common all 0.21.4-1build3 [4962 B]
2026-10-06T09:25:50.3975814Z Get:166 http://azure.archive.ubuntu.com/ubuntu noble/main amd64 libsecret-1-0 amd64 0.21.4-1build3 [116 kB]
2026-10-06T09:25:50.4803132Z Get:167 http://azure.archive.ubuntu.com/ubuntu noble/universe amd64 libsndio7.0 amd64 1.9.0-0.3build3 [29.6 kB]
2026-10-06T09:25:50.5084159Z Get:168 http://azure.archive.ubuntu.com/ubuntu noble/universe amd64 libsoundtouch1 amd64 2.3.2+ds1-1build1 [60.5 kB]
2026-10-06T09:25:50.5387128Z Get:169 http://azure.archive.ubuntu.com/ubuntu noble/universe amd64 libspandsp2t64 amd64 0.0.6+dfsg-2.1build1 [311 kB]
2026-10-06T09:25:50.5679785Z Get:170 http://azure.archive.ubuntu.com/ubuntu noble/universe amd64 libsrtp2-1 amd64 2.5.0-3build1 [41.9 kB]
2026-10-06T09:25:50.5965354Z Get:171 http://azure.archive.ubuntu.com/ubuntu noble/main amd64 libwayland-server0 amd64 1.22.0-2.1build1 [33.9 kB]
2026-10-06T09:25:50.6243513Z Get:172 http://azure.archive.ubuntu.com/ubuntu noble/universe amd64 libwildmidi2 amd64 0.4.3-1build3 [68.5 kB]
2026-10-06T09:25:50.6529553Z Get:173 http://azure.archive.ubuntu.com/ubuntu noble/main amd64 libwoff1 amd64 1.0.2-2build1 [45.3 kB]
2026-10-06T09:25:50.6811066Z Get:174 http://azure.archive.ubuntu.com/ubuntu noble/main amd64 libxcb-xkb1 amd64 1.15-1ubuntu2 [32.3 kB]
2026-10-06T09:25:50.7105108Z Get:175 http://azure.archive.ubuntu.com/ubuntu noble/main amd64 libxkbcommon-x11-0 amd64 1.6.0-1build1 [14.5 kB]
2026-10-06T09:25:50.7796708Z Get:176 http://azure.archive.ubuntu.com/ubuntu noble/universe amd64 libzbar0t64 amd64 0.23.93-4build3 [123 kB]
2026-10-06T09:25:50.8083026Z Get:177 http://azure.archive.ubuntu.com/ubuntu noble/universe amd64 libzxing3 amd64 2.2.1-3 [583 kB]
2026-10-06T09:25:50.8413595Z Get:178 http://azure.archive.ubuntu.com/ubuntu noble/main amd64 xfonts-encodings all 1:1.0.5-0ubuntu2 [578 kB]
2026-10-06T09:25:50.8738962Z Get:179 http://azure.archive.ubuntu.com/ubuntu noble/main amd64 xfonts-utils amd64 1:7.7+6build3 [94.4 kB]
2026-10-06T09:25:50.9019260Z Get:180 http://azure.archive.ubuntu.com/ubuntu noble/universe amd64 xfonts-cyrillic all 1:1.0.5+nmu1 [384 kB]
2026-10-06T09:25:50.9343848Z Get:181 http://azure.archive.ubuntu.com/ubuntu noble/main amd64 xfonts-scalable all 1:1.0.3-1.3 [304 kB]
2026-10-06T09:25:50.9665234Z Get:182 http://azure.archive.ubuntu.com/ubuntu noble/universe amd64 libgstreamer-plugins-bad1.0-0 amd64 1.24.2-1ubuntu4 [797 kB]
2026-10-06T09:25:51.0036594Z Get:183 http://azure.archive.ubuntu.com/ubuntu noble/universe amd64 libdca0 amd64 0.0.7-2build1 [93.8 kB]
2026-10-06T09:25:51.0316323Z Get:184 http://azure.archive.ubuntu.com/ubuntu noble/universe amd64 libopenal1 amd64 1:1.23.1-4build1 [540 kB]
2026-10-06T09:25:51.0636733Z Get:185 http://azure.archive.ubuntu.com/ubuntu noble/main amd64 libsbc1 amd64 2.0-1build1 [33.9 kB]
2026-10-06T09:25:51.0918569Z Get:186 http://azure.archive.ubuntu.com/ubuntu noble/universe amd64 libvo-aacenc0 amd64 0.1.3-2build1 [67.8 kB]
2026-10-06T09:25:51.1196546Z Get:187 http://azure.archive.ubuntu.com/ubuntu noble/universe amd64 libvo-amrwbenc0 amd64 0.1.3-2build1 [76.7 kB]
2026-10-06T09:25:51.1481753Z Get:188 http://azure.archive.ubuntu.com/ubuntu noble/universe amd64 gstreamer1.0-plugins-bad amd64 1.24.2-1ubuntu4 [3081 kB]
2026-10-06T09:25:51.5130884Z Fetched 125 MB in 7s (17.8 MB/s)
2026-10-06T09:25:51.5298914Z Selecting previously unselected package fonts-ipafont-gothic.
2026-10-06T09:25:51.5325740Z (Reading database ... 
2026-10-06T09:25:51.5325992Z (Reading database ... 5%
2026-10-06T09:25:51.5326673Z (Reading database ... 10%
2026-10-06T09:25:51.5327001Z (Reading database ... 15%
2026-10-06T09:25:51.5327243Z (Reading database ... 20%
2026-10-06T09:25:51.5327468Z (Reading database ... 25%
2026-10-06T09:25:51.5327715Z (Reading database ... 30%
2026-10-06T09:25:51.5327963Z (Reading database ... 35%
2026-10-06T09:25:51.5328489Z (Reading database ... 40%
2026-10-06T09:25:51.5328872Z (Reading database ... 45%
2026-10-06T09:25:51.5329099Z (Reading database ... 50%
2026-10-06T09:25:51.5334417Z (Reading database ... 55%
2026-10-06T09:25:51.5422772Z (Reading database ... 60%
2026-10-06T09:25:51.5442707Z (Reading database ... 65%
2026-10-06T09:25:51.5460047Z (Reading database ... 70%
2026-10-06T09:25:51.5489209Z (Reading database ... 75%
2026-10-06T09:25:51.5514586Z (Reading database ... 80%
2026-10-06T09:25:51.5537341Z (Reading database ... 85%
2026-10-06T09:25:51.5676415Z (Reading database ... 90%
2026-10-06T09:25:51.5939227Z (Reading database ... 95%
2026-10-06T09:25:51.5939607Z (Reading database ... 100%
2026-10-06T09:25:51.5940018Z (Reading database ... 202318 files and directories currently installed.)
2026-10-06T09:25:51.5979328Z Preparing to unpack .../000-fonts-ipafont-gothic_00303-21ubuntu1_all.deb ...
2026-10-06T09:25:51.6041080Z Unpacking fonts-ipafont-gothic (00303-21ubuntu1) ...
2026-10-06T09:25:51.8376693Z Selecting previously unselected package fonts-freefont-ttf.
2026-10-06T09:25:51.8485781Z Preparing to unpack .../001-fonts-freefont-ttf_20211204+svn4273-2_all.deb ...
2026-10-06T09:25:51.8496040Z Unpacking fonts-freefont-ttf (20211204+svn4273-2) ...
2026-10-06T09:25:51.9401269Z Selecting previously unselected package fonts-tlwg-loma-otf.
2026-10-06T09:25:51.9506401Z Preparing to unpack .../002-fonts-tlwg-loma-otf_1%3a0.7.3-1_all.deb ...
2026-10-06T09:25:51.9516294Z Unpacking fonts-tlwg-loma-otf (1:0.7.3-1) ...
2026-10-06T09:25:51.9672165Z Selecting previously unselected package fonts-unifont.
2026-10-06T09:25:51.9777287Z Preparing to unpack .../003-fonts-unifont_1%3a15.1.01-1build1_all.deb ...
2026-10-06T09:25:51.9787743Z Unpacking fonts-unifont (1:15.1.01-1build1) ...
2026-10-06T09:25:52.1683354Z Selecting previously unselected package fonts-wqy-zenhei.
2026-10-06T09:25:52.1791408Z Preparing to unpack .../004-fonts-wqy-zenhei_0.9.45-8_all.deb ...
2026-10-06T09:25:52.1866739Z Unpacking fonts-wqy-zenhei (0.9.45-8) ...
2026-10-06T09:25:52.6477665Z Selecting previously unselected package libproxy1v5:amd64.
2026-10-06T09:25:52.6583058Z Preparing to unpack .../005-libproxy1v5_0.5.4-4build1_amd64.deb ...
2026-10-06T09:25:52.6601098Z Unpacking libproxy1v5:amd64 (0.5.4-4build1) ...
2026-10-06T09:25:52.6754632Z Selecting previously unselected package glib-networking-common.
2026-10-06T09:25:52.6857069Z Preparing to unpack .../006-glib-networking-common_2.80.0-1build1_all.deb ...
2026-10-06T09:25:52.6864066Z Unpacking glib-networking-common (2.80.0-1build1) ...
2026-10-06T09:25:52.7003100Z Selecting previously unselected package glib-networking-services.
2026-10-06T09:25:52.7104711Z Preparing to unpack .../007-glib-networking-services_2.80.0-1build1_amd64.deb ...
2026-10-06T09:25:52.7113480Z Unpacking glib-networking-services (2.80.0-1build1) ...
2026-10-06T09:25:52.7261365Z Selecting previously unselected package session-migration.
2026-10-06T09:25:52.7362799Z Preparing to unpack .../008-session-migration_0.3.9build1_amd64.deb ...
2026-10-06T09:25:52.7370245Z Unpacking session-migration (0.3.9build1) ...
2026-10-06T09:25:52.7520560Z Selecting previously unselected package gsettings-desktop-schemas.
2026-10-06T09:25:52.7622317Z Preparing to unpack .../009-gsettings-desktop-schemas_46.1-0ubuntu1_all.deb ...
2026-10-06T09:25:52.7629468Z Unpacking gsettings-desktop-schemas (46.1-0ubuntu1) ...
2026-10-06T09:25:52.7922031Z Selecting previously unselected package glib-networking:amd64.
2026-10-06T09:25:52.8021688Z Preparing to unpack .../010-glib-networking_2.80.0-1build1_amd64.deb ...
2026-10-06T09:25:52.8029233Z Unpacking glib-networking:amd64 (2.80.0-1build1) ...
2026-10-06T09:25:52.8191277Z Selecting previously unselected package libva2:amd64.
2026-10-06T09:25:52.8291122Z Preparing to unpack .../011-libva2_2.20.0-2ubuntu0.2_amd64.deb ...
2026-10-06T09:25:52.8299920Z Unpacking libva2:amd64 (2.20.0-2ubuntu0.2) ...
2026-10-06T09:25:52.8468311Z Selecting previously unselected package libva-drm2:amd64.
2026-10-06T09:25:52.8566746Z Preparing to unpack .../012-libva-drm2_2.20.0-2ubuntu0.2_amd64.deb ...
2026-10-06T09:25:52.8574372Z Unpacking libva-drm2:amd64 (2.20.0-2ubuntu0.2) ...
2026-10-06T09:25:52.8716451Z Selecting previously unselected package libva-x11-2:amd64.
2026-10-06T09:25:52.8815573Z Preparing to unpack .../013-libva-x11-2_2.20.0-2ubuntu0.2_amd64.deb ...
2026-10-06T09:25:52.8823329Z Unpacking libva-x11-2:amd64 (2.20.0-2ubuntu0.2) ...
2026-10-06T09:25:52.8969323Z Selecting previously unselected package libvdpau1:amd64.
2026-10-06T09:25:52.9068215Z Preparing to unpack .../014-libvdpau1_1.5-2build1_amd64.deb ...
2026-10-06T09:25:52.9075768Z Unpacking libvdpau1:amd64 (1.5-2build1) ...
2026-10-06T09:25:52.9220619Z Selecting previously unselected package libvpl2.
2026-10-06T09:25:52.9321044Z Preparing to unpack .../015-libvpl2_2023.3.0-1build1_amd64.deb ...
2026-10-06T09:25:52.9329911Z Unpacking libvpl2 (2023.3.0-1build1) ...
2026-10-06T09:25:52.9484294Z Selecting previously unselected package ocl-icd-libopencl1:amd64.
2026-10-06T09:25:52.9580374Z Preparing to unpack .../016-ocl-icd-libopencl1_2.3.2-1build1_amd64.deb ...
2026-10-06T09:25:52.9589485Z Unpacking ocl-icd-libopencl1:amd64 (2.3.2-1build1) ...
2026-10-06T09:25:52.9749187Z Selecting previously unselected package libavutil58:amd64.
2026-10-06T09:25:52.9844310Z Preparing to unpack .../017-libavutil58_7%3a6.1.1-3ubuntu5_amd64.deb ...
2026-10-06T09:25:52.9852411Z Unpacking libavutil58:amd64 (7:6.1.1-3ubuntu5) ...
2026-10-06T09:25:53.0042129Z Selecting previously unselected package libcodec2-1.2:amd64.
2026-10-06T09:25:53.0138376Z Preparing to unpack .../018-libcodec2-1.2_1.2.0-2build1_amd64.deb ...
2026-10-06T09:25:53.0147224Z Unpacking libcodec2-1.2:amd64 (1.2.0-2build1) ...
2026-10-06T09:25:53.1514909Z Selecting previously unselected package libdav1d7:amd64.
2026-10-06T09:25:53.1616607Z Preparing to unpack .../019-libdav1d7_1.4.1-1build1_amd64.deb ...
2026-10-06T09:25:53.1625009Z Unpacking libdav1d7:amd64 (1.4.1-1build1) ...
2026-10-06T09:25:53.1839163Z Selecting previously unselected package libgsm1:amd64.
2026-10-06T09:25:53.1940443Z Preparing to unpack .../020-libgsm1_1.0.22-1build1_amd64.deb ...
2026-10-06T09:25:53.1949650Z Unpacking libgsm1:amd64 (1.0.22-1build1) ...
2026-10-06T09:25:53.2101309Z Selecting previously unselected package libhwy1t64:amd64.
2026-10-06T09:25:53.2203590Z Preparing to unpack .../021-libhwy1t64_1.0.7-8.1build1_amd64.deb ...
2026-10-06T09:25:53.2211213Z Unpacking libhwy1t64:amd64 (1.0.7-8.1build1) ...
2026-10-06T09:25:53.2505578Z Selecting previously unselected package libjxl0.7:amd64.
2026-10-06T09:25:53.2610980Z Preparing to unpack .../022-libjxl0.7_0.7.0-10.2ubuntu6.1_amd64.deb ...
2026-10-06T09:25:53.2619593Z Unpacking libjxl0.7:amd64 (0.7.0-10.2ubuntu6.1) ...
2026-10-06T09:25:53.2971994Z Selecting previously unselected package libmp3lame0:amd64.
2026-10-06T09:25:53.3073450Z Preparing to unpack .../023-libmp3lame0_3.100-6build1_amd64.deb ...
2026-10-06T09:25:53.3081629Z Unpacking libmp3lame0:amd64 (3.100-6build1) ...
2026-10-06T09:25:53.3238619Z Selecting previously unselected package libopus0:amd64.
2026-10-06T09:25:53.3342407Z Preparing to unpack .../024-libopus0_1.4-1build1_amd64.deb ...
2026-10-06T09:25:53.3349720Z Unpacking libopus0:amd64 (1.4-1build1) ...
2026-10-06T09:25:53.3512465Z Selecting previously unselected package librav1e0:amd64.
2026-10-06T09:25:53.3611517Z Preparing to unpack .../025-librav1e0_0.7.1-2_amd64.deb ...
2026-10-06T09:25:53.3621251Z Unpacking librav1e0:amd64 (0.7.1-2) ...
2026-10-06T09:25:53.3954011Z Selecting previously unselected package librsvg2-2:amd64.
2026-10-06T09:25:53.4052056Z Preparing to unpack .../026-librsvg2-2_2.58.0+dfsg-1build1_amd64.deb ...
2026-10-06T09:25:53.4060786Z Unpacking librsvg2-2:amd64 (2.58.0+dfsg-1build1) ...
2026-10-06T09:25:53.4723576Z Selecting previously unselected package libshine3:amd64.
2026-10-06T09:25:53.4826761Z Preparing to unpack .../027-libshine3_3.1.1-2build1_amd64.deb ...
2026-10-06T09:25:53.4837798Z Unpacking libshine3:amd64 (3.1.1-2build1) ...
2026-10-06T09:25:53.4987848Z Selecting previously unselected package libspeex1:amd64.
2026-10-06T09:25:53.5088417Z Preparing to unpack .../028-libspeex1_1.2.1-2ubuntu2.24.04.1_amd64.deb ...
2026-10-06T09:25:53.5097365Z Unpacking libspeex1:amd64 (1.2.1-2ubuntu2.24.04.1) ...
2026-10-06T09:25:53.5251725Z Selecting previously unselected package libsvtav1enc1d1:amd64.
2026-10-06T09:25:53.5352468Z Preparing to unpack .../029-libsvtav1enc1d1_1.7.0+dfsg-2build1_amd64.deb ...
2026-10-06T09:25:53.5365542Z Unpacking libsvtav1enc1d1:amd64 (1.7.0+dfsg-2build1) ...
2026-10-06T09:25:53.6021276Z Selecting previously unselected package libsoxr0:amd64.
2026-10-06T09:25:53.6124888Z Preparing to unpack .../030-libsoxr0_0.1.3-4build3_amd64.deb ...
2026-10-06T09:25:53.6132056Z Unpacking libsoxr0:amd64 (0.1.3-4build3) ...
2026-10-06T09:25:53.6289775Z Selecting previously unselected package libswresample4:amd64.
2026-10-06T09:25:53.6393145Z Preparing to unpack .../031-libswresample4_7%3a6.1.1-3ubuntu5_amd64.deb ...
2026-10-06T09:25:53.6399745Z Unpacking libswresample4:amd64 (7:6.1.1-3ubuntu5) ...
2026-10-06T09:25:53.6553278Z Selecting previously unselected package libtheora0:amd64.
2026-10-06T09:25:53.6653389Z Preparing to unpack .../032-libtheora0_1.1.1+dfsg.1-16.1build3_amd64.deb ...
2026-10-06T09:25:53.6661514Z Unpacking libtheora0:amd64 (1.1.1+dfsg.1-16.1build3) ...
2026-10-06T09:25:53.6829199Z Selecting previously unselected package libtwolame0:amd64.
2026-10-06T09:25:53.6928335Z Preparing to unpack .../033-libtwolame0_0.4.0-2build3_amd64.deb ...
2026-10-06T09:25:53.6936954Z Unpacking libtwolame0:amd64 (0.4.0-2build3) ...
2026-10-06T09:25:53.7083575Z Selecting previously unselected package libvorbisenc2:amd64.
2026-10-06T09:25:53.7176290Z Preparing to unpack .../034-libvorbisenc2_1.3.7-1build3_amd64.deb ...
2026-10-06T09:25:53.7183696Z Unpacking libvorbisenc2:amd64 (1.3.7-1build3) ...
2026-10-06T09:25:53.7342070Z Selecting previously unselected package libvpx9:amd64.
2026-10-06T09:25:53.7434871Z Preparing to unpack .../035-libvpx9_1.14.0-1ubuntu2.3_amd64.deb ...
2026-10-06T09:25:53.7444026Z Unpacking libvpx9:amd64 (1.14.0-1ubuntu2.3) ...
2026-10-06T09:25:53.7751077Z Selecting previously unselected package libx264-164:amd64.
2026-10-06T09:25:53.7840689Z Preparing to unpack .../036-libx264-164_2%3a0.164.3108+git31e19f9-1_amd64.deb ...
2026-10-06T09:25:53.7848575Z Unpacking libx264-164:amd64 (2:0.164.3108+git31e19f9-1) ...
2026-10-06T09:25:53.8060720Z Selecting previously unselected package libx265-199:amd64.
2026-10-06T09:25:53.8146962Z Preparing to unpack .../037-libx265-199_3.5-2build1_amd64.deb ...
2026-10-06T09:25:53.8154759Z Unpacking libx265-199:amd64 (3.5-2build1) ...
2026-10-06T09:25:53.9411760Z Selecting previously unselected package libxvidcore4:amd64.
2026-10-06T09:25:53.9511237Z Preparing to unpack .../038-libxvidcore4_2%3a1.3.7-1build1_amd64.deb ...
2026-10-06T09:25:53.9520066Z Unpacking libxvidcore4:amd64 (2:1.3.7-1build1) ...
2026-10-06T09:25:53.9681949Z Selecting previously unselected package libzvbi-common.
2026-10-06T09:25:53.9775101Z Preparing to unpack .../039-libzvbi-common_0.2.42-2_all.deb ...
2026-10-06T09:25:53.9783170Z Unpacking libzvbi-common (0.2.42-2) ...
2026-10-06T09:25:53.9976315Z Selecting previously unselected package libzvbi0t64:amd64.
2026-10-06T09:25:54.0065691Z Preparing to unpack .../040-libzvbi0t64_0.2.42-2_amd64.deb ...
2026-10-06T09:25:54.0073930Z Unpacking libzvbi0t64:amd64 (0.2.42-2) ...
2026-10-06T09:25:54.0238960Z Selecting previously unselected package libavcodec60:amd64.
2026-10-06T09:25:54.0325625Z Preparing to unpack .../041-libavcodec60_7%3a6.1.1-3ubuntu5_amd64.deb ...
2026-10-06T09:25:54.0332289Z Unpacking libavcodec60:amd64 (7:6.1.1-3ubuntu5) ...
2026-10-06T09:25:54.1739014Z Selecting previously unselected package libunibreak5:amd64.
2026-10-06T09:25:54.1842419Z Preparing to unpack .../042-libunibreak5_5.1-2build1_amd64.deb ...
2026-10-06T09:25:54.1849443Z Unpacking libunibreak5:amd64 (5.1-2build1) ...
2026-10-06T09:25:54.2007378Z Selecting previously unselected package libass9:amd64.
2026-10-06T09:25:54.2106564Z Preparing to unpack .../043-libass9_1%3a0.17.1-2build1_amd64.deb ...
2026-10-06T09:25:54.2114301Z Unpacking libass9:amd64 (1:0.17.1-2build1) ...
2026-10-06T09:25:54.2273298Z Selecting previously unselected package libudfread0:amd64.
2026-10-06T09:25:54.2367686Z Preparing to unpack .../044-libudfread0_1.1.2-1build1_amd64.deb ...
2026-10-06T09:25:54.2376708Z Unpacking libudfread0:amd64 (1.1.2-1build1) ...
2026-10-06T09:25:54.2524865Z Selecting previously unselected package libbluray2:amd64.
2026-10-06T09:25:54.2617523Z Preparing to unpack .../045-libbluray2_1%3a1.3.4-1build1_amd64.deb ...
2026-10-06T09:25:54.2626063Z Unpacking libbluray2:amd64 (1:1.3.4-1build1) ...
2026-10-06T09:25:54.2787945Z Selecting previously unselected package libchromaprint1:amd64.
2026-10-06T09:25:54.2876286Z Preparing to unpack .../046-libchromaprint1_1.5.1-5_amd64.deb ...
2026-10-06T09:25:54.2885004Z Unpacking libchromaprint1:amd64 (1.5.1-5) ...
2026-10-06T09:25:54.3029848Z Selecting previously unselected package libgme0:amd64.
2026-10-06T09:25:54.3114438Z Preparing to unpack .../047-libgme0_0.6.3-7build1_amd64.deb ...
2026-10-06T09:25:54.3123310Z Unpacking libgme0:amd64 (0.6.3-7build1) ...
2026-10-06T09:25:54.3293424Z Selecting previously unselected package libmpg123-0t64:amd64.
2026-10-06T09:25:54.3377553Z Preparing to unpack .../048-libmpg123-0t64_1.32.5-1ubuntu1.1_amd64.deb ...
2026-10-06T09:25:54.3386745Z Unpacking libmpg123-0t64:amd64 (1.32.5-1ubuntu1.1) ...
2026-10-06T09:25:54.3557147Z Selecting previously unselected package libopenmpt0t64:amd64.
2026-10-06T09:25:54.3639070Z Preparing to unpack .../049-libopenmpt0t64_0.7.3-1.1build3_amd64.deb ...
2026-10-06T09:25:54.3651107Z Unpacking libopenmpt0t64:amd64 (0.7.3-1.1build3) ...
2026-10-06T09:25:54.3843546Z Selecting previously unselected package libcjson1:amd64.
2026-10-06T09:25:54.3927296Z Preparing to unpack .../050-libcjson1_1.7.17-1_amd64.deb ...
2026-10-06T09:25:54.3933876Z Unpacking libcjson1:amd64 (1.7.17-1) ...
2026-10-06T09:25:54.4080197Z Selecting previously unselected package libmbedcrypto7t64:amd64.
2026-10-06T09:25:54.4160204Z Preparing to unpack .../051-libmbedcrypto7t64_2.28.8-1_amd64.deb ...
2026-10-06T09:25:54.4169107Z Unpacking libmbedcrypto7t64:amd64 (2.28.8-1) ...
2026-10-06T09:25:54.4331147Z Selecting previously unselected package librist4:amd64.
2026-10-06T09:25:54.4409426Z Preparing to unpack .../052-librist4_0.2.10+dfsg-2_amd64.deb ...
2026-10-06T09:25:54.4417053Z Unpacking librist4:amd64 (0.2.10+dfsg-2) ...
2026-10-06T09:25:54.4556337Z Selecting previously unselected package libsrt1.5-gnutls:amd64.
2026-10-06T09:25:54.4634438Z Preparing to unpack .../053-libsrt1.5-gnutls_1.5.3-1build2_amd64.deb ...
2026-10-06T09:25:54.4642848Z Unpacking libsrt1.5-gnutls:amd64 (1.5.3-1build2) ...
2026-10-06T09:25:54.4812828Z Selecting previously unselected package libssh-gcrypt-4:amd64.
2026-10-06T09:25:54.4892019Z Preparing to unpack .../054-libssh-gcrypt-4_0.10.6-2ubuntu0.5_amd64.deb ...
2026-10-06T09:25:54.4901024Z Unpacking libssh-gcrypt-4:amd64 (0.10.6-2ubuntu0.5) ...
2026-10-06T09:25:54.5067095Z Selecting previously unselected package libavformat60:amd64.
2026-10-06T09:25:54.5145959Z Preparing to unpack .../055-libavformat60_7%3a6.1.1-3ubuntu5_amd64.deb ...
2026-10-06T09:25:54.5154075Z Unpacking libavformat60:amd64 (7:6.1.1-3ubuntu5) ...
2026-10-06T09:25:54.5449838Z Selecting previously unselected package libbs2b0:amd64.
2026-10-06T09:25:54.5530787Z Preparing to unpack .../056-libbs2b0_3.1.0+dfsg-7build1_amd64.deb ...
2026-10-06T09:25:54.5538558Z Unpacking libbs2b0:amd64 (3.1.0+dfsg-7build1) ...
2026-10-06T09:25:54.5702044Z Selecting previously unselected package libflite1:amd64.
2026-10-06T09:25:54.5789524Z Preparing to unpack .../057-libflite1_2.2-6build3_amd64.deb ...
2026-10-06T09:25:54.5796801Z Unpacking libflite1:amd64 (2.2-6build3) ...
2026-10-06T09:25:54.7274259Z Selecting previously unselected package libserd-0-0:amd64.
2026-10-06T09:25:54.7375109Z Preparing to unpack .../058-libserd-0-0_0.32.2-1_amd64.deb ...
2026-10-06T09:25:54.7382731Z Unpacking libserd-0-0:amd64 (0.32.2-1) ...
2026-10-06T09:25:54.7532914Z Selecting previously unselected package libzix-0-0:amd64.
2026-10-06T09:25:54.7631294Z Preparing to unpack .../059-libzix-0-0_0.4.2-2build1_amd64.deb ...
2026-10-06T09:25:54.7640526Z Unpacking libzix-0-0:amd64 (0.4.2-2build1) ...
2026-10-06T09:25:54.7788706Z Selecting previously unselected package libsord-0-0:amd64.
2026-10-06T09:25:54.7880497Z Preparing to unpack .../060-libsord-0-0_0.16.16-2build1_amd64.deb ...
2026-10-06T09:25:54.7889124Z Unpacking libsord-0-0:amd64 (0.16.16-2build1) ...
2026-10-06T09:25:54.8037447Z Selecting previously unselected package libsratom-0-0:amd64.
2026-10-06T09:25:54.8127051Z Preparing to unpack .../061-libsratom-0-0_0.6.16-1build1_amd64.deb ...
2026-10-06T09:25:54.8134902Z Unpacking libsratom-0-0:amd64 (0.6.16-1build1) ...
2026-10-06T09:25:54.8279879Z Selecting previously unselected package liblilv-0-0:amd64.
2026-10-06T09:25:54.8369633Z Preparing to unpack .../062-liblilv-0-0_0.24.22-1build1_amd64.deb ...
2026-10-06T09:25:54.8377878Z Unpacking liblilv-0-0:amd64 (0.24.22-1build1) ...
2026-10-06T09:25:54.8520183Z Selecting previously unselected package libmysofa1:amd64.
2026-10-06T09:25:54.8609453Z Preparing to unpack .../063-libmysofa1_1.3.2+dfsg-2ubuntu2_amd64.deb ...
2026-10-06T09:25:54.8617424Z Unpacking libmysofa1:amd64 (1.3.2+dfsg-2ubuntu2) ...
2026-10-06T09:25:54.8796788Z Selecting previously unselected package libplacebo338:amd64.
2026-10-06T09:25:54.8882409Z Preparing to unpack .../064-libplacebo338_6.338.2-2build1_amd64.deb ...
2026-10-06T09:25:54.8889733Z Unpacking libplacebo338:amd64 (6.338.2-2build1) ...
2026-10-06T09:25:54.9713997Z Selecting previously unselected package libblas3:amd64.
2026-10-06T09:25:54.9814116Z Preparing to unpack .../065-libblas3_3.12.0-3build1.1_amd64.deb ...
2026-10-06T09:25:54.9837670Z Unpacking libblas3:amd64 (3.12.0-3build1.1) ...
2026-10-06T09:25:55.0022089Z Selecting previously unselected package liblapack3:amd64.
2026-10-06T09:25:55.0122564Z Preparing to unpack .../066-liblapack3_3.12.0-3build1.1_amd64.deb ...
2026-10-06T09:25:55.0144552Z Unpacking liblapack3:amd64 (3.12.0-3build1.1) ...
2026-10-06T09:25:55.0809874Z Selecting previously unselected package libasyncns0:amd64.
2026-10-06T09:25:55.0910122Z Preparing to unpack .../067-libasyncns0_0.8-6build4_amd64.deb ...
2026-10-06T09:25:55.0917626Z Unpacking libasyncns0:amd64 (0.8-6build4) ...
2026-10-06T09:25:55.1067630Z Selecting previously unselected package libflac12t64:amd64.
2026-10-06T09:25:55.1162277Z Preparing to unpack .../068-libflac12t64_1.4.3+ds-2.1ubuntu2_amd64.deb ...
2026-10-06T09:25:55.1169457Z Unpacking libflac12t64:amd64 (1.4.3+ds-2.1ubuntu2) ...
2026-10-06T09:25:55.2212801Z Selecting previously unselected package libsndfile1:amd64.
2026-10-06T09:25:55.2314016Z Preparing to unpack .../069-libsndfile1_1.2.2-1ubuntu5.24.04.1_amd64.deb ...
2026-10-06T09:25:55.2321719Z Unpacking libsndfile1:amd64 (1.2.2-1ubuntu5.24.04.1) ...
2026-10-06T09:25:55.2510114Z Selecting previously unselected package libpulse0:amd64.
2026-10-06T09:25:55.2608816Z Preparing to unpack .../070-libpulse0_1%3a16.1+dfsg1-2ubuntu10.1_amd64.deb ...
2026-10-06T09:25:55.2653297Z Unpacking libpulse0:amd64 (1:16.1+dfsg1-2ubuntu10.1) ...
2026-10-06T09:25:55.2829151Z Selecting previously unselected package libsphinxbase3t64:amd64.
2026-10-06T09:25:55.2922890Z Preparing to unpack .../071-libsphinxbase3t64_0.8+5prealpha+1-17build2_amd64.deb ...
2026-10-06T09:25:55.2930899Z Unpacking libsphinxbase3t64:amd64 (0.8+5prealpha+1-17build2) ...
2026-10-06T09:25:55.3076905Z Selecting previously unselected package libpocketsphinx3:amd64.
2026-10-06T09:25:55.3166132Z Preparing to unpack .../072-libpocketsphinx3_0.8.0+real5prealpha+1-15ubuntu5_amd64.deb ...
2026-10-06T09:25:55.3173793Z Unpacking libpocketsphinx3:amd64 (0.8.0+real5prealpha+1-15ubuntu5) ...
2026-10-06T09:25:55.3324730Z Selecting previously unselected package libpostproc57:amd64.
2026-10-06T09:25:55.3411811Z Preparing to unpack .../073-libpostproc57_7%3a6.1.1-3ubuntu5_amd64.deb ...
2026-10-06T09:25:55.3419498Z Unpacking libpostproc57:amd64 (7:6.1.1-3ubuntu5) ...
2026-10-06T09:25:55.3560502Z Selecting previously unselected package libsamplerate0:amd64.
2026-10-06T09:25:55.3646527Z Preparing to unpack .../074-libsamplerate0_0.2.2-4build1_amd64.deb ...
2026-10-06T09:25:55.3654541Z Unpacking libsamplerate0:amd64 (0.2.2-4build1) ...
2026-10-06T09:25:55.3849900Z Selecting previously unselected package librubberband2:amd64.
2026-10-06T09:25:55.3937266Z Preparing to unpack .../075-librubberband2_3.3.0+dfsg-2build1_amd64.deb ...
2026-10-06T09:25:55.3949541Z Unpacking librubberband2:amd64 (3.3.0+dfsg-2build1) ...
2026-10-06T09:25:55.4097643Z Selecting previously unselected package libswscale7:amd64.
2026-10-06T09:25:55.4181775Z Preparing to unpack .../076-libswscale7_7%3a6.1.1-3ubuntu5_amd64.deb ...
2026-10-06T09:25:55.4188938Z Unpacking libswscale7:amd64 (7:6.1.1-3ubuntu5) ...
2026-10-06T09:25:55.4348075Z Selecting previously unselected package libvidstab1.1:amd64.
2026-10-06T09:25:55.4433630Z Preparing to unpack .../077-libvidstab1.1_1.1.0-2build1_amd64.deb ...
2026-10-06T09:25:55.4441750Z Unpacking libvidstab1.1:amd64 (1.1.0-2build1) ...
2026-10-06T09:25:55.4579198Z Selecting previously unselected package libzimg2:amd64.
2026-10-06T09:25:55.4665773Z Preparing to unpack .../078-libzimg2_3.0.5+ds1-1build1_amd64.deb ...
2026-10-06T09:25:55.4674043Z Unpacking libzimg2:amd64 (3.0.5+ds1-1build1) ...
2026-10-06T09:25:55.4840688Z Selecting previously unselected package libavfilter9:amd64.
2026-10-06T09:25:55.4927907Z Preparing to unpack .../079-libavfilter9_7%3a6.1.1-3ubuntu5_amd64.deb ...
2026-10-06T09:25:55.4936086Z Unpacking libavfilter9:amd64 (7:6.1.1-3ubuntu5) ...
2026-10-06T09:25:55.6081338Z Selecting previously unselected package liborc-0.4-0t64:amd64.
2026-10-06T09:25:55.6181267Z Preparing to unpack .../080-liborc-0.4-0t64_1%3a0.4.38-1ubuntu0.1_amd64.deb ...
2026-10-06T09:25:55.6190038Z Unpacking liborc-0.4-0t64:amd64 (1:0.4.38-1ubuntu0.1) ...
2026-10-06T09:25:55.6371847Z Selecting previously unselected package libgstreamer-plugins-base1.0-0:amd64.
2026-10-06T09:25:55.6471916Z Preparing to unpack .../081-libgstreamer-plugins-base1.0-0_1.24.2-1ubuntu0.5_amd64.deb ...
2026-10-06T09:25:55.6482094Z Unpacking libgstreamer-plugins-base1.0-0:amd64 (1.24.2-1ubuntu0.5) ...
2026-10-06T09:25:55.7472793Z Selecting previously unselected package gstreamer1.0-libav:amd64.
2026-10-06T09:25:55.7572173Z Preparing to unpack .../082-gstreamer1.0-libav_1.24.1-1build1_amd64.deb ...
2026-10-06T09:25:55.7582384Z Unpacking gstreamer1.0-libav:amd64 (1.24.1-1build1) ...
2026-10-06T09:25:55.7795498Z Selecting previously unselected package libcdparanoia0:amd64.
2026-10-06T09:25:55.7889137Z Preparing to unpack .../083-libcdparanoia0_3.10.2+debian-14build3_amd64.deb ...
2026-10-06T09:25:55.7897130Z Unpacking libcdparanoia0:amd64 (3.10.2+debian-14build3) ...
2026-10-06T09:25:55.8049633Z Selecting previously unselected package libvisual-0.4-0:amd64.
2026-10-06T09:25:55.8141684Z Preparing to unpack .../084-libvisual-0.4-0_0.4.2-2build1_amd64.deb ...
2026-10-06T09:25:55.8151079Z Unpacking libvisual-0.4-0:amd64 (0.4.2-2build1) ...
2026-10-06T09:25:55.8307171Z Selecting previously unselected package gstreamer1.0-plugins-base:amd64.
2026-10-06T09:25:55.8398349Z Preparing to unpack .../085-gstreamer1.0-plugins-base_1.24.2-1ubuntu0.5_amd64.deb ...
2026-10-06T09:25:55.8411678Z Unpacking gstreamer1.0-plugins-base:amd64 (1.24.2-1ubuntu0.5) ...
2026-10-06T09:25:55.8663653Z Selecting previously unselected package libaa1:amd64.
2026-10-06T09:25:55.8756662Z Preparing to unpack .../086-libaa1_1.4p5-51.1_amd64.deb ...
2026-10-06T09:25:55.8764234Z Unpacking libaa1:amd64 (1.4p5-51.1) ...
2026-10-06T09:25:55.8914899Z Selecting previously unselected package libraw1394-11:amd64.
2026-10-06T09:25:55.9004773Z Preparing to unpack .../087-libraw1394-11_2.1.2-2build3_amd64.deb ...
2026-10-06T09:25:55.9017709Z Unpacking libraw1394-11:amd64 (2.1.2-2build3) ...
2026-10-06T09:25:55.9169015Z Selecting previously unselected package libavc1394-0:amd64.
2026-10-06T09:25:55.9256826Z Preparing to unpack .../088-libavc1394-0_0.5.4-5build3_amd64.deb ...
2026-10-06T09:25:55.9264746Z Unpacking libavc1394-0:amd64 (0.5.4-5build3) ...
2026-10-06T09:25:55.9431733Z Selecting previously unselected package libcaca0:amd64.
2026-10-06T09:25:55.9520780Z Preparing to unpack .../089-libcaca0_0.99.beta20-4ubuntu0.2_amd64.deb ...
2026-10-06T09:25:55.9530014Z Unpacking libcaca0:amd64 (0.99.beta20-4ubuntu0.2) ...
2026-10-06T09:25:55.9717059Z Selecting previously unselected package libdv4t64:amd64.
2026-10-06T09:25:55.9806166Z Preparing to unpack .../090-libdv4t64_1.0.0-17.1build1_amd64.deb ...
2026-10-06T09:25:55.9814523Z Unpacking libdv4t64:amd64 (1.0.0-17.1build1) ...
2026-10-06T09:25:55.9969629Z Selecting previously unselected package libgstreamer-plugins-good1.0-0:amd64.
2026-10-06T09:25:56.0058011Z Preparing to unpack .../091-libgstreamer-plugins-good1.0-0_1.24.2-1ubuntu1.8_amd64.deb ...
2026-10-06T09:25:56.0064877Z Unpacking libgstreamer-plugins-good1.0-0:amd64 (1.24.2-1ubuntu1.8) ...
2026-10-06T09:25:56.0220812Z Selecting previously unselected package libiec61883-0:amd64.
2026-10-06T09:25:56.0307640Z Preparing to unpack .../092-libiec61883-0_1.2.0-6build1_amd64.deb ...
2026-10-06T09:25:56.0314691Z Unpacking libiec61883-0:amd64 (1.2.0-6build1) ...
2026-10-06T09:25:56.0465033Z Selecting previously unselected package libshout3:amd64.
2026-10-06T09:25:56.0551638Z Preparing to unpack .../093-libshout3_2.4.6-1build2_amd64.deb ...
2026-10-06T09:25:56.0559897Z Unpacking libshout3:amd64 (2.4.6-1build2) ...
2026-10-06T09:25:56.0717273Z Selecting previously unselected package libtag1v5-vanilla:amd64.
2026-10-06T09:25:56.0802236Z Preparing to unpack .../094-libtag1v5-vanilla_1.13.1-1build1_amd64.deb ...
2026-10-06T09:25:56.0811587Z Unpacking libtag1v5-vanilla:amd64 (1.13.1-1build1) ...
2026-10-06T09:25:56.0998385Z Selecting previously unselected package libtag1v5:amd64.
2026-10-06T09:25:56.1085384Z Preparing to unpack .../095-libtag1v5_1.13.1-1build1_amd64.deb ...
2026-10-06T09:25:56.1093619Z Unpacking libtag1v5:amd64 (1.13.1-1build1) ...
2026-10-06T09:25:56.1241162Z Selecting previously unselected package libv4lconvert0t64:amd64.
2026-10-06T09:25:56.1327666Z Preparing to unpack .../096-libv4lconvert0t64_1.26.1-4build3_amd64.deb ...
2026-10-06T09:25:56.1336999Z Unpacking libv4lconvert0t64:amd64 (1.26.1-4build3) ...
2026-10-06T09:25:56.1503016Z Selecting previously unselected package libv4l-0t64:amd64.
2026-10-06T09:25:56.1587801Z Preparing to unpack .../097-libv4l-0t64_1.26.1-4build3_amd64.deb ...
2026-10-06T09:25:56.1596656Z Unpacking libv4l-0t64:amd64 (1.26.1-4build3) ...
2026-10-06T09:25:56.1754840Z Selecting previously unselected package libwavpack1:amd64.
2026-10-06T09:25:56.1840432Z Preparing to unpack .../098-libwavpack1_5.6.0-1build1_amd64.deb ...
2026-10-06T09:25:56.1848631Z Unpacking libwavpack1:amd64 (5.6.0-1build1) ...
2026-10-06T09:25:56.2024231Z Selecting previously unselected package libsoup-3.0-common.
2026-10-06T09:25:56.2111611Z Preparing to unpack .../099-libsoup-3.0-common_3.4.4-5ubuntu0.8_all.deb ...
2026-10-06T09:25:56.2120002Z Unpacking libsoup-3.0-common (3.4.4-5ubuntu0.8) ...
2026-10-06T09:25:56.2265215Z Selecting previously unselected package libsoup-3.0-0:amd64.
2026-10-06T09:25:56.2351125Z Preparing to unpack .../100-libsoup-3.0-0_3.4.4-5ubuntu0.8_amd64.deb ...
2026-10-06T09:25:56.2363745Z Unpacking libsoup-3.0-0:amd64 (3.4.4-5ubuntu0.8) ...
2026-10-06T09:25:56.2525731Z Selecting previously unselected package gstreamer1.0-plugins-good:amd64.
2026-10-06T09:25:56.2612631Z Preparing to unpack .../101-gstreamer1.0-plugins-good_1.24.2-1ubuntu1.8_amd64.deb ...
2026-10-06T09:25:56.2620825Z Unpacking gstreamer1.0-plugins-good:amd64 (1.24.2-1ubuntu1.8) ...
2026-10-06T09:25:56.3216362Z Selecting previously unselected package libabsl20220623t64:amd64.
2026-10-06T09:25:56.3315577Z Preparing to unpack .../102-libabsl20220623t64_20220623.1-3.1ubuntu3.2_amd64.deb ...
2026-10-06T09:25:56.3323871Z Unpacking libabsl20220623t64:amd64 (20220623.1-3.1ubuntu3.2) ...
2026-10-06T09:25:56.3644689Z Selecting previously unselected package libgav1-1:amd64.
2026-10-06T09:25:56.3744271Z Preparing to unpack .../103-libgav1-1_0.18.0-1build3_amd64.deb ...
2026-10-06T09:25:56.3752739Z Unpacking libgav1-1:amd64 (0.18.0-1build3) ...
2026-10-06T09:25:56.3934690Z Selecting previously unselected package libyuv0:amd64.
2026-10-06T09:25:56.4034816Z Preparing to unpack .../104-libyuv0_0.0~git202401110.af6ac82-1_amd64.deb ...
2026-10-06T09:25:56.4042951Z Unpacking libyuv0:amd64 (0.0~git202401110.af6ac82-1) ...
2026-10-06T09:25:56.4216714Z Selecting previously unselected package libavif16:amd64.
2026-10-06T09:25:56.4310572Z Preparing to unpack .../105-libavif16_1.0.4-1ubuntu3_amd64.deb ...
2026-10-06T09:25:56.4321176Z Unpacking libavif16:amd64 (1.0.4-1ubuntu3) ...
2026-10-06T09:25:56.4474311Z Selecting previously unselected package libavtp0:amd64.
2026-10-06T09:25:56.4565114Z Preparing to unpack .../106-libavtp0_0.2.0-1build1_amd64.deb ...
2026-10-06T09:25:56.4579276Z Unpacking libavtp0:amd64 (0.2.0-1build1) ...
2026-10-06T09:25:56.4737144Z Selecting previously unselected package libcairo-script-interpreter2:amd64.
2026-10-06T09:25:56.4824862Z Preparing to unpack .../107-libcairo-script-interpreter2_1.18.0-3build1_amd64.deb ...
2026-10-06T09:25:56.4834693Z Unpacking libcairo-script-interpreter2:amd64 (1.18.0-3build1) ...
2026-10-06T09:25:56.5002837Z Selecting previously unselected package libdc1394-25:amd64.
2026-10-06T09:25:56.5089511Z Preparing to unpack .../108-libdc1394-25_2.2.6-4build1_amd64.deb ...
2026-10-06T09:25:56.5101969Z Unpacking libdc1394-25:amd64 (2.2.6-4build1) ...
2026-10-06T09:25:56.5269742Z Selecting previously unselected package libde265-0:amd64.
2026-10-06T09:25:56.5358561Z Preparing to unpack .../109-libde265-0_1.0.15-1ubuntu0.1_amd64.deb ...
2026-10-06T09:25:56.5371654Z Unpacking libde265-0:amd64 (1.0.15-1ubuntu0.1) ...
2026-10-06T09:25:56.5539866Z Selecting previously unselected package libdecor-0-0:amd64.
2026-10-06T09:25:56.5626890Z Preparing to unpack .../110-libdecor-0-0_0.2.2-1build2_amd64.deb ...
2026-10-06T09:25:56.5639350Z Unpacking libdecor-0-0:amd64 (0.2.2-1build2) ...
2026-10-06T09:25:56.5784455Z Selecting previously unselected package libgles2:amd64.
2026-10-06T09:25:56.5870558Z Preparing to unpack .../111-libgles2_1.7.0-1build1_amd64.deb ...
2026-10-06T09:25:56.5881696Z Unpacking libgles2:amd64 (1.7.0-1build1) ...
2026-10-06T09:25:56.6039563Z Selecting previously unselected package libdirectfb-1.7-7t64:amd64.
2026-10-06T09:25:56.6127791Z Preparing to unpack .../112-libdirectfb-1.7-7t64_1.7.7-11.1ubuntu2_amd64.deb ...
2026-10-06T09:25:56.6138568Z Unpacking libdirectfb-1.7-7t64:amd64 (1.7.7-11.1ubuntu2) ...
2026-10-06T09:25:56.6497656Z Selecting previously unselected package libdvdread8t64:amd64.
2026-10-06T09:25:56.6587110Z Preparing to unpack .../113-libdvdread8t64_6.1.3-1.1build1_amd64.deb ...
2026-10-06T09:25:56.6594177Z Unpacking libdvdread8t64:amd64 (6.1.3-1.1build1) ...
2026-10-06T09:25:56.6748525Z Selecting previously unselected package libdvdnav4:amd64.
2026-10-06T09:25:56.6835032Z Preparing to unpack .../114-libdvdnav4_6.1.1-3build1_amd64.deb ...
2026-10-06T09:25:56.6843343Z Unpacking libdvdnav4:amd64 (6.1.1-3build1) ...
2026-10-06T09:25:56.7079646Z Preparing to unpack .../115-libgl1-mesa-dri_25.2.8-0ubuntu0.24.04.4_amd64.deb ...
2026-10-06T09:25:56.7186619Z Unpacking libgl1-mesa-dri:amd64 (25.2.8-0ubuntu0.24.04.4) over (25.2.8-0ubuntu0.24.04.2) ...
2026-10-06T09:25:56.7540867Z Preparing to unpack .../116-libglx-mesa0_25.2.8-0ubuntu0.24.04.4_amd64.deb ...
2026-10-06T09:25:56.7570063Z Unpacking libglx-mesa0:amd64 (25.2.8-0ubuntu0.24.04.4) over (25.2.8-0ubuntu0.24.04.2) ...
2026-10-06T09:25:56.7858100Z Preparing to unpack .../117-libgbm1_25.2.8-0ubuntu0.24.04.4_amd64.deb ...
2026-10-06T09:25:56.7880696Z Unpacking libgbm1:amd64 (25.2.8-0ubuntu0.24.04.4) over (25.2.8-0ubuntu0.24.04.2) ...
2026-10-06T09:25:56.8172720Z Preparing to unpack .../118-mesa-libgallium_25.2.8-0ubuntu0.24.04.4_amd64.deb ...
2026-10-06T09:25:56.8200826Z Unpacking mesa-libgallium:amd64 (25.2.8-0ubuntu0.24.04.4) over (25.2.8-0ubuntu0.24.04.2) ...
2026-10-06T09:25:57.1594840Z Selecting previously unselected package libegl-mesa0:amd64.
2026-10-06T09:25:57.1697464Z Preparing to unpack .../119-libegl-mesa0_25.2.8-0ubuntu0.24.04.4_amd64.deb ...
2026-10-06T09:25:57.1706350Z Unpacking libegl-mesa0:amd64 (25.2.8-0ubuntu0.24.04.4) ...
2026-10-06T09:25:57.1880150Z Selecting previously unselected package libevent-2.1-7t64:amd64.
2026-10-06T09:25:57.1979385Z Preparing to unpack .../120-libevent-2.1-7t64_2.1.12-stable-9ubuntu2.2_amd64.deb ...
2026-10-06T09:25:57.1987309Z Unpacking libevent-2.1-7t64:amd64 (2.1.12-stable-9ubuntu2.2) ...
2026-10-06T09:25:57.2246238Z Preparing to unpack .../121-libevent-pthreads-2.1-7t64_2.1.12-stable-9ubuntu2.2_amd64.deb ...
2026-10-06T09:25:57.2273066Z Unpacking libevent-pthreads-2.1-7t64:amd64 (2.1.12-stable-9ubuntu2.2) over (2.1.12-stable-9ubuntu2.1) ...
2026-10-06T09:25:57.2554822Z Preparing to unpack .../122-libevent-core-2.1-7t64_2.1.12-stable-9ubuntu2.2_amd64.deb ...
2026-10-06T09:25:57.2625717Z Unpacking libevent-core-2.1-7t64:amd64 (2.1.12-stable-9ubuntu2.2) over (2.1.12-stable-9ubuntu2.1) ...
2026-10-06T09:25:57.2812677Z Selecting previously unselected package libfaad2:amd64.
2026-10-06T09:25:57.2902924Z Preparing to unpack .../123-libfaad2_2.11.1-1build1_amd64.deb ...
2026-10-06T09:25:57.2911893Z Unpacking libfaad2:amd64 (2.11.1-1build1) ...
2026-10-06T09:25:57.3088008Z Selecting previously unselected package libinstpatch-1.0-2:amd64.
2026-10-06T09:25:57.3177055Z Preparing to unpack .../124-libinstpatch-1.0-2_1.1.6-1build2_amd64.deb ...
2026-10-06T09:25:57.3184578Z Unpacking libinstpatch-1.0-2:amd64 (1.1.6-1build2) ...
2026-10-06T09:25:57.3356110Z Selecting previously unselected package libjack-jackd2-0:amd64.
2026-10-06T09:25:57.3444159Z Preparing to unpack .../125-libjack-jackd2-0_1.9.21~dfsg-3ubuntu3_amd64.deb ...
2026-10-06T09:25:57.3452167Z Unpacking libjack-jackd2-0:amd64 (1.9.21~dfsg-3ubuntu3) ...
2026-10-06T09:25:57.3635207Z Selecting previously unselected package libwebrtc-audio-processing1:amd64.
2026-10-06T09:25:57.3720889Z Preparing to unpack .../126-libwebrtc-audio-processing1_0.3.1-0ubuntu6_amd64.deb ...
2026-10-06T09:25:57.3729072Z Unpacking libwebrtc-audio-processing1:amd64 (0.3.1-0ubuntu6) ...
2026-10-06T09:25:57.3877383Z Selecting previously unselected package libspa-0.2-modules:amd64.
2026-10-06T09:25:57.3964050Z Preparing to unpack .../127-libspa-0.2-modules_1.0.5-1ubuntu3.3_amd64.deb ...
2026-10-06T09:25:57.3975380Z Unpacking libspa-0.2-modules:amd64 (1.0.5-1ubuntu3.3) ...
2026-10-06T09:25:57.4195921Z Selecting previously unselected package libpipewire-0.3-0t64:amd64.
2026-10-06T09:25:57.4279694Z Preparing to unpack .../128-libpipewire-0.3-0t64_1.0.5-1ubuntu3.3_amd64.deb ...
2026-10-06T09:25:57.4292338Z Unpacking libpipewire-0.3-0t64:amd64 (1.0.5-1ubuntu3.3) ...
2026-10-06T09:25:57.4462342Z Selecting previously unselected package libsdl2-2.0-0:amd64.
2026-10-06T09:25:57.4545030Z Preparing to unpack .../129-libsdl2-2.0-0_2.30.0+dfsg-1ubuntu3.1_amd64.deb ...
2026-10-06T09:25:57.4555745Z Unpacking libsdl2-2.0-0:amd64 (2.30.0+dfsg-1ubuntu3.1) ...
2026-10-06T09:25:57.4762293Z Selecting previously unselected package timgm6mb-soundfont.
2026-10-06T09:25:57.4844971Z Preparing to unpack .../130-timgm6mb-soundfont_1.3-5_all.deb ...
2026-10-06T09:25:57.4858947Z Unpacking timgm6mb-soundfont (1.3-5) ...
2026-10-06T09:25:57.7989862Z Selecting previously unselected package libfluidsynth3:amd64.
2026-10-06T09:25:57.8093477Z Preparing to unpack .../131-libfluidsynth3_2.3.4-1build3_amd64.deb ...
2026-10-06T09:25:57.8104467Z Unpacking libfluidsynth3:amd64 (2.3.4-1build3) ...
2026-10-06T09:25:57.8273599Z Selecting previously unselected package libfreeaptx0:amd64.
2026-10-06T09:25:57.8373433Z Preparing to unpack .../132-libfreeaptx0_0.1.1-2build1_amd64.deb ...
2026-10-06T09:25:57.8386024Z Unpacking libfreeaptx0:amd64 (0.1.1-2build1) ...
2026-10-06T09:25:57.8540214Z Selecting previously unselected package libgraphene-1.0-0:amd64.
2026-10-06T09:25:57.8637833Z Preparing to unpack .../133-libgraphene-1.0-0_1.10.8-3build2_amd64.deb ...
2026-10-06T09:25:57.8654487Z Unpacking libgraphene-1.0-0:amd64 (1.10.8-3build2) ...
2026-10-06T09:25:57.8809455Z Selecting previously unselected package libgssdp-1.6-0:amd64.
2026-10-06T09:25:57.8902451Z Preparing to unpack .../134-libgssdp-1.6-0_1.6.3-1build3_amd64.deb ...
2026-10-06T09:25:57.8910851Z Unpacking libgssdp-1.6-0:amd64 (1.6.3-1build3) ...
2026-10-06T09:25:57.9067746Z Selecting previously unselected package libegl1:amd64.
2026-10-06T09:25:57.9159055Z Preparing to unpack .../135-libegl1_1.7.0-1build1_amd64.deb ...
2026-10-06T09:25:57.9167661Z Unpacking libegl1:amd64 (1.7.0-1build1) ...
2026-10-06T09:25:57.9320217Z Selecting previously unselected package libgstreamer-gl1.0-0:amd64.
2026-10-06T09:25:57.9406177Z Preparing to unpack .../136-libgstreamer-gl1.0-0_1.24.2-1ubuntu0.5_amd64.deb ...
2026-10-06T09:25:57.9414818Z Unpacking libgstreamer-gl1.0-0:amd64 (1.24.2-1ubuntu0.5) ...
2026-10-06T09:25:57.9584486Z Selecting previously unselected package libgtk-4-common.
2026-10-06T09:25:57.9668648Z Preparing to unpack .../137-libgtk-4-common_4.14.5+ds-0ubuntu0.10_all.deb ...
2026-10-06T09:25:57.9676440Z Unpacking libgtk-4-common (4.14.5+ds-0ubuntu0.10) ...
2026-10-06T09:25:58.0117534Z Selecting previously unselected package libgtk-4-1:amd64.
2026-10-06T09:25:58.0211114Z Preparing to unpack .../138-libgtk-4-1_4.14.5+ds-0ubuntu0.10_amd64.deb ...
2026-10-06T09:25:58.0218830Z Unpacking libgtk-4-1:amd64 (4.14.5+ds-0ubuntu0.10) ...
2026-10-06T09:25:58.1236765Z Selecting previously unselected package libgupnp-1.6-0:amd64.
2026-10-06T09:25:58.1338104Z Preparing to unpack .../139-libgupnp-1.6-0_1.6.6-1build3_amd64.deb ...
2026-10-06T09:25:58.1346310Z Unpacking libgupnp-1.6-0:amd64 (1.6.6-1build3) ...
2026-10-06T09:25:58.1527103Z Selecting previously unselected package libgupnp-igd-1.6-0:amd64.
2026-10-06T09:25:58.1623946Z Preparing to unpack .../140-libgupnp-igd-1.6-0_1.6.0-3build3_amd64.deb ...
2026-10-06T09:25:58.1632712Z Unpacking libgupnp-igd-1.6-0:amd64 (1.6.0-3build3) ...
2026-10-06T09:25:58.1786109Z Selecting previously unselected package libharfbuzz-icu0:amd64.
2026-10-06T09:25:58.1882576Z Preparing to unpack .../141-libharfbuzz-icu0_8.3.0-2build2_amd64.deb ...
2026-10-06T09:25:58.1889195Z Unpacking libharfbuzz-icu0:amd64 (8.3.0-2build2) ...
2026-10-06T09:25:58.2055148Z Selecting previously unselected package libhyphen0:amd64.
2026-10-06T09:25:58.2149933Z Preparing to unpack .../142-libhyphen0_2.8.8-7build3_amd64.deb ...
2026-10-06T09:25:58.2158813Z Unpacking libhyphen0:amd64 (2.8.8-7build3) ...
2026-10-06T09:25:58.2304645Z Selecting previously unselected package libimath-3-1-29t64:amd64.
2026-10-06T09:25:58.2394564Z Preparing to unpack .../143-libimath-3-1-29t64_3.1.9-3.1ubuntu2_amd64.deb ...
2026-10-06T09:25:58.2406434Z Unpacking libimath-3-1-29t64:amd64 (3.1.9-3.1ubuntu2) ...
2026-10-06T09:25:58.2576410Z Selecting previously unselected package liblc3-1:amd64.
2026-10-06T09:25:58.2664185Z Preparing to unpack .../144-liblc3-1_1.0.4-3build1_amd64.deb ...
2026-10-06T09:25:58.2672820Z Unpacking liblc3-1:amd64 (1.0.4-3build1) ...
2026-10-06T09:25:58.2833209Z Selecting previously unselected package libldacbt-enc2:amd64.
2026-10-06T09:25:58.2920925Z Preparing to unpack .../145-libldacbt-enc2_2.0.2.3+git20200429+ed310a0-4ubuntu2_amd64.deb ...
2026-10-06T09:25:58.2930098Z Unpacking libldacbt-enc2:amd64 (2.0.2.3+git20200429+ed310a0-4ubuntu2) ...
2026-10-06T09:25:58.3079178Z Selecting previously unselected package libraptor2-0:amd64.
2026-10-06T09:25:58.3165610Z Preparing to unpack .../146-libraptor2-0_2.0.16-3ubuntu0.1_amd64.deb ...
2026-10-06T09:25:58.3178578Z Unpacking libraptor2-0:amd64 (2.0.16-3ubuntu0.1) ...
2026-10-06T09:25:58.3342122Z Selecting previously unselected package liblrdf0:amd64.
2026-10-06T09:25:58.3425996Z Preparing to unpack .../147-liblrdf0_0.6.1-4build1_amd64.deb ...
2026-10-06T09:25:58.3437978Z Unpacking liblrdf0:amd64 (0.6.1-4build1) ...
2026-10-06T09:25:58.3590895Z Selecting previously unselected package libltc11:amd64.
2026-10-06T09:25:58.3672770Z Preparing to unpack .../148-libltc11_1.3.2-1build1_amd64.deb ...
2026-10-06T09:25:58.3682284Z Unpacking libltc11:amd64 (1.3.2-1build1) ...
2026-10-06T09:25:58.3833025Z Selecting previously unselected package libmanette-0.2-0:amd64.
2026-10-06T09:25:58.3917984Z Preparing to unpack .../149-libmanette-0.2-0_0.2.7-1build2_amd64.deb ...
2026-10-06T09:25:58.3926206Z Unpacking libmanette-0.2-0:amd64 (0.2.7-1build2) ...
2026-10-06T09:25:58.4085267Z Selecting previously unselected package libmfx1:amd64.
2026-10-06T09:25:58.4171992Z Preparing to unpack .../150-libmfx1_22.5.4-1_amd64.deb ...
2026-10-06T09:25:58.4179928Z Unpacking libmfx1:amd64 (22.5.4-1) ...
2026-10-06T09:25:58.5860779Z Selecting previously unselected package libmjpegutils-2.1-0t64:amd64.
2026-10-06T09:25:58.5965809Z Preparing to unpack .../151-libmjpegutils-2.1-0t64_1%3a2.1.0+debian-8.1build1_amd64.deb ...
2026-10-06T09:25:58.5975069Z Unpacking libmjpegutils-2.1-0t64:amd64 (1:2.1.0+debian-8.1build1) ...
2026-10-06T09:25:58.6145235Z Selecting previously unselected package libmodplug1:amd64.
2026-10-06T09:25:58.6250088Z Preparing to unpack .../152-libmodplug1_1%3a0.8.9.0-3build1_amd64.deb ...
2026-10-06T09:25:58.6276683Z Unpacking libmodplug1:amd64 (1:0.8.9.0-3build1) ...
2026-10-06T09:25:58.6468929Z Selecting previously unselected package libmpcdec6:amd64.
2026-10-06T09:25:58.6571586Z Preparing to unpack .../153-libmpcdec6_2%3a0.1~r495-2build1_amd64.deb ...
2026-10-06T09:25:58.6580441Z Unpacking libmpcdec6:amd64 (2:0.1~r495-2build1) ...
2026-10-06T09:25:58.6977427Z Selecting previously unselected package libmpeg2encpp-2.1-0t64:amd64.
2026-10-06T09:25:58.7088391Z Preparing to unpack .../154-libmpeg2encpp-2.1-0t64_1%3a2.1.0+debian-8.1build1_amd64.deb ...
2026-10-06T09:25:58.7097054Z Unpacking libmpeg2encpp-2.1-0t64:amd64 (1:2.1.0+debian-8.1build1) ...
2026-10-06T09:25:58.7264581Z Selecting previously unselected package libmplex2-2.1-0t64:amd64.
2026-10-06T09:25:58.7364675Z Preparing to unpack .../155-libmplex2-2.1-0t64_1%3a2.1.0+debian-8.1build1_amd64.deb ...
2026-10-06T09:25:58.7376242Z Unpacking libmplex2-2.1-0t64:amd64 (1:2.1.0+debian-8.1build1) ...
2026-10-06T09:25:58.7537803Z Selecting previously unselected package libneon27t64:amd64.
2026-10-06T09:25:58.7634096Z Preparing to unpack .../156-libneon27t64_0.33.0-1.1build3_amd64.deb ...
2026-10-06T09:25:58.7642661Z Unpacking libneon27t64:amd64 (0.33.0-1.1build3) ...
2026-10-06T09:25:58.7814059Z Selecting previously unselected package libnice10:amd64.
2026-10-06T09:25:58.7911429Z Preparing to unpack .../157-libnice10_0.1.21-2build3_amd64.deb ...
2026-10-06T09:25:58.7919036Z Unpacking libnice10:amd64 (0.1.21-2build3) ...
2026-10-06T09:25:58.8086528Z Selecting previously unselected package libopenal-data.
2026-10-06T09:25:58.8176690Z Preparing to unpack .../158-libopenal-data_1%3a1.23.1-4build1_all.deb ...
2026-10-06T09:25:58.8184137Z Unpacking libopenal-data (1:1.23.1-4build1) ...
2026-10-06T09:25:58.9045681Z Selecting previously unselected package libopenexr-3-1-30:amd64.
2026-10-06T09:25:58.9145363Z Preparing to unpack .../159-libopenexr-3-1-30_3.1.5-5.1build3_amd64.deb ...
2026-10-06T09:25:58.9158643Z Unpacking libopenexr-3-1-30:amd64 (3.1.5-5.1build3) ...
2026-10-06T09:25:58.9514500Z Selecting previously unselected package libopenh264-7:amd64.
2026-10-06T09:25:58.9613194Z Preparing to unpack .../160-libopenh264-7_2.4.1+dfsg-1_amd64.deb ...
2026-10-06T09:25:58.9621664Z Unpacking libopenh264-7:amd64 (2.4.1+dfsg-1) ...
2026-10-06T09:25:58.9835903Z Selecting previously unselected package libopenni2-0:amd64.
2026-10-06T09:25:58.9931905Z Preparing to unpack .../161-libopenni2-0_2.2.0.33+dfsg-18_amd64.deb ...
2026-10-06T09:25:58.9957935Z Unpacking libopenni2-0:amd64 (2.2.0.33+dfsg-18) ...
2026-10-06T09:25:59.0308788Z Selecting previously unselected package libqrencode4:amd64.
2026-10-06T09:25:59.0407101Z Preparing to unpack .../162-libqrencode4_4.1.1-1build2_amd64.deb ...
2026-10-06T09:25:59.0416719Z Unpacking libqrencode4:amd64 (4.1.1-1build2) ...
2026-10-06T09:25:59.0563547Z Selecting previously unselected package libsecret-common.
2026-10-06T09:25:59.0658826Z Preparing to unpack .../163-libsecret-common_0.21.4-1build3_all.deb ...
2026-10-06T09:25:59.0668323Z Unpacking libsecret-common (0.21.4-1build3) ...
2026-10-06T09:25:59.0827755Z Selecting previously unselected package libsecret-1-0:amd64.
2026-10-06T09:25:59.0915448Z Preparing to unpack .../164-libsecret-1-0_0.21.4-1build3_amd64.deb ...
2026-10-06T09:25:59.0924919Z Unpacking libsecret-1-0:amd64 (0.21.4-1build3) ...
2026-10-06T09:25:59.1093887Z Selecting previously unselected package libsndio7.0:amd64.
2026-10-06T09:25:59.1174573Z Preparing to unpack .../165-libsndio7.0_1.9.0-0.3build3_amd64.deb ...
2026-10-06T09:25:59.1183831Z Unpacking libsndio7.0:amd64 (1.9.0-0.3build3) ...
2026-10-06T09:25:59.1335605Z Selecting previously unselected package libsoundtouch1:amd64.
2026-10-06T09:25:59.1414758Z Preparing to unpack .../166-libsoundtouch1_2.3.2+ds1-1build1_amd64.deb ...
2026-10-06T09:25:59.1424445Z Unpacking libsoundtouch1:amd64 (2.3.2+ds1-1build1) ...
2026-10-06T09:25:59.1588099Z Selecting previously unselected package libspandsp2t64:amd64.
2026-10-06T09:25:59.1668622Z Preparing to unpack .../167-libspandsp2t64_0.0.6+dfsg-2.1build1_amd64.deb ...
2026-10-06T09:25:59.1677876Z Unpacking libspandsp2t64:amd64 (0.0.6+dfsg-2.1build1) ...
2026-10-06T09:25:59.1864431Z Selecting previously unselected package libsrtp2-1:amd64.
2026-10-06T09:25:59.1944649Z Preparing to unpack .../168-libsrtp2-1_2.5.0-3build1_amd64.deb ...
2026-10-06T09:25:59.1954465Z Unpacking libsrtp2-1:amd64 (2.5.0-3build1) ...
2026-10-06T09:25:59.2111791Z Selecting previously unselected package libwayland-server0:amd64.
2026-10-06T09:25:59.2195157Z Preparing to unpack .../169-libwayland-server0_1.22.0-2.1build1_amd64.deb ...
2026-10-06T09:25:59.2203970Z Unpacking libwayland-server0:amd64 (1.22.0-2.1build1) ...
2026-10-06T09:25:59.2358408Z Selecting previously unselected package libwildmidi2:amd64.
2026-10-06T09:25:59.2439686Z Preparing to unpack .../170-libwildmidi2_0.4.3-1build3_amd64.deb ...
2026-10-06T09:25:59.2452314Z Unpacking libwildmidi2:amd64 (0.4.3-1build3) ...
2026-10-06T09:25:59.2599469Z Selecting previously unselected package libwoff1:amd64.
2026-10-06T09:25:59.2680803Z Preparing to unpack .../171-libwoff1_1.0.2-2build1_amd64.deb ...
2026-10-06T09:25:59.2699318Z Unpacking libwoff1:amd64 (1.0.2-2build1) ...
2026-10-06T09:25:59.2853638Z Selecting previously unselected package libxcb-xkb1:amd64.
2026-10-06T09:25:59.2935211Z Preparing to unpack .../172-libxcb-xkb1_1.15-1ubuntu2_amd64.deb ...
2026-10-06T09:25:59.2946420Z Unpacking libxcb-xkb1:amd64 (1.15-1ubuntu2) ...
2026-10-06T09:25:59.3095325Z Selecting previously unselected package libxkbcommon-x11-0:amd64.
2026-10-06T09:25:59.3177567Z Preparing to unpack .../173-libxkbcommon-x11-0_1.6.0-1build1_amd64.deb ...
2026-10-06T09:25:59.3188826Z Unpacking libxkbcommon-x11-0:amd64 (1.6.0-1build1) ...
2026-10-06T09:25:59.3340551Z Selecting previously unselected package libzbar0t64:amd64.
2026-10-06T09:25:59.3423478Z Preparing to unpack .../174-libzbar0t64_0.23.93-4build3_amd64.deb ...
2026-10-06T09:25:59.3435773Z Unpacking libzbar0t64:amd64 (0.23.93-4build3) ...
2026-10-06T09:25:59.3596955Z Selecting previously unselected package libzxing3:amd64.
2026-10-06T09:25:59.3682326Z Preparing to unpack .../175-libzxing3_2.2.1-3_amd64.deb ...
2026-10-06T09:25:59.3696047Z Unpacking libzxing3:amd64 (2.2.1-3) ...
2026-10-06T09:25:59.3878191Z Selecting previously unselected package xfonts-encodings.
2026-10-06T09:25:59.3963609Z Preparing to unpack .../176-xfonts-encodings_1%3a1.0.5-0ubuntu2_all.deb ...
2026-10-06T09:25:59.3976169Z Unpacking xfonts-encodings (1:1.0.5-0ubuntu2) ...
2026-10-06T09:25:59.4158827Z Selecting previously unselected package xfonts-utils.
2026-10-06T09:25:59.4242306Z Preparing to unpack .../177-xfonts-utils_1%3a7.7+6build3_amd64.deb ...
2026-10-06T09:25:59.4257171Z Unpacking xfonts-utils (1:7.7+6build3) ...
2026-10-06T09:25:59.4500636Z Selecting previously unselected package xfonts-cyrillic.
2026-10-06T09:25:59.4590119Z Preparing to unpack .../178-xfonts-cyrillic_1%3a1.0.5+nmu1_all.deb ...
2026-10-06T09:25:59.4599369Z Unpacking xfonts-cyrillic (1:1.0.5+nmu1) ...
2026-10-06T09:25:59.4812672Z Selecting previously unselected package xfonts-scalable.
2026-10-06T09:25:59.4902994Z Preparing to unpack .../179-xfonts-scalable_1%3a1.0.3-1.3_all.deb ...
2026-10-06T09:25:59.4910455Z Unpacking xfonts-scalable (1:1.0.3-1.3) ...
2026-10-06T09:25:59.5082782Z Selecting previously unselected package libgstreamer-plugins-bad1.0-0:amd64.
2026-10-06T09:25:59.5172652Z Preparing to unpack .../180-libgstreamer-plugins-bad1.0-0_1.24.2-1ubuntu4_amd64.deb ...
2026-10-06T09:25:59.5181132Z Unpacking libgstreamer-plugins-bad1.0-0:amd64 (1.24.2-1ubuntu4) ...
2026-10-06T09:25:59.5434454Z Selecting previously unselected package libdca0:amd64.
2026-10-06T09:25:59.5529870Z Preparing to unpack .../181-libdca0_0.0.7-2build1_amd64.deb ...
2026-10-06T09:25:59.5540976Z Unpacking libdca0:amd64 (0.0.7-2build1) ...
2026-10-06T09:25:59.5699521Z Selecting previously unselected package libopenal1:amd64.
2026-10-06T09:25:59.5794386Z Preparing to unpack .../182-libopenal1_1%3a1.23.1-4build1_amd64.deb ...
2026-10-06T09:25:59.5802124Z Unpacking libopenal1:amd64 (1:1.23.1-4build1) ...
2026-10-06T09:25:59.5996456Z Selecting previously unselected package libsbc1:amd64.
2026-10-06T09:25:59.6090817Z Preparing to unpack .../183-libsbc1_2.0-1build1_amd64.deb ...
2026-10-06T09:25:59.6099274Z Unpacking libsbc1:amd64 (2.0-1build1) ...
2026-10-06T09:25:59.6242471Z Selecting previously unselected package libvo-aacenc0:amd64.
2026-10-06T09:25:59.6333663Z Preparing to unpack .../184-libvo-aacenc0_0.1.3-2build1_amd64.deb ...
2026-10-06T09:25:59.6343040Z Unpacking libvo-aacenc0:amd64 (0.1.3-2build1) ...
2026-10-06T09:25:59.6489433Z Selecting previously unselected package libvo-amrwbenc0:amd64.
2026-10-06T09:25:59.6575471Z Preparing to unpack .../185-libvo-amrwbenc0_0.1.3-2build1_amd64.deb ...
2026-10-06T09:25:59.6583987Z Unpacking libvo-amrwbenc0:amd64 (0.1.3-2build1) ...
2026-10-06T09:25:59.6729285Z Selecting previously unselected package gstreamer1.0-plugins-bad:amd64.
2026-10-06T09:25:59.6817713Z Preparing to unpack .../186-gstreamer1.0-plugins-bad_1.24.2-1ubuntu4_amd64.deb ...
2026-10-06T09:25:59.6826294Z Unpacking gstreamer1.0-plugins-bad:amd64 (1.24.2-1ubuntu4) ...
2026-10-06T09:25:59.8921137Z Setting up libgme0:amd64 (0.6.3-7build1) ...
2026-10-06T09:25:59.8945833Z Setting up libchromaprint1:amd64 (1.5.1-5) ...
2026-10-06T09:25:59.8972861Z Setting up libssh-gcrypt-4:amd64 (0.10.6-2ubuntu0.5) ...
2026-10-06T09:25:59.8997609Z Setting up libhwy1t64:amd64 (1.0.7-8.1build1) ...
2026-10-06T09:25:59.9016468Z Setting up libcairo-script-interpreter2:amd64 (1.18.0-3build1) ...
2026-10-06T09:25:59.9043569Z Setting up libfreeaptx0:amd64 (0.1.1-2build1) ...
2026-10-06T09:25:59.9064216Z Setting up libdvdread8t64:amd64 (6.1.3-1.1build1) ...
2026-10-06T09:25:59.9083586Z Setting up libudfread0:amd64 (1.1.2-1build1) ...
2026-10-06T09:25:59.9108604Z Setting up libmodplug1:amd64 (1:0.8.9.0-3build1) ...
2026-10-06T09:25:59.9129615Z Setting up libcdparanoia0:amd64 (3.10.2+debian-14build3) ...
2026-10-06T09:25:59.9154223Z Setting up libwayland-server0:amd64 (1.22.0-2.1build1) ...
2026-10-06T09:25:59.9183718Z Setting up libvo-amrwbenc0:amd64 (0.1.3-2build1) ...
2026-10-06T09:25:59.9208032Z Setting up mesa-libgallium:amd64 (25.2.8-0ubuntu0.24.04.4) ...
2026-10-06T09:25:59.9235545Z Setting up session-migration (0.3.9build1) ...
2026-10-06T09:26:00.0104277Z Created symlink /etc/systemd/user/graphical-session-pre.target.wants/session-migration.service → /usr/lib/systemd/user/session-migration.service.
2026-10-06T09:26:00.0104879Z 
2026-10-06T09:26:00.0129132Z Setting up libraw1394-11:amd64 (2.1.2-2build3) ...
2026-10-06T09:26:00.0150501Z Setting up libsbc1:amd64 (2.0-1build1) ...
2026-10-06T09:26:00.0174731Z Setting up libproxy1v5:amd64 (0.5.4-4build1) ...
2026-10-06T09:26:00.0194229Z Setting up libneon27t64:amd64 (0.33.0-1.1build3) ...
2026-10-06T09:26:00.0214498Z Setting up libtag1v5-vanilla:amd64 (1.13.1-1build1) ...
2026-10-06T09:26:00.0240091Z Setting up libharfbuzz-icu0:amd64 (8.3.0-2build2) ...
2026-10-06T09:26:00.0260529Z Setting up libopenni2-0:amd64 (2.2.0.33+dfsg-18) ...
2026-10-06T09:26:00.0390605Z Setting up libspeex1:amd64 (1.2.1-2ubuntu2.24.04.1) ...
2026-10-06T09:26:00.0411241Z Setting up libshine3:amd64 (3.1.1-2build1) ...
2026-10-06T09:26:00.0438062Z Setting up libcaca0:amd64 (0.99.beta20-4ubuntu0.2) ...
2026-10-06T09:26:00.0459876Z Setting up libvpl2 (2023.3.0-1build1) ...
2026-10-06T09:26:00.0481189Z Setting up libv4lconvert0t64:amd64 (1.26.1-4build3) ...
2026-10-06T09:26:00.0502580Z Setting up libx264-164:amd64 (2:0.164.3108+git31e19f9-1) ...
2026-10-06T09:26:00.0530911Z Setting up libtwolame0:amd64 (0.4.0-2build3) ...
2026-10-06T09:26:00.0550616Z Setting up libmbedcrypto7t64:amd64 (2.28.8-1) ...
2026-10-06T09:26:00.0571853Z Setting up libwoff1:amd64 (1.0.2-2build1) ...
2026-10-06T09:26:00.0595449Z Setting up liblc3-1:amd64 (1.0.4-3build1) ...
2026-10-06T09:26:00.0617196Z Setting up libqrencode4:amd64 (4.1.1-1build2) ...
2026-10-06T09:26:00.0640566Z Setting up libhyphen0:amd64 (2.8.8-7build3) ...
2026-10-06T09:26:00.0661809Z Setting up libgbm1:amd64 (25.2.8-0ubuntu0.24.04.4) ...
2026-10-06T09:26:00.0683146Z Setting up libgsm1:amd64 (1.0.22-1build1) ...
2026-10-06T09:26:00.0706801Z Setting up libvisual-0.4-0:amd64 (0.4.2-2build1) ...
2026-10-06T09:26:00.0730709Z Setting up libsoxr0:amd64 (0.1.3-4build3) ...
2026-10-06T09:26:00.0749839Z Setting up libzix-0-0:amd64 (0.4.2-2build1) ...
2026-10-06T09:26:00.0774945Z Setting up libcodec2-1.2:amd64 (1.2.0-2build1) ...
2026-10-06T09:26:00.0794830Z Setting up libmanette-0.2-0:amd64 (0.2.7-1build2) ...
2026-10-06T09:26:00.0820545Z Setting up libsrtp2-1:amd64 (2.5.0-3build1) ...
2026-10-06T09:26:00.0842540Z Setting up libgl1-mesa-dri:amd64 (25.2.8-0ubuntu0.24.04.4) ...
2026-10-06T09:26:00.0902089Z Setting up libmysofa1:amd64 (1.3.2+dfsg-2ubuntu2) ...
2026-10-06T09:26:00.0924956Z Setting up libraptor2-0:amd64 (2.0.16-3ubuntu0.1) ...
2026-10-06T09:26:00.0952005Z Setting up libldacbt-enc2:amd64 (2.0.2.3+git20200429+ed310a0-4ubuntu2) ...
2026-10-06T09:26:00.0978574Z Setting up fonts-wqy-zenhei (0.9.45-8) ...
2026-10-06T09:26:00.1088340Z Setting up libwebrtc-audio-processing1:amd64 (0.3.1-0ubuntu6) ...
2026-10-06T09:26:00.1111482Z Setting up fonts-freefont-ttf (20211204+svn4273-2) ...
2026-10-06T09:26:00.1133990Z Setting up libevent-2.1-7t64:amd64 (2.1.12-stable-9ubuntu2.2) ...
2026-10-06T09:26:00.1164563Z Setting up libsvtav1enc1d1:amd64 (1.7.0+dfsg-2build1) ...
2026-10-06T09:26:00.1188966Z Setting up libsoup-3.0-common (3.4.4-5ubuntu0.8) ...
2026-10-06T09:26:00.1214307Z Setting up libmpg123-0t64:amd64 (1.32.5-1ubuntu1.1) ...
2026-10-06T09:26:00.1237860Z Setting up libcjson1:amd64 (1.7.17-1) ...
2026-10-06T09:26:00.1261930Z Setting up libxvidcore4:amd64 (2:1.3.7-1build1) ...
2026-10-06T09:26:00.1290828Z Setting up libmpcdec6:amd64 (2:0.1~r495-2build1) ...
2026-10-06T09:26:00.1318444Z Setting up libmjpegutils-2.1-0t64:amd64 (1:2.1.0+debian-8.1build1) ...
2026-10-06T09:26:00.1345930Z Setting up librav1e0:amd64 (0.7.1-2) ...
2026-10-06T09:26:00.1372639Z Setting up liborc-0.4-0t64:amd64 (1:0.4.38-1ubuntu0.1) ...
2026-10-06T09:26:00.1393157Z Setting up libxcb-xkb1:amd64 (1.15-1ubuntu2) ...
2026-10-06T09:26:00.1416912Z Setting up libvo-aacenc0:amd64 (0.1.3-2build1) ...
2026-10-06T09:26:00.1440540Z Setting up librist4:amd64 (0.2.10+dfsg-2) ...
2026-10-06T09:26:00.1463141Z Setting up librsvg2-2:amd64 (2.58.0+dfsg-1build1) ...
2026-10-06T09:26:00.1494045Z Setting up libblas3:amd64 (3.12.0-3build1.1) ...
2026-10-06T09:26:00.1543108Z update-alternatives: using /usr/lib/x86_64-linux-gnu/blas/libblas.so.3 to provide /usr/lib/x86_64-linux-gnu/libblas.so.3 (libblas.so.3-x86_64-linux-gnu) in auto mode
2026-10-06T09:26:00.1558786Z Setting up libegl-mesa0:amd64 (25.2.8-0ubuntu0.24.04.4) ...
2026-10-06T09:26:00.1583630Z Setting up libsoundtouch1:amd64 (2.3.2+ds1-1build1) ...
2026-10-06T09:26:00.1604921Z Setting up libplacebo338:amd64 (6.338.2-2build1) ...
2026-10-06T09:26:00.1625768Z Setting up libgles2:amd64 (1.7.0-1build1) ...
2026-10-06T09:26:00.1653991Z Setting up fonts-tlwg-loma-otf (1:0.7.3-1) ...
2026-10-06T09:26:00.1674998Z Setting up libva2:amd64 (2.20.0-2ubuntu0.2) ...
2026-10-06T09:26:00.1704503Z Setting up libspa-0.2-modules:amd64 (1.0.5-1ubuntu3.3) ...
2026-10-06T09:26:00.1729869Z Setting up libzxing3:amd64 (2.2.1-3) ...
2026-10-06T09:26:00.1752058Z Setting up xfonts-encodings (1:1.0.5-0ubuntu2) ...
2026-10-06T09:26:00.1778016Z Setting up libopus0:amd64 (1.4-1build1) ...
2026-10-06T09:26:00.1799213Z Setting up libfaad2:amd64 (2.11.1-1build1) ...
2026-10-06T09:26:00.1821318Z Setting up libxkbcommon-x11-0:amd64 (1.6.0-1build1) ...
2026-10-06T09:26:00.1846677Z Setting up libdc1394-25:amd64 (2.2.6-4build1) ...
2026-10-06T09:26:00.1872132Z Setting up libimath-3-1-29t64:amd64 (3.1.9-3.1ubuntu2) ...
2026-10-06T09:26:00.1898060Z Setting up libunibreak5:amd64 (5.1-2build1) ...
2026-10-06T09:26:00.1921476Z Setting up libdv4t64:amd64 (1.0.0-17.1build1) ...
2026-10-06T09:26:00.1945257Z Setting up libjxl0.7:amd64 (0.7.0-10.2ubuntu6.1) ...
2026-10-06T09:26:00.1971533Z Setting up libopenh264-7:amd64 (2.4.1+dfsg-1) ...
2026-10-06T09:26:00.1996298Z Setting up libltc11:amd64 (1.3.2-1build1) ...
2026-10-06T09:26:00.2018763Z Setting up libx265-199:amd64 (3.5-2build1) ...
2026-10-06T09:26:00.2750843Z Setting up libv4l-0t64:amd64 (1.26.1-4build3) ...
2026-10-06T09:26:00.2777215Z Setting up libavtp0:amd64 (0.2.0-1build1) ...
2026-10-06T09:26:00.2801326Z Setting up libsndio7.0:amd64 (1.9.0-0.3build3) ...
2026-10-06T09:26:00.2832450Z Setting up libdirectfb-1.7-7t64:amd64 (1.7.7-11.1ubuntu2) ...
2026-10-06T09:26:00.2861095Z Setting up libspandsp2t64:amd64 (0.0.6+dfsg-2.1build1) ...
2026-10-06T09:26:00.2883510Z Setting up libvidstab1.1:amd64 (1.1.0-2build1) ...
2026-10-06T09:26:00.2910752Z Setting up libvpx9:amd64 (1.14.0-1ubuntu2.3) ...
2026-10-06T09:26:00.2936206Z Setting up libsrt1.5-gnutls:amd64 (1.5.3-1build2) ...
2026-10-06T09:26:00.2964405Z Setting up libtag1v5:amd64 (1.13.1-1build1) ...
2026-10-06T09:26:00.2988914Z Setting up libflite1:amd64 (2.2-6build3) ...
2026-10-06T09:26:00.3019363Z Setting up libdav1d7:amd64 (1.4.1-1build1) ...
2026-10-06T09:26:00.3041448Z Setting up libva-drm2:amd64 (2.20.0-2ubuntu0.2) ...
2026-10-06T09:26:00.3068086Z Setting up fonts-ipafont-gothic (00303-21ubuntu1) ...
2026-10-06T09:26:00.3126600Z update-alternatives: using /usr/share/fonts/opentype/ipafont-gothic/ipag.ttf to provide /usr/share/fonts/truetype/fonts-japanese-gothic.ttf (fonts-japanese-gothic.ttf) in auto mode
2026-10-06T09:26:00.3146533Z Setting up ocl-icd-libopencl1:amd64 (2.3.2-1build1) ...
2026-10-06T09:26:00.3174448Z Setting up libasyncns0:amd64 (0.8-6build4) ...
2026-10-06T09:26:00.3198053Z Setting up libwildmidi2:amd64 (0.4.3-1build3) ...
2026-10-06T09:26:00.3221811Z Setting up libvdpau1:amd64 (1.5-2build1) ...
2026-10-06T09:26:00.3263676Z Setting up libwavpack1:amd64 (5.6.0-1build1) ...
2026-10-06T09:26:00.3288163Z Setting up libbs2b0:amd64 (3.1.0+dfsg-7build1) ...
2026-10-06T09:26:00.3313476Z Setting up libtheora0:amd64 (1.1.1+dfsg.1-16.1build3) ...
2026-10-06T09:26:00.3337378Z Setting up libegl1:amd64 (1.7.0-1build1) ...
2026-10-06T09:26:00.3360671Z Setting up libdecor-0-0:amd64 (0.2.2-1build2) ...
2026-10-06T09:26:00.3388924Z Setting up libdca0:amd64 (0.0.7-2build1) ...
2026-10-06T09:26:00.3412366Z Setting up libzimg2:amd64 (3.0.5+ds1-1build1) ...
2026-10-06T09:26:00.3439280Z Setting up libopenal-data (1:1.23.1-4build1) ...
2026-10-06T09:26:00.3473952Z Setting up libevent-core-2.1-7t64:amd64 (2.1.12-stable-9ubuntu2.2) ...
2026-10-06T09:26:00.3495475Z Setting up libabsl20220623t64:amd64 (20220623.1-3.1ubuntu3.2) ...
2026-10-06T09:26:00.3524092Z Setting up libflac12t64:amd64 (1.4.3+ds-2.1ubuntu2) ...
2026-10-06T09:26:00.3547134Z Setting up libgtk-4-common (4.14.5+ds-0ubuntu0.10) ...
2026-10-06T09:26:00.3574729Z Setting up libmpeg2encpp-2.1-0t64:amd64 (1:2.1.0+debian-8.1build1) ...
2026-10-06T09:26:00.3597094Z Setting up glib-networking-common (2.80.0-1build1) ...
2026-10-06T09:26:00.3620641Z Setting up libmfx1:amd64 (22.5.4-1) ...
2026-10-06T09:26:00.3648378Z Setting up libbluray2:amd64 (1:1.3.4-1build1) ...
2026-10-06T09:26:00.3674618Z Setting up libde265-0:amd64 (1.0.15-1ubuntu0.1) ...
2026-10-06T09:26:00.3698408Z Setting up libsamplerate0:amd64 (0.2.2-4build1) ...
2026-10-06T09:26:00.3726559Z Setting up timgm6mb-soundfont (1.3-5) ...
2026-10-06T09:26:00.3796988Z update-alternatives: using /usr/share/sounds/sf2/TimGM6mb.sf2 to provide /usr/share/sounds/sf2/default-GM.sf2 (default-GM.sf2) in auto mode
2026-10-06T09:26:00.3827653Z update-alternatives: using /usr/share/sounds/sf2/TimGM6mb.sf2 to provide /usr/share/sounds/sf3/default-GM.sf3 (default-GM.sf3) in auto mode
2026-10-06T09:26:00.3848420Z Setting up libva-x11-2:amd64 (2.20.0-2ubuntu0.2) ...
2026-10-06T09:26:00.3876234Z Setting up libyuv0:amd64 (0.0~git202401110.af6ac82-1) ...
2026-10-06T09:26:00.3897993Z Setting up libmplex2-2.1-0t64:amd64 (1:2.1.0+debian-8.1build1) ...
2026-10-06T09:26:00.3926173Z Setting up libpipewire-0.3-0t64:amd64 (1.0.5-1ubuntu3.3) ...
2026-10-06T09:26:00.3949834Z Setting up libopenmpt0t64:amd64 (0.7.3-1.1build3) ...
2026-10-06T09:26:00.3976150Z Setting up libzvbi-common (0.2.42-2) ...
2026-10-06T09:26:00.4000009Z Setting up libsecret-common (0.21.4-1build3) ...
2026-10-06T09:26:00.4023187Z Setting up libmp3lame0:amd64 (3.100-6build1) ...
2026-10-06T09:26:00.4051996Z Setting up libgraphene-1.0-0:amd64 (1.10.8-3build2) ...
2026-10-06T09:26:00.4076289Z Setting up libvorbisenc2:amd64 (1.3.7-1build3) ...
2026-10-06T09:26:00.4103473Z Setting up libdvdnav4:amd64 (6.1.1-3build1) ...
2026-10-06T09:26:00.4128674Z Setting up fonts-unifont (1:15.1.01-1build1) ...
2026-10-06T09:26:00.4149810Z Setting up libaa1:amd64 (1.4p5-51.1) ...
2026-10-06T09:26:00.4180228Z Setting up libiec61883-0:amd64 (1.2.0-6build1) ...
2026-10-06T09:26:00.4206233Z Setting up libserd-0-0:amd64 (0.32.2-1) ...
2026-10-06T09:26:00.4234924Z Setting up libavc1394-0:amd64 (0.5.4-5build3) ...
2026-10-06T09:26:00.4259020Z Setting up gsettings-desktop-schemas (46.1-0ubuntu1) ...
2026-10-06T09:26:00.4281738Z Setting up glib-networking-services (2.80.0-1build1) ...
2026-10-06T09:26:00.4306930Z Setting up liblapack3:amd64 (3.12.0-3build1.1) ...
2026-10-06T09:26:00.4359931Z update-alternatives: using /usr/lib/x86_64-linux-gnu/lapack/liblapack.so.3 to provide /usr/lib/x86_64-linux-gnu/liblapack.so.3 (liblapack.so.3-x86_64-linux-gnu) in auto mode
2026-10-06T09:26:00.4376023Z Setting up libglx-mesa0:amd64 (25.2.8-0ubuntu0.24.04.4) ...
2026-10-06T09:26:00.4405759Z Setting up libzvbi0t64:amd64 (0.2.42-2) ...
2026-10-06T09:26:00.4428481Z Setting up libevent-pthreads-2.1-7t64:amd64 (2.1.12-stable-9ubuntu2.2) ...
2026-10-06T09:26:00.4458124Z Setting up liblrdf0:amd64 (0.6.1-4build1) ...
2026-10-06T09:26:00.4484237Z Setting up libzbar0t64:amd64 (0.23.93-4build3) ...
2026-10-06T09:26:00.4507799Z Setting up libgstreamer-plugins-base1.0-0:amd64 (1.24.2-1ubuntu0.5) ...
2026-10-06T09:26:00.4535902Z Setting up libavutil58:amd64 (7:6.1.1-3ubuntu5) ...
2026-10-06T09:26:00.4571004Z Setting up libopenal1:amd64 (1:1.23.1-4build1) ...
2026-10-06T09:26:00.4593325Z Setting up xfonts-utils (1:7.7+6build3) ...
2026-10-06T09:26:00.4640436Z Setting up libsecret-1-0:amd64 (0.21.4-1build3) ...
2026-10-06T09:26:00.4663085Z Setting up libgstreamer-plugins-good1.0-0:amd64 (1.24.2-1ubuntu1.8) ...
2026-10-06T09:26:00.4695011Z Setting up libgstreamer-gl1.0-0:amd64 (1.24.2-1ubuntu0.5) ...
2026-10-06T09:26:00.4721678Z Setting up gstreamer1.0-plugins-base:amd64 (1.24.2-1ubuntu0.5) ...
2026-10-06T09:26:00.4743220Z Setting up libass9:amd64 (1:0.17.1-2build1) ...
2026-10-06T09:26:00.4765809Z Setting up libswresample4:amd64 (7:6.1.1-3ubuntu5) ...
2026-10-06T09:26:00.4795347Z Setting up libopenexr-3-1-30:amd64 (3.1.5-5.1build3) ...
2026-10-06T09:26:00.4819123Z Setting up libshout3:amd64 (2.4.6-1build2) ...
2026-10-06T09:26:00.4846733Z Setting up libgav1-1:amd64 (0.18.0-1build3) ...
2026-10-06T09:26:00.4870590Z Setting up libavcodec60:amd64 (7:6.1.1-3ubuntu5) ...
2026-10-06T09:26:00.4894848Z Setting up librubberband2:amd64 (3.3.0+dfsg-2build1) ...
2026-10-06T09:26:00.4915566Z Setting up libjack-jackd2-0:amd64 (1.9.21~dfsg-3ubuntu3) ...
2026-10-06T09:26:00.4937306Z Setting up libsord-0-0:amd64 (0.16.16-2build1) ...
2026-10-06T09:26:00.4963551Z Setting up xfonts-cyrillic (1:1.0.5+nmu1) ...
2026-10-06T09:26:00.5201374Z Setting up libpostproc57:amd64 (7:6.1.1-3ubuntu5) ...
2026-10-06T09:26:00.5233246Z Setting up libsratom-0-0:amd64 (0.6.16-1build1) ...
2026-10-06T09:26:00.5260499Z Setting up libsndfile1:amd64 (1.2.2-1ubuntu5.24.04.1) ...
2026-10-06T09:26:00.5280964Z Setting up liblilv-0-0:amd64 (0.24.22-1build1) ...
2026-10-06T09:26:00.6100839Z Setting up libinstpatch-1.0-2:amd64 (1.1.6-1build2) ...
2026-10-06T09:26:00.6127700Z Setting up xfonts-scalable (1:1.0.3-1.3) ...
2026-10-06T09:26:00.6335576Z Setting up libswscale7:amd64 (7:6.1.1-3ubuntu5) ...
2026-10-06T09:26:00.6360806Z Setting up libavif16:amd64 (1.0.4-1ubuntu3) ...
2026-10-06T09:26:00.6393072Z Setting up libpulse0:amd64 (1:16.1+dfsg1-2ubuntu10.1) ...
2026-10-06T09:26:00.6456073Z Setting up libavformat60:amd64 (7:6.1.1-3ubuntu5) ...
2026-10-06T09:26:00.6491691Z Setting up libsphinxbase3t64:amd64 (0.8+5prealpha+1-17build2) ...
2026-10-06T09:26:00.6513769Z Setting up libsdl2-2.0-0:amd64 (2.30.0+dfsg-1ubuntu3.1) ...
2026-10-06T09:26:00.6541645Z Setting up libfluidsynth3:amd64 (2.3.4-1build3) ...
2026-10-06T09:26:00.6567832Z Setting up libpocketsphinx3:amd64 (0.8.0+real5prealpha+1-15ubuntu5) ...
2026-10-06T09:26:00.6592481Z Setting up libavfilter9:amd64 (7:6.1.1-3ubuntu5) ...
2026-10-06T09:26:00.6619209Z Setting up gstreamer1.0-libav:amd64 (1.24.1-1build1) ...
2026-10-06T09:26:00.6908813Z Processing triggers for fontconfig (2.15.0-1.1ubuntu2) ...
2026-10-06T09:26:00.7588099Z Processing triggers for libc-bin (2.39-0ubuntu8.9) ...
2026-10-06T09:26:00.9596250Z Processing triggers for man-db (2.12.0-4build2) ...
2026-10-06T09:26:00.9616114Z Not building database; man-db/auto-update is not 'true'.
2026-10-06T09:26:00.9643223Z Processing triggers for libglib2.0-0t64:amd64 (2.80.0-6ubuntu3.9) ...
2026-10-06T09:26:01.0117265Z Setting up libgtk-4-1:amd64 (4.14.5+ds-0ubuntu0.10) ...
2026-10-06T09:26:01.0764075Z Setting up glib-networking:amd64 (2.80.0-1build1) ...
2026-10-06T09:26:01.0806909Z Setting up libsoup-3.0-0:amd64 (3.4.4-5ubuntu0.8) ...
2026-10-06T09:26:01.0845937Z Setting up libgssdp-1.6-0:amd64 (1.6.3-1build3) ...
2026-10-06T09:26:01.0926319Z Setting up gstreamer1.0-plugins-good:amd64 (1.24.2-1ubuntu1.8) ...
2026-10-06T09:26:01.0955666Z Setting up libgupnp-1.6-0:amd64 (1.6.6-1build3) ...
2026-10-06T09:26:01.1020200Z Setting up libgupnp-igd-1.6-0:amd64 (1.6.0-3build3) ...
2026-10-06T09:26:01.1065748Z Setting up libnice10:amd64 (0.1.21-2build3) ...
2026-10-06T09:26:01.1118087Z Setting up libgstreamer-plugins-bad1.0-0:amd64 (1.24.2-1ubuntu4) ...
2026-10-06T09:26:01.1166001Z Setting up gstreamer1.0-plugins-bad:amd64 (1.24.2-1ubuntu4) ...
2026-10-06T09:26:01.1193994Z Processing triggers for libc-bin (2.39-0ubuntu8.9) ...
2026-10-06T09:26:01.5078705Z 
2026-10-06T09:26:01.5079415Z Running kernel seems to be up-to-date.
2026-10-06T09:26:01.5079658Z 
2026-10-06T09:26:01.5079774Z No services need to be restarted.
2026-10-06T09:26:01.5079964Z 
2026-10-06T09:26:01.5080101Z No containers need to be restarted.
2026-10-06T09:26:01.5080508Z 
2026-10-06T09:26:01.5080690Z No user sessions are running outdated binaries.
2026-10-06T09:26:01.5080927Z 
2026-10-06T09:26:01.5081114Z No VM guests are running outdated hypervisor (qemu) binaries on this host.
2026-10-06T09:26:02.1818423Z Downloading Chrome for Testing 153.0.8010.12 (playwright chromium v1243) from https://cdn.playwright.dev/builds/cft/153.0.8010.12/linux64/chrome-linux64.zip
2026-10-06T09:26:02.5522353Z |                                                                                |   0% of 186.8 MiB
2026-10-06T09:26:02.8740226Z |■■■■■■■■                                                                        |  10% of 186.8 MiB
2026-10-06T09:26:02.9490092Z |■■■■■■■■■■■■■■■■                                                                |  20% of 186.8 MiB
2026-10-06T09:26:02.9950713Z |■■■■■■■■■■■■■■■■■■■■■■■■                                                        |  30% of 186.8 MiB
2026-10-06T09:26:03.0399193Z |■■■■■■■■■■■■■■■■■■■■■■■■■■■■■■■■                                                |  40% of 186.8 MiB
2026-10-06T09:26:03.0844664Z |■■■■■■■■■■■■■■■■■■■■■■■■■■■■■■■■■■■■■■■■                                        |  50% of 186.8 MiB
2026-10-06T09:26:03.1440033Z |■■■■■■■■■■■■■■■■■■■■■■■■■■■■■■■■■■■■■■■■■■■■■■■■                                |  60% of 186.8 MiB
2026-10-06T09:26:03.1913131Z |■■■■■■■■■■■■■■■■■■■■■■■■■■■■■■■■■■■■■■■■■■■■■■■■■■■■■■■■                        |  70% of 186.8 MiB
2026-10-06T09:26:03.2357729Z |■■■■■■■■■■■■■■■■■■■■■■■■■■■■■■■■■■■■■■■■■■■■■■■■■■■■■■■■■■■■■■■■                |  80% of 186.8 MiB
2026-10-06T09:26:03.2860922Z |■■■■■■■■■■■■■■■■■■■■■■■■■■■■■■■■■■■■■■■■■■■■■■■■■■■■■■■■■■■■■■■■■■■■■■■■        |  90% of 186.8 MiB
2026-10-06T09:26:03.3311486Z |■■■■■■■■■■■■■■■■■■■■■■■■■■■■■■■■■■■■■■■■■■■■■■■■■■■■■■■■■■■■■■■■■■■■■■■■■■■■■■■■| 100% of 186.8 MiB
2026-10-06T09:26:05.8530621Z Chrome for Testing 153.0.8010.12 (playwright chromium v1243) downloaded to /home/runner/.cache/ms-playwright/chromium-1243
2026-10-06T09:26:05.8541474Z Downloading FFmpeg (playwright ffmpeg v1011) from https://cdn.playwright.dev/dbazure/download/playwright/builds/ffmpeg/1011/ffmpeg-linux.zip
2026-10-06T09:26:06.1392622Z |                                                                                |   0% of 2.3 MiB
2026-10-06T09:26:06.1659060Z |■■■■■■■■                                                                        |  10% of 2.3 MiB
2026-10-06T09:26:06.1754447Z |■■■■■■■■■■■■■■■■                                                                |  20% of 2.3 MiB
2026-10-06T09:26:06.1847119Z |■■■■■■■■■■■■■■■■■■■■■■■■                                                        |  30% of 2.3 MiB
2026-10-06T09:26:06.1929299Z |■■■■■■■■■■■■■■■■■■■■■■■■■■■■■■■■                                                |  40% of 2.3 MiB
2026-10-06T09:26:06.1998359Z |■■■■■■■■■■■■■■■■■■■■■■■■■■■■■■■■■■■■■■■■                                        |  50% of 2.3 MiB
2026-10-06T09:26:06.2021440Z |■■■■■■■■■■■■■■■■■■■■■■■■■■■■■■■■■■■■■■■■■■■■■■■■                                |  60% of 2.3 MiB
2026-10-06T09:26:06.2034064Z |■■■■■■■■■■■■■■■■■■■■■■■■■■■■■■■■■■■■■■■■■■■■■■■■■■■■■■■■                        |  70% of 2.3 MiB
2026-10-06T09:26:06.2101641Z |■■■■■■■■■■■■■■■■■■■■■■■■■■■■■■■■■■■■■■■■■■■■■■■■■■■■■■■■■■■■■■■■                |  80% of 2.3 MiB
2026-10-06T09:26:06.2113613Z |■■■■■■■■■■■■■■■■■■■■■■■■■■■■■■■■■■■■■■■■■■■■■■■■■■■■■■■■■■■■■■■■■■■■■■■■        |  90% of 2.3 MiB
2026-10-06T09:26:06.2127854Z |■■■■■■■■■■■■■■■■■■■■■■■■■■■■■■■■■■■■■■■■■■■■■■■■■■■■■■■■■■■■■■■■■■■■■■■■■■■■■■■■| 100% of 2.3 MiB
2026-10-06T09:26:06.2598275Z FFmpeg (playwright ffmpeg v1011) downloaded to /home/runner/.cache/ms-playwright/ffmpeg-1011
2026-10-06T09:26:06.2601226Z Downloading Chrome Headless Shell 153.0.8010.12 (playwright chromium-headless-shell v1243) from https://cdn.playwright.dev/builds/cft/153.0.8010.12/linux64/chrome-headless-shell-linux64.zip
2026-10-06T09:26:06.6482706Z |                                                                                |   0% of 114.3 MiB
2026-10-06T09:26:06.9542887Z |■■■■■■■■                                                                        |  10% of 114.3 MiB
2026-10-06T09:26:07.0054219Z |■■■■■■■■■■■■■■■■                                                                |  20% of 114.3 MiB
2026-10-06T09:26:07.0542652Z |■■■■■■■■■■■■■■■■■■■■■■■■                                                        |  30% of 114.3 MiB
2026-10-06T09:26:07.0890803Z |■■■■■■■■■■■■■■■■■■■■■■■■■■■■■■■■                                                |  40% of 114.3 MiB
2026-10-06T09:26:07.1495784Z |■■■■■■■■■■■■■■■■■■■■■■■■■■■■■■■■■■■■■■■■                                        |  50% of 114.3 MiB
2026-10-06T09:26:07.1736876Z |■■■■■■■■■■■■■■■■■■■■■■■■■■■■■■■■■■■■■■■■■■■■■■■■                                |  60% of 114.3 MiB
2026-10-06T09:26:07.1985659Z |■■■■■■■■■■■■■■■■■■■■■■■■■■■■■■■■■■■■■■■■■■■■■■■■■■■■■■■■                        |  70% of 114.3 MiB
2026-10-06T09:26:07.2304734Z |■■■■■■■■■■■■■■■■■■■■■■■■■■■■■■■■■■■■■■■■■■■■■■■■■■■■■■■■■■■■■■■■                |  80% of 114.3 MiB
2026-10-06T09:26:07.2666172Z |■■■■■■■■■■■■■■■■■■■■■■■■■■■■■■■■■■■■■■■■■■■■■■■■■■■■■■■■■■■■■■■■■■■■■■■■        |  90% of 114.3 MiB
2026-10-06T09:26:07.2937370Z |■■■■■■■■■■■■■■■■■■■■■■■■■■■■■■■■■■■■■■■■■■■■■■■■■■■■■■■■■■■■■■■■■■■■■■■■■■■■■■■■| 100% of 114.3 MiB
2026-10-06T09:26:09.1485368Z Chrome Headless Shell 153.0.8010.12 (playwright chromium-headless-shell v1243) downloaded to /home/runner/.cache/ms-playwright/chromium_headless_shell-1243
2026-10-06T09:26:09.1487618Z Downloading WebKit 26.6 (playwright webkit v2359) from https://cdn.playwright.dev/dbazure/download/playwright/builds/webkit/2359/webkit-ubuntu-24.04.zip
2026-10-06T09:26:09.4338455Z |                                                                                |   0% of 102.3 MiB
2026-10-06T09:26:09.5854658Z |■■■■■■■■                                                                        |  10% of 102.3 MiB
2026-10-06T09:26:09.6254001Z |■■■■■■■■■■■■■■■■                                                                |  20% of 102.3 MiB
2026-10-06T09:26:09.6540128Z |■■■■■■■■■■■■■■■■■■■■■■■■                                                        |  30% of 102.3 MiB
2026-10-06T09:26:09.6804275Z |■■■■■■■■■■■■■■■■■■■■■■■■■■■■■■■■                                                |  40% of 102.3 MiB
2026-10-06T09:26:09.7084842Z |■■■■■■■■■■■■■■■■■■■■■■■■■■■■■■■■■■■■■■■■                                        |  50% of 102.3 MiB
2026-10-06T09:26:09.7276671Z |■■■■■■■■■■■■■■■■■■■■■■■■■■■■■■■■■■■■■■■■■■■■■■■■                                |  60% of 102.3 MiB
2026-10-06T09:26:09.7471698Z |■■■■■■■■■■■■■■■■■■■■■■■■■■■■■■■■■■■■■■■■■■■■■■■■■■■■■■■■                        |  70% of 102.3 MiB
2026-10-06T09:26:09.7674671Z |■■■■■■■■■■■■■■■■■■■■■■■■■■■■■■■■■■■■■■■■■■■■■■■■■■■■■■■■■■■■■■■■                |  80% of 102.3 MiB
2026-10-06T09:26:09.7863908Z |■■■■■■■■■■■■■■■■■■■■■■■■■■■■■■■■■■■■■■■■■■■■■■■■■■■■■■■■■■■■■■■■■■■■■■■■        |  90% of 102.3 MiB
2026-10-06T09:26:09.8065678Z |■■■■■■■■■■■■■■■■■■■■■■■■■■■■■■■■■■■■■■■■■■■■■■■■■■■■■■■■■■■■■■■■■■■■■■■■■■■■■■■■| 100% of 102.3 MiB
2026-10-06T09:26:11.4982443Z WebKit 26.6 (playwright webkit v2359) downloaded to /home/runner/.cache/ms-playwright/webkit-2359
2026-10-06T09:26:11.4984614Z Downloading Firefox 155.0 (playwright firefox v1543) from https://cdn.playwright.dev/dbazure/download/playwright/builds/firefox/1543/firefox-ubuntu-24.04.zip
2026-10-06T09:26:11.7969739Z |                                                                                |   0% of 109.5 MiB
2026-10-06T09:26:11.9521911Z |■■■■■■■■                                                                        |  10% of 109.5 MiB
2026-10-06T09:26:11.9892413Z |■■■■■■■■■■■■■■■■                                                                |  20% of 109.5 MiB
2026-10-06T09:26:12.0184286Z |■■■■■■■■■■■■■■■■■■■■■■■■                                                        |  30% of 109.5 MiB
2026-10-06T09:26:12.0422513Z |■■■■■■■■■■■■■■■■■■■■■■■■■■■■■■■■                                                |  40% of 109.5 MiB
2026-10-06T09:26:12.0714777Z |■■■■■■■■■■■■■■■■■■■■■■■■■■■■■■■■■■■■■■■■                                        |  50% of 109.5 MiB
2026-10-06T09:26:12.0929955Z |■■■■■■■■■■■■■■■■■■■■■■■■■■■■■■■■■■■■■■■■■■■■■■■■                                |  60% of 109.5 MiB
2026-10-06T09:26:12.1183106Z |■■■■■■■■■■■■■■■■■■■■■■■■■■■■■■■■■■■■■■■■■■■■■■■■■■■■■■■■                        |  70% of 109.5 MiB
2026-10-06T09:26:12.1439258Z |■■■■■■■■■■■■■■■■■■■■■■■■■■■■■■■■■■■■■■■■■■■■■■■■■■■■■■■■■■■■■■■■                |  80% of 109.5 MiB
2026-10-06T09:26:12.1719662Z |■■■■■■■■■■■■■■■■■■■■■■■■■■■■■■■■■■■■■■■■■■■■■■■■■■■■■■■■■■■■■■■■■■■■■■■■        |  90% of 109.5 MiB
2026-10-06T09:26:12.2008020Z |■■■■■■■■■■■■■■■■■■■■■■■■■■■■■■■■■■■■■■■■■■■■■■■■■■■■■■■■■■■■■■■■■■■■■■■■■■■■■■■■| 100% of 109.5 MiB
2026-10-06T09:26:14.0841491Z Firefox 155.0 (playwright firefox v1543) downloaded to /home/runner/.cache/ms-playwright/firefox-1543
2026-10-06T09:26:14.2622372Z ##[group]Run mkdir -p "$COMPATIBILITY_OUTPUT"
2026-10-06T09:26:14.2622758Z [36;1mmkdir -p "$COMPATIBILITY_OUTPUT"[0m
2026-10-06T09:26:14.2623252Z [36;1m"$SWIFT_BIN" --version > "$COMPATIBILITY_OUTPUT/swift-version.txt"[0m
2026-10-06T09:26:14.2623659Z [36;1m"$SWIFT_BIN" sdk list > "$COMPATIBILITY_OUTPUT/swift-sdks.txt"[0m
2026-10-06T09:26:14.2624066Z [36;1mbun run build:wasm 2>&1 | tee "$COMPATIBILITY_OUTPUT/wasm-build.txt"[0m
2026-10-06T09:26:14.2658328Z shell: /usr/bin/bash --noprofile --norc -e -o pipefail {0}
2026-10-06T09:26:14.2658689Z env:
2026-10-06T09:26:14.2659085Z   SWIFT_BIN: /home/runner/work/_temp/editor-toolchains/swift-6.4.0-RELEASE-ubuntu24.04/usr/bin/swift
2026-10-06T09:26:14.2659540Z   COMPATIBILITY_OUTPUT: /home/runner/work/_temp/wasm-reports
2026-10-06T09:26:14.2659871Z ##[endgroup]
2026-10-06T09:26:14.4065160Z $ sh scripts/build-wasm.sh
2026-10-06T09:26:16.6468559Z Building for production...
2026-10-06T09:26:16.6469136Z [Planning deferred tasks]
2026-10-06T09:27:57.9897109Z [28 / 42] BlockEditorCore
2026-10-06T09:27:57.9900695Z /home/runner/work/block-editor/block-editor/Sources/BlockEditorCore/Bridge.swift:264:41: [1;33mwarning: [1;39mno calls to throwing functions occur within 'try' expression[0;0m [#]8;;https://docs.swift.org/compiler/documentation/diagnostics/unnecessary-effect-marker\UnnecessaryEffectMarker]8;;\]
2026-10-06T09:27:57.9902145Z [0;36m262 |[0;0m             let position = try session.mergeParagraphs(left: decode(input["left"], as: NodeID.self), right: decode(input["right"], as: NodeID.self))
2026-10-06T09:27:57.9902961Z [0;36m263 |[0;0m             return .object(["snapshot": try writingSnapshot(session), "position": try encode(position)])
2026-10-06T09:27:57.9903751Z [0;36m264 |[0;0m         case "markdown": return .string(try Markdown.serialize(session.document))
2026-10-06T09:27:57.9905053Z     [0;36m|[0;0m                                         `- [1;33mwarning: [1;39mno calls to throwing functions occur within 'try' expression[0;0m [#]8;;https://docs.swift.org/compiler/documentation/diagnostics/unnecessary-effect-marker\UnnecessaryEffectMarker]8;;\]
2026-10-06T09:27:57.9906286Z [0;36m265 |[0;0m         default: throw EditorError.invalidChange
2026-10-06T09:27:57.9906768Z [0;36m266 |[0;0m         }
2026-10-06T09:27:57.9906992Z 
2026-10-06T09:27:57.9907429Z [#UnnecessaryEffectMarker]: <https://docs.swift.org/compiler/documentation/diagnostics/unnecessary-effect-marker>
2026-10-06T09:27:58.2096888Z [36 / 44] BlockEditorABI
2026-10-06T09:27:58.8277640Z [46 / 46] block-editor-wasm-product
2026-10-06T09:27:58.8385662Z Build complete! (102.65 secs)
2026-10-06T09:27:59.4455351Z ##[group]Run bun run build
2026-10-06T09:27:59.4455668Z [36;1mbun run build[0m
2026-10-06T09:27:59.4489383Z shell: /usr/bin/bash --noprofile --norc -e -o pipefail {0}
2026-10-06T09:27:59.4489767Z env:
2026-10-06T09:27:59.4490131Z   SWIFT_BIN: /home/runner/work/_temp/editor-toolchains/swift-6.4.0-RELEASE-ubuntu24.04/usr/bin/swift
2026-10-06T09:27:59.4490744Z ##[endgroup]
2026-10-06T09:27:59.4551561Z $ tsc -p tsconfig.build.json && bun scripts/record-modern-build.mjs javascript
2026-10-06T09:28:02.5299954Z ##[group]Run node scripts/modern-package-provenance.mjs
2026-10-06T09:28:02.5300752Z [36;1mnode scripts/modern-package-provenance.mjs[0m
2026-10-06T09:28:02.5335491Z shell: /usr/bin/bash --noprofile --norc -e -o pipefail {0}
2026-10-06T09:28:02.5335913Z env:
2026-10-06T09:28:02.5336293Z   SWIFT_BIN: /home/runner/work/_temp/editor-toolchains/swift-6.4.0-RELEASE-ubuntu24.04/usr/bin/swift
2026-10-06T09:28:02.5336713Z ##[endgroup]
2026-10-06T09:28:02.6955091Z ##[group]Run bun run check:package
2026-10-06T09:28:02.6955431Z [36;1mbun run check:package[0m
2026-10-06T09:28:02.6989291Z shell: /usr/bin/bash --noprofile --norc -e -o pipefail {0}
2026-10-06T09:28:02.6989629Z env:
2026-10-06T09:28:02.6990003Z   SWIFT_BIN: /home/runner/work/_temp/editor-toolchains/swift-6.4.0-RELEASE-ubuntu24.04/usr/bin/swift
2026-10-06T09:28:02.6990621Z ##[endgroup]
2026-10-06T09:28:02.7051378Z $ bun run build && bun scripts/check-package.mjs
2026-10-06T09:28:02.7072212Z $ tsc -p tsconfig.build.json && bun scripts/record-modern-build.mjs javascript
2026-10-06T09:28:11.7372447Z {"name":"@seventwo-studio/block-editor","version":"0.2.0","packedBytes":22870554,"unpackedBytes":67062937,"integrity":"sha512-MF65PlRvrAWJSokDyCJvgne3WOpPEcrf+5XBsQu/c6RHGEhe2RSWoF8CwVUDpuMqEXuL4TeNCCJffpPhreVbgA=="}
2026-10-06T09:28:11.7574100Z ##[group]Run "$SWIFT_BIN" build --product editor-bridge
2026-10-06T09:28:11.7574521Z [36;1m"$SWIFT_BIN" build --product editor-bridge[0m
2026-10-06T09:28:11.7574878Z [36;1m"$SWIFT_BIN" build --product relay-client[0m
2026-10-06T09:28:11.7609266Z shell: /usr/bin/bash --noprofile --norc -e -o pipefail {0}
2026-10-06T09:28:11.7609692Z env:
2026-10-06T09:28:11.7610135Z   SWIFT_BIN: /home/runner/work/_temp/editor-toolchains/swift-6.4.0-RELEASE-ubuntu24.04/usr/bin/swift
2026-10-06T09:28:11.7610782Z ##[endgroup]
2026-10-06T09:28:12.8598704Z Building for debugging...
2026-10-06T09:28:12.8599094Z [Planning deferred tasks]
2026-10-06T09:28:18.2933762Z /home/runner/work/block-editor/block-editor/Sources/BlockEditorCore/ModernBridgeEndpoint.swift:327:26: [1;33mwarning: [1;39mno calls to throwing functions occur within 'try' expression[0;0m [#]8;;https://docs.swift.org/compiler/documentation/diagnostics/unnecessary-effect-marker\UnnecessaryEffectMarker]8;;\]
2026-10-06T09:28:18.2936419Z [0;36m325 |[0;0m                     selection: JSONValue? = nil, focusIntent: ModernFocusIntent? = nil,
2026-10-06T09:28:18.2937445Z [0;36m326 |[0;0m                     selectionIntent: ModernSelectionIntent? = nil, reason: String? = nil) throws -> JSONValue {
2026-10-06T09:28:18.2938448Z [0;36m327 |[0;0m             var fields = try snapshot(session).object!
2026-10-06T09:28:18.2939793Z     [0;36m|[0;0m                          `- [1;33mwarning: [1;39mno calls to throwing functions occur within 'try' expression[0;0m [#]8;;https://docs.swift.org/compiler/documentation/diagnostics/unnecessary-effect-marker\UnnecessaryEffectMarker]8;;\]
2026-10-06T09:28:18.2941503Z [0;36m328 |[0;0m             fields["status"] = .string(status); fields["transaction"] = try transaction.map(encode) ?? .null
2026-10-06T09:28:18.2942458Z [0;36m329 |[0;0m             fields["focus"] = try position.map(encode) ?? .null
2026-10-06T09:28:18.2942843Z 
2026-10-06T09:28:18.2944214Z /home/runner/work/block-editor/block-editor/Sources/BlockEditorCore/ModernBridgeEndpoint.swift:349:32: [1;33mwarning: [1;39mno calls to throwing functions occur within 'try' expression[0;0m [#]8;;https://docs.swift.org/compiler/documentation/diagnostics/unnecessary-effect-marker\UnnecessaryEffectMarker]8;;\]
2026-10-06T09:28:18.2946104Z [0;36m347 |[0;0m             let focusInserted = try arguments["focusInserted"].map { try decode($0, as: Bool.self) } ?? false
2026-10-06T09:28:18.2947026Z [0;36m348 |[0;0m             func retained(_ status: String, _ reason: String) throws -> JSONValue {
2026-10-06T09:28:18.2947890Z [0;36m349 |[0;0m                 var response = try result(status, reason: reason).object!
2026-10-06T09:28:18.2949292Z     [0;36m|[0;0m                                `- [1;33mwarning: [1;39mno calls to throwing functions occur within 'try' expression[0;0m [#]8;;https://docs.swift.org/compiler/documentation/diagnostics/unnecessary-effect-marker\UnnecessaryEffectMarker]8;;\]
2026-10-06T09:28:18.2950853Z [0;36m350 |[0;0m                 response["retainedClipboard"] = try encode(clipboard); return .object(response)
2026-10-06T09:28:18.2951432Z [0;36m351 |[0;0m             }
2026-10-06T09:28:18.2951686Z 
2026-10-06T09:28:18.2952138Z [#UnnecessaryEffectMarker]: <https://docs.swift.org/compiler/documentation/diagnostics/unnecessary-effect-marker>
2026-10-06T09:28:18.2961588Z [27 / 38] BlockEditorCore
2026-10-06T09:28:23.6311088Z [35 / 41] editor-bridge-product
2026-10-06T09:28:25.1389313Z /home/runner/work/block-editor/block-editor/Sources/BlockEditorCore/Bridge.swift:264:41: [1;33mwarning: [1;39mno calls to throwing functions occur within 'try' expression[0;0m [#]8;;https://docs.swift.org/compiler/documentation/diagnostics/unnecessary-effect-marker\UnnecessaryEffectMarker]8;;\]
2026-10-06T09:28:25.1391154Z [0;36m262 |[0;0m             let position = try session.mergeParagraphs(left: decode(input["left"], as: NodeID.self), right: decode(input["right"], as: NodeID.self))
2026-10-06T09:28:25.1392032Z [0;36m263 |[0;0m             return .object(["snapshot": try writingSnapshot(session), "position": try encode(position)])
2026-10-06T09:28:25.1392646Z [0;36m264 |[0;0m         case "markdown": return .string(try Markdown.serialize(session.document))
2026-10-06T09:28:25.1393574Z     [0;36m|[0;0m                                         `- [1;33mwarning: [1;39mno calls to throwing functions occur within 'try' expression[0;0m [#]8;;https://docs.swift.org/compiler/documentation/diagnostics/unnecessary-effect-marker\UnnecessaryEffectMarker]8;;\]
2026-10-06T09:28:25.1394419Z [0;36m265 |[0;0m         default: throw EditorError.invalidChange
2026-10-06T09:28:25.1394757Z [0;36m266 |[0;0m         }
2026-10-06T09:28:25.1394923Z 
2026-10-06T09:28:25.1395189Z [#UnnecessaryEffectMarker]: <https://docs.swift.org/compiler/documentation/diagnostics/unnecessary-effect-marker>
2026-10-06T09:28:25.1395735Z [39 / 42] BlockEditorCore
2026-10-06T09:28:25.2663439Z [42 / 43] BlockEditorCore
2026-10-06T09:28:25.4783814Z [43 / 43] editor-bridge-product
2026-10-06T09:28:25.4906822Z Build complete! (13.07 secs)
2026-10-06T09:28:26.4171395Z Building for debugging...
2026-10-06T09:28:26.4172420Z [Planning deferred tasks]
2026-10-06T09:28:26.7292099Z [15 / 26] BlockEditorLocalDemo
2026-10-06T09:28:26.9133820Z [24 / 29] relay-client-product
2026-10-06T09:28:27.1347084Z [31 / 31] relay-client-product
2026-10-06T09:28:27.1492940Z Build complete! (1.19 secs)
2026-10-06T09:28:27.1628427Z ##[group]Run python3 scripts/runtime-provenance.py record wasm "$RUNNER_TEMP/editor-toolchains/installed-inputs.json" "$RUNNER_TEMP/wasm-reports" \
2026-10-06T09:28:27.1629311Z [36;1mpython3 scripts/runtime-provenance.py record wasm "$RUNNER_TEMP/editor-toolchains/installed-inputs.json" "$RUNNER_TEMP/wasm-reports" \[0m
2026-10-06T09:28:27.1630034Z [36;1m  wasm=dist/block-editor.wasm debug-bridge=.build/debug/editor-bridge relay-client=.build/debug/relay-client[0m
2026-10-06T09:28:27.1664882Z shell: /usr/bin/bash --noprofile --norc -e -o pipefail {0}
2026-10-06T09:28:27.1665323Z env:
2026-10-06T09:28:27.1665702Z   SWIFT_BIN: /home/runner/work/_temp/editor-toolchains/swift-6.4.0-RELEASE-ubuntu24.04/usr/bin/swift
2026-10-06T09:28:27.1666122Z ##[endgroup]
2026-10-06T09:28:27.2873934Z ##[group]Run bunx playwright test --config playwright.swift.config.ts --reporter=line,json > "$COMPATIBILITY_OUTPUT/playwright.txt" 2>&1
2026-10-06T09:28:27.2875007Z [36;1mbunx playwright test --config playwright.swift.config.ts --reporter=line,json > "$COMPATIBILITY_OUTPUT/playwright.txt" 2>&1[0m
2026-10-06T09:28:27.2913504Z shell: /usr/bin/bash --noprofile --norc -e -o pipefail {0}
2026-10-06T09:28:27.2913962Z env:
2026-10-06T09:28:27.2914352Z   SWIFT_BIN: /home/runner/work/_temp/editor-toolchains/swift-6.4.0-RELEASE-ubuntu24.04/usr/bin/swift
2026-10-06T09:28:27.2914860Z   COMPATIBILITY_OUTPUT: /home/runner/work/_temp/wasm-reports
2026-10-06T09:28:27.2915203Z ##[endgroup]
2026-10-06T09:36:15.1392276Z ##[error]Process completed with exit code 1.
2026-10-06T09:36:15.1516952Z ##[group]Run actions/upload-artifact@ea165f8d65b6e75b540449e92b4886f43607fa02
2026-10-06T09:36:15.1517340Z with:
2026-10-06T09:36:15.1517623Z   name: runtime-wasm
2026-10-06T09:36:15.1518290Z   path: /home/runner/work/_temp/wasm-reports
/home/runner/work/_temp/editor-toolchains/installed-inputs.json
test-results
dist/block-editor.wasm
dist/modern-build-*.json
dist/modern-provenance.json

2026-10-06T09:36:15.1519022Z   if-no-files-found: error
2026-10-06T09:36:15.1519282Z   retention-days: 7
2026-10-06T09:36:15.1519536Z   compression-level: 6
2026-10-06T09:36:15.1519821Z   overwrite: false
2026-10-06T09:36:15.1520054Z   include-hidden-files: false
2026-10-06T09:36:15.1520557Z env:
2026-10-06T09:36:15.1520951Z   SWIFT_BIN: /home/runner/work/_temp/editor-toolchains/swift-6.4.0-RELEASE-ubuntu24.04/usr/bin/swift
2026-10-06T09:36:15.1521610Z ##[endgroup]
2026-10-06T09:36:15.2976838Z (node:12773) [DEP0040] DeprecationWarning: The `punycode` module is deprecated. Please use a userland alternative instead.
2026-10-06T09:36:15.2977827Z (Use `node --trace-deprecation ...` to show where the warning was created)
2026-10-06T09:36:15.3102178Z Multiple search paths detected. Calculating the least common ancestor of all paths
2026-10-06T09:36:15.3104223Z The least common ancestor is /home/runner/work. This will be the root directory of the artifact
2026-10-06T09:36:15.3105004Z With the provided path, there will be 21 files uploaded
2026-10-06T09:36:15.3109152Z Artifact name is valid!
2026-10-06T09:36:15.3109631Z Root directory input is valid!
2026-10-06T09:36:15.5858743Z Beginning upload of artifact content to blob storage
2026-10-06T09:36:17.4581451Z (node:12773) [DEP0169] DeprecationWarning: `url.parse()` behavior is not standardized and prone to errors that have security implications. Use the WHATWG URL API instead. CVEs are not issued for `url.parse()` vulnerabilities.
2026-10-06T09:36:17.9561898Z Uploaded bytes 8388608
2026-10-06T09:36:18.8166834Z Uploaded bytes 16777216
2026-10-06T09:36:19.2464045Z Uploaded bytes 25165824
2026-10-06T09:36:19.9411748Z Uploaded bytes 33554432
2026-10-06T09:36:19.9835818Z Uploaded bytes 33703778
2026-10-06T09:36:20.0290935Z Finished uploading artifact content to blob storage!
2026-10-06T09:36:20.0292918Z SHA256 digest of uploaded artifact zip is 53d81e7d6b8189a6f534c6859391258d4e2332c15a3692dce1a7bec792b1e9d3
2026-10-06T09:36:20.0294678Z Finalizing artifact upload
2026-10-06T09:36:20.2751932Z Artifact runtime-wasm.zip successfully finalized. Artifact ID 11402811019
2026-10-06T09:36:20.2753040Z Artifact runtime-wasm has been successfully uploaded! Final size is 33703778 bytes. Artifact ID is 11402811019
2026-10-06T09:36:20.2756684Z Artifact download URL: https://github.com/seventwo-studio/block-editor/actions/runs/37442777988/artifacts/11402811019
2026-10-06T09:36:20.3018572Z Post job cleanup.
2026-10-06T09:36:20.3801244Z [command]/usr/bin/git version
2026-10-06T09:36:20.3834535Z git version 2.55.0
2026-10-06T09:36:20.3861042Z Temporarily overriding HOME='/home/runner/work/_temp/51fd75f6-9f40-4830-ba67-529448c75289' before making global git config changes
2026-10-06T09:36:20.3862196Z Adding repository directory to the temporary git global config as a safe directory
2026-10-06T09:36:20.3865873Z [command]/usr/bin/git config --global --add safe.directory /home/runner/work/block-editor/block-editor
2026-10-06T09:36:20.3898470Z [command]/usr/bin/git config --local --name-only --get-regexp core\.sshCommand
2026-10-06T09:36:20.3925361Z [command]/usr/bin/git submodule foreach --recursive sh -c "git config --local --name-only --get-regexp 'core\.sshCommand' && git config --local --unset-all 'core.sshCommand' || :"
2026-10-06T09:36:20.4113656Z [command]/usr/bin/git config --local --name-only --get-regexp http\.https\:\/\/github\.com\/\.extraheader
2026-10-06T09:36:20.4131165Z http.https://github.com/.extraheader
2026-10-06T09:36:20.4139867Z [command]/usr/bin/git config --local --unset-all http.https://github.com/.extraheader
2026-10-06T09:36:20.4181708Z [command]/usr/bin/git submodule foreach --recursive sh -c "git config --local --name-only --get-regexp 'http\.https\:\/\/github\.com\/\.extraheader' && git config --local --unset-all 'http.https://github.com/.extraheader' || :"
2026-10-06T09:36:20.4328011Z [command]/usr/bin/git config --local --name-only --get-regexp ^includeIf\.gitdir:
2026-10-06T09:36:20.4351801Z [command]/usr/bin/git submodule foreach --recursive git config --local --show-origin --name-only --get-regexp remote.origin.url
2026-10-06T09:36:20.4646743Z Cleaning up orphan processes
2026-10-06T09:36:20.5120040Z ##[warning]Node.js 20 is deprecated. The following actions target Node.js 20 but are being forced to run on Node.js 24: actions/checkout@11d5960a326750d5838078e36cf38b85af677262, actions/upload-artifact@ea165f8d65b6e75b540449e92b4886f43607fa02. For more information see: https://github.blog/changelog/2025-09-19-deprecation-of-node-20-on-github-actions-runners/
