2026-10-06T08:31:47.0250240Z Current runner version: '2.337.0'
2026-10-06T08:31:47.0270540Z ##[group]Runner Image Provisioner
2026-10-06T08:31:47.0271180Z Hosted Compute Agent
2026-10-06T08:31:47.0271580Z Version: 20260828.587
2026-10-06T08:31:47.0272010Z Commit: abac92662cab4cc7352de4f9f9d2e2419aad9c29
2026-10-06T08:31:47.0272520Z Build Date: 2026-08-28T16:44:25Z
2026-10-06T08:31:47.0273060Z Worker ID: {745ee141-89ec-4b7c-92b2-cf15e781637c}
2026-10-06T08:31:47.0273570Z Azure Region: westus
2026-10-06T08:31:47.0273950Z ##[endgroup]
2026-10-06T08:31:47.0275100Z ##[group]Operating System
2026-10-06T08:31:47.0275600Z macOS
2026-10-06T08:31:47.0276000Z 26.6.2
2026-10-06T08:31:47.0276420Z 25G83
2026-10-06T08:31:47.0276770Z ##[endgroup]
2026-10-06T08:31:47.0277160Z ##[group]Runner Image
2026-10-06T08:31:47.0277560Z Image: macos-26-arm64
2026-10-06T08:31:47.0277970Z Version: 20260907.0351.1
2026-10-06T08:31:47.0279100Z Included Software: https://github.com/actions/runner-images/blob/macos-26-arm64/20260907.0351/images/macos/macos-26-arm64-Readme.md
2026-10-06T08:31:47.0280620Z Image Release: https://github.com/actions/runner-images/releases/tag/macos-26-arm64%2F20260907.0351
2026-10-06T08:31:47.0281510Z ##[endgroup]
2026-10-06T08:31:47.0282570Z ##[group]GITHUB_TOKEN Permissions
2026-10-06T08:31:47.0284960Z Contents: read
2026-10-06T08:31:47.0285480Z Metadata: read
2026-10-06T08:31:47.0285900Z ##[endgroup]
2026-10-06T08:31:47.0291080Z Secret source: Actions
2026-10-06T08:31:47.0291850Z Cache mode: write
2026-10-06T08:31:47.0292450Z Prepare workflow directory
2026-10-06T08:31:47.0766190Z Prepare all required actions
2026-10-06T08:31:47.0853350Z Getting action download info
2026-10-06T08:31:47.4948050Z Download action repository 'actions/checkout@11d5960a326750d5838078e36cf38b85af677262' (SHA:11d5960a326750d5838078e36cf38b85af677262)
2026-10-06T08:31:47.8043460Z Download action repository 'oven-sh/setup-bun@0c5077e51419868618aeaa5fe8019c62421857d6' (SHA:0c5077e51419868618aeaa5fe8019c62421857d6)
2026-10-06T08:31:48.5124990Z Download action repository 'actions/upload-artifact@ea165f8d65b6e75b540449e92b4886f43607fa02' (SHA:ea165f8d65b6e75b540449e92b4886f43607fa02)
2026-10-06T08:31:48.9179410Z Complete job name: swift-runtime
2026-10-06T08:31:48.9815680Z ##[group]Run actions/checkout@11d5960a326750d5838078e36cf38b85af677262
2026-10-06T08:31:48.9817980Z with:
2026-10-06T08:31:48.9818490Z   repository: seventwo-studio/block-editor
2026-10-06T08:31:48.9821750Z   token: ***
2026-10-06T08:31:48.9822160Z   ssh-strict: true
2026-10-06T08:31:48.9822540Z   ssh-user: git
2026-10-06T08:31:48.9822880Z   persist-credentials: true
2026-10-06T08:31:48.9823260Z   clean: true
2026-10-06T08:31:48.9823610Z   sparse-checkout-cone-mode: true
2026-10-06T08:31:48.9823990Z   fetch-depth: 1
2026-10-06T08:31:48.9824320Z   fetch-tags: false
2026-10-06T08:31:48.9824650Z   show-progress: true
2026-10-06T08:31:48.9825070Z   lfs: false
2026-10-06T08:31:48.9825440Z   submodules: false
2026-10-06T08:31:48.9825800Z   set-safe-directory: true
2026-10-06T08:31:48.9826250Z   allow-unsafe-pr-checkout: false
2026-10-06T08:31:48.9827340Z env:
2026-10-06T08:31:48.9827760Z   DEVELOPER_DIR: /Applications/Xcode_26.6.app/Contents/Developer
2026-10-06T08:31:48.9828410Z ##[endgroup]
2026-10-06T08:31:49.3457680Z Syncing repository: seventwo-studio/block-editor
2026-10-06T08:31:49.3459080Z ##[group]Getting Git version info
2026-10-06T08:31:49.3459660Z Working directory is '/Users/runner/work/block-editor/block-editor'
2026-10-06T08:31:49.3460460Z [command]/opt/homebrew/bin/git version
2026-10-06T08:31:49.4202540Z git version 2.55.0
2026-10-06T08:31:49.4232260Z ##[endgroup]
2026-10-06T08:31:49.4244670Z Copying '/Users/runner/.gitconfig' to '/Users/runner/work/_temp/ea52d1a2-0500-4f8d-9344-276bcb98cd1a/.gitconfig'
2026-10-06T08:31:49.4256460Z Temporarily overriding HOME='/Users/runner/work/_temp/ea52d1a2-0500-4f8d-9344-276bcb98cd1a' before making global git config changes
2026-10-06T08:31:49.4259840Z Adding repository directory to the temporary git global config as a safe directory
2026-10-06T08:31:49.4264000Z [command]/opt/homebrew/bin/git config --global --add safe.directory /Users/runner/work/block-editor/block-editor
2026-10-06T08:31:49.4397230Z Deleting the contents of '/Users/runner/work/block-editor/block-editor'
2026-10-06T08:31:49.4400210Z ##[group]Initializing the repository
2026-10-06T08:31:49.4405580Z [command]/opt/homebrew/bin/git init /Users/runner/work/block-editor/block-editor
2026-10-06T08:31:49.4717530Z hint: Using 'master' as the name for the initial branch. This default branch name
2026-10-06T08:31:49.4720310Z hint: will change to "main" in Git 3.0. To configure the initial branch name
2026-10-06T08:31:49.4722680Z hint: to use in all of your new repositories, which will suppress this warning,
2026-10-06T08:31:49.4724640Z hint: call:
2026-10-06T08:31:49.4725710Z hint:
2026-10-06T08:31:49.4726840Z hint: 	git config --global init.defaultBranch <name>
2026-10-06T08:31:49.4728390Z hint:
2026-10-06T08:31:49.4729870Z hint: Names commonly chosen instead of 'master' are 'main', 'trunk' and
2026-10-06T08:31:49.4730750Z hint: 'development'. The just-created branch can be renamed via this command:
2026-10-06T08:31:49.4731430Z hint:
2026-10-06T08:31:49.4731810Z hint: 	git branch -m <name>
2026-10-06T08:31:49.4732180Z hint:
2026-10-06T08:31:49.4732680Z hint: Disable this message with "git config set advice.defaultBranchName false"
2026-10-06T08:31:49.4733760Z Initialized empty Git repository in /Users/runner/work/block-editor/block-editor/.git/
2026-10-06T08:31:49.4735600Z [command]/opt/homebrew/bin/git remote add origin https://github.com/seventwo-studio/block-editor
2026-10-06T08:31:49.4895650Z ##[endgroup]
2026-10-06T08:31:49.4896480Z ##[group]Disabling automatic garbage collection
2026-10-06T08:31:49.4897200Z [command]/opt/homebrew/bin/git config --local gc.auto 0
2026-10-06T08:31:49.4924440Z ##[endgroup]
2026-10-06T08:31:49.4925280Z ##[group]Setting up auth
2026-10-06T08:31:49.4927750Z [command]/opt/homebrew/bin/git config --local --name-only --get-regexp core\.sshCommand
2026-10-06T08:31:49.5000680Z [command]/opt/homebrew/bin/git submodule foreach --recursive sh -c "git config --local --name-only --get-regexp 'core\.sshCommand' && git config --local --unset-all 'core.sshCommand' || :"
2026-10-06T08:31:49.6271740Z [command]/opt/homebrew/bin/git config --local --name-only --get-regexp http\.https\:\/\/github\.com\/\.extraheader
2026-10-06T08:31:49.6339350Z [command]/opt/homebrew/bin/git submodule foreach --recursive sh -c "git config --local --name-only --get-regexp 'http\.https\:\/\/github\.com\/\.extraheader' && git config --local --unset-all 'http.https://github.com/.extraheader' || :"
2026-10-06T08:31:49.7283990Z [command]/opt/homebrew/bin/git config --local --name-only --get-regexp ^includeIf\.gitdir:
2026-10-06T08:31:49.7354810Z [command]/opt/homebrew/bin/git submodule foreach --recursive git config --local --show-origin --name-only --get-regexp remote.origin.url
2026-10-06T08:31:49.9524930Z [command]/opt/homebrew/bin/git config --local http.https://github.com/.extraheader AUTHORIZATION: basic ***
2026-10-06T08:31:49.9648730Z ##[endgroup]
2026-10-06T08:31:49.9650950Z ##[group]Fetching the repository
2026-10-06T08:31:49.9655250Z [command]/opt/homebrew/bin/git -c protocol.version=2 fetch --no-tags --prune --no-recurse-submodules --depth=1 origin +1d3f40c34ae8f6c725e16689cfc42b706ed9f809:refs/remotes/pull/70/merge
2026-10-06T08:32:07.8355430Z From https://github.com/seventwo-studio/block-editor
2026-10-06T08:32:07.8356860Z  * [new ref]         1d3f40c34ae8f6c725e16689cfc42b706ed9f809 -> pull/70/merge
2026-10-06T08:32:07.8371790Z ##[endgroup]
2026-10-06T08:32:07.8372900Z ##[group]Determining the checkout info
2026-10-06T08:32:07.8380190Z ##[endgroup]
2026-10-06T08:32:07.8393370Z [command]/opt/homebrew/bin/git sparse-checkout disable
2026-10-06T08:32:07.8512560Z [command]/opt/homebrew/bin/git config --local --unset-all extensions.worktreeConfig
2026-10-06T08:32:07.8595790Z ##[group]Checking out the ref
2026-10-06T08:32:07.8605180Z [command]/opt/homebrew/bin/git checkout --progress --force refs/remotes/pull/70/merge
2026-10-06T08:32:09.0912830Z Updating files:  57% (623/1087)
2026-10-06T08:32:09.1423180Z Updating files:  58% (631/1087)
2026-10-06T08:32:09.1523990Z Updating files:  59% (642/1087)
2026-10-06T08:32:09.1605610Z Updating files:  60% (653/1087)
2026-10-06T08:32:09.1647470Z Updating files:  61% (664/1087)
2026-10-06T08:32:09.1713910Z Updating files:  62% (674/1087)
2026-10-06T08:32:09.1720750Z Updating files:  63% (685/1087)
2026-10-06T08:32:09.1740920Z Updating files:  64% (696/1087)
2026-10-06T08:32:09.1778480Z Updating files:  65% (707/1087)
2026-10-06T08:32:09.1786180Z Updating files:  66% (718/1087)
2026-10-06T08:32:09.1806910Z Updating files:  67% (729/1087)
2026-10-06T08:32:09.1820060Z Updating files:  68% (740/1087)
2026-10-06T08:32:09.1843230Z Updating files:  69% (751/1087)
2026-10-06T08:32:09.1869310Z Updating files:  70% (761/1087)
2026-10-06T08:32:09.1899230Z Updating files:  71% (772/1087)
2026-10-06T08:32:09.2009750Z Updating files:  72% (783/1087)
2026-10-06T08:32:09.2058090Z Updating files:  73% (794/1087)
2026-10-06T08:32:09.2118280Z Updating files:  74% (805/1087)
2026-10-06T08:32:09.2180090Z Updating files:  75% (816/1087)
2026-10-06T08:32:09.2180840Z Updating files:  76% (827/1087)
2026-10-06T08:32:09.2192220Z Updating files:  77% (837/1087)
2026-10-06T08:32:09.2209800Z Updating files:  78% (848/1087)
2026-10-06T08:32:09.2227590Z Updating files:  79% (859/1087)
2026-10-06T08:32:09.2262120Z Updating files:  80% (870/1087)
2026-10-06T08:32:09.2306670Z Updating files:  81% (881/1087)
2026-10-06T08:32:09.2317180Z Updating files:  82% (892/1087)
2026-10-06T08:32:09.2373510Z Updating files:  83% (903/1087)
2026-10-06T08:32:09.2376570Z Updating files:  84% (914/1087)
2026-10-06T08:32:09.2405890Z Updating files:  85% (924/1087)
2026-10-06T08:32:09.2429080Z Updating files:  86% (935/1087)
2026-10-06T08:32:09.2457560Z Updating files:  87% (946/1087)
2026-10-06T08:32:09.2495120Z Updating files:  88% (957/1087)
2026-10-06T08:32:09.2605350Z Updating files:  89% (968/1087)
2026-10-06T08:32:09.2693740Z Updating files:  90% (979/1087)
2026-10-06T08:32:09.2710290Z Updating files:  91% (990/1087)
2026-10-06T08:32:09.2730590Z Updating files:  92% (1001/1087)
2026-10-06T08:32:09.2756790Z Updating files:  93% (1011/1087)
2026-10-06T08:32:09.2790120Z Updating files:  94% (1022/1087)
2026-10-06T08:32:09.2823100Z Updating files:  95% (1033/1087)
2026-10-06T08:32:09.2844640Z Updating files:  96% (1044/1087)
2026-10-06T08:32:09.2858200Z Updating files:  97% (1055/1087)
2026-10-06T08:32:09.2877330Z Updating files:  98% (1066/1087)
2026-10-06T08:32:09.2891700Z Updating files:  99% (1077/1087)
2026-10-06T08:32:09.2893560Z Updating files: 100% (1087/1087)
2026-10-06T08:32:09.2894980Z Updating files: 100% (1087/1087), done.
2026-10-06T08:32:09.2961330Z HEAD is now at 1d3f40c Merge 0ca14f7cfa58a3677035afb62f4e48ebbaf75922 into 01a0e35cceace2e6cd0ae2366621caf305bfd169
2026-10-06T08:32:09.3056520Z ##[endgroup]
2026-10-06T08:32:09.3278890Z [command]/opt/homebrew/bin/git log -1 --format=%H
2026-10-06T08:32:09.3436040Z 1d3f40c34ae8f6c725e16689cfc42b706ed9f809
2026-10-06T08:32:09.5078580Z ##[group]Run oven-sh/setup-bun@0c5077e51419868618aeaa5fe8019c62421857d6
2026-10-06T08:32:09.5079010Z with:
2026-10-06T08:32:09.5079410Z   bun-version: 1.4.2
2026-10-06T08:32:09.5079770Z   no-cache: false
2026-10-06T08:32:09.5082790Z   token: ***
2026-10-06T08:32:09.5083950Z env:
2026-10-06T08:32:09.5084710Z   DEVELOPER_DIR: /Applications/Xcode_26.6.app/Contents/Developer
2026-10-06T08:32:09.5085650Z ##[endgroup]
2026-10-06T08:32:10.0148660Z Cache hit for: bun-q9QmESoiI7cwLvhPM7UOBEdVaSY=
2026-10-06T08:32:10.3658730Z Received 23912750 of 23912750 (100.0%), 79.2 MBs/sec
2026-10-06T08:32:10.3682970Z Cache Size: ~23 MB (23912750 B)
2026-10-06T08:32:10.3733480Z [command]/opt/homebrew/bin/gtar -xf /Users/runner/work/_temp/1102b1fe-6870-410b-9d13-ba23367f275f/cache.tzst -P -C /Users/runner/work/block-editor/block-editor --delay-directory-restore --use-compress-program unzstd
2026-10-06T08:32:10.5272520Z Cache restored successfully
2026-10-06T08:32:10.5301710Z [command]/Users/runner/.bun/bin/bun --revision
2026-10-06T08:32:10.5563380Z 1.4.2+744846f84
2026-10-06T08:32:10.5566770Z Using a cached version of Bun: 1.4.2+744846f84
2026-10-06T08:32:10.5814420Z ##[group]Run python3 scripts/install-ci-toolchains.py apple "$RUNNER_TEMP/editor-toolchains"
2026-10-06T08:32:10.5815220Z [36;1mpython3 scripts/install-ci-toolchains.py apple "$RUNNER_TEMP/editor-toolchains"[0m
2026-10-06T08:32:10.5885880Z shell: /bin/bash --noprofile --norc -e -o pipefail {0}
2026-10-06T08:32:10.5886270Z env:
2026-10-06T08:32:10.5886550Z   DEVELOPER_DIR: /Applications/Xcode_26.6.app/Contents/Developer
2026-10-06T08:32:10.5886880Z ##[endgroup]
2026-10-06T08:32:11.0295050Z Download swift-macos: 6.4.0-RELEASE macOS
2026-10-06T08:33:15.4857110Z Apple Swift version 6.4 (swift-6.4-RELEASE)
2026-10-06T08:33:15.4857950Z Target: arm64-apple-macosx26.0
2026-10-06T08:33:15.5012500Z {
2026-10-06T08:33:15.5079390Z   "SWIFT_BIN": "/Users/runner/work/_temp/editor-toolchains/swift/swift-6.4.0-RELEASE-osx-package.pkg/Payload/usr/bin/swift"
2026-10-06T08:33:15.5082120Z }
2026-10-06T08:33:15.5487750Z ##[group]Run bun install --frozen-lockfile
2026-10-06T08:33:15.5488350Z [36;1mbun install --frozen-lockfile[0m
2026-10-06T08:33:15.5701770Z shell: /bin/bash --noprofile --norc -e -o pipefail {0}
2026-10-06T08:33:15.5702150Z env:
2026-10-06T08:33:15.5702780Z   DEVELOPER_DIR: /Applications/Xcode_26.6.app/Contents/Developer
2026-10-06T08:33:15.5703650Z   SWIFT_BIN: /Users/runner/work/_temp/editor-toolchains/swift/swift-6.4.0-RELEASE-osx-package.pkg/Payload/usr/bin/swift
2026-10-06T08:33:15.5704160Z ##[endgroup]
2026-10-06T08:33:15.7579420Z bun install v1.4.2 (744846f84)
2026-10-06T08:33:16.4269940Z 
2026-10-06T08:33:16.4271170Z + @biomejs/biome@2.4.14
2026-10-06T08:33:16.4272360Z + @playwright/test@1.63.0
2026-10-06T08:33:16.4273160Z + @types/bun@1.4.2
2026-10-06T08:33:16.4274100Z + @types/react@19.2.14
2026-10-06T08:33:16.4274910Z + @types/react-dom@19.2.3
2026-10-06T08:33:16.4275630Z + @vitejs/plugin-react@6.1.1
2026-10-06T08:33:16.4276890Z + react@19.2.6
2026-10-06T08:33:16.4277840Z + react-dom@19.2.6
2026-10-06T08:33:16.4278410Z + typescript@6.0.3
2026-10-06T08:33:16.4279030Z + vite@8.3.1
2026-10-06T08:33:16.4279560Z + @bjorn3/browser_wasi_shim@0.4.2
2026-10-06T08:33:16.4280270Z + zod@4.4.3
2026-10-06T08:33:16.4280590Z 
2026-10-06T08:33:16.4280900Z 35 packages installed [711.00ms]
2026-10-06T08:33:16.4431670Z ##[group]Run python3 scripts/generate-collection-history.py --check
2026-10-06T08:33:16.4433120Z [36;1mpython3 scripts/generate-collection-history.py --check[0m
2026-10-06T08:33:16.4434340Z [36;1mpython3 scripts/generate-recovery-history.py --check[0m
2026-10-06T08:33:16.4435280Z [36;1mmkdir -p test-results/compatibility[0m
2026-10-06T08:33:16.4436290Z [36;1m"$SWIFT_BIN" --version > test-results/compatibility/swift-version.txt[0m
2026-10-06T08:33:16.4437690Z [36;1mxcodebuild -version > test-results/compatibility/xcode-version.txt[0m
2026-10-06T08:33:16.4439100Z [36;1mxcrun --sdk macosx --show-sdk-version > test-results/compatibility/apple-sdk-version.txt[0m
2026-10-06T08:33:16.4440600Z [36;1m"$SWIFT_BIN" test 2>&1 | tee test-results/compatibility/swift-tests.txt[0m
2026-10-06T08:33:16.4441930Z [36;1m"$SWIFT_BIN" build --product editor-bridge[0m
2026-10-06T08:33:16.4442800Z [36;1m"$SWIFT_BIN" build --product BlockEditorBridge[0m
2026-10-06T08:33:16.4444700Z [36;1mpython3 scripts/test-modern-abi.py --library .build/debug/libBlockEditorBridge.dylib --output test-results/compatibility/modern-abi.json[0m
2026-10-06T08:33:16.4447060Z [36;1mbun scripts/test-modern-adapter.ts .build/debug/libBlockEditorBridge.dylib test-results/compatibility/modern-adapter.json[0m
2026-10-06T08:33:16.4448920Z [36;1mbun scripts/run-native-compatibility.mjs .build/debug/editor-bridge[0m
2026-10-06T08:33:16.4450290Z [36;1mbun scripts/run-native-writing-resource.mjs .build/debug/editor-bridge[0m
2026-10-06T08:33:16.4451340Z [36;1m"$SWIFT_BIN" build --product relay-client[0m
2026-10-06T08:33:16.4452840Z [36;1mbun test tests/relay.test.ts tests/relay-recovery-limits.test.ts 2>&1 | tee test-results/compatibility/relay-tests.txt[0m
2026-10-06T08:33:16.4503670Z shell: /bin/bash --noprofile --norc -e -o pipefail {0}
2026-10-06T08:33:16.4504030Z env:
2026-10-06T08:33:16.4504430Z   DEVELOPER_DIR: /Applications/Xcode_26.6.app/Contents/Developer
2026-10-06T08:33:16.4505000Z   SWIFT_BIN: /Users/runner/work/_temp/editor-toolchains/swift/swift-6.4.0-RELEASE-osx-package.pkg/Payload/usr/bin/swift
2026-10-06T08:33:16.4505640Z ##[endgroup]
2026-10-06T08:33:52.5691110Z Building for debugging...
2026-10-06T08:33:52.5726230Z [Computing dependencies]
2026-10-06T08:33:53.0353870Z [Pre-planning 1 / 589]
2026-10-06T08:33:53.1445860Z [Planning 503 / 589]
2026-10-06T08:33:54.2957390Z [Planning deferred tasks]
2026-10-06T08:33:54.3929240Z [Starting]
2026-10-06T08:33:54.4946790Z [50 / 256] BlockEditorLocalDemoTests-product
2026-10-06T08:33:54.6512640Z [116 / 257] BlockEditor_BlockEditorCoreTests
2026-10-06T08:33:54.7687930Z [118 / 257] BlockEditor_BlockEditorCoreTests
2026-10-06T08:33:57.0520660Z [119 / 257] BlockEditorCore
2026-10-06T08:33:57.2914270Z [123 / 306]
2026-10-06T08:33:57.4792700Z [129 / 306]
2026-10-06T08:33:57.5937880Z [131 / 306]
2026-10-06T08:33:57.7545040Z [132 / 306]
2026-10-06T08:33:57.8655740Z [135 / 306]
2026-10-06T08:33:58.0552920Z [137 / 306]
2026-10-06T08:33:58.2130260Z [139 / 306]
2026-10-06T08:33:58.7378810Z [140 / 306]
2026-10-06T08:33:58.8798080Z [144 / 306]
2026-10-06T08:33:59.0430650Z [146 / 306]
2026-10-06T08:33:59.2004780Z [147 / 306]
2026-10-06T08:33:59.4609230Z [149 / 306]
2026-10-06T08:33:59.7141590Z [150 / 306]
2026-10-06T08:33:59.8056260Z [151 / 306]
2026-10-06T08:33:59.9930240Z [153 / 306]
2026-10-06T08:34:00.1095740Z [156 / 306]
2026-10-06T08:34:00.3988450Z [157 / 306]
2026-10-06T08:34:00.5634550Z [158 / 306]
2026-10-06T08:34:00.9128560Z [161 / 306]
2026-10-06T08:34:01.6660120Z [163 / 306]
2026-10-06T08:34:09.0737360Z [164 / 306]
2026-10-06T08:34:18.0066130Z /Users/runner/work/block-editor/block-editor/Sources/BlockEditorCore/ModernBridgeEndpoint.swift:327:26: [1;33mwarning: [1;39mno calls to throwing functions occur within 'try' expression[0;0m [#]8;;https://docs.swift.org/compiler/documentation/diagnostics/unnecessary-effect-marker\UnnecessaryEffectMarker]8;;\]
2026-10-06T08:34:18.0165940Z [0;36m325 |[0;0m                     selection: JSONValue? = nil, focusIntent: ModernFocusIntent? = nil,
2026-10-06T08:34:18.0259160Z [0;36m326 |[0;0m                     selectionIntent: ModernSelectionIntent? = nil, reason: String? = nil) throws -> JSONValue {
2026-10-06T08:34:18.0361760Z [0;36m327 |[0;0m             var fields = try snapshot(session).object!
2026-10-06T08:34:18.0464470Z     [0;36m|[0;0m                          `- [1;33mwarning: [1;39mno calls to throwing functions occur within 'try' expression[0;0m [#]8;;https://docs.swift.org/compiler/documentation/diagnostics/unnecessary-effect-marker\UnnecessaryEffectMarker]8;;\]
2026-10-06T08:34:18.0566740Z [0;36m328 |[0;0m             fields["status"] = .string(status); fields["transaction"] = try transaction.map(encode) ?? .null
2026-10-06T08:34:18.0671520Z [0;36m329 |[0;0m             fields["focus"] = try position.map(encode) ?? .null
2026-10-06T08:34:18.0773230Z 
2026-10-06T08:34:18.0875340Z /Users/runner/work/block-editor/block-editor/Sources/BlockEditorCore/ModernBridgeEndpoint.swift:349:32: [1;33mwarning: [1;39mno calls to throwing functions occur within 'try' expression[0;0m [#]8;;https://docs.swift.org/compiler/documentation/diagnostics/unnecessary-effect-marker\UnnecessaryEffectMarker]8;;\]
2026-10-06T08:34:18.0963140Z [0;36m347 |[0;0m             let focusInserted = try arguments["focusInserted"].map { try decode($0, as: Bool.self) } ?? false
2026-10-06T08:34:18.1065920Z [0;36m348 |[0;0m             func retained(_ status: String, _ reason: String) throws -> JSONValue {
2026-10-06T08:34:18.1168110Z [0;36m349 |[0;0m                 var response = try result(status, reason: reason).object!
2026-10-06T08:34:18.1270640Z     [0;36m|[0;0m                                `- [1;33mwarning: [1;39mno calls to throwing functions occur within 'try' expression[0;0m [#]8;;https://docs.swift.org/compiler/documentation/diagnostics/unnecessary-effect-marker\UnnecessaryEffectMarker]8;;\]
2026-10-06T08:34:18.1373870Z [0;36m350 |[0;0m                 response["retainedClipboard"] = try encode(clipboard); return .object(response)
2026-10-06T08:34:18.1488450Z [0;36m351 |[0;0m             }
2026-10-06T08:34:18.1590050Z 
2026-10-06T08:34:18.1692300Z [#UnnecessaryEffectMarker]: <https://docs.swift.org/compiler/documentation/diagnostics/unnecessary-effect-marker>
2026-10-06T08:34:18.1794620Z [168 / 306] BlockEditorCore
2026-10-06T08:34:25.4973020Z [169 / 306] BlockEditorCore
2026-10-06T08:34:25.6138110Z [176 / 306]
2026-10-06T08:34:25.6243110Z /Users/runner/work/block-editor/block-editor/Sources/BlockEditorCore/Bridge.swift:264:41: [1;33mwarning: [1;39mno calls to throwing functions occur within 'try' expression[0;0m [#]8;;https://docs.swift.org/compiler/documentation/diagnostics/unnecessary-effect-marker\UnnecessaryEffectMarker]8;;\]
2026-10-06T08:34:25.6348910Z [0;36m262 |[0;0m             let position = try session.mergeParagraphs(left: decode(input["left"], as: NodeID.self), right: decode(input["right"], as: NodeID.self))
2026-10-06T08:34:25.6449680Z [0;36m263 |[0;0m             return .object(["snapshot": try writingSnapshot(session), "position": try encode(position)])
2026-10-06T08:34:25.6591210Z [0;36m264 |[0;0m         case "markdown": return .string(try Markdown.serialize(session.document))
2026-10-06T08:34:25.6594560Z     [0;36m|[0;0m                                         `- [1;33mwarning: [1;39mno calls to throwing functions occur within 'try' expression[0;0m [#]8;;https://docs.swift.org/compiler/documentation/diagnostics/unnecessary-effect-marker\UnnecessaryEffectMarker]8;;\]
2026-10-06T08:34:25.6712010Z [0;36m265 |[0;0m         default: throw EditorError.invalidChange
2026-10-06T08:34:25.6826130Z [0;36m266 |[0;0m         }
2026-10-06T08:34:25.6927590Z 
2026-10-06T08:34:25.7028990Z [#UnnecessaryEffectMarker]: <https://docs.swift.org/compiler/documentation/diagnostics/unnecessary-effect-marker>
2026-10-06T08:34:25.7131820Z [184 / 312] collaborative-editor-product
2026-10-06T08:34:26.2273520Z [185 / 312] collaborative-editor-product
2026-10-06T08:34:26.4598440Z [187 / 316] editor-bridge-product
2026-10-06T08:34:26.5873610Z [188 / 316] local-editor-product
2026-10-06T08:34:26.7628410Z [190 / 316] editor-bridge-product
2026-10-06T08:34:26.9587450Z [192 / 318] BlockEditorApple
2026-10-06T08:34:27.1891850Z [193 / 318] collaborative-editor-product
2026-10-06T08:34:27.7801350Z [195 / 322] BlockEditorABI
2026-10-06T08:34:28.3808660Z [196 / 322] BlockEditorLocalDemo
2026-10-06T08:34:28.5958430Z [199 / 377] BlockEditorLocalDemo
2026-10-06T08:34:28.7400720Z [206 / 377]
2026-10-06T08:34:28.9317620Z [207 / 377] BlockEditorABI
2026-10-06T08:34:29.0627440Z [215 / 377]
2026-10-06T08:34:29.2063510Z [218 / 377]
2026-10-06T08:34:29.3062590Z [219 / 377]
2026-10-06T08:34:29.4315920Z [220 / 377]
2026-10-06T08:34:29.6257300Z [223 / 377]
2026-10-06T08:34:29.7867870Z [225 / 377]
2026-10-06T08:34:30.0681760Z [226 / 377]
2026-10-06T08:34:30.5928590Z [227 / 377]
2026-10-06T08:34:30.7046040Z [229 / 377]
2026-10-06T08:34:30.8988860Z [231 / 377]
2026-10-06T08:34:31.0179530Z [233 / 377]
2026-10-06T08:34:31.2534030Z [235 / 377]
2026-10-06T08:34:31.4388340Z [236 / 377]
2026-10-06T08:34:31.5698310Z [238 / 377]
2026-10-06T08:34:31.6924220Z [240 / 377]
2026-10-06T08:34:31.7960650Z [243 / 377]
2026-10-06T08:34:31.9193720Z [245 / 377]
2026-10-06T08:34:32.0185970Z [246 / 377]
2026-10-06T08:34:32.1855520Z [248 / 377]
2026-10-06T08:34:32.7645670Z [249 / 377] local-editor-product
2026-10-06T08:34:32.9803710Z [251 / 377]
2026-10-06T08:34:33.1113260Z [253 / 377]
2026-10-06T08:34:33.3820480Z [258 / 377] BlockEditorLocalDemo
2026-10-06T08:34:33.5771400Z [259 / 377] collaborative-editor-product
2026-10-06T08:34:33.7154660Z [261 / 377]
2026-10-06T08:34:33.8759900Z [262 / 377] relay-client-product
2026-10-06T08:34:34.1062340Z [263 / 377] relay-client-product
2026-10-06T08:34:34.2792930Z [266 / 377] BlockEditorCore
2026-10-06T08:34:34.3800810Z [267 / 377]
2026-10-06T08:34:35.0192330Z [277 / 378] BlockEditorBridge-product
2026-10-06T08:34:35.1702090Z [278 / 379]
2026-10-06T08:34:35.2850210Z [280 / 381] relay-client-product
2026-10-06T08:34:35.6442760Z [281 / 381] relay-client-product
2026-10-06T08:34:35.7455770Z [284 / 383] relay-client-product
2026-10-06T08:34:36.9939400Z [289 / 383] collaborative-editor-product
2026-10-06T08:34:39.0892960Z [290 / 383] BlockEditorLocalDemo
2026-10-06T08:34:39.2401580Z [296 / 383]
2026-10-06T08:34:39.4242980Z [302 / 384]
2026-10-06T08:34:39.9340250Z [305 / 384] BlockEditorLocalDemoTests-product
2026-10-06T08:34:40.3400120Z [308 / 385] BlockEditorLocalDemoTests-product
2026-10-06T08:34:40.5407770Z [309 / 390]
2026-10-06T08:34:40.9405520Z [312 / 394] BlockEditorBridge-product
2026-10-06T08:34:41.5022770Z [314 / 394] BlockEditorCoreTests-product
2026-10-06T08:34:42.9191070Z [315 / 394] BlockEditorLocalDemoTests-product
2026-10-06T08:34:43.3222010Z [317 / 394] BlockEditorLocalDemoTests-product
2026-10-06T08:34:44.6188520Z [322 / 394] BlockEditorLocalDemoTests-product
2026-10-06T08:34:45.3776320Z [323 / 394] BlockEditorLocalDemoTests-product
2026-10-06T08:34:45.6442230Z [324 / 394] BlockEditorCoreTests-product
2026-10-06T08:34:46.5235160Z [324 / 394] BlockEditorLocalDemoTests-product
2026-10-06T08:34:47.6773440Z [326 / 394] BlockEditorLocalDemoTests-product
2026-10-06T08:34:54.9088150Z [328 / 394] BlockEditorLocalDemoTests-product
2026-10-06T08:34:57.0072750Z [329 / 394] BlockEditorLocalDemoTests-product
2026-10-06T08:35:12.9659030Z [331 / 394] BlockEditorApple
2026-10-06T08:35:13.1980490Z [334 / 394] BlockEditorCoreTests-product
2026-10-06T08:35:13.2086090Z /Users/runner/work/block-editor/block-editor/tests/BlockEditorCoreTests/CompatibilityTests.swift:64:41: [1;33mwarning: [1;39m'#require(_:_:)' is redundant because 'captured[name]' never equals 'nil' (from macro 'require')[0;0m
2026-10-06T08:35:13.2184670Z  [0;36m62 |[0;0m         for (key, source) in step["bindings"]?.object ?? [:] {
2026-10-06T08:35:13.2286200Z  [0;36m63 |[0;0m             let name = try #require(source.string)
2026-10-06T08:35:13.2388930Z  [0;36m64 |[0;0m             request[key] = try #require([4;39mcaptured[name][0;0m)
2026-10-06T08:35:13.2502590Z     [0;36m|[0;0m                                         `- [1;33mwarning: [1;39m'#require(_:_:)' is redundant because 'captured[name]' never equals 'nil' (from macro 'require')[0;0m
2026-10-06T08:35:13.2592280Z  [0;36m65 |[0;0m         }
2026-10-06T08:35:13.2672390Z  [0;36m66 |[0;0m         let response = try JSONDecoder().decode(JSONValue.self, from: bridge.call(JSONEncoder().encode(JSONValue.object(request))))
2026-10-06T08:35:13.2774800Z 
2026-10-06T08:35:13.2879650Z /Users/runner/work/block-editor/block-editor/tests/BlockEditorCoreTests/CompatibilityTests.swift:96:41: [1;33mwarning: [1;39m'#require(_:_:)' is redundant because 'root.value(at: Array(path.dropFirst()))' never equals 'nil' (from macro 'require')[0;0m
2026-10-06T08:35:13.2984570Z  [0;36m94 |[0;0m             let name = try #require(path.first)
2026-10-06T08:35:13.3037150Z  [0;36m95 |[0;0m             let root = try #require(captured[name])
2026-10-06T08:35:13.3039460Z  [0;36m96 |[0;0m             request[key] = try #require([4;39mroot.value(at: Array(path.dropFirst()))[0;0m)
2026-10-06T08:35:13.3045070Z     [0;36m|[0;0m                                         `- [1;33mwarning: [1;39m'#require(_:_:)' is redundant because 'root.value(at: Array(path.dropFirst()))' never equals 'nil' (from macro 'require')[0;0m
2026-10-06T08:35:13.3046180Z  [0;36m97 |[0;0m         }
2026-10-06T08:35:13.3050780Z  [0;36m98 |[0;0m         let response = try JSONDecoder().decode(JSONValue.self, from: bridge.call(JSONEncoder().encode(JSONValue.object(request))))
2026-10-06T08:35:13.3060910Z 
2026-10-06T08:35:13.3063540Z /Users/runner/work/block-editor/block-editor/tests/BlockEditorCoreTests/CompatibilityTests.swift:101:83: [1;33mwarning: [1;39m'#require(_:_:)' is redundant because 'response["recovery"]' never equals 'nil' (from macro 'require')[0;0m
2026-10-06T08:35:13.3072850Z  [0;36m99 |[0;0m         if let error = step["error"] {
2026-10-06T08:35:13.3074460Z [0;36m100 |[0;0m             #expect(response["ok"] == .bool(false)); #expect(response["error"] == error)
2026-10-06T08:35:13.3076340Z [0;36m101 |[0;0m             if let name = step["capture"]?.string { captured[name] = try #require([4;39mresponse["recovery"][0;0m) }
2026-10-06T08:35:13.3078960Z     [0;36m|[0;0m                                                                                   `- [1;33mwarning: [1;39m'#require(_:_:)' is redundant because 'response["recovery"]' never equals 'nil' (from macro 'require')[0;0m
2026-10-06T08:35:13.3080840Z [0;36m102 |[0;0m         } else {
2026-10-06T08:35:13.3081930Z [0;36m103 |[0;0m             #expect(response["ok"] == .bool(true), "\(response)")
2026-10-06T08:35:13.3082670Z 
2026-10-06T08:35:13.3084620Z /Users/runner/work/block-editor/block-editor/tests/BlockEditorCoreTests/CompatibilityTests.swift:104:83: [1;33mwarning: [1;39m'#require(_:_:)' is redundant because 'response["value"]' never equals 'nil' (from macro 'require')[0;0m
2026-10-06T08:35:13.3087050Z [0;36m102 |[0;0m         } else {
2026-10-06T08:35:13.3087510Z [0;36m103 |[0;0m             #expect(response["ok"] == .bool(true), "\(response)")
2026-10-06T08:35:13.3088180Z [0;36m104 |[0;0m             if let name = step["capture"]?.string { captured[name] = try #require([4;39mresponse["value"][0;0m) }
2026-10-06T08:35:13.3089250Z     [0;36m|[0;0m                                                                                   `- [1;33mwarning: [1;39m'#require(_:_:)' is redundant because 'response["value"]' never equals 'nil' (from macro 'require')[0;0m
2026-10-06T08:35:13.3090010Z [0;36m105 |[0;0m         }
2026-10-06T08:35:13.3090290Z [0;36m106 |[0;0m     }
2026-10-06T08:35:19.6407680Z [343 / 394] BlockEditorCoreTests-product
2026-10-06T08:35:34.9959390Z [344 / 394] BlockEditorDemoApple
2026-10-06T08:35:35.0068050Z /Users/runner/work/block-editor/block-editor/tests/BlockEditorCoreTests/ModernInlineCommandsTests.swift:29:62: [1;33mwarning: [1;39mno calls to throwing functions occur within 'try' expression[0;0m [#]8;;https://docs.swift.org/compiler/documentation/diagnostics/unnecessary-effect-marker\UnnecessaryEffectMarker]8;;\]
2026-10-06T08:35:35.0172940Z  [0;36m27 |[0;0m         #expect(try s.save()==save && s.syncState==state && s.mergeRecovery==nil)
2026-10-06T08:35:35.0275070Z  [0;36m28 |[0;0m     }
2026-10-06T08:35:35.0376510Z  [0;36m29 |[0;0m     private func marks(_ s:ModernSession)throws->[JSONValue]{try s.document.blocks[0].fields["content"]!.array!}
2026-10-06T08:35:35.0478660Z     [0;36m|[0;0m                                                              `- [1;33mwarning: [1;39mno calls to throwing functions occur within 'try' expression[0;0m [#]8;;https://docs.swift.org/compiler/documentation/diagnostics/unnecessary-effect-marker\UnnecessaryEffectMarker]8;;\]
2026-10-06T08:35:35.0580580Z  [0;36m30 |[0;0m 
2026-10-06T08:35:35.0683180Z  [0;36m31 |[0;0m     @Test func multiBlockDefaultsPreservePeerTextOpaqueDataCaretAndOneUndoReopen() throws {
2026-10-06T08:35:35.0785490Z 
2026-10-06T08:35:35.0888120Z [#UnnecessaryEffectMarker]: <https://docs.swift.org/compiler/documentation/diagnostics/unnecessary-effect-marker>
2026-10-06T08:35:38.1459360Z [345 / 394] BlockEditorDemoApple
2026-10-06T08:35:38.1569030Z /Users/runner/work/block-editor/block-editor/Sources/BlockEditorApple/WritingBlockEditorView.swift:142:111: [1;33mwarning: [1;39mconverting non-Sendable function value to '@isolated(any) @Sendable (Bool) -> Void' may introduce data races[0;0m
2026-10-06T08:35:38.1645470Z [0;36m140 |[0;0m                 HStack(alignment: .top) {
2026-10-06T08:35:38.1647770Z [0;36m141 |[0;0m                     if style == "todo" {
2026-10-06T08:35:38.1658470Z [0;36m142 |[0;0m                         Toggle("Completed", isOn: Binding(get: { item["checked"] == .bool(true) }, set: lease.checkedSetter())).labelsHidden()
2026-10-06T08:35:38.1659710Z     [0;36m|[0;0m                                                                                                               `- [1;33mwarning: [1;39mconverting non-Sendable function value to '@isolated(any) @Sendable (Bool) -> Void' may introduce data races[0;0m
2026-10-06T08:35:38.1662700Z [0;36m143 |[0;0m                     } else { Text(style == "ordered" ? "\(index + 1)." : "•").accessibilityHidden(true) }
2026-10-06T08:35:38.1664720Z [0;36m144 |[0;0m                     WritingInputField(model: model, address: TextAddress(rootID, path: path + [item.selfID, "content"]), label: "List item")
2026-10-06T08:35:38.2829700Z [346 / 394]
2026-10-06T08:35:38.3921940Z [348 / 394]
2026-10-06T08:35:38.4983610Z [351 / 394]
2026-10-06T08:35:39.8266220Z [352 / 395]
2026-10-06T08:35:40.1073870Z [354 / 399] BlockEditorDemoApple
2026-10-06T08:35:40.4984670Z [355 / 399] BlockEditorDemoApple
2026-10-06T08:35:41.4470530Z [357 / 399] BlockEditorDemoApple
2026-10-06T08:35:42.4211940Z [362 / 399] BlockEditorDemoApple
2026-10-06T08:35:43.1723740Z [366 / 400]
2026-10-06T08:35:43.2844820Z [368 / 402] local-editor-app-product
2026-10-06T08:35:43.4444180Z [369 / 402] local-editor-app-product
2026-10-06T08:35:43.5379780Z [373 / 402]
2026-10-06T08:35:49.1231990Z [375 / 402] BlockEditorCoreTests-product
2026-10-06T08:35:50.6966240Z [377 / 402] BlockEditorCoreTests-product
2026-10-06T08:35:50.8885100Z [379 / 402] BlockEditorCoreTests-product
2026-10-06T08:35:53.9170380Z [381 / 402] BlockEditorApple
2026-10-06T08:35:54.1427960Z [383 / 402] BlockEditorApple
2026-10-06T08:35:54.2558170Z [388 / 403] BlockEditorDemoApple
2026-10-06T08:35:55.6038340Z [390 / 403] local-editor-app-product
2026-10-06T08:35:55.7326580Z [391 / 403] local-editor-app-product
2026-10-06T08:35:56.1697060Z [392 / 403] BlockEditorAppleTests-product
2026-10-06T08:35:57.9521620Z [396 / 407] BlockEditorAppleTests-product
2026-10-06T08:36:01.6323120Z [397 / 407] BlockEditorAppleTests-product
2026-10-06T08:36:04.8596860Z [401 / 407] BlockEditorAppleTests-product
2026-10-06T08:36:06.9392780Z macro expansion #expect:2:7: [1;33mwarning: [1;39mresult of call to 'contains' is unused[0;0m [#]8;;https://docs.swift.org/compiler/documentation/diagnostics/no-usage\NoUsage]8;;\]
2026-10-06T08:36:06.9396510Z `- /Users/runner/work/block-editor/block-editor/tests/BlockEditorAppleTests/WritingNativeClipboardTests.swift:43:87: [1;39mnote: [1;39mexpanded code originates here[0;0m
2026-10-06T08:36:06.9400640Z  [0;36m41 |[0;0m     #expect(view.string == "A東京X😀TASKBR")
2026-10-06T08:36:06.9401860Z  [0;36m42 |[0;0m     #expect(view.selectedRange() == NSRange(location: 10, length: 0))
2026-10-06T08:36:06.9404410Z  [0;36m43 |[0;0m     [4;39m#expect((a.document.blocks[0].fields["content"]?.array ?? []).contains(reference))[0;0m
2026-10-06T08:36:06.9406060Z     [0;36m|[0;0m     `- [1;39mnote: [1;39min expansion of macro 'expect' here[0;0m
2026-10-06T08:36:06.9407830Z [0;36m    +--- [0;0mmacro expansion #expect [0;36m---------------------------------------[0;0m
2026-10-06T08:36:06.9409610Z [0;36m    |[0;0m[0;36m1 |[0;0m Testing.__checkFunctionCall((a.document.blocks[0].fields["content"]?.array ?? []).self,calling: {
2026-10-06T08:36:06.9411220Z [0;36m    |[0;0m[0;36m2 |[0;0m   $0?.contains($1)
2026-10-06T08:36:06.9413220Z [0;36m    |[0;0m  [0;36m|[0;0m       `- [1;33mwarning: [1;39mresult of call to 'contains' is unused[0;0m [#]8;;https://docs.swift.org/compiler/documentation/diagnostics/no-usage\NoUsage]8;;\]
2026-10-06T08:36:06.9417240Z [0;36m    |[0;0m[0;36m3 |[0;0m },reference,expression: .__fromFunctionCall(.__fromSyntaxNode(#"(a.document.blocks[0].fields["content"]?.array ?? [])"#),"contains",(nil,.__fromSyntaxNode("reference"))),comments: [],isRequired: false,sourceLocation: Testing.SourceLocation.__here()).__expected()
2026-10-06T08:36:06.9420380Z [0;36m    +----------------------------[0;0m[0;36m---------------------------------------[0;0m
2026-10-06T08:36:06.9439540Z  [0;36m44 |[0;0m     #expect((a.document.blocks[0].fields["content"]?.array ?? []).contains { $0["text"] == .string("X😀") && $0["marks"] == .array([.object(["type": .string("italic")])]) })
2026-10-06T08:36:06.9440890Z  [0;36m45 |[0;0m     try b.receive(a.changes()); #expect(a.document == b.document)
2026-10-06T08:36:06.9441350Z 
2026-10-06T08:36:06.9441970Z macro expansion #expect:1:76: [1;33mwarning: [1;39mleft side of nil coalescing operator '??' has non-optional type '[JSONValue]?', so the right side is never used[0;0m
2026-10-06T08:36:06.9443200Z `- /Users/runner/work/block-editor/block-editor/tests/BlockEditorAppleTests/WritingNativeClipboardTests.swift:43:87: [1;39mnote: [1;39mexpanded code originates here[0;0m
2026-10-06T08:36:06.9444150Z  [0;36m41 |[0;0m     #expect(view.string == "A東京X😀TASKBR")
2026-10-06T08:36:06.9444710Z  [0;36m42 |[0;0m     #expect(view.selectedRange() == NSRange(location: 10, length: 0))
2026-10-06T08:36:06.9445410Z  [0;36m43 |[0;0m     [4;39m#expect((a.document.blocks[0].fields["content"]?.array ?? []).contains(reference))[0;0m
2026-10-06T08:36:06.9446060Z     [0;36m|[0;0m     `- [1;39mnote: [1;39min expansion of macro 'expect' here[0;0m
2026-10-06T08:36:06.9446620Z [0;36m    +--- [0;0mmacro expansion #expect [0;36m---------------------------------------[0;0m
2026-10-06T08:36:06.9447520Z [0;36m    |[0;0m[0;36m1 |[0;0m Testing.__checkFunctionCall(([4;39ma.document.blocks[0].fields["content"]?.array[0;0m ?? []).self,calling: {
2026-10-06T08:36:06.9448700Z [0;36m    |[0;0m  [0;36m|[0;0m                                                                            `- [1;33mwarning: [1;39mleft side of nil coalescing operator '??' has non-optional type '[JSONValue]?', so the right side is never used[0;0m
2026-10-06T08:36:06.9449540Z [0;36m    |[0;0m[0;36m2 |[0;0m   $0?.contains($1)
2026-10-06T08:36:06.9450840Z [0;36m    |[0;0m[0;36m3 |[0;0m },reference,expression: .__fromFunctionCall(.__fromSyntaxNode(#"(a.document.blocks[0].fields["content"]?.array ?? [])"#),"contains",(nil,.__fromSyntaxNode("reference"))),comments: [],isRequired: false,sourceLocation: Testing.SourceLocation.__here()).__expected()
2026-10-06T08:36:06.9452840Z [0;36m    +----------------------------[0;0m[0;36m---------------------------------------[0;0m
2026-10-06T08:36:06.9453800Z  [0;36m44 |[0;0m     #expect((a.document.blocks[0].fields["content"]?.array ?? []).contains { $0["text"] == .string("X😀") && $0["marks"] == .array([.object(["type": .string("italic")])]) })
2026-10-06T08:36:06.9454620Z  [0;36m45 |[0;0m     try b.receive(a.changes()); #expect(a.document == b.document)
2026-10-06T08:36:06.9454970Z 
2026-10-06T08:36:06.9455290Z [#NoUsage]: <https://docs.swift.org/compiler/documentation/diagnostics/no-usage>
2026-10-06T08:36:08.1520730Z [403 / 407] BlockEditorAppleTests-product
2026-10-06T08:36:08.4222300Z [404 / 407] BlockEditorAppleTests-product
2026-10-06T08:36:08.8784970Z Build complete! (137.27 sec)
2026-10-06T08:36:11.2361370Z Test Suite 'All tests' started at 2026-10-06 08:36:10.039.
2026-10-06T08:36:11.2463400Z Test Suite 'All tests' passed at 2026-10-06 08:36:10.042.
2026-10-06T08:36:11.2602730Z 	 Executed 0 tests, with 0 failures (0 unexpected) in 0.000 (0.003) seconds
2026-10-06T08:36:11.2730190Z Test Suite 'All tests' started at 2026-10-06 08:36:10.138.
2026-10-06T08:36:11.2831450Z Test Suite 'All tests' passed at 2026-10-06 08:36:10.139.
2026-10-06T08:36:11.2933620Z 	 Executed 0 tests, with 0 failures (0 unexpected) in 0.000 (0.001) seconds
2026-10-06T08:36:11.3035460Z Test Suite 'All tests' started at 2026-10-06 08:36:10.409.
2026-10-06T08:36:11.3136750Z Test Suite 'All tests' passed at 2026-10-06 08:36:10.410.
2026-10-06T08:36:11.3259640Z 	 Executed 0 tests, with 0 failures (0 unexpected) in 0.000 (0.001) seconds
2026-10-06T08:36:11.3360860Z ◇ Test run started.
2026-10-06T08:36:11.3494520Z ↳ Testing Library Version: 1902
2026-10-06T08:36:11.3538260Z ↳ Target Platform: arm64e-apple-macos14.0
2026-10-06T08:36:11.3641420Z ◇ Test oldDraftUpgradesWithoutResetAndIncompatibleRecoveryIsRetainedOnDisk() started.
2026-10-06T08:36:11.3751090Z ◇ Test standaloneDraftCreatesReopensAndUndoesWithoutTransport() started.
2026-10-06T08:36:11.3855830Z ◇ Test pendingRecoverySurvivesDraftRestartExportAndExplicitRepair() started.
2026-10-06T08:36:11.3959400Z ◇ Test transportCapacityFailureRetainsHistoryForExportRestartAndRetry() started.
2026-10-06T08:36:11.4071020Z ◇ Test corruptDraftIsNotSilentlyReplaced() started.
2026-10-06T08:36:11.4180720Z ◇ Test draftRestoresExclusiveAuthorHistoryAndPreservesRemoteChanges() started.
2026-10-06T08:36:11.4285520Z ➜ Test appleRelayRecoversOfflineDraftsAndDeferredComposition() skipped.
2026-10-06T08:36:11.4391940Z ◇ Test standaloneOpenDoesNotReplaceAnExistingRelayDraft() started.
2026-10-06T08:36:11.4516690Z ✔ Test oldDraftUpgradesWithoutResetAndIncompatibleRecoveryIsRetainedOnDisk() passed after 0.054 seconds.
2026-10-06T08:36:11.4636830Z ✔ Test corruptDraftIsNotSilentlyReplaced() passed after 0.054 seconds.
2026-10-06T08:36:11.4750100Z ✔ Test standaloneDraftCreatesReopensAndUndoesWithoutTransport() passed after 0.054 seconds.
2026-10-06T08:36:11.4857670Z ✔ Test standaloneOpenDoesNotReplaceAnExistingRelayDraft() passed after 0.054 seconds.
2026-10-06T08:36:11.4963840Z ✔ Test draftRestoresExclusiveAuthorHistoryAndPreservesRemoteChanges() passed after 0.063 seconds.
2026-10-06T08:36:11.5067160Z ✔ Test pendingRecoverySurvivesDraftRestartExportAndExplicitRepair() passed after 0.121 seconds.
2026-10-06T08:36:11.5170110Z ✔ Test transportCapacityFailureRetainsHistoryForExportRestartAndRetry() passed after 0.135 seconds.
2026-10-06T08:36:11.5283730Z ✔ Test run with 8 tests in 0 suites passed after 0.135 seconds.
2026-10-06T08:36:11.5406050Z ◇ Test run started.
2026-10-06T08:36:11.5559620Z ↳ Testing Library Version: 1902
2026-10-06T08:36:11.5689800Z ↳ Target Platform: arm64e-apple-macos14.0
2026-10-06T08:36:11.5812840Z ◇ Suite ModernTableCommandTests started.
2026-10-06T08:36:11.5937730Z ◇ Test clipboardMixedCopyUsesVisibleOrderAfterRemoteMove() started.
2026-10-06T08:36:11.6107340Z ◇ Suite ModernCutTests started.
2026-10-06T08:36:11.6312080Z ◇ Suite WritingByteRootBoundaryTests started.
2026-10-06T08:36:11.6415470Z ◇ Test clipboardMarkdownDividerRoundTripsWithFreshIdentityAndPolicy() started.
2026-10-06T08:36:11.6517440Z ◇ Test sameChangeMovesCannotHideExistingContentInAnAnchorCycle(version:) started.
2026-10-06T08:36:11.6622300Z ◇ Suite ModernClipboardTests started.
2026-10-06T08:36:11.6725570Z ◇ Test writingBatchCrossCollectionRangeKeepsBoundaryAncestorsAndUnselectedChildren() started.
2026-10-06T08:36:11.6828120Z ◇ Test cachedWritingOrderMatchesCanonicalIdentityOrder() started.
2026-10-06T08:36:11.6931020Z ◇ Test writingSessionNestedSplitKeepsContainerIDsReferencesAndUndo() started.
2026-10-06T08:36:11.7034880Z ◇ Test v5SpliceOnExposedPeerParagraphPreservesRoleAcrossWrapperUndoAndReopen(wrapperActor:) started.
2026-10-06T08:36:11.7137160Z ◇ Test hierarchicalPasteConcurrentImportsUseRetainedRankInSameChildCollection(actor:reversedDelivery:) started.
2026-10-06T08:36:11.7240000Z ◇ Suite ModernDuplicationTests started.
2026-10-06T08:36:11.7342240Z ◇ Suite ModernAsyncBridgeTests started.
2026-10-06T08:36:11.7445210Z ◇ Test writingSessionReplacementAndSoftBreakAreAtomicAndCompositionGuarded() started.
2026-10-06T08:36:11.7547860Z ◇ Test schemaProjectedPeerParagraphSupportsEnterMoveUndoAndReopen(baseline:) started.
2026-10-06T08:36:11.7649770Z ◇ Suite ModernInlineCommandsTests started.
2026-10-06T08:36:11.7758750Z ◇ Suite ModernSessionTests started.
2026-10-06T08:36:11.7861690Z ◇ Suite ModernStructureTests started.
2026-10-06T08:36:11.7976980Z ◇ Suite ModernListRoleTests started.
2026-10-06T08:36:11.8084760Z ◇ Suite ModernBlockCommandsTests started.
2026-10-06T08:36:11.8186670Z ◇ Suite ModernPasteBridgeTests started.
2026-10-06T08:36:11.8300890Z ◇ Suite ModernStructuralBridgeTests started.
2026-10-06T08:36:11.8424910Z ◇ Suite ModernHistorySelectionTests started.
2026-10-06T08:36:11.8526600Z ◇ Suite ModernSchemaConversionTests started.
2026-10-06T08:36:11.8701670Z ◇ Suite ModernPasteTests started.
2026-10-06T08:36:11.8803220Z ◇ Test receivePreparationCannotOverwriteReentrantLocalChanges() started.
2026-10-06T08:36:11.8906640Z ◇ Suite ModernCutBridgeTests started.
2026-10-06T08:36:11.9040030Z ◇ Test schemaRoleDeltaBeforeDependenciesRetainsRecoveryAndReopens() started.
2026-10-06T08:36:11.9144000Z ◇ Suite ModernSplitMergeTests started.
2026-10-06T08:36:11.9253090Z ◇ Suite ModernDocumentTests started.
2026-10-06T08:36:11.9362220Z ◇ Suite ModernBatchInteractionTests started.
2026-10-06T08:36:11.9463880Z ◇ Suite ModernProjectionTests started.
2026-10-06T08:36:11.9566160Z ◇ Suite ModernListStructureTests started.
2026-10-06T08:36:11.9691930Z ◇ Test invalidNestedOperationsRejectAtomicallyAndDoNotRewriteIDs() started.
2026-10-06T08:36:11.9801010Z ◇ Suite ModernBridgeTests started.
2026-10-06T08:36:11.9902040Z ◇ Suite ModernColumnTests started.
2026-10-06T08:36:12.0011140Z ◇ Suite ModernRangeConversionTests started.
2026-10-06T08:36:12.0022970Z ◇ Suite ModernAsyncCommandsTests started.
2026-10-06T08:36:12.0125010Z ◇ Suite ModernMigrationBridgeTests started.
2026-10-06T08:36:12.0227220Z ◇ Suite ModernMigrationTests started.
2026-10-06T08:36:12.0328280Z ◇ Suite ModernClipboardBridgeTests started.
2026-10-06T08:36:12.0450890Z ◇ Suite ModernCommandTargetsTests started.
2026-10-06T08:36:12.0564920Z ◇ Test concurrentDestinationConversionAndParagraphMergePreserveIdentityAndAuthorUndo() started.
2026-10-06T08:36:12.0691920Z ◇ Test retainedPasteConcurrentSplitsOrderRetainedEndpointGroup(actor:scenario:) started.
2026-10-06T08:36:12.0798520Z ◇ Test v4PendingReceiveBlocksHistoryEvenWhenNeitherStackHasAnEntry() started.
2026-10-06T08:36:12.0909020Z ◇ Test recoveryAccumulatesReorderedAdditionalEditsWithoutAcknowledgingThem() started.
2026-10-06T08:36:12.1027950Z ◇ Test pasteBlocksPublicCommandRetainsWholeMetadataAndConcurrentCutGroups(actor:cut:) started.
2026-10-06T08:36:12.1132160Z ◇ Test sequentialSpliceBeforeFirstImportedMemberMustPrecedeWholeEarlierGroup() started.
2026-10-06T08:36:12.1267540Z ◇ Test listContinuationKeepsMarksReferencesChildrenAndRemoteSuffix() started.
2026-10-06T08:36:12.1371030Z ◇ Test v4SequentialInsertionKeepsObservedRunOrderAndPeerUndo(list:actor:) started.
2026-10-06T08:36:12.1473990Z ◇ Test v4ConcurrentCutPreservesUnobservedInsertedPrefixInEarlierTail(actor:) started.
2026-10-06T08:36:12.1575740Z ◇ Test concurrentMovesAndDeletesConverge() started.
2026-10-06T08:36:12.1678650Z ◇ Test schemaConversionAndOldParagraphSplitUseRetainedOriginWithAuthorUndo(type:reverseActors:) started.
2026-10-06T08:36:12.1781160Z ◇ Test collectionCreationRejectsInvalidScopePolicyCompositionAndLegacyAtomically() started.
2026-10-06T08:36:12.1881470Z ◇ Test siblingInsertionConflictDoesNotAcknowledgeOrPersistRemoteChanges() started.
2026-10-06T08:36:12.1983200Z ◇ Test schemaOrdinaryConversionCannotBeSpoofedIntoV3BatchOrRestore() started.
2026-10-06T08:36:12.2085820Z ◇ Test generatedOfflineTextAndFormattingConverge(seed:) started.
2026-10-06T08:36:12.2186200Z ◇ Test sharedStructureBridgeFixture() started.
2026-10-06T08:36:12.2256670Z ◇ Suite ModernHistorySelectionBridgeTests started.
2026-10-06T08:36:12.2262370Z ◇ Test mixedPasteAbsorbsOnlyExplicitInlineBoundariesAndFreshensWholeSchemaNodes(actor:) started.
2026-10-06T08:36:12.2267780Z ◇ Test invalidBatchIsAtomic() started.
2026-10-06T08:36:12.2270620Z ◇ Test externalUnknownWholeNodeFallbackKeepsRecognizedVisibleFieldsOnly() started.
2026-10-06T08:36:12.2374820Z ◇ Test crossPasteMetadataEndpointRejectsWithoutAcceptedMutation() started.
2026-10-06T08:36:12.2476130Z ◇ Test unicodeRangesAndRoundTrip() started.
2026-10-06T08:36:12.2551270Z ◇ Test schemaConversionAndOldOriginEditConvergeUnderReversedActorAndDeliveryOrder(converter:) started.
2026-10-06T08:36:12.2553180Z ◇ Test writingBatchMixedDeletionPreservesRemoteTextAndReopenUndo() started.
2026-10-06T08:36:12.2555940Z ◇ Test undoInsertionPreservesRemoteContentAndConcurrentDescendantsSurviveDelete() started.
2026-10-06T08:36:12.2559610Z ◇ Test crossPasteConcurrentBoundarySplitsPreserveCutOwners(actor:scenario:) started.
2026-10-06T08:36:12.2562210Z ◇ Test duplicateAndReorderedDelivery() started.
2026-10-06T08:36:12.2565570Z ◇ Test exitRolesWithRankedAndFallbackOriginsKeepOneStableOrder() started.
2026-10-06T08:36:12.2568570Z ◇ Test retainedPasteCannotRankFromGloballyKnownButUnobservedSourceAnchor() started.
2026-10-06T08:36:12.2574040Z ◇ Test case passing 1 argument version → 1 to sameChangeMovesCannotHideExistingContentInAnAnchorCycle(version:) started.
2026-10-06T08:36:12.2589480Z ◇ Test case passing 1 argument version → 2 to sameChangeMovesCannotHideExistingContentInAnAnchorCycle(version:) started.
2026-10-06T08:36:12.2594200Z ◇ Test writingBatchMoveKeepsNestedOriginsAndRemoteAuthorWork() started.
2026-10-06T08:36:12.2598250Z ◇ Test knownPriorElementsMustHaveTheReferencedKindAndField() started.
2026-10-06T08:36:12.2604750Z ◇ Test nestedListIndentOutdentAndTableCollectionsUseSharedCommands() started.
2026-10-06T08:36:12.2607490Z ◇ Test knownCreationSeedsValidateWhileTheirParentIsMissing() started.
2026-10-06T08:36:12.2610830Z ◇ Test writingPrototypeCyclesAndIncompleteHistoriesFailExplicitly() started.
2026-10-06T08:36:12.2616320Z ◇ Test sameChangePlacementCyclesAreRejectedWithoutAcknowledgmentOrContentLoss() started.
2026-10-06T08:36:12.2621500Z ◇ Test legacyStoppedAuthorReorderedUndoRedoKeepsWinningAvailability(version:) started.
2026-10-06T08:36:12.2627600Z ◇ Test rootCountLimitUnionRepairsIntoAnExistingContainerWithoutDroppingBlocks() started.
2026-10-06T08:36:12.2632580Z ◇ Test schemaConversionUndoProjectsPeerItemWithSameIdentityAndSuffix() started.
2026-10-06T08:36:12.2635930Z ◇ Test clipboardRichPastePreservesReferencePayloadAndPeerUndoAcrossReopen() started.
2026-10-06T08:36:12.2642280Z ◇ Test schemaInlineConversionDoesNotOverwriteUnknownReservedMetadata(version:key:) started.
2026-10-06T08:36:12.2653060Z ◇ Test retainedPasteLaterEndpointMoveStaysAuthoritativeThroughOwnUndo(actor:acrossContainer:) started.
2026-10-06T08:36:12.2663140Z ◇ Test clipboardPlainTextNormalizesLineEndingsInOneUndoAction() started.
2026-10-06T08:36:12.2668460Z ◇ Test writingPrototypeSplitRetainsConcurrentTypingFormattingAndAtomOrigins() started.
2026-10-06T08:36:12.2672690Z ◇ Test schemaEmptyExitRejectsVisibleAndRetainedRootLabelCollisionAtomically(retired:) started.
2026-10-06T08:36:12.2674700Z ◇ Test writingDepthBoundaryKeepsOriginsAndPeerAtomsThroughExplicitRecovery(version:scenario:) started.
2026-10-06T08:36:12.2678700Z ◇ Test hierarchicalPasteNestedImportsAndParentEnterKeepIndependentCollections(actor:reversedDelivery:) started.
2026-10-06T08:36:12.2681990Z ◇ Test externalNormalizationRequiresExplicitSafeAssetMetadata() started.
2026-10-06T08:36:12.2684840Z ◇ Test retainedPasteDifferentLaterSourceKeepsEarlierImportedMember(actor:concurrentCut:) started.
2026-10-06T08:36:12.2686930Z ◇ Test v5SplicePreservesForeignMovedImportedContainerAndUnseenChildThroughAuthorUndoAndReopen() started.
2026-10-06T08:36:12.2694380Z ◇ Test nestedReceiveHoldsKeepReceiptsPendingAndDrainAfterInvalidBatch() started.
2026-10-06T08:36:12.2695200Z ◇ Test retainedPasteSequentialReuseKeepsOneStepHistory(actor:) started.
2026-10-06T08:36:12.2695860Z ◇ Test writingBatchDuplicateSkipsLabelsRetainedAcrossEpochReset() started.
2026-10-06T08:36:12.2696510Z ◇ Test invalidKnownShapesAreRejectedWithoutChangingTheDocument() started.
2026-10-06T08:36:12.2697270Z ◇ Test writingSessionRepairReconcilesRetainedOwnUndoBeforeSaveRestore() started.
2026-10-06T08:36:12.2698110Z ◇ Test schemaRetainedPeerSupportsConversionShortcutAndMerge(command:) started.
2026-10-06T08:36:12.2698700Z ◇ Test crossPastePreservesUnseenIntermediateChildAndBoundaryText(actor:) started.
2026-10-06T08:36:12.2699760Z ◇ Test case passing 1 argument wrapperActor → "a" to v5SpliceOnExposedPeerParagraphPreservesRoleAcrossWrapperUndoAndReopen(wrapperActor:) started.
2026-10-06T08:36:12.2701060Z ◇ Test schemaRetainedRoleAnchorsKeepMultiplePeerParagraphOrderAndWrapperRedo() started.
2026-10-06T08:36:12.2703240Z ◇ Test case passing 1 argument wrapperActor → "z" to v5SpliceOnExposedPeerParagraphPreservesRoleAcrossWrapperUndoAndReopen(wrapperActor:) started.
2026-10-06T08:36:12.2704160Z ◇ Test receivePreparationOnlyRunsForValidatedStateChanges() started.
2026-10-06T08:36:12.2705070Z ◇ Test case passing 2 arguments actor → "a", reversedDelivery → false to hierarchicalPasteConcurrentImportsUseRetainedRankInSameChildCollection(actor:reversedDelivery:) started.
2026-10-06T08:36:12.2706360Z ◇ Test case passing 2 arguments actor → "a", reversedDelivery → true to hierarchicalPasteConcurrentImportsUseRetainedRankInSameChildCollection(actor:reversedDelivery:) started.
2026-10-06T08:36:12.2707640Z ◇ Test case passing 2 arguments actor → "z", reversedDelivery → false to hierarchicalPasteConcurrentImportsUseRetainedRankInSameChildCollection(actor:reversedDelivery:) started.
2026-10-06T08:36:12.2708830Z ◇ Test case passing 2 arguments actor → "z", reversedDelivery → true to hierarchicalPasteConcurrentImportsUseRetainedRankInSameChildCollection(actor:reversedDelivery:) started.
2026-10-06T08:36:12.2709940Z ◇ Test schemaConcurrentListConversionsKeepRecoverableUnionAndEitherAuthorCanRepair(reverseActors:repairFirst:) started.
2026-10-06T08:36:12.2710670Z ◇ Test legacySeedNamespaceFollowsTheTextActuallyInitialized(initialized:) started.
2026-10-06T08:36:12.2711240Z ◇ Test preservesUnknownFieldsAndNestedContent() started.
2026-10-06T08:36:12.2711820Z ◇ Test writingBatchDuplicateCopiesRichDescendantsWithFreshOrigins() started.
2026-10-06T08:36:12.2712560Z ◇ Test pasteSpliceExplicitGroupKeepsConcurrentCutsInBoundaryOrder(pasteActor:pasteCut:) started.
2026-10-06T08:36:12.2713290Z ◇ Test writingSessionStoppedAuthorReorderedUndoRedoRestoresWinningHistory() started.
2026-10-06T08:36:12.2713940Z ◇ Test v3NewBlockCommandsLeaveAcceptedStateUntouched() started.
2026-10-06T08:36:12.2714460Z ◇ Test writingSessionNewLinksRejectUnsafeSchemesWithoutChangingLegacyBaseline() started.
2026-10-06T08:36:12.2715430Z ◇ Test retainedPasteAfterOrdinarySourceMoveUsesLiveOrderNotRgaAfterAncestry(actor:) started.
2026-10-06T08:36:12.2716570Z ◇ Test schemaMalformedRoleAnchorAndHiddenFirstItemRejectAtomically(fault:) started.
2026-10-06T08:36:12.2717200Z ◇ Test depthLimitUnionCanBeRepairedWithoutChangingExistingIDsOrContent(levels:) started.
2026-10-06T08:36:12.2718210Z ◇ Test sameTransactionCreationSeedsRemainValid(version:) started.
2026-10-06T08:36:12.2718810Z ◇ Test generatedRecoveryCollisionsRetainAllCollectionKinds(seed:kind:) started.
2026-10-06T08:36:12.2719450Z ◇ Test collectionToggleCreationUndoRedoRetainsRemoteDescendants() started.
2026-10-06T08:36:12.2720040Z ◇ Test simultaneousRepairsConvergeAndUndoKeepsTheOtherRepair() started.
2026-10-06T08:36:12.2720670Z ◇ Test mixedPasteConcurrentCutsOrderCompleteGroupsAndFollowBoundaryPrefix(actor:cut:) started.
2026-10-06T08:36:12.2721380Z ◇ Test v4CausalSplitPinsEarlierDestinationAndJoinedPrefix(joinFirst:) started.
2026-10-06T08:36:12.2722050Z ◇ Test schemaUndoKeepsPeerSubtreeIdentityMarksReferencesAndOpaqueChildren() started.
2026-10-06T08:36:12.2722650Z ◇ Test mixedPasteRejectsPolicyAndOldEpochBeforeAnyAcceptedMutation() started.
2026-10-06T08:36:12.2723410Z ◇ Test writingMathThresholdUnionAt10001RetainsProposalAndRepairsWithoutLosingPeerAtoms(version:actor:) started.
2026-10-06T08:36:12.2724070Z ◇ Test codeUsesCharacterMergingToo() started.
2026-10-06T08:36:12.2724710Z ◇ Test case passing 1 argument baseline → false to schemaProjectedPeerParagraphSupportsEnterMoveUndoAndReopen(baseline:) started.
2026-10-06T08:36:12.2725650Z ◇ Test case passing 1 argument baseline → true to schemaProjectedPeerParagraphSupportsEnterMoveUndoAndReopen(baseline:) started.
2026-10-06T08:36:12.2726410Z ◇ Test bridgeRoutesExplicitV5AndRejectsUnknownCreateAndRestoreVersions() started.
2026-10-06T08:36:12.2727170Z ◇ Test spliceDuplicateDescriptorMustRemainMalformedWhenAuthorUndone(inactive:) started.
2026-10-06T08:36:12.2727830Z ◇ Test writingSessionSequentialCutsKeepObservedSiblingOrder(offset:) started.
2026-10-06T08:36:12.2728600Z ◇ Test textPositionsFollowRemoteEditsDeletionUndoAndRestore() started.
2026-10-06T08:36:12.2729080Z ◇ Test writingSharedBridgeFixture(name:) started.
2026-10-06T08:36:12.2729520Z ◇ Test incrementalLocalEditsMatchFullReplayAfterEveryAction() started.
2026-10-06T08:36:12.2730070Z ◇ Test hierarchicalPasteSingleInlineKeepsBothOpaqueBoundaries(actor:) started.
2026-10-06T08:36:12.2730740Z ◇ Test concurrentConversionAndParagraphSplitConvergeWithRemotePreservingUndo() started.
2026-10-06T08:36:12.2731440Z ◇ Test crossPasteInlineUsesOneAuthorJoinAndPreservesPeerAtoms(actor:reversed:) started.
2026-10-06T08:36:12.2732160Z ◇ Test externalNormalizationResultPolicyArraysHaveDeterministicWireOrder() started.
2026-10-06T08:36:12.2732850Z ◇ Test retainedPasteInsideObservedInsertedToggleKeepsNestedInitialProofs(actor:) started.
2026-10-06T08:36:12.2733440Z ◇ Test emptyLastRootItemExitsAndUndoRetainsConcurrentRemoteInput() started.
2026-10-06T08:36:12.2735340Z ◇ Test mixedPasteAtZeroKeepsOriginalSuffixOwnerWithoutAnIncidentalBlankHead() started.
2026-10-06T08:36:12.2736090Z ◇ Test schemaEmptyNestedOutdentKeepsChildrenAndUndo() started.
2026-10-06T08:36:12.2736590Z ◇ Test writingBatchRetainedFieldEndFollowsRemoteSuffix(range:) started.
2026-10-06T08:36:12.2737350Z ◇ Test schemaCodeShortcutAndEncodingRoundTripRetainIdentityAndBothOrigins() started.
2026-10-06T08:36:12.2738050Z ◇ Test writingSessionMergeKeepsEmptySourceRemoteInputAndRestoresOrigins() started.
2026-10-06T08:36:12.2738680Z ◇ Test schemaInactiveRoleRestoresExactItemAndSupportsLaterListCommands() started.
2026-10-06T08:36:12.2739260Z ◇ Test schemaV4CannotEnterV3SessionAndRestrictionsRemainAtomic() started.
2026-10-06T08:36:12.2739750Z ◇ Test writingSessionConcurrentSameCutRetainsBothBreaksAndUndo() started.
2026-10-06T08:36:12.2740380Z ◇ Test schemaFirstExitKeepsInsertedOwnerAndFollowingInsertedRootOrdinal() started.
2026-10-06T08:36:12.2740800Z ◇ Test observerSeesCommittedHistory() started.
2026-10-06T08:36:12.2741220Z ◇ Test retainedPasteCannotClaimGloballyKnownButUnobservedEndpointAtom() started.
2026-10-06T08:36:12.2741940Z ◇ Test hierarchicalPasteForeignMovedImportRetainsPeerWorkThroughAuthorUndo(actor:acrossContainer:) started.
2026-10-06T08:36:12.2742580Z ◇ Test writingSessionObserverSeesFinalUndoAndRedoHistory() started.
2026-10-06T08:36:12.2743640Z ◇ Test clipboardPoliciesRejectUnsafeOrRestrictedImportsWithoutChangingHistory() started.
2026-10-06T08:36:12.2744370Z ◇ Test pasteBlocksRejectsUnsupportedPolicyCompositionAndOldEpochWithoutAcceptedMutation() started.
2026-10-06T08:36:12.2745050Z ◇ Test requiredContentRepairAdmitsFailedAuthorUndoWithoutDroppingRemoteMetadata() started.
2026-10-06T08:36:12.2745680Z ◇ Test schemaPeerListStyleSurvivesWrapperUndoAsMetadataAndRedoUsesPeerStyle() started.
2026-10-06T08:36:12.2746330Z ◇ Test v4EmptySplitHeadPositionFollowsNestedRetiredBirthsWithoutChangingEndSentinels() started.
2026-10-06T08:36:12.2746980Z ◇ Test collectionNestedChecklistMovesPreserveReferencesCheckedAndScopedLabels() started.
2026-10-06T08:36:12.2747580Z ◇ Test writingSessionUndoEmptySplitRetainsIndependentRemoteParagraph() started.
2026-10-06T08:36:12.2748110Z ◇ Test schemaBaselineItemMoveUndoAndRedoKeepIdentityAndSubtree() started.
2026-10-06T08:36:12.2748590Z ◇ Test impossiblePriorCreationPathsRejectAtomically(delivery:) started.
2026-10-06T08:36:12.2749090Z ◇ Test schemaRoleCohortExcludesUnobservedConcurrentRedo(redoActor:) started.
2026-10-06T08:36:12.2749650Z ◇ Test v4ConcurrentTextRepairsRetainBothAuthorsAndRecoverAfterBothUndos(actor:) started.
2026-10-06T08:36:12.2750240Z ◇ Test recoveryRepairPreservesBothAuthorsAndSurvivesRestartAndRemoteUndo() started.
2026-10-06T08:36:12.2750750Z ◇ Test writingBatchCapturesBackwardRootAndNestedRanges() started.
2026-10-06T08:36:12.2751280Z ◇ Test crossPasteMixedRetainsWholeImportsAndObservedSuffixOneUndo(actor:reversed:) started.
2026-10-06T08:36:12.2751890Z ◇ Test documentMigrationCorpusRetainsEveryFieldAndRejectsInvalidKnownShapes() started.
2026-10-06T08:36:12.2752620Z ◇ Test schemaConcurrentFirstAndLastExitsConvergeAndKeepSourceOrdinal(actor:inserted:) started.
2026-10-06T08:36:12.2753380Z ◇ Test v4RepairGuardsPreserveAcceptedAndPendingHistories() started.
2026-10-06T08:36:12.2753860Z ◇ Test writingBatchRejectsOverlapAndCompositionWithoutMutation() started.
2026-10-06T08:36:12.2754400Z ◇ Test schemaRichCodeRejectionAndRemoteRichUnionPreserveAcceptedState() started.
2026-10-06T08:36:12.2754920Z ◇ Test aMoveIntoAnUnanchoredCausalOwnerKeepsItsPreviousPlacement() started.
2026-10-06T08:36:23.3022070Z ◇ Test hierarchicalPasteDeletesOnlyObservedIntermediateSubtrees(actor:) started.
2026-10-06T08:36:23.3124190Z ◇ Test externalNormalizationFreshensSchemaLabelsWithoutChangingOpaqueReferenceData() started.
2026-10-06T08:36:23.3164160Z ◇ Test writingSessionDeletionCannotCollapseDifferentCutRanks(swap:) started.
2026-10-06T08:36:23.3191460Z ◇ Test localHistorySurvivesRestartWithoutRevertingRemoteWork() started.
2026-10-06T08:36:23.3234630Z ◇ Test heldProtocolFailureDoesNotStopLaterNestedChangesOrAcknowledgeTheFailure() started.
2026-10-06T08:36:23.3247030Z ◇ Test retainedPasteKeepsBothOpaqueOwnersAndOneAuthorUndo(actor:reversed:) started.
2026-10-06T08:36:23.3250540Z ◇ Test emptyNestedListItemOutdentsWithoutChangingIdentity() started.
2026-10-06T08:36:23.3261670Z ◇ Test v5RequiredUndoExportsRestartsAndRepairsWithoutLosingPeerMetadata() started.
2026-10-06T08:36:23.3357990Z ◇ Test retainedPasteSupersededEndpointContainerDoesNotClaimOldSourceGroup(actor:) started.
2026-10-06T08:36:23.3385230Z ◇ Test v4InsertionAfterReferenceNeighborRetainsAtomicPayloadAndMarks() started.
2026-10-06T08:36:23.3399720Z ◇ Test writingSessionSplitFollowsRemoteTextMarksSelectionsAndOneUndo() started.
2026-10-06T08:36:23.3409240Z ◇ Test schemaSoleEmptyListExitKeepsRootIdentityAndRemoteReopenedUndo() started.
2026-10-06T08:36:23.3415320Z ◇ Test independentTextAcceptanceUndoDoesNotResurrectAnotherAuthorsDeletion(version:) started.
2026-10-06T08:36:23.3424690Z ◇ Test retainedPasteBaselineRoleRequiresObservedRetirement(actor:) started.
2026-10-06T08:36:23.3432060Z ◇ Test concurrentCyclesAndCollidingMovesFallBackWithoutChangingIDs() started.
2026-10-06T08:36:23.3436440Z ◇ Test writingSessionReentrantCompositionQueueRetainsNewPacketsDuringDrain() started.
2026-10-06T08:36:23.3443970Z ◇ Test collectionInsertAfterMiddleExitKeepsRoleAnchorAcrossRemoteUndo() started.
2026-10-06T08:36:23.3456830Z ◇ Test undoKeepsRemoteDescendants() started.
2026-10-06T08:36:23.3558970Z ◇ Test writingSessionCompositionDefersReceiptsCapturesSelectionAndReleasesOnce() started.
2026-10-06T08:36:23.3628910Z ◇ Test retainedPasteAtZeroUsesOriginalEndpointAndNoBlankPrefix(actor:) started.
2026-10-06T08:36:23.3663240Z ◇ Test sameChangeTextAnchorsCannotNamePlacementsOrAnotherField(version:) started.
2026-10-06T08:36:23.3689550Z ◇ Test schemaOverlappingOwnerRepairRoutesBothHistoricalHeadsAndOriginalAtomOrigin(actor:repairOther:) started.
2026-10-06T08:36:23.3694030Z ◇ Test independentTextAcceptanceRestoredAuthorUndoPreservesRemoteMarksAndReference(version:) started.
2026-10-06T08:36:23.3700860Z ◇ Test writingSessionConcurrentDifferentCutsPreserveSegmentOrder(swap:) started.
2026-10-06T08:36:23.3704720Z ◇ Test concurrentFormattingAndDeletion() started.
2026-10-06T08:36:23.3731840Z ◇ Test hierarchicalPasteBoundaryAncestorKeepsChildrenAndForeignDescendants(actor:) started.
2026-10-06T08:36:23.3833380Z ◇ Test writingMathThresholdUnionAt10000PreservesBothAuthorsAndUndo(version:actor:) started.
2026-10-06T08:36:23.3938060Z ◇ Test schemaConvertedMergeDestinationPreservesTypeIdentityAndBothAuthorUndo(type:) started.
2026-10-06T08:36:23.4046480Z ◇ Test externalNormalizationPreservesRichReferenceAndPeerUndo(version:) started.
2026-10-06T08:36:23.4148480Z ◇ Test writingSessionRecoveryRepairUndoPreservesRemoteCutAndFailureProposal() started.
2026-10-06T08:36:23.4249970Z ◇ Test schemaMalformedV4ObservedFrontierLeavesAcceptedSaveUnchanged(fault:) started.
2026-10-06T08:36:23.4262780Z ◇ Test mixedPasteAdjacentInlineFieldsKeepTheirExplicitBreak(actor:emptyLeading:) started.
2026-10-06T08:36:23.4265530Z ◇ Test v4ConcurrentCutsKeepEachObservedPrefixPartition(actor:) started.
2026-10-06T08:36:23.4278100Z ◇ Test schemaOverlappingMovedItemConversionOriginsNeverDependOnDictionaryOrder() started.
2026-10-06T08:36:23.4279660Z ◇ Test writingSessionUnicodeReferenceAndUnknownPayloadSurviveSplitReopen() started.
2026-10-06T08:36:23.4281600Z ◇ Test schemaConcurrentPartitionsThatExhaustAnOwnerRetainRecoveryAndEitherAuthorCanRepair(actor:repairOther:) started.
2026-10-06T08:36:23.4283320Z ◇ Test recoveryTextEditsRetainUnicodeMarksAndAtomicReferences() started.
2026-10-06T08:36:23.4284690Z ◇ Test pasteBlocksSequentialSameBoundaryKeepsCapturedBeforeImportedGroup() started.
2026-10-06T08:36:23.4286070Z ◇ Test formattingAndStructureRedoPreserveUnrelatedRemoteChanges() started.
2026-10-06T08:36:23.4287460Z ◇ Test schemaConcurrentUnobservedPeerAndRetirementCanRetainRole(undoActor:) started.
2026-10-06T08:36:23.4288940Z ◇ Test v4InlineEnterPreservesSourceAttributesRichSuffixAndAuthorUndo(type:) started.
2026-10-06T08:36:23.4290450Z ◇ Test writingBatchRetainedRangeFollowsRemoteSplitAndPreservesItOnUndo() started.
2026-10-06T08:36:23.4291850Z ◇ Test writingSessionEmptyTextExtensionsSurviveAuthoringAndUndo() started.
2026-10-06T08:36:23.4293140Z ◇ Test seedAnchorsPreserveUnicodeReferencesAndTombstones(version:) started.
2026-10-06T08:36:23.4295940Z ◇ Test concurrentJoinedSourceConversionRetainsUnionForAuthorReconciliation(reverseActors:repairMerge:) started.
2026-10-06T08:36:23.4297780Z ◇ Test v5RejectsMixedVersionsAndUnknownVersionsWithoutAdmission() started.
2026-10-06T08:36:23.4299220Z ◇ Test generatedStructuralCollectionsOfflineEditsAndHistoryConverge(seed:kind:) started.
2026-10-06T08:36:23.4300870Z ◇ Test schemaListConversionKeepsRootIdentityRichAtomsMetadataAndRemoteUndo(style:) started.
2026-10-06T08:36:23.4302420Z ◇ Test insertedDescendantInitialPlacementsAndCausalReorderingRemainValid() started.
2026-10-06T08:36:23.4303550Z ◇ Test concurrentTypingAndAuthorUndo() started.
2026-10-06T08:36:23.4304760Z ◇ Test externalNormalizationFallbackKeepsVisibleNestedOrderAndAllowedRichNodes() started.
2026-10-06T08:36:23.4306430Z ◇ Test rejectedRepairsAndMalformedPayloadsLeaveThePendingUnionAndReceiptsIntact() started.
2026-10-06T08:36:23.4307960Z ◇ Test concurrentFormattingPreservesRemoteInsertionAndIndependentMarks() started.
2026-10-06T08:36:23.4309440Z ◇ Test blockConversionKeepsIdentityRichContentAndAuthorUndoAfterReopen() started.
2026-10-06T08:36:23.4310990Z ◇ Test v4TextRepairCompletesRequiredUndoAndPreservesAdditionalPeerMetadata(actor:) started.
2026-10-06T08:36:23.4312610Z ◇ Test schemaConversionRejectsReservedUnknownFieldCollisionsWithoutMutation(key:) started.
2026-10-06T08:36:23.4314150Z ◇ Test retainedPasteEndpointRoleKeepsOpaqueIdentityThroughHistory(actor:) started.
2026-10-06T08:36:23.4315460Z ◇ Test schemaRetirementBeforePeerBirthCannotForgeExposure() started.
2026-10-06T08:36:23.4316920Z ◇ Test pasteSpliceRejectsUnobservedSameEditOuterNeighborWhenActiveOrUndone(inactive:) started.
2026-10-06T08:36:23.4318560Z ◇ Test writingSessionCausalGapRecoveryPersistsSeparatelyAndReplaysOnRejoin() started.
2026-10-06T08:36:23.4320730Z ◇ Test reservedSeedReferencesRejectAtomically(version:) started.
2026-10-06T08:36:23.4321980Z ◇ Test nestedMovesRetainScopedIdentityTextMarksReferencesAndSelections() started.
2026-10-06T08:36:23.4323610Z ◇ Test dependentPlacementChainsPreserveExistingContentUntilTheirAnchorArrives(nested:) started.
2026-10-06T08:36:23.4325190Z ◇ Test retiredSplitHeadPositionPreservesV3AndRejectsUnrelatedDeletion() started.
2026-10-06T08:36:23.4326770Z ◇ Test v4ScalarMetadataPreservesOpaqueCompositeValuesAndRejectsActiveComposition() started.
2026-10-06T08:36:23.4328060Z ◇ Test sharedRecoveryBridgeFixture() started.
2026-10-06T08:36:23.4329180Z ◇ Test collectionTableConcurrentRowsCellsReorderRemoveAndReopenedUndo() started.
2026-10-06T08:36:23.4330830Z ◇ Test inactiveMovesStillRejectKnownAnchorsFromAnotherCollection(editedAnchor:) started.
2026-10-06T08:36:23.4348720Z ◇ Test undoNodeInsertionRemovesItsTextButRetainsRemoteAtoms() started.
2026-10-06T08:36:23.4350570Z ◇ Test mixedPasteZeroReplacementRetainsSuffixOriginWithConcurrentSplit(actor:upper:) started.
2026-10-06T08:36:23.4352170Z ◇ Test schemaMalformedRetainedRoleDoesNotChangeAcceptedSaveOrReachV3(fault:) started.
2026-10-06T08:36:23.4353510Z ◇ Test retainedPasteDoesNotUpgradeOrAdmitMixedEpochs() started.
2026-10-06T08:36:23.4354940Z ◇ Test hierarchicalPasteKeepsOriginalCollectionsAndWholeImportedMetadata(actor:reversed:) started.
2026-10-06T08:36:23.4356550Z ◇ Test retainedPasteRichReferenceCannotFlattenThroughConcurrentCode(actor:) started.
2026-10-06T08:36:23.4357830Z ◇ Test v5InheritsV4ObservedUnicodeAuthorUndoAndRestart() started.
2026-10-06T08:36:23.4359080Z ◇ Test textPositionsWaitForMissingCausalAnchorsAndRejectOtherDocuments() started.
2026-10-06T08:36:23.4360220Z ◇ Test knownUndoTargetsMustBeEdits(version:) started.
2026-10-06T08:36:23.4361490Z ◇ Test impossibleSameChangeNodePathsAndInitialAnchorsRejectAtomically(deferredParent:) started.
2026-10-06T08:36:23.4363110Z ◇ Test ordinarySplitBeforeFirstImportedMemberMustPrecedeWholeExistingGroup() started.
2026-10-06T08:36:23.4364710Z ◇ Test clipboardCollectionFreshensOnlySchemaIDsAndUndoesOnceWithRemoteChildren() started.
2026-10-06T08:36:23.4365920Z ◇ Test allDeliveryPermutationsConverge() started.
2026-10-06T08:36:23.4368710Z ◇ Test v4SoftBreakAfterInsertedRunSurvivesTransferredAndJoinedHistory(splitFirst:) started.
2026-10-06T08:36:23.4370570Z ◇ Test schemaConvertedMergeSourceRetainsUnionForEitherAuthorRepair(type:repairConversion:) started.
2026-10-06T08:36:23.4371340Z ◇ Test retainedPasteOverlappingEndpointExportsAndEitherAuthorRepairs(actor:repairPeer:) started.
2026-10-06T08:36:23.4372040Z ◇ Test undoOfMissingEditRemainsValidUntilItsCausalTargetArrives(version:) started.
2026-10-06T08:36:23.4372740Z ◇ Test v4RetiredSplitHeadTraversesLongValidatedBirthChainWithoutRecursion() started.
2026-10-06T08:36:23.4373390Z ◇ Test writingPrototypeAtomicReferencesMoveWithoutReplacement() started.
2026-10-06T08:36:23.4373820Z ◇ Test partialReferenceEditBecomesPlainText() started.
2026-10-06T08:36:23.4374410Z ◇ Test collectionInsertAfterProjectedPeerRetainsRoleProofAndUndo(baseline:) started.
2026-10-06T08:36:23.4375120Z ◇ Test v4ObservedRichPrefixSelectionReplacementRetainsReferencesFormattingAndPeerUndo(list:actor:) started.
2026-10-06T08:36:23.4376110Z ◇ Test v4ScalarMetadataIsAtomicAndCannotReplaceSchemaRichTextOrConversionAttributes() started.
2026-10-06T08:36:23.4376840Z ◇ Test retainedPasteAcceptsObservedRoleSourceAndRejectsErasedRoleCohort(actor:) started.
2026-10-06T08:36:23.4377510Z ◇ Test schemaListTextSemanticsCannotBeSpoofedIntoV3BatchOrRestore(exit:) started.
2026-10-06T08:36:23.4378120Z ◇ Test retainedPasteCannotRankFromUnobservedSourcePinEvenWithBaselineEdge() started.
2026-10-06T08:36:23.4378790Z ◇ Test oversizedDocumentAndCapacityErrorsKeepEveryUnappliedChangeRecoverable() started.
2026-10-06T08:36:23.4379410Z ◇ Test pasteBlocksAtZeroPreservesOriginalSuffixIdentityAndOpaqueBoundaryMetadata() started.
2026-10-06T08:36:23.4380540Z ◇ Test structuralPasteAtFieldStartMustRetainCompleteFirstNodeAndAvoidIncidentalBlankPrefix() started.
2026-10-06T08:36:23.4381220Z ◇ Test bridgeReportsErrorsAndReleasesSessions() started.
2026-10-06T08:36:23.4381860Z ◇ Test v4EmptySplitHeadPositionFollowsRetainedBoundaryAcrossPeerEditsUndoReopenAndRedo(list:actor:) started.
2026-10-06T08:36:23.4382570Z ◇ Test schemaEmptyRootItemExitPreservesBothIdentitiesAndRemoteHistory(index:actor:) started.
2026-10-06T08:36:23.4383260Z ◇ Test inlineReconciliationKeepsFormattingOperationsSeparateFromText() started.
2026-10-06T08:36:23.4383890Z ◇ Test externalNormalizationDoesNotCommitOrReleaseComposition() started.
2026-10-06T08:36:23.4384480Z ◇ Test writingSessionConcurrentMergeSplitFollowsBoundary(swap:side:) started.
2026-10-06T08:36:23.4384960Z ◇ Test v4SplitKeepsObservedInsertedPrefixAndPeerUndo(list:) started.
2026-10-06T08:36:23.4385440Z ◇ Test authoringRestrictionsDoNotDestroySavedBlocks() started.
2026-10-06T08:36:23.4386110Z ◇ Test writingPrototypeMergeRetainsBothNamespacesAndRemoteTextThroughUndo() started.
2026-10-06T08:36:23.4386770Z ◇ Test writingSessionReferenceInteriorSelectionFollowsSplitAndDeletion() started.
2026-10-06T08:36:23.4387350Z ◇ Test receiveHoldBoundsQueuedMessagesWithoutAcknowledgingThem() started.
2026-10-06T08:36:23.4387830Z ◇ Test reusedChildIDsRemainIndependentlyEditable() started.
2026-10-06T08:36:23.4388410Z ◇ Test v4RequiredUndoPersistsAndExplicitRedoRetainsEveryHistory(actor:) started.
2026-10-06T08:36:23.4389000Z ◇ Test writingSessionEmptyCodeHasNoSyntheticInlineRecord() started.
2026-10-06T08:36:23.4389560Z ◇ Test retainedPasteConcurrentHeadingPreservesEndpointSchemaAndUndo(actor:) started.
2026-10-06T08:36:23.4390250Z ◇ Test externalNormalizationRejectsVersionDepthAndUnknownKindWithoutMutatingSource() started.
2026-10-06T08:36:23.4390810Z ◇ Test externalNormalizationDoesNotRelaxLiveHostPolicy() started.
2026-10-06T08:36:23.4391300Z ◇ Test v2StructuralReplayPreservesTheMigrationCorpus() started.
2026-10-06T08:36:23.4391930Z ◇ Test duplicateRecursivelyRespectsAuthoringPolicyWithoutChangingAcceptedHistory() started.
2026-10-06T08:36:23.4392660Z ◇ Test hierarchicalPasteOldEpochAndIncompatibleKindRejectAtomically() started.
2026-10-06T08:36:23.4393410Z ◇ Test pasteSpliceRejectsDuplicateOwnershipEvenWhenAuthorUndoRetainsMalformedEdit(inactive:) started.
2026-10-06T08:36:23.4394500Z ◇ Test createdListDescendantsRetainOpaqueTypeMetadata(metadataType:) started.
2026-10-06T08:36:23.4395180Z ◇ Test writingSessionCutoverPreservesDocumentIDRequiresReconciliationAndArchivesUndo() started.
2026-10-06T08:36:23.4395790Z ◇ Test nestedPositionsRespectAtomicReferencesAndDoNotChangeSavedState() started.
2026-10-06T08:36:23.4396400Z ◇ Test schemaSoleEmptyItemExitRetainsChildrenAndReorderedPeerChildEdits(existing:actor:) started.
2026-10-06T08:36:23.4396980Z ◇ Test writingPrototypeBoundaryAffinityFollowsTheAdjacentContent() started.
2026-10-06T08:36:23.4397540Z ◇ Test markdownHeadingConsumesPrefixInOneUndoAndRespectsPolicyAndComposition() started.
2026-10-06T08:36:23.4397980Z ◇ Test sharedBridgeFixture() started.
2026-10-06T08:36:23.4398400Z ◇ Test writingPrototypeEmptyMergedFieldKeepsItsVirtualBoundaryAcrossUndo() started.
2026-10-06T08:36:23.4399020Z ◇ Test retainedPasteCanReuseObservedOrdinarySplitTail(actor:) started.
2026-10-06T08:36:23.4399690Z ◇ Test schemaInactiveConversionAllowsEitherAuthorToRepairPriorSortedMetadataConflict(repairConversion:) started.
2026-10-06T08:36:23.4400250Z ◇ Test markdownDialectAndUnknownProtocol() started.
2026-10-06T08:36:23.4400770Z ◇ Test retainedPasteNewWireCannotBeSpoofedIntoFiveOrMissingCohortAdmitted() started.
2026-10-06T08:36:23.4401420Z ◇ Test schemaRetiredListStyleStillRejectsMalformedWireAttribute() started.
2026-10-06T08:36:23.4402120Z ◇ Test writingSessionRejectsOldEpochProtocolAndMalformedBirthWithoutAcknowledging() started.
2026-10-06T08:36:23.4402750Z ◇ Test nestedReceiveHoldsPreserveCompositionAnchorsAndPreparationCallbacks() started.
2026-10-06T08:36:23.4403350Z ◇ Test protocolCutoverPreservesDocumentAndRejectsMixedVersionsAtomically() started.
2026-10-06T08:36:23.4404300Z ◇ Test case passing 2 arguments actor → "a", scenario → "source-before" to retainedPasteConcurrentSplitsOrderRetainedEndpointGroup(actor:scenario:) started.
2026-10-06T08:36:23.4405380Z ◇ Test case passing 2 arguments actor → "a", scenario → "source-after" to retainedPasteConcurrentSplitsOrderRetainedEndpointGroup(actor:scenario:) started.
2026-10-06T08:36:23.4406360Z ◇ Test case passing 2 arguments actor → "a", scenario → "endpoint-before" to retainedPasteConcurrentSplitsOrderRetainedEndpointGroup(actor:scenario:) started.
2026-10-06T08:36:23.4407330Z ◇ Test case passing 2 arguments actor → "a", scenario → "endpoint-after" to retainedPasteConcurrentSplitsOrderRetainedEndpointGroup(actor:scenario:) started.
2026-10-06T08:36:23.4408300Z ◇ Test case passing 2 arguments actor → "z", scenario → "source-before" to retainedPasteConcurrentSplitsOrderRetainedEndpointGroup(actor:scenario:) started.
2026-10-06T08:36:23.4409260Z ◇ Test case passing 2 arguments actor → "z", scenario → "source-after" to retainedPasteConcurrentSplitsOrderRetainedEndpointGroup(actor:scenario:) started.
2026-10-06T08:36:23.4410230Z ◇ Test case passing 2 arguments actor → "z", scenario → "endpoint-before" to retainedPasteConcurrentSplitsOrderRetainedEndpointGroup(actor:scenario:) started.
2026-10-06T08:36:23.4411180Z ◇ Test case passing 2 arguments actor → "a", cut → 1 to pasteBlocksPublicCommandRetainsWholeMetadataAndConcurrentCutGroups(actor:cut:) started.
2026-10-06T08:36:23.4412120Z ◇ Test case passing 2 arguments actor → "z", scenario → "endpoint-after" to retainedPasteConcurrentSplitsOrderRetainedEndpointGroup(actor:scenario:) started.
2026-10-06T08:36:23.4413040Z ◇ Test case passing 2 arguments actor → "a", cut → 2 to pasteBlocksPublicCommandRetainsWholeMetadataAndConcurrentCutGroups(actor:cut:) started.
2026-10-06T08:36:23.4413940Z ◇ Test case passing 2 arguments actor → "z", cut → 1 to pasteBlocksPublicCommandRetainsWholeMetadataAndConcurrentCutGroups(actor:cut:) started.
2026-10-06T08:36:23.4414850Z ◇ Test case passing 2 arguments actor → "z", cut → 2 to pasteBlocksPublicCommandRetainsWholeMetadataAndConcurrentCutGroups(actor:cut:) started.
2026-10-06T08:36:23.4415830Z ◇ Test case passing 2 arguments list → false, actor → "a" to v4SequentialInsertionKeepsObservedRunOrderAndPeerUndo(list:actor:) started.
2026-10-06T08:36:23.4416990Z ◇ Test case passing 1 argument actor → "a" to v4ConcurrentCutPreservesUnobservedInsertedPrefixInEarlierTail(actor:) started.
2026-10-06T08:36:23.4417800Z ◇ Test case passing 1 argument actor → "z" to v4ConcurrentCutPreservesUnobservedInsertedPrefixInEarlierTail(actor:) started.
2026-10-06T08:36:23.4418600Z ◇ Test case passing 2 arguments list → false, actor → "z" to v4SequentialInsertionKeepsObservedRunOrderAndPeerUndo(list:actor:) started.
2026-10-06T08:36:23.4419430Z ◇ Test case passing 2 arguments list → true, actor → "a" to v4SequentialInsertionKeepsObservedRunOrderAndPeerUndo(list:actor:) started.
2026-10-06T08:36:23.4420380Z ◇ Test case passing 2 arguments type → "list", reverseActors → false to schemaConversionAndOldParagraphSplitUseRetainedOriginWithAuthorUndo(type:reverseActors:) started.
2026-10-06T08:36:23.4421540Z ◇ Test case passing 2 arguments type → "list", reverseActors → true to schemaConversionAndOldParagraphSplitUseRetainedOriginWithAuthorUndo(type:reverseActors:) started.
2026-10-06T08:36:23.4422660Z ◇ Test case passing 2 arguments list → true, actor → "z" to v4SequentialInsertionKeepsObservedRunOrderAndPeerUndo(list:actor:) started.
2026-10-06T08:36:23.4423610Z ◇ Test case passing 2 arguments type → "code", reverseActors → false to schemaConversionAndOldParagraphSplitUseRetainedOriginWithAuthorUndo(type:reverseActors:) started.
2026-10-06T08:36:23.4424690Z ◇ Test case passing 2 arguments type → "code", reverseActors → true to schemaConversionAndOldParagraphSplitUseRetainedOriginWithAuthorUndo(type:reverseActors:) started.
2026-10-06T08:36:23.4425480Z ◇ Test catalogProducesAdmittedBlocksAndAvailabilityHonorsHostPolicy() started.
2026-10-06T08:36:23.4426290Z ◇ Test staleDeletionDoesNotEraseNewPeerCellsAndMalformedPlansAreAtomic() started.
2026-10-06T08:36:23.4426880Z ◇ Test insertedRowsAndColumnsHaveIndependentEditableOriginsAndUndo() started.
2026-10-06T08:36:23.4427380Z ◇ Test headerUndoKeepsLaterPeerCellText() started.
2026-10-06T08:36:23.4427960Z ◇ Test case passing 1 argument seed → 1 to generatedOfflineTextAndFormattingConverge(seed:) started.
2026-10-06T08:36:23.4428580Z ◇ Test case passing 1 argument seed → 7 to generatedOfflineTextAndFormattingConverge(seed:) started.
2026-10-06T08:36:23.4429330Z ◇ Test case passing 1 argument seed → 42 to generatedOfflineTextAndFormattingConverge(seed:) started.
2026-10-06T08:36:23.4430090Z ◇ Test case passing 1 argument seed → 255 to generatedOfflineTextAndFormattingConverge(seed:) started.
2026-10-06T08:36:23.4430840Z ◇ Test case passing 1 argument seed → 65537 to generatedOfflineTextAndFormattingConverge(seed:) started.
2026-10-06T08:36:23.4431480Z ◇ Test case passing 1 argument seed → 20260930 to generatedOfflineTextAndFormattingConverge(seed:) started.
2026-10-06T08:36:23.4432250Z ◇ Test case passing 1 argument seed → 999983 to generatedOfflineTextAndFormattingConverge(seed:) started.
2026-10-06T08:36:23.4433000Z ◇ Test case passing 1 argument seed → 4294967295 to generatedOfflineTextAndFormattingConverge(seed:) started.
2026-10-06T08:36:23.4433670Z ◇ Test duplicateDeliveryCannotReenterPublicationOrImplicitlyRedoAfterUndo() started.
2026-10-06T08:36:23.4434380Z ◇ Test titleCutSupportsBackwardOverlappingRangesAndPeerTextWithOneReplacementGroup() started.
2026-10-06T08:36:23.4435130Z ◇ Test pendingRecoveryRetainsPublishedClipboardUntilOriginalCausalHistoryArrives() started.
2026-10-06T08:36:23.4435840Z ◇ Test deletedAndReusedSourceLabelOrDifferentSessionCannotRetargetDelayedCut() started.
2026-10-06T08:36:23.4436600Z ◇ Test case passing 1 argument actor → "a" to mixedPasteAbsorbsOnlyExplicitInlineBoundariesAndFreshensWholeSchemaNodes(actor:) started.
2026-10-06T08:36:46.8076190Z ◇ Test case passing 1 argument actor → "z" to mixedPasteAbsorbsOnlyExplicitInlineBoundariesAndFreshensWholeSchemaNodes(actor:) started.
2026-10-06T08:36:46.8178220Z ◇ Test wholeLayoutCutKeepsUnobservedPeerChildInItsValidOriginalContainer() started.
2026-10-06T08:36:46.8279830Z ◇ Test capturedPartialCutFollowsPeerSplitWithoutRemovingUnobservedTailText() started.
2026-10-06T08:36:46.8382810Z ◇ Test preparationAndDelayedCompletionRecheckPolicyCompositionAndCancellationWithoutPublishingHistory() started.
2026-10-06T08:36:46.8484690Z ◇ Test publicationFailureOrThrowDoesNotDeleteOrCreateHistoryAndPublisherSeesExactPayloadFirst() started.
2026-10-06T08:36:46.8586400Z ◇ Test emptyPublicationConsumesItsPreparationAndNeverDeletesLaterPeerInput() started.
2026-10-06T08:36:46.8687760Z ◇ Test delayedMixedCutPreservesPeerTextAndDeletesOnlyCapturedOriginsInOneGroup() started.
2026-10-06T08:36:46.8788300Z ◇ Test case passing 1 argument converter → "a" to schemaConversionAndOldOriginEditConvergeUnderReversedActorAndDeliveryOrder(converter:) started.
2026-10-06T08:36:46.8889550Z ◇ Test case passing 1 argument converter → "z" to schemaConversionAndOldOriginEditConvergeUnderReversedActorAndDeliveryOrder(converter:) started.
2026-10-06T08:36:46.8990360Z ◇ Test case passing 2 arguments actor → "a", scenario → "source-before" to crossPasteConcurrentBoundarySplitsPreserveCutOwners(actor:scenario:) started.
2026-10-06T08:36:46.9092270Z ◇ Test case passing 2 arguments actor → "a", scenario → "source-after" to crossPasteConcurrentBoundarySplitsPreserveCutOwners(actor:scenario:) started.
2026-10-06T08:36:46.9128490Z ◇ Test case passing 2 arguments actor → "a", scenario → "endpoint-before" to crossPasteConcurrentBoundarySplitsPreserveCutOwners(actor:scenario:) started.
2026-10-06T08:36:46.9231270Z ◇ Test case passing 2 arguments actor → "a", scenario → "endpoint-after" to crossPasteConcurrentBoundarySplitsPreserveCutOwners(actor:scenario:) started.
2026-10-06T08:36:46.9332740Z ◇ Test case passing 2 arguments actor → "z", scenario → "source-before" to crossPasteConcurrentBoundarySplitsPreserveCutOwners(actor:scenario:) started.
2026-10-06T08:36:46.9440910Z ◇ Test case passing 2 arguments actor → "z", scenario → "source-after" to crossPasteConcurrentBoundarySplitsPreserveCutOwners(actor:scenario:) started.
2026-10-06T08:36:46.9543110Z ◇ Test case passing 2 arguments actor → "z", scenario → "endpoint-before" to crossPasteConcurrentBoundarySplitsPreserveCutOwners(actor:scenario:) started.
2026-10-06T08:36:46.9644740Z ◇ Test case passing 2 arguments actor → "z", scenario → "endpoint-after" to crossPasteConcurrentBoundarySplitsPreserveCutOwners(actor:scenario:) started.
2026-10-06T08:36:46.9751070Z ✔ Test sameChangeMovesCannotHideExistingContentInAnAnchorCycle(version:) with 2 test cases passed after 13.181 seconds.
2026-10-06T08:36:46.9853410Z ◇ Test capturedAtomsFollowPeerSplitsWhileUnobservedPeerTextAndOverlappingRangesDoNotDuplicate() started.
2026-10-06T08:36:46.9961620Z ◇ Test modernMarksReferencesAndOpaqueNodeDataRemainExactWithSeparatePastePolicy() started.
2026-10-06T08:36:47.0074040Z ◇ Test modernItemRowCellPayloadsValidateSemanticMarksWithoutLegacyAdmission() started.
2026-10-06T08:36:47.0176010Z ◇ Test copiedFilesAndPreviewsRemainInertAndRequireExplicitSafeMetadataPermission() started.
2026-10-06T08:36:47.0286260Z ◇ Test readOnlyCopyWorksUnderCompositionAndAuthoringPolicyButTitleCannotMixWithBody() started.
2026-10-06T08:36:47.0387730Z ◇ Test mixedWholeAndBackwardPartialCopyHasLiteralOrderAndLeavesHistoryFocusUntouched() started.
2026-10-06T08:36:47.0490090Z ◇ Test malformedNodeKindsDepthAndFutureScopeRejectWithoutHistoryMutation() started.
2026-10-06T08:36:47.0594380Z ◇ Test sameFieldPeerInsertionDoesNotInventAParagraphBreakInCapturedCopy() started.
2026-10-06T08:36:47.0695900Z ◇ Test hiddenToggleAndTwoColumnsCopyAllContentSplitAndOpaqueMetadataInLogicalOrder() started.
2026-10-06T08:36:47.0797340Z ◇ Test wholeSubtreeCopySuppressesRedundantPartialRangesAndTracksCurrentMaterialization() started.
2026-10-06T08:36:47.0898500Z ◇ Test versionUnknownFieldsDuplicateKeysFallbackMismatchAndNestedLayoutReject() started.
2026-10-06T08:36:47.0999890Z ◇ Test case passing 1 argument version → 1 to legacyStoppedAuthorReorderedUndoRedoKeepsWinningAvailability(version:) started.
2026-10-06T08:36:47.1102410Z ◇ Test case passing 1 argument version → 2 to legacyStoppedAuthorReorderedUndoRedoKeepsWinningAvailability(version:) started.
2026-10-06T08:36:47.1204130Z ◇ Test case passing 2 arguments version → 3, key → "level" to schemaInlineConversionDoesNotOverwriteUnknownReservedMetadata(version:key:) started.
2026-10-06T08:36:47.1305970Z ◇ Test case passing 2 arguments version → 3, key → "variant" to schemaInlineConversionDoesNotOverwriteUnknownReservedMetadata(version:key:) started.
2026-10-06T08:36:47.1407750Z ◇ Test case passing 2 arguments version → 4, key → "level" to schemaInlineConversionDoesNotOverwriteUnknownReservedMetadata(version:key:) started.
2026-10-06T08:36:47.1509370Z ◇ Test case passing 2 arguments version → 4, key → "variant" to schemaInlineConversionDoesNotOverwriteUnknownReservedMetadata(version:key:) started.
2026-10-06T08:36:47.1610870Z ✔ Test clipboardMixedCopyUsesVisibleOrderAfterRemoteMove() passed after 13.334 seconds.
2026-10-06T08:36:47.1712880Z ◇ Test case passing 2 arguments actor → "a", acrossContainer → false to retainedPasteLaterEndpointMoveStaysAuthoritativeThroughOwnUndo(actor:acrossContainer:) started.
2026-10-06T08:36:47.1814890Z ◇ Test case passing 2 arguments actor → "a", acrossContainer → true to retainedPasteLaterEndpointMoveStaysAuthoritativeThroughOwnUndo(actor:acrossContainer:) started.
2026-10-06T08:36:47.1915280Z ◇ Test case passing 2 arguments actor → "z", acrossContainer → false to retainedPasteLaterEndpointMoveStaysAuthoritativeThroughOwnUndo(actor:acrossContainer:) started.
2026-10-06T08:36:47.1959820Z ◇ Test case passing 2 arguments actor → "z", acrossContainer → true to retainedPasteLaterEndpointMoveStaysAuthoritativeThroughOwnUndo(actor:acrossContainer:) started.
2026-10-06T08:36:47.2061690Z ◇ Test case passing 1 argument retired → false to schemaEmptyExitRejectsVisibleAndRetainedRootLabelCollisionAtomically(retired:) started.
2026-10-06T08:36:47.2181120Z ◇ Test case passing 1 argument retired → true to schemaEmptyExitRejectsVisibleAndRetainedRootLabelCollisionAtomically(retired:) started.
2026-10-06T08:36:47.2314130Z ✔ Test clipboardMarkdownDividerRoundTripsWithFreshIdentityAndPolicy() passed after 13.898 seconds.
2026-10-06T08:36:47.2415380Z ◇ Test case passing 2 arguments version → 4, scenario → ("a", 15) to writingDepthBoundaryKeepsOriginsAndPeerAtomsThroughExplicitRecovery(version:scenario:) started.
2026-10-06T08:36:47.2515650Z ◇ Test case passing 2 arguments version → 4, scenario → ("a", 16) to writingDepthBoundaryKeepsOriginsAndPeerAtomsThroughExplicitRecovery(version:scenario:) started.
2026-10-06T08:36:47.2637550Z ◇ Test case passing 2 arguments version → 4, scenario → ("z", 15) to writingDepthBoundaryKeepsOriginsAndPeerAtomsThroughExplicitRecovery(version:scenario:) started.
2026-10-06T08:36:47.2746580Z ◇ Test case passing 2 arguments version → 4, scenario → ("z", 16) to writingDepthBoundaryKeepsOriginsAndPeerAtomsThroughExplicitRecovery(version:scenario:) started.
2026-10-06T08:36:47.2848470Z ◇ Test case passing 2 arguments version → 5, scenario → ("a", 15) to writingDepthBoundaryKeepsOriginsAndPeerAtomsThroughExplicitRecovery(version:scenario:) started.
2026-10-06T08:36:47.2953670Z ◇ Test case passing 2 arguments version → 5, scenario → ("a", 16) to writingDepthBoundaryKeepsOriginsAndPeerAtomsThroughExplicitRecovery(version:scenario:) started.
2026-10-06T08:36:47.3096960Z ◇ Test case passing 2 arguments version → 5, scenario → ("z", 15) to writingDepthBoundaryKeepsOriginsAndPeerAtomsThroughExplicitRecovery(version:scenario:) started.
2026-10-06T08:36:47.3197470Z ◇ Test case passing 2 arguments version → 5, scenario → ("z", 16) to writingDepthBoundaryKeepsOriginsAndPeerAtomsThroughExplicitRecovery(version:scenario:) started.
2026-10-06T08:36:47.3339090Z ◇ Test case passing 2 arguments actor → "a", reversedDelivery → false to hierarchicalPasteNestedImportsAndParentEnterKeepIndependentCollections(actor:reversedDelivery:) started.
2026-10-06T08:36:47.3450760Z ◇ Test case passing 2 arguments actor → "a", reversedDelivery → true to hierarchicalPasteNestedImportsAndParentEnterKeepIndependentCollections(actor:reversedDelivery:) started.
2026-10-06T08:36:47.3712400Z ◇ Test case passing 2 arguments actor → "z", reversedDelivery → false to hierarchicalPasteNestedImportsAndParentEnterKeepIndependentCollections(actor:reversedDelivery:) started.
2026-10-06T08:36:47.3785500Z ◇ Test case passing 2 arguments actor → "z", reversedDelivery → true to hierarchicalPasteNestedImportsAndParentEnterKeepIndependentCollections(actor:reversedDelivery:) started.
2026-10-06T08:36:47.3894700Z ◇ Test case passing 2 arguments actor → "a", concurrentCut → false to retainedPasteDifferentLaterSourceKeepsEarlierImportedMember(actor:concurrentCut:) started.
2026-10-06T08:36:47.4008800Z ◇ Test case passing 2 arguments actor → "a", concurrentCut → true to retainedPasteDifferentLaterSourceKeepsEarlierImportedMember(actor:concurrentCut:) started.
2026-10-06T08:36:47.4138720Z ◇ Test case passing 2 arguments actor → "z", concurrentCut → false to retainedPasteDifferentLaterSourceKeepsEarlierImportedMember(actor:concurrentCut:) started.
2026-10-06T08:36:47.4262720Z ◇ Test case passing 2 arguments actor → "z", concurrentCut → true to retainedPasteDifferentLaterSourceKeepsEarlierImportedMember(actor:concurrentCut:) started.
2026-10-06T08:36:47.4390060Z ◇ Test actual32MBUnionRetainsRejectedHistoryAndPeerMetadata(version:excess:) started.
2026-10-06T08:36:47.4491750Z ◇ Test case passing 1 argument actor → "a" to retainedPasteSequentialReuseKeepsOneStepHistory(actor:) started.
2026-10-06T08:36:47.4593230Z ◇ Test case passing 1 argument actor → "z" to retainedPasteSequentialReuseKeepsOneStepHistory(actor:) started.
2026-10-06T08:36:47.4693770Z ◇ Test case passing 1 argument command → "heading" to schemaRetainedPeerSupportsConversionShortcutAndMerge(command:) started.
2026-10-06T08:36:47.4793910Z ◇ Test case passing 1 argument command → "code" to schemaRetainedPeerSupportsConversionShortcutAndMerge(command:) started.
2026-10-06T08:36:47.4895700Z ◇ Test case passing 1 argument command → "list" to schemaRetainedPeerSupportsConversionShortcutAndMerge(command:) started.
2026-10-06T08:36:47.4997510Z ◇ Test case passing 1 argument command → "shortcut" to schemaRetainedPeerSupportsConversionShortcutAndMerge(command:) started.
2026-10-06T08:36:47.5099090Z ◇ Test case passing 1 argument command → "mergeLeft" to schemaRetainedPeerSupportsConversionShortcutAndMerge(command:) started.
2026-10-06T08:36:47.5145730Z ◇ Test case passing 1 argument command → "mergeRight" to schemaRetainedPeerSupportsConversionShortcutAndMerge(command:) started.
2026-10-06T08:36:47.5247430Z ◇ Test case passing 1 argument actor → "a" to crossPastePreservesUnseenIntermediateChildAndBoundaryText(actor:) started.
2026-10-06T08:36:47.5349040Z ◇ Test case passing 1 argument actor → "z" to crossPastePreservesUnseenIntermediateChildAndBoundaryText(actor:) started.
2026-10-06T08:36:47.5450640Z ✔ Test writingBatchCrossCollectionRangeKeepsBoundaryAncestorsAndUnselectedChildren() passed after 34.679 seconds.
2026-10-06T08:36:47.5552240Z ✔ Test writingSessionNestedSplitKeepsContainerIDsReferencesAndUndo() passed after 34.679 seconds.
2026-10-06T08:36:47.5667170Z ✔ Test v5SpliceOnExposedPeerParagraphPreservesRoleAcrossWrapperUndoAndReopen(wrapperActor:) with 2 test cases passed after 34.714 seconds.
2026-10-06T08:36:47.5776780Z ✔ Test cachedWritingOrderMatchesCanonicalIdentityOrder() passed after 34.715 seconds.
2026-10-06T08:36:47.5881420Z ◇ Test deletedSourceAndOwnerReusedLabelsScopeAndPolicyRejectUnchanged() started.
2026-10-06T08:36:47.5986690Z ◇ Test copiedChildPeersRemainRecoverableAcrossAuthorUndoRedoAndReopen() started.
2026-10-06T08:36:47.6112920Z ◇ Test forgedCopyPayloadAndInvisibleMalformedPacketsRejectAtomically() started.
2026-10-06T08:36:47.6113690Z ◇ Test columnDestinationAdmitsOrdinaryCopiesAndRejectsNestedLayoutOrDeletedOwner() started.
2026-10-06T08:36:47.6114660Z ✔ Test hierarchicalPasteConcurrentImportsUseRetainedRankInSameChildCollection(actor:reversedDelivery:) with 4 test cases passed after 34.716 seconds.
2026-10-06T08:36:47.6115700Z ◇ Test nestedListsTablesColumnsFreshenOnlySchemaIDsAndRetainLiteralRichAndOpaqueFields() started.
2026-10-06T08:36:47.6117110Z ◇ Test opaqueBlockIsCopiedVerbatimWithItsOnlyKnownSchemaIDFreshened() started.
2026-10-06T08:36:47.6117840Z ◇ Test admissionCopiesObservedTextButLaterOriginalPeerEditsAndUndoRemainIndependent() started.
2026-10-06T08:36:47.6118670Z ◇ Test duplicateFromPeerSplitCopiesOnlyCurrentVisibleContentNotBirthPayload() started.
2026-10-06T08:36:47.6119490Z ◇ Test copiedExposedPeerParagraphAndFollowingAnchorSurviveOriginalListRedo() started.
2026-10-06T08:36:47.6120270Z ◇ Test capturedOrderSurvivesPeerMovesAndHistoricalDeletedBoundaryRemainsUsable() started.
2026-10-06T08:36:47.6120970Z ◇ Test acceptedDuplicateLiteralSelectsCopyAndFocusesItsFirstInputOneStep() started.
2026-10-06T08:36:47.6122010Z ◇ Test case passing 2 arguments reverseActors → false, repairFirst → false to schemaConcurrentListConversionsKeepRecoverableUnionAndEitherAuthorCanRepair(reverseActors:repairFirst:) started.
2026-10-06T08:36:47.6123560Z ◇ Test case passing 2 arguments reverseActors → false, repairFirst → true to schemaConcurrentListConversionsKeepRecoverableUnionAndEitherAuthorCanRepair(reverseActors:repairFirst:) started.
2026-10-06T08:36:47.6124910Z ◇ Test case passing 2 arguments reverseActors → true, repairFirst → false to schemaConcurrentListConversionsKeepRecoverableUnionAndEitherAuthorCanRepair(reverseActors:repairFirst:) started.
2026-10-06T08:36:47.6126170Z ◇ Test case passing 2 arguments reverseActors → true, repairFirst → true to schemaConcurrentListConversionsKeepRecoverableUnionAndEitherAuthorCanRepair(reverseActors:repairFirst:) started.
2026-10-06T08:36:47.6127280Z ◇ Test case passing 1 argument initialized → false to legacySeedNamespaceFollowsTheTextActuallyInitialized(initialized:) started.
2026-10-06T08:36:47.6128350Z ◇ Test case passing 1 argument initialized → true to legacySeedNamespaceFollowsTheTextActuallyInitialized(initialized:) started.
2026-10-06T08:36:47.6129370Z ◇ Test case passing 2 arguments pasteActor → "a", pasteCut → 1 to pasteSpliceExplicitGroupKeepsConcurrentCutsInBoundaryOrder(pasteActor:pasteCut:) started.
2026-10-06T08:36:47.6191920Z ◇ Test case passing 2 arguments pasteActor → "a", pasteCut → 2 to pasteSpliceExplicitGroupKeepsConcurrentCutsInBoundaryOrder(pasteActor:pasteCut:) started.
2026-10-06T08:36:47.6307240Z ◇ Test case passing 2 arguments pasteActor → "z", pasteCut → 1 to pasteSpliceExplicitGroupKeepsConcurrentCutsInBoundaryOrder(pasteActor:pasteCut:) started.
2026-10-06T08:36:47.6414850Z ◇ Test case passing 2 arguments pasteActor → "z", pasteCut → 2 to pasteSpliceExplicitGroupKeepsConcurrentCutsInBoundaryOrder(pasteActor:pasteCut:) started.
2026-10-06T08:36:47.6531520Z ◇ Test case passing 1 argument actor → "a" to retainedPasteAfterOrdinarySourceMoveUsesLiveOrderNotRgaAfterAncestry(actor:) started.
2026-10-06T08:36:47.6657020Z ◇ Test case passing 1 argument actor → "z" to retainedPasteAfterOrdinarySourceMoveUsesLiveOrderNotRgaAfterAncestry(actor:) started.
2026-10-06T08:36:47.6759620Z ◇ Test case passing 1 argument fault → "negative" to schemaMalformedRoleAnchorAndHiddenFirstItemRejectAtomically(fault:) started.
2026-10-06T08:36:47.6871080Z ◇ Test case passing 1 argument fault → "zero" to schemaMalformedRoleAnchorAndHiddenFirstItemRejectAtomically(fault:) started.
2026-10-06T08:36:47.6972900Z ◇ Test case passing 1 argument fault → "future" to schemaMalformedRoleAnchorAndHiddenFirstItemRejectAtomically(fault:) started.
2026-10-06T08:36:47.7073260Z ◇ Test case passing 1 argument fault → "actor" to schemaMalformedRoleAnchorAndHiddenFirstItemRejectAtomically(fault:) started.
2026-10-06T08:36:47.7173450Z ◇ Test case passing 1 argument fault → "firstItem" to schemaMalformedRoleAnchorAndHiddenFirstItemRejectAtomically(fault:) started.
2026-10-06T08:36:47.7273880Z ◇ Test case passing 1 argument levels → 17 to depthLimitUnionCanBeRepairedWithoutChangingExistingIDsOrContent(levels:) started.
2026-10-06T08:36:47.7375620Z ◇ Test case passing 1 argument levels → 20 to depthLimitUnionCanBeRepairedWithoutChangingExistingIDsOrContent(levels:) started.
2026-10-06T08:36:47.7476500Z ◇ Test case passing 1 argument levels → 24 to depthLimitUnionCanBeRepairedWithoutChangingExistingIDsOrContent(levels:) started.
2026-10-06T08:36:47.7575650Z ◇ Test case passing 1 argument version → 1 to sameTransactionCreationSeedsRemainValid(version:) started.
2026-10-06T08:36:47.7676880Z ◇ Test case passing 1 argument version → 2 to sameTransactionCreationSeedsRemainValid(version:) started.
2026-10-06T08:36:47.7778810Z ◇ Test case passing 2 arguments seed → 1, kind → .root to generatedRecoveryCollisionsRetainAllCollectionKinds(seed:kind:) started.
2026-10-06T08:36:47.7892560Z ◇ Test case passing 2 arguments seed → 1, kind → .toggleChildren to generatedRecoveryCollisionsRetainAllCollectionKinds(seed:kind:) started.
2026-10-06T08:36:47.7979590Z ◇ Test case passing 2 arguments seed → 1, kind → .listItems to generatedRecoveryCollisionsRetainAllCollectionKinds(seed:kind:) started.
2026-10-06T08:36:47.8080050Z ◇ Test case passing 2 arguments seed → 1, kind → .tableRows to generatedRecoveryCollisionsRetainAllCollectionKinds(seed:kind:) started.
2026-10-06T08:36:47.8181480Z ◇ Test case passing 2 arguments seed → 1, kind → .tableCells to generatedRecoveryCollisionsRetainAllCollectionKinds(seed:kind:) started.
2026-10-06T08:36:47.8256800Z ◇ Test case passing 2 arguments seed → 7, kind → .root to generatedRecoveryCollisionsRetainAllCollectionKinds(seed:kind:) started.
2026-10-06T08:36:47.8264090Z ◇ Test case passing 2 arguments seed → 7, kind → .toggleChildren to generatedRecoveryCollisionsRetainAllCollectionKinds(seed:kind:) started.
2026-10-06T08:36:47.8265860Z ◇ Test case passing 2 arguments seed → 7, kind → .listItems to generatedRecoveryCollisionsRetainAllCollectionKinds(seed:kind:) started.
2026-10-06T08:36:47.8269040Z ◇ Test case passing 2 arguments seed → 7, kind → .tableRows to generatedRecoveryCollisionsRetainAllCollectionKinds(seed:kind:) started.
2026-10-06T08:36:47.8277030Z ◇ Test case passing 2 arguments seed → 7, kind → .tableCells to generatedRecoveryCollisionsRetainAllCollectionKinds(seed:kind:) started.
2026-10-06T08:36:47.8278080Z ◇ Test case passing 2 arguments seed → 42, kind → .root to generatedRecoveryCollisionsRetainAllCollectionKinds(seed:kind:) started.
2026-10-06T08:36:47.8279030Z ◇ Test case passing 2 arguments seed → 42, kind → .toggleChildren to generatedRecoveryCollisionsRetainAllCollectionKinds(seed:kind:) started.
2026-10-06T08:36:47.8279990Z ◇ Test case passing 2 arguments seed → 42, kind → .listItems to generatedRecoveryCollisionsRetainAllCollectionKinds(seed:kind:) started.
2026-10-06T08:37:56.7953160Z ◇ Test case passing 2 arguments seed → 42, kind → .tableRows to generatedRecoveryCollisionsRetainAllCollectionKinds(seed:kind:) started.
2026-10-06T08:37:56.8059290Z ◇ Test case passing 2 arguments seed → 42, kind → .tableCells to generatedRecoveryCollisionsRetainAllCollectionKinds(seed:kind:) started.
2026-10-06T08:37:56.8093250Z ◇ Test case passing 2 arguments seed → 255, kind → .root to generatedRecoveryCollisionsRetainAllCollectionKinds(seed:kind:) started.
2026-10-06T08:37:56.8264540Z ◇ Test case passing 2 arguments seed → 255, kind → .toggleChildren to generatedRecoveryCollisionsRetainAllCollectionKinds(seed:kind:) started.
2026-10-06T08:37:56.8328540Z ◇ Test case passing 2 arguments seed → 255, kind → .listItems to generatedRecoveryCollisionsRetainAllCollectionKinds(seed:kind:) started.
2026-10-06T08:37:56.8334280Z ◇ Test case passing 2 arguments seed → 255, kind → .tableRows to generatedRecoveryCollisionsRetainAllCollectionKinds(seed:kind:) started.
2026-10-06T08:37:56.8338930Z ◇ Test case passing 2 arguments seed → 255, kind → .tableCells to generatedRecoveryCollisionsRetainAllCollectionKinds(seed:kind:) started.
2026-10-06T08:37:56.8343990Z ◇ Test checkedCompletionReturnsNoFocusAndRequestStateIsSeparateFromAcceptedSave() started.
2026-10-06T08:37:56.8349720Z ◇ Test acceptedACC15SwitchRetainsResultWithoutReplacementMutationOrOriginAcknowledgment() started.
2026-10-06T08:37:56.8355840Z ◇ Test policyCompositionCancelFailureAndReopenPreserveProviderRecordsWithoutAutomaticCompletion() started.
2026-10-06T08:37:56.8374160Z ◇ Test case passing 2 arguments actor → "a", cut → 1 to mixedPasteConcurrentCutsOrderCompleteGroupsAndFollowBoundaryPrefix(actor:cut:) started.
2026-10-06T08:37:56.8393250Z ◇ Test case passing 2 arguments actor → "a", cut → 2 to mixedPasteConcurrentCutsOrderCompleteGroupsAndFollowBoundaryPrefix(actor:cut:) started.
2026-10-06T08:37:56.8416970Z ◇ Test case passing 2 arguments actor → "z", cut → 2 to mixedPasteConcurrentCutsOrderCompleteGroupsAndFollowBoundaryPrefix(actor:cut:) started.
2026-10-06T08:37:56.8462510Z ◇ Test case passing 2 arguments actor → "z", cut → 1 to mixedPasteConcurrentCutsOrderCompleteGroupsAndFollowBoundaryPrefix(actor:cut:) started.
2026-10-06T08:37:56.8485540Z ◇ Test case passing 1 argument joinFirst → false to v4CausalSplitPinsEarlierDestinationAndJoinedPrefix(joinFirst:) started.
2026-10-06T08:37:56.8489380Z ◇ Test case passing 1 argument joinFirst → true to v4CausalSplitPinsEarlierDestinationAndJoinedPrefix(joinFirst:) started.
2026-10-06T08:37:56.8613840Z ◇ Test case passing 2 arguments version → 4, actor → "a" to writingMathThresholdUnionAt10001RetainsProposalAndRepairsWithoutLosingPeerAtoms(version:actor:) started.
2026-10-06T08:37:56.8713050Z ◇ Test case passing 2 arguments version → 4, actor → "z" to writingMathThresholdUnionAt10001RetainsProposalAndRepairsWithoutLosingPeerAtoms(version:actor:) started.
2026-10-06T08:37:56.8716750Z ◇ Test case passing 2 arguments version → 5, actor → "a" to writingMathThresholdUnionAt10001RetainsProposalAndRepairsWithoutLosingPeerAtoms(version:actor:) started.
2026-10-06T08:37:56.8723930Z ◇ Test case passing 2 arguments version → 5, actor → "z" to writingMathThresholdUnionAt10001RetainsProposalAndRepairsWithoutLosingPeerAtoms(version:actor:) started.
2026-10-06T08:37:56.8738920Z ✔ Test writingSessionReplacementAndSoftBreakAreAtomicAndCompositionGuarded() passed after 52.976 seconds.
2026-10-06T08:37:56.8748100Z ◇ Test case passing 1 argument inactive → false to spliceDuplicateDescriptorMustRemainMalformedWhenAuthorUndone(inactive:) started.
2026-10-06T08:37:56.8752070Z ◇ Test case passing 1 argument inactive → true to spliceDuplicateDescriptorMustRemainMalformedWhenAuthorUndone(inactive:) started.
2026-10-06T08:37:56.8756070Z ◇ Test case passing 1 argument offset → 0 to writingSessionSequentialCutsKeepObservedSiblingOrder(offset:) started.
2026-10-06T08:37:56.8760850Z ◇ Test case passing 1 argument offset → 1 to writingSessionSequentialCutsKeepObservedSiblingOrder(offset:) started.
2026-10-06T08:37:56.8766110Z ◇ Test case passing 1 argument name → "writing" to writingSharedBridgeFixture(name:) started.
2026-10-06T08:37:56.8774870Z ◇ Test case passing 1 argument name → "blockCommands" to writingSharedBridgeFixture(name:) started.
2026-10-06T08:37:56.8793260Z ◇ Test case passing 1 argument name → "schemaCommands" to writingSharedBridgeFixture(name:) started.
2026-10-06T08:37:56.8798490Z ◇ Test case passing 1 argument name → "roleCommands" to writingSharedBridgeFixture(name:) started.
2026-10-06T08:37:56.8804970Z ◇ Test case passing 1 argument name → "collectionCommands" to writingSharedBridgeFixture(name:) started.
2026-10-06T08:37:56.8814610Z ◇ Test case passing 1 argument name → "exitCommands" to writingSharedBridgeFixture(name:) started.
2026-10-06T08:37:56.8818070Z ◇ Test case passing 1 argument name → "pinCommands" to writingSharedBridgeFixture(name:) started.
2026-10-06T08:37:56.8834370Z ◇ Test case passing 1 argument name → "boundaryCommands" to writingSharedBridgeFixture(name:) started.
2026-10-06T08:37:56.8869640Z ◇ Test case passing 1 argument name → "undoRecoveryCommands" to writingSharedBridgeFixture(name:) started.
2026-10-06T08:37:56.8899020Z ◇ Test case passing 1 argument name → "clipboardCommands" to writingSharedBridgeFixture(name:) started.
2026-10-06T08:37:56.8929410Z ◇ Test case passing 1 argument name → "spliceCommands" to writingSharedBridgeFixture(name:) started.
2026-10-06T08:37:56.8990660Z ◇ Test case passing 1 argument name → "thresholdCommands" to writingSharedBridgeFixture(name:) started.
2026-10-06T08:37:56.9001000Z ◇ Test case passing 1 argument name → "depthCommands" to writingSharedBridgeFixture(name:) started.
2026-10-06T08:37:56.9003030Z ◇ Test case passing 1 argument name → "importCommands" to writingSharedBridgeFixture(name:) started.
2026-10-06T08:37:56.9008620Z ◇ Test case passing 1 argument name → "paste6Commands" to writingSharedBridgeFixture(name:) started.
2026-10-06T08:37:56.9018900Z ◇ Test case passing 1 argument actor → "a" to hierarchicalPasteSingleInlineKeepsBothOpaqueBoundaries(actor:) started.
2026-10-06T08:37:56.9025230Z ◇ Test case passing 1 argument actor → "z" to hierarchicalPasteSingleInlineKeepsBothOpaqueBoundaries(actor:) started.
2026-10-06T08:37:56.9032690Z ◇ Test resetsRemoveOnlyOverridesAndMixedStateIncludesInheritedDefaults() started.
2026-10-06T08:37:56.9039680Z ◇ Test blockDefaultsFollowScopedMovementAndSchemaConversionWithoutCopyingText() started.
2026-10-06T08:37:56.9052960Z ◇ Test checkedBridgeReportsSemanticStateLinkResultsPolicyAndUnchangedInvalidArguments() started.
2026-10-06T08:37:56.9094700Z ◇ Test concurrentDeletionKeepsDefaultsForRestorationWithoutResurrectingContent() started.
2026-10-06T08:37:56.9197120Z ◇ Test invalidLinksNeverMutateStateOrStripExistingMarks(href:) started.
2026-10-06T08:37:56.9289350Z ◇ Test rangeLinksPreserveCapturedAtomsPeerTextBackwardSelectionAndUndoReopen() started.
2026-10-06T08:37:56.9371850Z ◇ Test explicitLabelInsertionUsesCapturedCaretInheritedMarksAndOneAuthorStep() started.
2026-10-06T08:37:56.9400270Z ◇ Test multiBlockDefaultsPreservePeerTextOpaqueDataCaretAndOneUndoReopen() started.
2026-10-06T08:37:56.9505810Z ◇ Test malformedSemanticPacketsRejectEvenInactiveWithoutReceiptOrRecovery(fault:) started.
2026-10-06T08:37:56.9536270Z ◇ Test insertedDefaultIncrementalPacketRecoversAfterItsValidBirthArrives() started.
2026-10-06T08:37:56.9552770Z ◇ Test semanticCaretAndAlreadyMatchingMarksDoNotCreateHistory() started.
2026-10-06T08:37:56.9558060Z ◇ Test capturedBackwardTextInkAndPeerFillKeepPeerInsertionsOutsideFormatting() started.
2026-10-06T08:37:56.9558960Z ◇ Test capturedMarksAndStateFollowAllActualFieldsAfterPeerSplitAndReopen() started.
2026-10-06T08:37:56.9564230Z ◇ Test inlineRolesAndLinksKeepWholeAtomicReferencesAndInheritedListDefaults() started.
2026-10-06T08:37:56.9565570Z ◇ Test defaultOnExposedPeerParagraphSurvivesOriginalListCreationRedoAndOwnUndo() started.
2026-10-06T08:37:56.9575070Z ◇ Test sameDefaultRegisterConvergesAndAuthorUndoRevealsPeerRole() started.
2026-10-06T08:37:56.9585950Z ◇ Test localCompositionAndCommandPoliciesPreserveRemoteDefaultsAndLinkHistory() started.
2026-10-06T08:37:56.9615990Z ◇ Test invalidSemanticTargetsAndRolesRejectAtomically(fault:) started.
2026-10-06T08:37:56.9695610Z ◇ Test invalidLabelsLiteralFieldsAndStaleLinkCapturesRejectUnchanged() started.
2026-10-06T08:37:56.9718210Z ◇ Test incrementalInsertedFieldPacketBeforeBirthRetainsRecoveryThenConverges() started.
2026-10-06T08:37:56.9733340Z ◇ Test independentInsertionsAndMovesConvergeInEitherReceiveOrder() started.
2026-10-06T08:37:56.9829440Z ◇ Test semanticInsertionsAndObservedSubtreeDeletionRetainNestedOriginsThroughUndo() started.
2026-10-06T08:37:56.9857160Z ◇ Test columnMovesKeepScopedOriginsCaretPeerTextAndOneAuthorUndo() started.
2026-10-06T08:37:56.9892840Z ◇ Test forgedStructuralAndUnobservedInsertedTextPacketsNeverAcknowledge() started.
2026-10-06T08:37:56.9931740Z ◇ Test insertionUndoWithoutPeerWorkHidesBirthButDoesNotReuseOrigin() started.
2026-10-06T08:37:57.0006110Z ◇ Test insertedBodyFieldsShareTitleHistoryPeerUndoAndReopen() started.
2026-10-06T08:37:57.0036300Z ◇ Test deletionRetainsPeerHistoryAndStaleTargetsCannotHitReusedLabels() started.
2026-10-06T08:37:57.0077980Z ◇ Test invalidStructuralCommandsAreAtomicAndPolicyDoesNotStripPeerContent() started.
2026-10-06T08:37:57.0179450Z ◇ Test concurrentScopedLabelConflictRetainsUnionAndAuthorRepairKeepsPeerBirth() started.
2026-10-06T08:37:57.0280840Z ◇ Test mismatchedScopeUnsupportedFormatDuplicateKeysAndLossyNumbersRejectUnchanged() started.
2026-10-06T08:37:57.0306800Z ◇ Test unknownWireFieldsAndMalformedSavedHistoryRejectRatherThanDisappear() started.
2026-10-06T08:37:57.0417770Z ◇ Test schemaUnionRecoveryRetainsBothAuthorsAndRepairDisablesOnlyOwnEdit() started.
2026-10-06T08:37:57.0518980Z ◇ Test case passing 2 arguments actor → "a", reversed → false to crossPasteInlineUsesOneAuthorJoinAndPreservesPeerAtoms(actor:reversed:) started.
2026-10-06T08:37:57.0538850Z ◇ Test case passing 2 arguments actor → "a", reversed → true to crossPasteInlineUsesOneAuthorJoinAndPreservesPeerAtoms(actor:reversed:) started.
2026-10-06T08:37:57.0547780Z ◇ Test case passing 2 arguments actor → "z", reversed → false to crossPasteInlineUsesOneAuthorJoinAndPreservesPeerAtoms(actor:reversed:) started.
2026-10-06T08:37:57.0577330Z ◇ Test case passing 2 arguments actor → "z", reversed → true to crossPasteInlineUsesOneAuthorJoinAndPreservesPeerAtoms(actor:reversed:) started.
2026-10-06T08:37:57.0640250Z ◇ Test unobservedReferencesDuplicateBirthsCrossFieldRoutesAndForeignUndoReject() started.
2026-10-06T08:37:57.0650060Z ◇ Test compositionHoldPreservesLocalDraftBoundaryQueuesNoReceiptAndReleasesOnce() started.
2026-10-06T08:37:57.0666490Z ◇ Test anchoredBackwardRangeRetainsUnobservedPeerTextAndUnicodeCaret() started.
2026-10-06T08:37:57.0729930Z ◇ Test malformedOperationWithMissingDependencyRejectsInsteadOfCreatingRecovery() started.
2026-10-06T08:37:57.0754340Z ◇ Test missingCausalPacketIsSeparatelyRecoverableWithoutReceiptThenAcceptsUnion() started.
2026-10-06T08:37:57.0782790Z ◇ Test typingGroupUndoRetainsPeerAtomsAndHistoryOrderAcrossReopen() started.
2026-10-06T08:37:57.0790430Z ◇ Test packetCountRawBytesAndHeldBytesUseIndependentLimitsWithoutReceipt() started.
2026-10-06T08:37:57.0795510Z ◇ Test noopsAndFailedCommandsPreserveAcceptedHistoryAndCompositionEndsTypingGroup() started.
2026-10-06T08:37:57.0806350Z ◇ Test malformedPlainTitleAndInactiveTransactionsNeverAcknowledge(_:) started.
2026-10-06T08:37:57.0811940Z ◇ Test activeExitWhosePeerRestoresColumnsRetainsRecoveryAndAuthorCanRepair() started.
2026-10-06T08:37:57.0819510Z ◇ Test nestedEmptyOutdentRetainsMetadataDescendantsCapturedCaretAndUndo() started.
2026-10-06T08:37:57.0829570Z ◇ Test exhaustedConcurrentPartitionsRemainRecoverableUntilAuthorRepair() started.
2026-10-06T08:37:57.0837030Z ◇ Test retainedRoleSurvivesOriginalCreationRedoAndUndoAndKeepsFollowingAnchor() started.
2026-10-06T08:37:57.0864500Z ◇ Test independentTitleAppearanceFixturesPassSharedSessionPeerUndoRedoAndReopen() started.
2026-10-06T08:37:57.0869640Z ◇ Test forgedParagraphRolesRejectAtomicallyIncludingDisabledEdits(fault:) started.
2026-10-06T08:37:57.0922830Z ◇ Test emptyExitAfterColumnFlattenRetainsLogicalPlacementPeerTextAndUndo() started.
2026-10-06T08:37:57.0996110Z ◇ Test callbacksObserveFinalHistoryAndCannotReenterPublication() started.
2026-10-06T08:37:57.1001740Z ◇ Test capturedEmptyItemWithObservedPeerTypingSplitsWithoutReinterpretingAsExit() started.
2026-10-06T08:37:57.1009840Z ◇ Test emptyRootExitKeepsOwnerItemChildrenPeerTextAndReopenedUndo(index:actor:) started.
2026-10-06T08:37:57.1014710Z ◇ Test retainedPeerParagraphSupportsModernCommandsAndReopenedHistory(command:) started.
2026-10-06T08:37:57.1018310Z ◇ Test invalidDeferredPacketRemainsExportableAndQueueLimitDoesNotAcknowledge() started.
2026-10-06T08:37:57.1024050Z ◇ Test forgedEmptyEnterPlansRejectWithoutAcknowledgment(fault:) started.
2026-10-06T08:37:57.1029230Z ◇ Test concurrentFirstAndLastExitsConvergeWithRetainedOrdinals(actor:) started.
2026-10-06T08:37:57.1038270Z ◇ Test independentAppearanceRegistersAndSameFieldWinsConvergeAcrossOrder(_:) started.
2026-10-06T08:37:57.1044300Z ◇ Test codeBornCaretCanSplitAfterParagraphConversion() started.
2026-10-06T08:37:57.1046260Z ◇ Test bodyFieldsInsideColumnsRemainDistinctAndLiteralAtomsRejectRichMarks() started.
2026-10-06T08:37:57.1051070Z ◇ Test case passing 1 argument actor → "a" to retainedPasteInsideObservedInsertedToggleKeepsNestedInitialProofs(actor:) started.
2026-10-06T08:37:57.1061970Z ◇ Test case passing 1 argument actor → "z" to retainedPasteInsideObservedInsertedToggleKeepsNestedInitialProofs(actor:) started.
2026-10-06T08:37:57.1069530Z ◇ Test case passing 1 argument range → 0 ..< 4 to writingBatchRetainedFieldEndFollowsRemoteSuffix(range:) started.
2026-10-06T08:37:57.1078400Z ◇ Test case passing 1 argument range → 1 ..< 4 to writingBatchRetainedFieldEndFollowsRemoteSuffix(range:) started.
2026-10-06T08:37:57.1084750Z ◇ Test case passing 1 argument range → 4 ..< 4 to writingBatchRetainedFieldEndFollowsRemoteSuffix(range:) started.
2026-10-06T08:37:57.1090920Z ◇ Test unchangedConversionAndLossyOrInvalidTargetsDoNotChangeSavedHistory() started.
2026-10-06T08:37:57.1203640Z ◇ Test sameContentConversionMatchesIndependentConcurrentSuffixFixturesThroughUndoReopenAndDuplicatePackets() started.
2026-10-06T08:37:57.1432860Z ◇ Test listStyleConversionKeepsNestedChecklistOriginsStateAndFieldCaret() started.
2026-10-06T08:37:57.1510200Z ◇ Test distinctCommandPolicyCompositionAndTitleRejectWithoutMutatingHistory() started.
2026-10-06T08:37:57.1613900Z ◇ Test conversionPreservesRichReferenceOpaqueFieldsAndCaretInsideAtomicLabel() started.
2026-10-06T08:37:57.1695410Z ◇ Test concurrentHeadingRegisterUndoRevealsPeerValueInsteadOfOverwritingIt() started.
2026-10-06T08:37:57.1717100Z ◇ Test softBreakMatchesIndependentFixtureAndSharesOneUndoWithPeerSafeCapturedReplacement() started.
2026-10-06T08:37:57.1755530Z ◇ Test malformedInactiveConversionRejectsBeforeMissingCausalRecovery() started.
2026-10-06T08:37:57.1814090Z ◇ Test case passing 2 arguments actor → "a", acrossContainer → false to hierarchicalPasteForeignMovedImportRetainsPeerWorkThroughAuthorUndo(actor:acrossContainer:) started.
2026-10-06T08:37:57.1816930Z ◇ Test case passing 2 arguments actor → "a", acrossContainer → true to hierarchicalPasteForeignMovedImportRetainsPeerWorkThroughAuthorUndo(actor:acrossContainer:) started.
2026-10-06T08:37:57.1871510Z ◇ Test case passing 2 arguments actor → "z", acrossContainer → false to hierarchicalPasteForeignMovedImportRetainsPeerWorkThroughAuthorUndo(actor:acrossContainer:) started.
2026-10-06T08:37:57.1874420Z ◇ Test case passing 2 arguments actor → "z", acrossContainer → true to hierarchicalPasteForeignMovedImportRetainsPeerWorkThroughAuthorUndo(actor:acrossContainer:) started.
2026-10-06T08:37:57.1937890Z ◇ Test unavailablePolicyCompositionScopeAndAdmissionRetainExactRichPayloadForExplicitRetry() started.
2026-10-06T08:37:57.2021460Z ◇ Test noProviderResultIsNoopAndMalformedVersionOrExtraFieldsRejectUnchanged() started.
2026-10-06T08:37:57.2060670Z ◇ Test genericCollectionCaptureExposesExplicitBoundaryAndPlainPasteCaretAtLastLineEnd() started.
2026-10-06T08:37:57.2109750Z ◇ Test checkedRichReplacementReturnsOneTransactionAndCaretWithoutChangingClipboard() started.
2026-10-06T08:37:57.2219490Z ◇ Test malformedTargetsAndPoliciesCompositionAndScopeLeaveStateUnchanged() started.
2026-10-06T08:37:57.2269910Z ◇ Test checkedInsertFocusAndWholeBodyDeleteInsertionTargetAreUsableAndAtomic() started.
2026-10-06T08:37:57.2285550Z ◇ Test independentNestedMoveFixtureKeepsSelectionOriginAndSingleUndoReopen() started.
2026-10-06T08:37:57.2341380Z ◇ Test case passing 1 argument delivery → 0 to impossiblePriorCreationPathsRejectAtomically(delivery:) started.
2026-10-06T08:37:57.2445550Z ◇ Test case passing 1 argument delivery → 1 to impossiblePriorCreationPathsRejectAtomically(delivery:) started.
2026-10-06T08:37:57.2548500Z ◇ Test case passing 1 argument delivery → 2 to impossiblePriorCreationPathsRejectAtomically(delivery:) started.
2026-10-06T08:37:57.2655670Z ◇ Test case passing 1 argument redoActor → "a" to schemaRoleCohortExcludesUnobservedConcurrentRedo(redoActor:) started.
2026-10-06T08:37:57.2741170Z ◇ Test case passing 1 argument redoActor → "z" to schemaRoleCohortExcludesUnobservedConcurrentRedo(redoActor:) started.
2026-10-06T08:37:57.2844260Z ◇ Test listConversionPreservesAtomsCaretPeerReplacementAndChecklistStateThroughUndo() started.
2026-10-06T08:37:57.2947270Z ◇ Test codeBirthTextCanBecomeRichParagraphWithoutLosingOriginalOriginsOrOpaqueLanguage() started.
2026-10-06T08:37:57.3051430Z ◇ Test textAuthoredAtConvertedCodeBirthFollowsConversionUndoAndCapturedReplacementAliases() started.
2026-10-06T08:37:57.3161280Z ◇ Test malformedInactiveSchemaConversionRejectsBeforeMissingPredecessorAndKeepsReceipt() started.
2026-10-06T08:37:57.3284700Z ◇ Test soleEmptyChecklistEnterPreservesOwnerChildOriginsAndPeerTextThroughUndoReopen() started.
2026-10-06T08:37:57.3386490Z ◇ Test concurrentListConversionsRetainRecoveryUntilOwnUndoKeepsPeerBranch() started.
2026-10-06T08:37:57.3491990Z ◇ Test codeFieldPacketArrivingBeforeBaselineAliasBirthRetainsThenResolvesRecovery() started.
2026-10-06T08:37:57.3594950Z ◇ Test splitNoncollapsedCapturedRangeStillDeletesOnlyObservedAtomsAfterSchemaRoundTrip() started.
2026-10-06T08:37:57.3634320Z ◇ Test codeFormattingAndTitleConversionRejectWithoutHistoryOrReceiptChanges() started.
2026-10-06T08:37:57.3703840Z ◇ Test undoListConversionExposesPeerSplitAsRetainedParagraphInsteadOfDroppingIt() started.
2026-10-06T08:37:57.3811620Z ◇ Test futureJoinCannotJustifyForgedAnchorInEarlierCapturedField() started.
2026-10-06T08:37:57.3887000Z ◇ Test forgedTextUsesOfRetiredContentAliasRejectEvenWhenInactive() started.
2026-10-06T08:37:57.3996200Z ◇ Test opaqueContentOnCodeBlocksCannotBeDiscardedByLocalOrInactiveRemoteListConversion() started.
2026-10-06T08:37:57.4097940Z ◇ Test codeConversionRetainsCapturedCaretPeerTextAndFieldAliasesThroughUndoRedoAndReopen() started.
2026-10-06T08:37:57.4201390Z ◇ Test richCodeConversionAndOpaqueFieldCollisionsRejectWithoutChangingSavedHistory() started.
2026-10-06T08:37:57.4324180Z ◇ Test concurrentCodeConversionsConvergeAndEachUndoKeepsPeerHead() started.
2026-10-06T08:37:57.4430180Z ◇ Test laterSchemaConversionRetainsTextCreatedInItsBirthsOwnCompoundPacket() started.
2026-10-06T08:37:57.4521700Z ◇ Test malformedHistorySelectionArchivesRejectAtomicallyWithoutChangingAcceptedStateOrFreshRegistry(_:) started.
2026-10-06T08:37:57.4631930Z ◇ Test soleListItemCollapseRetainsCheckedMetadataChildOriginsPeerTextAndUndo() started.
2026-10-06T08:37:57.4714230Z ◇ Test codeAndListConversionsInsideColumnsKeepLogicalOwnersAcrossFlattenAndUndo() started.
2026-10-06T08:37:57.4786480Z ◇ Test asyncMetadataCompletionKeepsInputSelectionAndPeerTextThroughPairedRequestHistoryReopen() started.
2026-10-06T08:37:57.4888060Z ◇ Test actualSelectionChangeEndsTypingGroupAndPreservesLifoSelectionAfterReopen() started.
2026-10-06T08:37:57.4990920Z ◇ Test freshAuthorEditClearsOnlyRedoSelectionRecordsAndOlderArchivesNeverInventInputState() started.
2026-10-06T08:37:57.5093790Z ◇ Test typingGroupKeepsFirstSelectionAndLatestCaretWithoutBreakingForRefreshedPeerFrontier() started.
2026-10-06T08:38:44.5493130Z ◇ Test case passing 1 argument actor → "a" to v4ConcurrentTextRepairsRetainBothAuthorsAndRecoverAfterBothUndos(actor:) started.
2026-10-06T08:38:44.5594410Z ◇ Test case passing 1 argument actor → "z" to v4ConcurrentTextRepairsRetainBothAuthorsAndRecoverAfterBothUndos(actor:) started.
2026-10-06T08:38:44.5695780Z ◇ Test itemSelectionAndContainingListStateRemainScopedAfterHistoryArchiveImport() started.
2026-10-06T08:38:44.5806610Z ◇ Test publicationCallbackSeesPairedHistoryAndItsLaterInputIsNotOverwritten() started.
2026-10-06T08:38:44.5898620Z ◇ Test atomicReferenceInteriorSelectionSurvivesPeerTextAndAppearanceHistoryWithoutSplittingTheReference() started.
2026-10-06T08:38:44.6000740Z ◇ Test explicitExternalFocusAndUnavailableOrNoopActionsNeverFabricateInputFocusOrConsumeHistory() started.
2026-10-06T08:38:44.6102630Z ◇ Test mixedDeleteUndoRestoresWholeOriginsAndBackwardPartialRangeWithoutSelectingNewPeerAtoms() started.
2026-10-06T08:38:44.6204430Z ◇ Test backwardReplacementAndReopenedHistoryRestoreOriginalAnchorsAcrossPeerPrefix() started.
2026-10-06T08:38:44.6314010Z ◇ Test deletedOriginFallsBackToOriginalNeighborsWithoutFocusingAReusedDisplayLabel() started.
2026-10-06T08:38:44.6416100Z ◇ Test case passing 2 arguments actor → "a", reversed → false to crossPasteMixedRetainsWholeImportsAndObservedSuffixOneUndo(actor:reversed:) started.
2026-10-06T08:38:44.6557170Z ◇ Test case passing 2 arguments actor → "a", reversed → true to crossPasteMixedRetainsWholeImportsAndObservedSuffixOneUndo(actor:reversed:) started.
2026-10-06T08:38:44.6657730Z ◇ Test case passing 2 arguments actor → "z", reversed → false to crossPasteMixedRetainsWholeImportsAndObservedSuffixOneUndo(actor:reversed:) started.
2026-10-06T08:38:44.6762710Z ◇ Test case passing 2 arguments actor → "z", reversed → true to crossPasteMixedRetainsWholeImportsAndObservedSuffixOneUndo(actor:reversed:) started.
2026-10-06T08:38:44.6863470Z ◇ Test wholeBodyUndoRestoresNodeSelectionAndRedoReturnsEmptyInsertionWithoutPlaceholder() started.
2026-10-06T08:38:44.6965470Z ◇ Test delayedCutUsesPreparedInputSnapshotInsteadOfLaterActiveInputAndFailedPublicationDoesNotChangeLocalHistory() started.
2026-10-06T08:38:44.7076050Z ◇ Test crossFieldSelectionEndpointsFollowPeerSplitAndRemainBackwardAcrossAppearanceUndoReopen() started.
2026-10-06T08:38:44.7186900Z ◇ Test unicodeTitleBackwardRangeRestoresSelectionAndPeerPrefixWithoutTouchingBody() started.
2026-10-06T08:38:44.7288850Z ◇ Test hierarchicalPasteUndoRestoresTypedInsertionAndRedoRestoresImportedNodeInput(_:) started.
2026-10-06T08:38:44.7395900Z ◇ Test case passing 2 arguments actor → "a", inserted → false to schemaConcurrentFirstAndLastExitsConvergeAndKeepSourceOrdinal(actor:inserted:) started.
2026-10-06T08:38:44.7558840Z ◇ Test case passing 2 arguments actor → "a", inserted → true to schemaConcurrentFirstAndLastExitsConvergeAndKeepSourceOrdinal(actor:inserted:) started.
2026-10-06T08:38:44.7560760Z ◇ Test case passing 2 arguments actor → "z", inserted → false to schemaConcurrentFirstAndLastExitsConvergeAndKeepSourceOrdinal(actor:inserted:) started.
2026-10-06T08:38:44.7662640Z ◇ Test case passing 2 arguments actor → "z", inserted → true to schemaConcurrentFirstAndLastExitsConvergeAndKeepSourceOrdinal(actor:inserted:) started.
2026-10-06T08:38:44.7764590Z ◇ Test localSelectionAndPlannedHistoryCapacityRejectBeforeDocumentPublicationAndPreserveRedoAndWholePayload() started.
2026-10-06T08:38:44.7866450Z ◇ Test authorRepairRebasesLocalInputWithoutDroppingConflictingPeerHistoryOrPromotingFailedRedo() started.
2026-10-06T08:38:44.7964610Z ◇ Test deliberateCommandFamiliesRestoreTheirInputAndReportedResultAcrossUndoRedoReopen(_:) started.
2026-10-06T08:38:44.8067280Z ◇ Test case passing 1 argument actor → "a" to hierarchicalPasteDeletesOnlyObservedIntermediateSubtrees(actor:) started.
2026-10-06T08:38:44.8170480Z ◇ Test case passing 1 argument actor → "z" to hierarchicalPasteDeletesOnlyObservedIntermediateSubtrees(actor:) started.
2026-10-06T08:38:44.8265450Z ◇ Test case passing 1 argument swap → false to writingSessionDeletionCannotCollapseDifferentCutRanks(swap:) started.
2026-10-06T08:38:44.8368270Z ◇ Test case passing 1 argument swap → true to writingSessionDeletionCannotCollapseDifferentCutRanks(swap:) started.
2026-10-06T08:38:44.8470160Z ◇ Test tableRowAndCellPasteKeepSemanticMetadataAndFreshNamespaces() started.
2026-10-06T08:38:44.8571210Z ◇ Test crossParagraphPastePreservesRetainedEndpointMetadataAndPeerRoutes() started.
2026-10-06T08:38:44.8673540Z ◇ Test inertAssetPolicyAndNewTailAdmissionRejectWithoutChangingOriginalPayload() started.
2026-10-06T08:38:44.8773930Z ◇ Test hierarchicalFieldsPreserveOwnerMetadataAndUseCompatibleChildCollection() started.
2026-10-06T08:38:44.8875070Z ◇ Test capturedRichReplacementKeepsAtomicReferenceMetadataAndPeerTextThroughUndoAndReopen() started.
2026-10-06T08:38:44.8975620Z ◇ Test pasteAfterCapturedCodeAliasUsesCurrentFieldAndRejectsForgedRelation() started.
2026-10-06T08:38:44.9077160Z ◇ Test pastedLayoutPeerEditSurvivesAuthorUndoAndReopenWithoutDuplication() started.
2026-10-06T08:38:44.9191770Z ◇ Test localPolicyCompositionStaleScopeAndReusedLabelsRejectWithoutPartialReplacement() started.
2026-10-06T08:38:44.9291680Z ◇ Test inactiveForgedPlanRejectsAndMissingCaptureIsRetainedUntilItsCausalBirthArrives() started.
2026-10-06T08:38:44.9393500Z ◇ Test copiedRowAndConvertedListItemCollectionBirthsKeepModernSemanticAdmission() started.
2026-10-06T08:38:44.9492090Z ◇ Test catalogInsertionFocusIsStoredWithAuthorHistoryWhileOrdinaryPasteKeepsItsCaret() started.
2026-10-06T08:38:44.9595670Z ◇ Test explicitPlainRangeUsesNormalInlineAndMultilinePrefixSuffixSemantics() started.
2026-10-06T08:38:44.9696090Z ◇ Test catalogFromTableCellAndListItemCapturesContainingBlockAndRestoresQuery() started.
2026-10-06T08:38:44.9797750Z ◇ Test sameFieldBlockReplacementHasOneRetainedCutAndKeepsPeerInsertion() started.
2026-10-06T08:38:44.9897990Z ◇ Test mixedReplacementAndEmptyClipboardAreSingleOrZeroHistorySteps() started.
2026-10-06T08:38:44.9999670Z ◇ Test acceptedRootLayoutPasteMatchesFullIndependentSnapshotAndFreshensOnlySchemaIDs() started.
2026-10-06T08:38:45.0101630Z ◇ Test explicitFlattenedFallbackMatchesAcceptedColumnContentAndRichNestedPasteRejects() started.
2026-10-06T08:38:45.0201970Z ◇ Test titleAndCodeUseExplicitPlainFallbackWithoutRichMarkOrBlockCoercion() started.
2026-10-06T08:38:45.0302020Z ◇ Test acceptedBlankPlainMultilinePreservesFourLiteralLinesAndLastInputCaret() started.
2026-10-06T08:38:45.0403890Z ◇ Test case passing 2 arguments actor → "a", reversed → false to retainedPasteKeepsBothOpaqueOwnersAndOneAuthorUndo(actor:reversed:) started.
2026-10-06T08:38:45.0505160Z ◇ Test case passing 2 arguments actor → "a", reversed → true to retainedPasteKeepsBothOpaqueOwnersAndOneAuthorUndo(actor:reversed:) started.
2026-10-06T08:38:45.0606420Z ◇ Test case passing 2 arguments actor → "z", reversed → false to retainedPasteKeepsBothOpaqueOwnersAndOneAuthorUndo(actor:reversed:) started.
2026-10-06T08:38:45.0707690Z ◇ Test case passing 2 arguments actor → "z", reversed → true to retainedPasteKeepsBothOpaqueOwnersAndOneAuthorUndo(actor:reversed:) started.
2026-10-06T08:38:45.0808400Z ◇ Test case passing 1 argument actor → "a" to retainedPasteSupersededEndpointContainerDoesNotClaimOldSourceGroup(actor:) started.
2026-10-06T08:38:45.0908910Z ◇ Test case passing 1 argument actor → "z" to retainedPasteSupersededEndpointContainerDoesNotClaimOldSourceGroup(actor:) started.
2026-10-06T08:38:45.1010090Z ◇ Test prepareIsReadOnlyAndFinishNeedsSuccessfulPublicationBeforeOneDeletionAndDuplicateAfterUndoIsNoop() started.
2026-10-06T08:38:45.1111030Z ◇ Test policyCompositionWrongScopeAndOtherHandleRetainPayloadAndAllowExplicitRetry() started.
2026-10-06T08:38:45.1212130Z ◇ Test boundedPreparationCountAndMalformedAcknowledgmentNeverDeleteBeforePublication() started.
2026-10-06T08:38:45.1313630Z ◇ Test preparationByteBudgetRetainsWholeOpaquePayloadWithoutNarrowingDocumentAdmission() started.
2026-10-06T08:38:45.1415570Z ◇ Test cancelForgetDestroyAndRestoreCannotMakeOldPublicationApplyToNewPreparation() started.
2026-10-06T08:38:45.1517340Z ✔ Test receivePreparationCannotOverwriteReentrantLocalChanges() passed after 108.994 seconds.
2026-10-06T08:38:45.1629500Z ◇ Test case passing 1 argument version → 1 to independentTextAcceptanceUndoDoesNotResurrectAnotherAuthorsDeletion(version:) started.
2026-10-06T08:38:45.1731630Z ◇ Test case passing 1 argument version → 2 to independentTextAcceptanceUndoDoesNotResurrectAnotherAuthorsDeletion(version:) started.
2026-10-06T08:38:45.1836510Z ◇ Test case passing 1 argument actor → "a" to retainedPasteBaselineRoleRequiresObservedRetirement(actor:) started.
2026-10-06T08:38:45.1938210Z ◇ Test case passing 1 argument actor → "z" to retainedPasteBaselineRoleRequiresObservedRetirement(actor:) started.
2026-10-06T08:38:45.2042940Z ◇ Test case passing 1 argument actor → "a" to retainedPasteAtZeroUsesOriginalEndpointAndNoBlankPrefix(actor:) started.
2026-10-06T08:38:45.2144860Z ◇ Test case passing 1 argument actor → "z" to retainedPasteAtZeroUsesOriginalEndpointAndNoBlankPrefix(actor:) started.
2026-10-06T08:38:45.2246330Z ◇ Test case passing 1 argument version → 1 to sameChangeTextAnchorsCannotNamePlacementsOrAnotherField(version:) started.
2026-10-06T08:38:45.2348340Z ◇ Test case passing 1 argument version → 2 to sameChangeTextAnchorsCannotNamePlacementsOrAnotherField(version:) started.
2026-10-06T08:38:45.2450350Z ◇ Test case passing 2 arguments actor → "a", repairOther → false to schemaOverlappingOwnerRepairRoutesBothHistoricalHeadsAndOriginalAtomOrigin(actor:repairOther:) started.
2026-10-06T08:38:45.2552320Z ◇ Test case passing 2 arguments actor → "a", repairOther → true to schemaOverlappingOwnerRepairRoutesBothHistoricalHeadsAndOriginalAtomOrigin(actor:repairOther:) started.
2026-10-06T08:38:45.2678930Z ◇ Test case passing 2 arguments actor → "z", repairOther → false to schemaOverlappingOwnerRepairRoutesBothHistoricalHeadsAndOriginalAtomOrigin(actor:repairOther:) started.
2026-10-06T08:38:45.2790840Z ◇ Test case passing 2 arguments actor → "z", repairOther → true to schemaOverlappingOwnerRepairRoutesBothHistoricalHeadsAndOriginalAtomOrigin(actor:repairOther:) started.
2026-10-06T08:38:45.2899650Z ◇ Test case passing 1 argument version → 1 to independentTextAcceptanceRestoredAuthorUndoPreservesRemoteMarksAndReference(version:) started.
2026-10-06T08:38:45.3003220Z ◇ Test case passing 1 argument version → 2 to independentTextAcceptanceRestoredAuthorUndoPreservesRemoteMarksAndReference(version:) started.
2026-10-06T08:38:45.3301640Z ◇ Test case passing 1 argument swap → false to writingSessionConcurrentDifferentCutsPreserveSegmentOrder(swap:) started.
2026-10-06T08:38:45.3361510Z ◇ Test case passing 1 argument swap → true to writingSessionConcurrentDifferentCutsPreserveSegmentOrder(swap:) started.
2026-10-06T08:38:45.3466050Z ◇ Test case passing 1 argument actor → "a" to hierarchicalPasteBoundaryAncestorKeepsChildrenAndForeignDescendants(actor:) started.
2026-10-06T08:38:45.3579830Z ◇ Test case passing 1 argument actor → "z" to hierarchicalPasteBoundaryAncestorKeepsChildrenAndForeignDescendants(actor:) started.
2026-10-06T08:38:45.3682570Z ◇ Test case passing 2 arguments version → 4, actor → "a" to writingMathThresholdUnionAt10000PreservesBothAuthorsAndUndo(version:actor:) started.
2026-10-06T08:38:45.3785510Z ◇ Test case passing 2 arguments version → 4, actor → "z" to writingMathThresholdUnionAt10000PreservesBothAuthorsAndUndo(version:actor:) started.
2026-10-06T08:38:45.3887440Z ◇ Test case passing 2 arguments version → 5, actor → "a" to writingMathThresholdUnionAt10000PreservesBothAuthorsAndUndo(version:actor:) started.
2026-10-06T08:38:45.3989130Z ◇ Test case passing 2 arguments version → 5, actor → "z" to writingMathThresholdUnionAt10000PreservesBothAuthorsAndUndo(version:actor:) started.
2026-10-06T08:38:45.4091130Z ◇ Test case passing 1 argument type → "list" to schemaConvertedMergeDestinationPreservesTypeIdentityAndBothAuthorUndo(type:) started.
2026-10-06T08:38:45.4193000Z ◇ Test case passing 1 argument type → "code" to schemaConvertedMergeDestinationPreservesTypeIdentityAndBothAuthorUndo(type:) started.
2026-10-06T08:38:45.4294850Z ◇ Test case passing 1 argument version → 4 to externalNormalizationPreservesRichReferenceAndPeerUndo(version:) started.
2026-10-06T08:38:45.4396760Z ◇ Test case passing 1 argument version → 5 to externalNormalizationPreservesRichReferenceAndPeerUndo(version:) started.
2026-10-06T08:38:45.4499890Z ◇ Test case passing 1 argument fault → "absent" to schemaMalformedV4ObservedFrontierLeavesAcceptedSaveUnchanged(fault:) started.
2026-10-06T08:38:45.4601720Z ◇ Test case passing 1 argument fault → "duplicateActor" to schemaMalformedV4ObservedFrontierLeavesAcceptedSaveUnchanged(fault:) started.
2026-10-06T08:38:45.4705370Z ◇ Test case passing 1 argument fault → "unsorted" to schemaMalformedV4ObservedFrontierLeavesAcceptedSaveUnchanged(fault:) started.
2026-10-06T08:38:45.4811150Z ◇ Test case passing 1 argument fault → "future" to schemaMalformedV4ObservedFrontierLeavesAcceptedSaveUnchanged(fault:) started.
2026-10-06T08:38:45.4913080Z ◇ Test case passing 1 argument fault → "zero" to schemaMalformedV4ObservedFrontierLeavesAcceptedSaveUnchanged(fault:) started.
2026-10-06T08:38:45.5015100Z ◇ Test case passing 2 arguments actor → "a", emptyLeading → false to mixedPasteAdjacentInlineFieldsKeepTheirExplicitBreak(actor:emptyLeading:) started.
2026-10-06T08:38:45.5118540Z ◇ Test case passing 2 arguments actor → "a", emptyLeading → true to mixedPasteAdjacentInlineFieldsKeepTheirExplicitBreak(actor:emptyLeading:) started.
2026-10-06T08:38:45.5221670Z ◇ Test case passing 2 arguments actor → "z", emptyLeading → false to mixedPasteAdjacentInlineFieldsKeepTheirExplicitBreak(actor:emptyLeading:) started.
2026-10-06T08:38:45.5323940Z ◇ Test case passing 2 arguments actor → "z", emptyLeading → true to mixedPasteAdjacentInlineFieldsKeepTheirExplicitBreak(actor:emptyLeading:) started.
2026-10-06T08:38:45.5427040Z ◇ Test case passing 1 argument actor → "a" to v4ConcurrentCutsKeepEachObservedPrefixPartition(actor:) started.
2026-10-06T08:38:45.5529730Z ◇ Test case passing 1 argument actor → "z" to v4ConcurrentCutsKeepEachObservedPrefixPartition(actor:) started.
2026-10-06T08:38:45.5631630Z ✔ Test schemaProjectedPeerParagraphSupportsEnterMoveUndoAndReopen(baseline:) with 2 test cases passed after 131.350 seconds.
2026-10-06T08:38:45.5734190Z ◇ Test case passing 2 arguments actor → "a", repairOther → false to schemaConcurrentPartitionsThatExhaustAnOwnerRetainRecoveryAndEitherAuthorCanRepair(actor:repairOther:) started.
2026-10-06T08:38:45.5836740Z ◇ Test case passing 2 arguments actor → "a", repairOther → true to schemaConcurrentPartitionsThatExhaustAnOwnerRetainRecoveryAndEitherAuthorCanRepair(actor:repairOther:) started.
2026-10-06T08:38:45.5939120Z ◇ Test case passing 2 arguments actor → "z", repairOther → false to schemaConcurrentPartitionsThatExhaustAnOwnerRetainRecoveryAndEitherAuthorCanRepair(actor:repairOther:) started.
2026-10-06T08:38:45.6043310Z ◇ Test case passing 2 arguments actor → "z", repairOther → true to schemaConcurrentPartitionsThatExhaustAnOwnerRetainRecoveryAndEitherAuthorCanRepair(actor:repairOther:) started.
2026-10-06T08:38:45.6146720Z ◇ Test case passing 1 argument undoActor → "a" to schemaConcurrentUnobservedPeerAndRetirementCanRetainRole(undoActor:) started.
2026-10-06T08:38:45.6248790Z ◇ Test case passing 1 argument undoActor → "z" to schemaConcurrentUnobservedPeerAndRetirementCanRetainRole(undoActor:) started.
2026-10-06T08:38:45.6358700Z ◇ Test splitAfterColumnRemovalAndUndoKeepsLogicalOriginRoutes() started.
2026-10-06T08:38:45.6467570Z ◇ Test incompatibleMergePolicyTitleAndForgedCutProofRejectWithoutHistoryChanges() started.
2026-10-06T08:38:45.6572800Z ◇ Test emptyHeadTraversesMultipleRetiredSplitsButExplicitDeletionDoesNotRetarget() started.
2026-10-06T08:38:45.6677660Z ◇ Test splitKeepsHeadingSourceMetadataRichReferencesAndAtomicBoundaries() started.
2026-10-06T08:38:45.6790760Z ◇ Test retainedSuffixCaretAndPeerReplacementFollowSplitUndoRedoAndReopen() started.
2026-10-06T08:38:45.6893330Z ◇ Test joinedSourceInputUsesCapturedAtomsAndRejectsUnrelatedFieldAnchor() started.
2026-10-06T08:38:45.6995530Z ◇ Test nestedEmptyChecklistEnterOutdentsAndRetainsHistory() started.
2026-10-06T08:38:45.7103180Z ◇ Test concurrentColumnCutsRemainReachableAfterFlatteningUndoAndRejoin() started.
2026-10-06T08:38:45.7206410Z ◇ Test nestedChecklistSplitRetainsParentChildrenAndResetsNewItemCheckedState() started.
2026-10-06T08:38:45.7315570Z ◇ Test concurrentCutsPartitionSuffixInTextOrderAndEachAuthorUndoRetainsOtherCut() started.
2026-10-06T08:38:45.7422410Z ◇ Test capturedCaretRebasesThroughObservedPeerCutBeforeSecondSplit() started.
2026-10-06T08:38:45.7534860Z ◇ Test emptySplitHeadReturnsToExactRetainedBoundaryOnUndoIncludingPeerPrefixAndReopen() started.
2026-10-06T08:38:45.7535750Z ◇ Test mergeRetainsRightPeerAtomsAndAnchorsAcrossUndoReopen() started.
2026-10-06T08:38:45.7637200Z ◇ Test case passing 1 argument type → "heading" to v4InlineEnterPreservesSourceAttributesRichSuffixAndAuthorUndo(type:) started.
2026-10-06T08:38:45.7739050Z ◇ Test case passing 1 argument type → "quote" to v4InlineEnterPreservesSourceAttributesRichSuffixAndAuthorUndo(type:) started.
2026-10-06T08:38:45.7840900Z ◇ Test case passing 1 argument type → "callout" to v4InlineEnterPreservesSourceAttributesRichSuffixAndAuthorUndo(type:) started.
2026-10-06T08:38:45.7942630Z ◇ Test case passing 1 argument version → 1 to seedAnchorsPreserveUnicodeReferencesAndTombstones(version:) started.
2026-10-06T08:38:45.8044220Z ◇ Test case passing 1 argument version → 2 to seedAnchorsPreserveUnicodeReferencesAndTombstones(version:) started.
2026-10-06T08:38:45.8146180Z ◇ Test case passing 2 arguments reverseActors → false, repairMerge → false to concurrentJoinedSourceConversionRetainsUnionForAuthorReconciliation(reverseActors:repairMerge:) started.
2026-10-06T08:38:45.8248200Z ◇ Test case passing 2 arguments reverseActors → false, repairMerge → true to concurrentJoinedSourceConversionRetainsUnionForAuthorReconciliation(reverseActors:repairMerge:) started.
2026-10-06T08:38:45.8350590Z ◇ Test case passing 2 arguments reverseActors → true, repairMerge → false to concurrentJoinedSourceConversionRetainsUnionForAuthorReconciliation(reverseActors:repairMerge:) started.
2026-10-06T08:38:45.8453220Z ◇ Test case passing 2 arguments reverseActors → true, repairMerge → true to concurrentJoinedSourceConversionRetainsUnionForAuthorReconciliation(reverseActors:repairMerge:) started.
2026-10-06T08:38:45.8661090Z ◇ Test case passing 2 arguments seed → 1, kind → .root to generatedStructuralCollectionsOfflineEditsAndHistoryConverge(seed:kind:) started.
2026-10-06T08:38:45.8739620Z ◇ Test case passing 2 arguments seed → 1, kind → .toggleChildren to generatedStructuralCollectionsOfflineEditsAndHistoryConverge(seed:kind:) started.
2026-10-06T08:38:45.8841510Z ◇ Test case passing 2 arguments seed → 1, kind → .listItems to generatedStructuralCollectionsOfflineEditsAndHistoryConverge(seed:kind:) started.
2026-10-06T08:38:45.8943540Z ◇ Test case passing 2 arguments seed → 1, kind → .tableRows to generatedStructuralCollectionsOfflineEditsAndHistoryConverge(seed:kind:) started.
2026-10-06T08:38:45.9045820Z ◇ Test case passing 2 arguments seed → 1, kind → .tableCells to generatedStructuralCollectionsOfflineEditsAndHistoryConverge(seed:kind:) started.
2026-10-06T08:41:11.3582670Z ◇ Test case passing 2 arguments seed → 7, kind → .root to generatedStructuralCollectionsOfflineEditsAndHistoryConverge(seed:kind:) started.
2026-10-06T08:41:11.3697180Z ◇ Test case passing 2 arguments seed → 7, kind → .toggleChildren to generatedStructuralCollectionsOfflineEditsAndHistoryConverge(seed:kind:) started.
2026-10-06T08:41:11.3800460Z ◇ Test case passing 2 arguments seed → 7, kind → .listItems to generatedStructuralCollectionsOfflineEditsAndHistoryConverge(seed:kind:) started.
2026-10-06T08:41:11.3900880Z ◇ Test case passing 2 arguments seed → 7, kind → .tableRows to generatedStructuralCollectionsOfflineEditsAndHistoryConverge(seed:kind:) started.
2026-10-06T08:41:11.4109190Z ◇ Test case passing 2 arguments seed → 7, kind → .tableCells to generatedStructuralCollectionsOfflineEditsAndHistoryConverge(seed:kind:) started.
2026-10-06T08:41:11.4211120Z ◇ Test case passing 2 arguments seed → 42, kind → .root to generatedStructuralCollectionsOfflineEditsAndHistoryConverge(seed:kind:) started.
2026-10-06T08:41:11.4313360Z ◇ Test case passing 2 arguments seed → 42, kind → .toggleChildren to generatedStructuralCollectionsOfflineEditsAndHistoryConverge(seed:kind:) started.
2026-10-06T08:41:11.4463740Z ◇ Test case passing 2 arguments seed → 42, kind → .listItems to generatedStructuralCollectionsOfflineEditsAndHistoryConverge(seed:kind:) started.
2026-10-06T08:41:11.4529870Z ◇ Test case passing 2 arguments seed → 42, kind → .tableRows to generatedStructuralCollectionsOfflineEditsAndHistoryConverge(seed:kind:) started.
2026-10-06T08:41:11.4631980Z ◇ Test case passing 2 arguments seed → 42, kind → .tableCells to generatedStructuralCollectionsOfflineEditsAndHistoryConverge(seed:kind:) started.
2026-10-06T08:41:11.4733630Z ◇ Test case passing 2 arguments seed → 255, kind → .root to generatedStructuralCollectionsOfflineEditsAndHistoryConverge(seed:kind:) started.
2026-10-06T08:41:11.4834740Z ◇ Test case passing 2 arguments seed → 255, kind → .toggleChildren to generatedStructuralCollectionsOfflineEditsAndHistoryConverge(seed:kind:) started.
2026-10-06T08:41:11.4936780Z ◇ Test case passing 2 arguments seed → 255, kind → .listItems to generatedStructuralCollectionsOfflineEditsAndHistoryConverge(seed:kind:) started.
2026-10-06T08:41:11.5039170Z ◇ Test case passing 2 arguments seed → 255, kind → .tableRows to generatedStructuralCollectionsOfflineEditsAndHistoryConverge(seed:kind:) started.
2026-10-06T08:41:11.5160490Z ◇ Test case passing 2 arguments seed → 255, kind → .tableCells to generatedStructuralCollectionsOfflineEditsAndHistoryConverge(seed:kind:) started.
2026-10-06T08:41:11.5264610Z ◇ Test case passing 2 arguments seed → 65537, kind → .root to generatedStructuralCollectionsOfflineEditsAndHistoryConverge(seed:kind:) started.
2026-10-06T08:41:11.5367560Z ◇ Test case passing 2 arguments seed → 65537, kind → .toggleChildren to generatedStructuralCollectionsOfflineEditsAndHistoryConverge(seed:kind:) started.
2026-10-06T08:41:11.5444500Z ◇ Test case passing 2 arguments seed → 65537, kind → .listItems to generatedStructuralCollectionsOfflineEditsAndHistoryConverge(seed:kind:) started.
2026-10-06T08:41:11.5546400Z ◇ Test case passing 2 arguments seed → 65537, kind → .tableRows to generatedStructuralCollectionsOfflineEditsAndHistoryConverge(seed:kind:) started.
2026-10-06T08:41:11.5650420Z ◇ Test case passing 2 arguments seed → 65537, kind → .tableCells to generatedStructuralCollectionsOfflineEditsAndHistoryConverge(seed:kind:) started.
2026-10-06T08:41:11.5757260Z ◇ Test case passing 2 arguments seed → 20260930, kind → .root to generatedStructuralCollectionsOfflineEditsAndHistoryConverge(seed:kind:) started.
2026-10-06T08:41:11.5868430Z ◇ Test case passing 2 arguments seed → 20260930, kind → .toggleChildren to generatedStructuralCollectionsOfflineEditsAndHistoryConverge(seed:kind:) started.
2026-10-06T08:41:11.5970310Z ◇ Test case passing 2 arguments seed → 20260930, kind → .listItems to generatedStructuralCollectionsOfflineEditsAndHistoryConverge(seed:kind:) started.
2026-10-06T08:41:11.6072250Z ◇ Test case passing 2 arguments seed → 20260930, kind → .tableRows to generatedStructuralCollectionsOfflineEditsAndHistoryConverge(seed:kind:) started.
2026-10-06T08:41:11.6181200Z ◇ Test case passing 2 arguments seed → 20260930, kind → .tableCells to generatedStructuralCollectionsOfflineEditsAndHistoryConverge(seed:kind:) started.
2026-10-06T08:41:11.6283040Z ◇ Test case passing 2 arguments seed → 999983, kind → .root to generatedStructuralCollectionsOfflineEditsAndHistoryConverge(seed:kind:) started.
2026-10-06T08:41:11.6400560Z ◇ Test case passing 2 arguments seed → 999983, kind → .toggleChildren to generatedStructuralCollectionsOfflineEditsAndHistoryConverge(seed:kind:) started.
2026-10-06T08:41:11.6503520Z ◇ Test case passing 2 arguments seed → 999983, kind → .listItems to generatedStructuralCollectionsOfflineEditsAndHistoryConverge(seed:kind:) started.
2026-10-06T08:41:11.6607130Z ◇ Test case passing 2 arguments seed → 999983, kind → .tableRows to generatedStructuralCollectionsOfflineEditsAndHistoryConverge(seed:kind:) started.
2026-10-06T08:41:11.6711490Z ◇ Test case passing 2 arguments seed → 999983, kind → .tableCells to generatedStructuralCollectionsOfflineEditsAndHistoryConverge(seed:kind:) started.
2026-10-06T08:41:11.6815520Z ◇ Test case passing 2 arguments seed → 4294967295, kind → .root to generatedStructuralCollectionsOfflineEditsAndHistoryConverge(seed:kind:) started.
2026-10-06T08:41:11.6902360Z ◇ Test case passing 2 arguments seed → 4294967295, kind → .toggleChildren to generatedStructuralCollectionsOfflineEditsAndHistoryConverge(seed:kind:) started.
2026-10-06T08:41:11.7008070Z ◇ Test case passing 2 arguments seed → 4294967295, kind → .listItems to generatedStructuralCollectionsOfflineEditsAndHistoryConverge(seed:kind:) started.
2026-10-06T08:41:11.7111530Z ◇ Test case passing 2 arguments seed → 4294967295, kind → .tableRows to generatedStructuralCollectionsOfflineEditsAndHistoryConverge(seed:kind:) started.
2026-10-06T08:41:11.7214500Z ◇ Test case passing 2 arguments seed → 4294967295, kind → .tableCells to generatedStructuralCollectionsOfflineEditsAndHistoryConverge(seed:kind:) started.
2026-10-06T08:41:11.7315890Z ◇ Test case passing 1 argument style → "ordered" to schemaListConversionKeepsRootIdentityRichAtomsMetadataAndRemoteUndo(style:) started.
2026-10-06T08:41:11.7426050Z ◇ Test case passing 1 argument style → "unordered" to schemaListConversionKeepsRootIdentityRichAtomsMetadataAndRemoteUndo(style:) started.
2026-10-06T08:41:11.7528520Z ◇ Test case passing 1 argument style → "todo" to schemaListConversionKeepsRootIdentityRichAtomsMetadataAndRemoteUndo(style:) started.
2026-10-06T08:41:11.7642600Z ◇ Test duplicateRawKeysIncludingEscapedKeysRejectBeforeSemanticAdmission() started.
2026-10-06T08:41:11.7744890Z ◇ Test exactTwoContainersAndScopedIdentitiesAreRequired() started.
2026-10-06T08:41:11.7846660Z ◇ Test nestedColumnsRejectEvenThroughToggleDescendantsButIndependentLayoutsRemainValid() started.
2026-10-06T08:41:11.7949470Z ◇ Test titleRejectsLineBreaksWithoutConsumingBody(_:) started.
2026-10-06T08:41:11.8053470Z ◇ Test splitRejectsInvalidBoundsAndNonintegerValues(_:) started.
2026-10-06T08:41:11.8155630Z ◇ Test modernSnapshotDoesNotBroadenLegacyMarkOrSessionAdmission() started.
2026-10-06T08:41:11.8257090Z ◇ Test opaqueNumbersCannotSilentlyRoundDuringAdmission(_:) started.
2026-10-06T08:41:11.8360560Z ◇ Test case passing 1 argument actor → "a" to v4TextRepairCompletesRequiredUndoAndPreservesAdditionalPeerMetadata(actor:) started.
2026-10-06T08:41:11.8464730Z ◇ Test case passing 1 argument actor → "z" to v4TextRepairCompletesRequiredUndoAndPreservesAdditionalPeerMetadata(actor:) started.
2026-10-06T08:41:11.8583670Z ◇ Test existingLimitsAndOpaqueMetadataArePreserved() started.
2026-10-06T08:41:11.8685790Z ◇ Test appearanceAndPaletteRejectUnrecognizedPresetsAndRoles() started.
2026-10-06T08:41:11.8790670Z ◇ Test exactNumericRoundTripsAllowCanonicalDecimalSpelling(_:) started.
2026-10-06T08:41:11.8891650Z ◇ Test explicitNewDocumentDefaultsDoNotSilentlyUpgradeMissingWireFields() started.
2026-10-06T08:41:11.8993350Z ◇ Test independentSnapshotsRetainEveryAdmittedFieldAndCanonicalRoundTrip() started.
2026-10-06T08:41:11.9094460Z ◇ Test case passing 1 argument key → "style" to schemaConversionRejectsReservedUnknownFieldCollisionsWithoutMutation(key:) started.
2026-10-06T08:41:11.9196650Z ◇ Test case passing 1 argument key → "items" to schemaConversionRejectsReservedUnknownFieldCollisionsWithoutMutation(key:) started.
2026-10-06T08:41:11.9296620Z ◇ Test case passing 1 argument key → "code" to schemaConversionRejectsReservedUnknownFieldCollisionsWithoutMutation(key:) started.
2026-10-06T08:41:11.9396950Z ◇ Test case passing 1 argument actor → "a" to retainedPasteEndpointRoleKeepsOpaqueIdentityThroughHistory(actor:) started.
2026-10-06T08:41:11.9497510Z ◇ Test case passing 1 argument actor → "z" to retainedPasteEndpointRoleKeepsOpaqueIdentityThroughHistory(actor:) started.
2026-10-06T08:41:11.9599420Z ◇ Test directedSpanFormattingIsAtomicAndKeepsLaterPeerText() started.
2026-10-06T08:41:11.9699680Z ◇ Test mediaPropertyUndoKeepsPeerCaptionAndRejectsOldSource() started.
2026-10-06T08:41:11.9800630Z ◇ Test markerConversionIsOneUndoAndLiteralCodeKeepsWhitespace() started.
2026-10-06T08:41:11.9901700Z ◇ Test navigationAndDirectedSpanFollowLogicalColumnsWithoutWriting() started.
2026-10-06T08:41:12.0002690Z ◇ Test inlineDelimiterFormattingPreservesUnicodeAndRestoresOriginalSelection() started.
2026-10-06T08:41:12.0103350Z ◇ Test authorRestrictionsPreserveAdmittedMarksAndPeerBlocks() started.
2026-10-06T08:41:12.0206810Z ◇ Test case passing 1 argument inactive → false to pasteSpliceRejectsUnobservedSameEditOuterNeighborWhenActiveOrUndone(inactive:) started.
2026-10-06T08:41:12.0315390Z ◇ Test case passing 1 argument inactive → true to pasteSpliceRejectsUnobservedSameEditOuterNeighborWhenActiveOrUndone(inactive:) started.
2026-10-06T08:41:12.0431970Z ◇ Test case passing 1 argument version → 1 to reservedSeedReferencesRejectAtomically(version:) started.
2026-10-06T08:41:12.0535640Z ◇ Test case passing 1 argument version → 2 to reservedSeedReferencesRejectAtomically(version:) started.
2026-10-06T08:41:12.0656310Z ◇ Test twoColumnsKeepScopedChildOriginsAndLogicalAddressOrder() started.
2026-10-06T08:41:12.0758020Z ◇ Test documentTitleHasAnExplicitOriginOutsideBodyAndConsumerIDs() started.
2026-10-06T08:41:12.0920460Z ◇ Test legacyWritingProtocolsRejectDocumentOriginsWithoutAcknowledging(_:) started.
2026-10-06T08:41:12.1025950Z ◇ Test titleReplayAndAuthorDeactivationKeepPeerTextAndBodyIndependent() started.
2026-10-06T08:41:12.1143730Z ◇ Test allIndependentModernSnapshotsKeepExactJSONThroughSharedProjection() started.
2026-10-06T08:41:12.1243380Z ◇ Test legacyStructuralProtocolRejectsDocumentOriginMutationAtomically() started.
2026-10-06T08:41:12.1345560Z ◇ Test peerStyleAndChecklistHistorySurviveListCreationUndoAndRedo() started.
2026-10-06T08:41:12.1456560Z ✔ Test invalidNestedOperationsRejectAtomicallyAndDoNotRewriteIDs() passed after 293.653 seconds.
2026-10-06T08:41:12.1560810Z ◇ Test capturedItemsFollowObservedPeerMovesBeforeStyleAndChecklistCommands() started.
2026-10-06T08:41:12.1663670Z ◇ Test concurrentListStylesConvergeAndUndoRevealsPeerWinner() started.
2026-10-06T08:41:12.1767020Z ◇ Test nativeJSONEnvelopeChecksListArgumentsPolicyCapturesAndFocus() started.
2026-10-06T08:41:12.1881730Z ◇ Test multiItemIndentPreservesRichMetadataChildrenPeerTextCaretAndSingleUndo(actor:) started.
2026-10-06T08:41:12.2002960Z ◇ Test genericBlockCommandsKeepItemTableAndDocumentBoundariesClosed() started.
2026-10-06T08:41:12.2114900Z ◇ Test case passing 1 argument nested → false to dependentPlacementChainsPreserveExistingContentUntilTheirAnchorArrives(nested:) started.
2026-10-06T08:41:12.2215360Z ◇ Test case passing 1 argument nested → true to dependentPlacementChainsPreserveExistingContentUntilTheirAnchorArrives(nested:) started.
2026-10-06T08:41:12.2318360Z ◇ Test forgedListPlansRejectEvenWhenDisabledWithoutAcknowledgment(fault:) started.
2026-10-06T08:41:12.2421470Z ◇ Test activeInlineCodeUnionRetainsAcceptedStateUntilAuthorRepair() started.
2026-10-06T08:41:12.2526040Z ◇ Test hierarchyHistoryRetainsLateBirthRecoveryUntilCreatorPacketArrives() started.
2026-10-06T08:41:12.2632800Z ◇ Test inactiveInlineConversionDoesNotConflictWithPeerCodeShape() started.
2026-10-06T08:41:12.2736440Z ◇ Test compositionAndReducedActionPolicyRejectLocalStyleButPreserveRemoteStyleAndChecks() started.
2026-10-06T08:41:12.2840310Z ◇ Test concurrentNestedMovesPreserveBothAuthorsAndUndoUsesRemainingPlacement() started.
2026-10-06T08:41:12.2943940Z ◇ Test multiItemOutdentKeepsUnselectedChildrenAndReopenedPeerEdits() started.
2026-10-06T08:41:12.3062080Z ◇ Test checklistUpdatesOnlyChangedItemsAndOneUndoRetainsDisjointPeerWrites() started.
2026-10-06T08:41:12.3168760Z ◇ Test invalidHierarchyTargetsRejectWithoutStateHistoryOrReceiptChanges(fault:) started.
2026-10-06T08:41:12.3271840Z ◇ Test reorderBetweenListsPreservesOriginsCheckedStatePeerTextAndNoopHistory() started.
2026-10-06T08:41:12.3383160Z ◇ Test directListStyleConversionPreservesPeerStyleAfterCreatorUndo() started.
2026-10-06T08:41:12.3493300Z ◇ Test styleChangesDeduplicateContainingOwnersAndPreserveCheckedRichAndOpaqueFields() started.
2026-10-06T08:41:12.3597120Z ◇ Test case passing 1 argument editedAnchor → false to inactiveMovesStillRejectKnownAnchorsFromAnotherCollection(editedAnchor:) started.
2026-10-06T08:41:12.3701200Z ◇ Test case passing 1 argument editedAnchor → true to inactiveMovesStillRejectKnownAnchorsFromAnotherCollection(editedAnchor:) started.
2026-10-06T08:41:12.3818560Z ◇ Test explicitModernEndpointsReturnCheckedTransactionsFocusAndSavedAuthorHistory() started.
2026-10-06T08:41:12.3922940Z ◇ Test capturedFormattingPreservesDirectionAndLeavesUnobservedPeerAtomsUnformatted() started.
2026-10-06T08:41:12.4027180Z ◇ Test legacyEntryPointsHandleCollisionsAndMalformedModernRequestsDoNotPromoteOrMutate() started.
2026-10-06T08:41:12.4144110Z ◇ Test heldPacketsExportRestoreAndReleaseWithoutPrematureReceipts() started.
2026-10-06T08:41:12.4246920Z ◇ Test localPolicyAndCompositionReturnUnchangedUnavailableAndPreservePeerRichContent() started.
2026-10-06T08:41:12.4349490Z ◇ Test capturedBackwardReplacementPreservesPeerInsertionThroughTheBridge() started.
2026-10-06T08:41:12.4453300Z ◇ Test case passing 2 arguments actor → "a", upper → 2 to mixedPasteZeroReplacementRetainsSuffixOriginWithConcurrentSplit(actor:upper:) started.
2026-10-06T08:41:12.4554260Z ◇ Test case passing 2 arguments actor → "a", upper → 4 to mixedPasteZeroReplacementRetainsSuffixOriginWithConcurrentSplit(actor:upper:) started.
2026-10-06T08:41:12.4657440Z ◇ Test case passing 2 arguments actor → "z", upper → 2 to mixedPasteZeroReplacementRetainsSuffixOriginWithConcurrentSplit(actor:upper:) started.
2026-10-06T08:41:12.4759590Z ◇ Test case passing 2 arguments actor → "z", upper → 4 to mixedPasteZeroReplacementRetainsSuffixOriginWithConcurrentSplit(actor:upper:) started.
2026-10-06T08:41:12.4859700Z ◇ Test case passing 1 argument fault → "retirement" to schemaMalformedRetainedRoleDoesNotChangeAcceptedSaveOrReachV3(fault:) started.
2026-10-06T08:41:12.4966320Z ◇ Test case passing 1 argument fault → "owner" to schemaMalformedRetainedRoleDoesNotChangeAcceptedSaveOrReachV3(fault:) started.
2026-10-06T08:41:12.5068720Z ◇ Test case passing 1 argument fault → "anchor" to schemaMalformedRetainedRoleDoesNotChangeAcceptedSaveOrReachV3(fault:) started.
2026-10-06T08:41:12.5170710Z ◇ Test case passing 2 arguments actor → "a", reversed → false to hierarchicalPasteKeepsOriginalCollectionsAndWholeImportedMetadata(actor:reversed:) started.
2026-10-06T08:41:12.5273040Z ◇ Test case passing 2 arguments actor → "a", reversed → true to hierarchicalPasteKeepsOriginalCollectionsAndWholeImportedMetadata(actor:reversed:) started.
2026-10-06T08:41:12.5371330Z ◇ Test case passing 2 arguments actor → "z", reversed → false to hierarchicalPasteKeepsOriginalCollectionsAndWholeImportedMetadata(actor:reversed:) started.
2026-10-06T08:41:12.5473820Z ◇ Test case passing 2 arguments actor → "z", reversed → true to hierarchicalPasteKeepsOriginalCollectionsAndWholeImportedMetadata(actor:reversed:) started.
2026-10-06T08:41:12.5576000Z ◇ Test case passing 1 argument actor → "a" to retainedPasteRichReferenceCannotFlattenThroughConcurrentCode(actor:) started.
2026-10-06T08:41:12.5683600Z ◇ Test case passing 1 argument actor → "z" to retainedPasteRichReferenceCannotFlattenThroughConcurrentCode(actor:) started.
2026-10-06T08:41:12.5788940Z ◇ Test creationUndoFlattensPeerChildrenAfterRestoredSelectionAndRetainsHistoricalAnchors() started.
2026-10-06T08:41:12.5890850Z ◇ Test conflictingFlattenedLabelsRetainUnionUntilAuthorRepairInsteadOfLosingPeerChild() started.
2026-10-06T08:41:12.5992560Z ◇ Test removalDoesNotOverrideIndependentPeerMoveAndConcurrentRemovalsNeverDuplicate() started.
2026-10-06T08:41:12.6094160Z ◇ Test malformedInactiveColumnOperationAndCausallyRemovedTargetsReject() started.
2026-10-06T08:41:12.6196960Z ◇ Test emptyCreationHasNoPlaceholderAndAllowsOutsideLayoutNestedBoundaries() started.
2026-10-06T08:41:12.6299350Z ◇ Test emptyRemovalReturnsUsableInsertionBoundaryAtFormerLayoutPosition() started.
2026-10-06T08:41:12.6400940Z ◇ Test modernColumnRoutesRejectAtEveryLegacyProtocolWithoutReceiptOrSaveChanges() started.
2026-10-06T08:41:12.6502510Z ◇ Test invalidNestedAndNoncontiguousCreationAndSplitDoNotChangeSavedHistory() started.
2026-10-06T08:41:12.6604040Z ◇ Test oneLossyMemberRejectsCompleteRangeWithoutWriting() started.
2026-10-06T08:41:12.6706710Z ◇ Test removalUndoKeepsInsertionsAnchoredAfterPreviouslyFlattenedChildOutsideLayout() started.
2026-10-06T08:41:12.6809040Z ◇ Test removalMatchesFlattenedFixtureRestoresSplitAndCaretAndRoutesLatePeerPackets() started.
2026-10-06T08:41:12.6912140Z ◇ Test rangeConversionHasUniqueBirthsAndOneUndoPreservingPeerText() started.
2026-10-06T08:41:12.7021770Z ◇ Test creationMatchesIndependentFixtureAndKeepsCaretOriginsOneUndoAndReopen() started.
2026-10-06T08:41:12.7123050Z ◇ Test synchronizedResizeLWWAuthorUndoReopenAndNoopMatchIndependentSnapshots() started.
2026-10-06T08:41:12.7222630Z ◇ Test resizePacketBeforeLayoutBirthRetainsRecoveryThenConvergesWithoutPromotingReceipt() started.
2026-10-06T08:41:12.7324560Z ◇ Test case passing 1 argument version → 1 to knownUndoTargetsMustBeEdits(version:) started.
2026-10-06T08:41:12.7426290Z ◇ Test case passing 1 argument version → 2 to knownUndoTargetsMustBeEdits(version:) started.
2026-10-06T08:41:12.7527840Z ◇ Test case passing 1 argument deferredParent → false to impossibleSameChangeNodePathsAndInitialAnchorsRejectAtomically(deferredParent:) started.
2026-10-06T08:41:12.7627600Z ◇ Test case passing 1 argument deferredParent → true to impossibleSameChangeNodePathsAndInitialAnchorsRejectAtomically(deferredParent:) started.
2026-10-06T08:41:12.7729500Z ◇ Test case passing 1 argument splitFirst → false to v4SoftBreakAfterInsertedRunSurvivesTransferredAndJoinedHistory(splitFirst:) started.
2026-10-06T08:41:12.7832800Z ◇ Test case passing 1 argument splitFirst → true to v4SoftBreakAfterInsertedRunSurvivesTransferredAndJoinedHistory(splitFirst:) started.
2026-10-06T08:41:12.7931790Z ◇ Test case passing 2 arguments type → "list", repairConversion → false to schemaConvertedMergeSourceRetainsUnionForEitherAuthorRepair(type:repairConversion:) started.
2026-10-06T08:41:12.8037680Z ◇ Test case passing 2 arguments type → "list", repairConversion → true to schemaConvertedMergeSourceRetainsUnionForEitherAuthorRepair(type:repairConversion:) started.
2026-10-06T08:41:21.7702530Z ◇ Test case passing 2 arguments type → "code", repairConversion → false to schemaConvertedMergeSourceRetainsUnionForEitherAuthorRepair(type:repairConversion:) started.
2026-10-06T08:41:21.7807210Z ◇ Test case passing 2 arguments type → "code", repairConversion → true to schemaConvertedMergeSourceRetainsUnionForEitherAuthorRepair(type:repairConversion:) started.
2026-10-06T08:41:21.7910830Z ◇ Test case passing 2 arguments actor → "a", repairPeer → false to retainedPasteOverlappingEndpointExportsAndEitherAuthorRepairs(actor:repairPeer:) started.
2026-10-06T08:41:21.8014330Z ◇ Test case passing 2 arguments actor → "a", repairPeer → true to retainedPasteOverlappingEndpointExportsAndEitherAuthorRepairs(actor:repairPeer:) started.
2026-10-06T08:41:21.8116280Z ◇ Test case passing 2 arguments actor → "z", repairPeer → false to retainedPasteOverlappingEndpointExportsAndEitherAuthorRepairs(actor:repairPeer:) started.
2026-10-06T08:41:21.8224700Z ◇ Test case passing 2 arguments actor → "z", repairPeer → true to retainedPasteOverlappingEndpointExportsAndEitherAuthorRepairs(actor:repairPeer:) started.
2026-10-06T08:41:21.8328350Z ◇ Test case passing 1 argument version → 1 to undoOfMissingEditRemainsValidUntilItsCausalTargetArrives(version:) started.
2026-10-06T08:41:21.8433580Z ◇ Test case passing 1 argument version → 2 to undoOfMissingEditRemainsValidUntilItsCausalTargetArrives(version:) started.
2026-10-06T08:41:21.8536230Z ◇ Test forgedSharedMetadataAndWrongSourceProofRejectEvenWhenInactive() started.
2026-10-06T08:41:21.8652760Z ◇ Test nearFullArchiveReservesFailureAndCancellationWithoutLosingAcceptedLocalState() started.
2026-10-06T08:41:21.8754670Z ◇ Test acceptedReplacementDocumentAndEpochRejectLateResultWithOriginReceiptStillPending() started.
2026-10-06T08:41:21.8862400Z ◇ Test unchangedResultAndRepeatedDeliveryHaveNoHistoryAndNoAutomaticRedo() started.
2026-10-06T08:41:21.8965600Z ◇ Test forgedAppliedLocalReceiptCannotAcknowledgePendingOriginAfterReopen() started.
2026-10-06T08:41:21.9077480Z ◇ Test concurrentDeletionPreventsValidPeerCompletionFromRecreatingContent() started.
2026-10-06T08:41:21.9180470Z ◇ Test failureAndInterruptedReopenPreserveLocalPendingErrorResultWithoutSharedMutation() started.
2026-10-06T08:41:21.9282880Z ◇ Test cancellationSupersededGenerationAndReusedRequestIDCannotApplyLateResult() started.
2026-10-06T08:41:21.9385200Z ◇ Test invalidMetadataNeverChangesAcceptedHistoryOrRequestRecord(_:) started.
2026-10-06T08:41:21.9489380Z ◇ Test case passing 1 argument baseline → false to collectionInsertAfterProjectedPeerRetainsRoleProofAndUndo(baseline:) started.
2026-10-06T08:41:21.9593750Z ◇ Test case passing 1 argument baseline → true to collectionInsertAfterProjectedPeerRetainsRoleProofAndUndo(baseline:) started.
2026-10-06T08:41:21.9696660Z ◇ Test completionPublicationPreservesAnotherRequestFailureFromTheHostCallback() started.
2026-10-06T08:41:21.9799820Z ◇ Test policyAndCompositionRetainInertResultForExplicitResubmissionAndDoNotChangeHistory() started.
2026-10-06T08:41:21.9902600Z ◇ Test case passing 2 arguments list → false, actor → "a" to v4ObservedRichPrefixSelectionReplacementRetainsReferencesFormattingAndPeerUndo(list:actor:) started.
2026-10-06T08:41:22.0004630Z ◇ Test case passing 2 arguments list → false, actor → "z" to v4ObservedRichPrefixSelectionReplacementRetainsReferencesFormattingAndPeerUndo(list:actor:) started.
2026-10-06T08:41:22.0108340Z ◇ Test case passing 2 arguments list → true, actor → "a" to v4ObservedRichPrefixSelectionReplacementRetainsReferencesFormattingAndPeerUndo(list:actor:) started.
2026-10-06T08:41:22.0227550Z ◇ Test case passing 2 arguments list → true, actor → "z" to v4ObservedRichPrefixSelectionReplacementRetainsReferencesFormattingAndPeerUndo(list:actor:) started.
2026-10-06T08:41:22.0334140Z ◇ Test deletedOrReusedLabelNeverReceivesCompletionAndExplicitRetryAfterDeletionUndoIsPossible() started.
2026-10-06T08:41:22.0436890Z ◇ Test modernFileValidationDoesNotReinterpretLegacyOpaqueFiles() started.
2026-10-06T08:41:22.0539960Z ◇ Test previewOnlyUpdatesDescriptiveMetadataAndExplicitNullRemovesOptionalValues() started.
2026-10-06T08:41:22.0642590Z ◇ Test fileInsertionAndCompletionAreSeparateStepsAndKeepConsumerPendingMetadata() started.
2026-10-06T08:41:22.0744400Z ◇ Test completionPreservesPeerCaptionOpaqueMetadataAndOriginalOriginThroughMoveUndoReopen() started.
2026-10-06T08:41:22.0846190Z ◇ Test localArchiveAndGenerationValidationAreAtomicAndCapacityNeedsExplicitForget() started.
2026-10-06T08:41:22.0949310Z ◇ Test case passing 1 argument actor → "a" to retainedPasteAcceptsObservedRoleSourceAndRejectsErasedRoleCohort(actor:) started.
2026-10-06T08:41:22.1054250Z ◇ Test case passing 1 argument actor → "z" to retainedPasteAcceptsObservedRoleSourceAndRejectsErasedRoleCohort(actor:) started.
2026-10-06T08:41:22.1158120Z ◇ Test independentConcurrentMetadataRegistersComposeAndAuthorUndoRevealsPeerWinner() started.
2026-10-06T08:41:22.1260560Z ◇ Test sourceChangeRetainsOldResultAndFreshTargetCompletesWithoutOverwritingNewPreviewURL() started.
2026-10-06T08:41:22.1362260Z ◇ Test case passing 1 argument exit → false to schemaListTextSemanticsCannotBeSpoofedIntoV3BatchOrRestore(exit:) started.
2026-10-06T08:41:22.1465180Z ◇ Test case passing 1 argument exit → true to schemaListTextSemanticsCannotBeSpoofedIntoV3BatchOrRestore(exit:) started.
2026-10-06T08:41:22.1567770Z ◇ Test case passing 2 arguments list → false, actor → "a" to v4EmptySplitHeadPositionFollowsRetainedBoundaryAcrossPeerEditsUndoReopenAndRedo(list:actor:) started.
2026-10-06T08:41:22.1669680Z ◇ Test case passing 2 arguments list → false, actor → "z" to v4EmptySplitHeadPositionFollowsRetainedBoundaryAcrossPeerEditsUndoReopenAndRedo(list:actor:) started.
2026-10-06T08:41:22.1771740Z ◇ Test case passing 2 arguments list → true, actor → "a" to v4EmptySplitHeadPositionFollowsRetainedBoundaryAcrossPeerEditsUndoReopenAndRedo(list:actor:) started.
2026-10-06T08:41:22.1886510Z ◇ Test case passing 2 arguments list → true, actor → "z" to v4EmptySplitHeadPositionFollowsRetainedBoundaryAcrossPeerEditsUndoReopenAndRedo(list:actor:) started.
2026-10-06T08:41:22.2034040Z ◇ Test case passing 2 arguments index → 0, actor → "a" to schemaEmptyRootItemExitPreservesBothIdentitiesAndRemoteHistory(index:actor:) started.
2026-10-06T08:41:22.2162390Z ◇ Test case passing 2 arguments index → 0, actor → "z" to schemaEmptyRootItemExitPreservesBothIdentitiesAndRemoteHistory(index:actor:) started.
2026-10-06T08:41:22.2288610Z ◇ Test case passing 2 arguments index → 1, actor → "a" to schemaEmptyRootItemExitPreservesBothIdentitiesAndRemoteHistory(index:actor:) started.
2026-10-06T08:41:22.2414140Z ◇ Test case passing 2 arguments index → 1, actor → "z" to schemaEmptyRootItemExitPreservesBothIdentitiesAndRemoteHistory(index:actor:) started.
2026-10-06T08:41:22.2517240Z ◇ Test case passing 2 arguments index → 2, actor → "a" to schemaEmptyRootItemExitPreservesBothIdentitiesAndRemoteHistory(index:actor:) started.
2026-10-06T08:41:22.2618730Z ◇ Test case passing 2 arguments index → 2, actor → "z" to schemaEmptyRootItemExitPreservesBothIdentitiesAndRemoteHistory(index:actor:) started.
2026-10-06T08:41:22.2721030Z ◇ Test case passing 2 arguments swap → false, side → "left" to writingSessionConcurrentMergeSplitFollowsBoundary(swap:side:) started.
2026-10-06T08:41:22.2841990Z ◇ Test case passing 2 arguments swap → false, side → "right" to writingSessionConcurrentMergeSplitFollowsBoundary(swap:side:) started.
2026-10-06T08:41:22.2947100Z ◇ Test case passing 2 arguments swap → true, side → "left" to writingSessionConcurrentMergeSplitFollowsBoundary(swap:side:) started.
2026-10-06T08:41:22.3077200Z ◇ Test case passing 2 arguments swap → true, side → "right" to writingSessionConcurrentMergeSplitFollowsBoundary(swap:side:) started.
2026-10-06T08:41:22.3179140Z ◇ Test case passing 1 argument list → false to v4SplitKeepsObservedInsertedPrefixAndPeerUndo(list:) started.
2026-10-06T08:41:22.3281150Z ◇ Test case passing 1 argument list → true to v4SplitKeepsObservedInsertedPrefixAndPeerUndo(list:) started.
2026-10-06T08:41:22.3383420Z ◇ Test case passing 1 argument actor → "a" to v4RequiredUndoPersistsAndExplicitRedoRetainsEveryHistory(actor:) started.
2026-10-06T08:41:22.3505970Z ◇ Test case passing 1 argument actor → "z" to v4RequiredUndoPersistsAndExplicitRedoRetainsEveryHistory(actor:) started.
2026-10-06T08:41:22.3607900Z ◇ Test chunkedArchiveExactReadbackFreshSessionAndDuplicateActivationStaySeparateFromLegacy() started.
2026-10-06T08:41:22.3711180Z ◇ Test boundedReservationsReleaseWithoutTighteningAcceptedDocumentLimits() started.
2026-10-06T08:41:22.3812960Z ◇ Test uploadGapsConflictingRetriesUnknownKeysAndReadbackGapsNeverAdvanceProgress() started.
2026-10-06T08:41:22.3915230Z ◇ Test incompatibleArchivesStayExportableAndCannotReplaceAnyExistingSessionHandle() started.
2026-10-06T08:41:22.4017670Z ◇ Test validLargeOriginalsCrossTheABIInChunksWithoutClippingOpaqueDocumentData() started.
2026-10-06T08:41:22.4137830Z ◇ Test case passing 1 argument actor → "a" to retainedPasteConcurrentHeadingPreservesEndpointSchemaAndUndo(actor:) started.
2026-10-06T08:41:22.4240000Z ◇ Test case passing 1 argument actor → "z" to retainedPasteConcurrentHeadingPreservesEndpointSchemaAndUndo(actor:) started.
2026-10-06T08:41:22.4341850Z ◇ Test archiveReadbackAndEveryAcknowledgmentAreRequiredBeforeCreatingANewSession() started.
2026-10-06T08:41:22.4442870Z ◇ Test rejectedUnionRequiresExplicitRepairAndEveryRejectedChangeRemainsInTheArchive() started.
2026-10-06T08:41:22.4576370Z ◇ Test independentLegacyFixturesMigrateWithoutChangingAnyFieldOrAllocatingHistory(_:) started.
2026-10-06T08:41:22.4704450Z ◇ Test incompatibleIndependentFixturesRemainExactAndNeverActivate(_:) started.
2026-10-06T08:41:22.4835560Z ◇ Test malformedDuplicateNumericUnknownArchiveOrWrongSourceFormatNeverDropsOriginalData() started.
2026-10-06T08:41:22.4940380Z ◇ Test blockArrayAndExtendedEnvelopeKeepExistingTitleAppearanceAndOpaqueMetadata() started.
2026-10-06T08:41:22.5042160Z ◇ Test reservedBlockRegistersAndNestedLayoutsRejectWithoutRetypingConsumerJSON() started.
2026-10-06T08:41:22.5164000Z ◇ Test allLegacySessionVersionsRequireAllOfflineChangesAndKeepOldUndoOnlyInTheArchive(_:) started.
2026-10-06T08:41:22.5297990Z ◇ Test movedInsertedAndRepeatedScopedOriginsMapExplicitlyAndOldAnchorsNeverEnterTheNewEpoch() started.
2026-10-06T08:41:22.5400050Z ◇ Test thousandsOfEmptyContainersKeepEveryOriginWithoutRepeatingCollectionReplay() started.
2026-10-06T08:41:22.5522950Z ◇ Test case passing 1 argument inactive → false to pasteSpliceRejectsDuplicateOwnershipEvenWhenAuthorUndoRetainsMalformedEdit(inactive:) started.
2026-10-06T08:41:22.5777430Z ◇ Test case passing 1 argument inactive → true to pasteSpliceRejectsDuplicateOwnershipEvenWhenAuthorUndoRetainsMalformedEdit(inactive:) started.
2026-10-06T08:41:22.5910140Z ◇ Test case passing 1 argument metadataType → "host-metadata" to createdListDescendantsRetainOpaqueTypeMetadata(metadataType:) started.
2026-10-06T08:41:22.6017580Z ◇ Test case passing 1 argument metadataType → "math" to createdListDescendantsRetainOpaqueTypeMetadata(metadataType:) started.
2026-10-06T08:41:22.6111000Z ◇ Test case passing 1 argument metadataType → "toggle" to createdListDescendantsRetainOpaqueTypeMetadata(metadataType:) started.
2026-10-06T08:41:22.6213380Z ◇ Test foreignForgedAndExtraTargetFieldsRejectCopyUnchanged() started.
2026-10-06T08:41:22.6314500Z ◇ Test checkedCopyReturnsVersionedPayloadAndFallbackWithoutDocumentHistoryOrFocusMutation() started.
2026-10-06T08:41:22.6417900Z ◇ Test case passing 2 arguments existing → false, actor → "a" to schemaSoleEmptyItemExitRetainsChildrenAndReorderedPeerChildEdits(existing:actor:) started.
2026-10-06T08:41:22.6518190Z ◇ Test case passing 2 arguments existing → false, actor → "z" to schemaSoleEmptyItemExitRetainsChildrenAndReorderedPeerChildEdits(existing:actor:) started.
2026-10-06T08:41:22.6622070Z ◇ Test case passing 2 arguments existing → true, actor → "a" to schemaSoleEmptyItemExitRetainsChildrenAndReorderedPeerChildEdits(existing:actor:) started.
2026-10-06T08:41:22.6724150Z ◇ Test case passing 2 arguments existing → true, actor → "z" to schemaSoleEmptyItemExitRetainsChildrenAndReorderedPeerChildEdits(existing:actor:) started.
2026-10-06T08:41:22.6826470Z ◇ Test case passing 1 argument actor → "a" to retainedPasteCanReuseObservedOrdinarySplitTail(actor:) started.
2026-10-06T08:41:22.6930200Z ◇ Test case passing 1 argument actor → "z" to retainedPasteCanReuseObservedOrdinarySplitTail(actor:) started.
2026-10-06T08:41:22.7047920Z ◇ Test authoredRichBlockMarksUseTextPolicyWithoutReinterpretingOpaqueMetadata() started.
2026-10-06T08:41:22.7150650Z ◇ Test capturedRootBoundarySurvivesAnchorMoveAndDeletionWithoutRetargeting() started.
2026-10-06T08:41:22.7274310Z ◇ Test case passing 1 argument repairConversion → false to schemaInactiveConversionAllowsEitherAuthorToRepairPriorSortedMetadataConflict(repairConversion:) started.
2026-10-06T08:41:22.7406140Z ◇ Test case passing 1 argument repairConversion → true to schemaInactiveConversionAllowsEitherAuthorToRepairPriorSortedMetadataConflict(repairConversion:) started.
2026-10-06T08:41:22.7503620Z ◇ Test mixedDeletePreservesLaterPeerAtomsAndIndependentTextWithOneUndo() started.
2026-10-06T08:41:22.7606170Z ◇ Test staleSelectionScopeForgedBoundaryWrongOrderAndForeignCaretRejectAtomically() started.
2026-10-06T08:41:22.7723970Z ◇ Test insertChoosesFirstEditableNestedFieldOrWholeNodeAndUndoesOnce() started.
2026-10-06T08:41:22.7859500Z ◇ Test ancestorOverlapMetadataAndDeletedColumnDestinationReject() started.
2026-10-06T08:41:22.7958390Z ◇ Test deleteReturnsFollowingThenPrecedingTextOrEmptyInsertionWithoutPlaceholder() started.
2026-10-06T08:41:22.8059870Z ◇ Test multiMovePreservesCapturedOrderCaretAndPeerTextAsOneUndo() started.
2026-10-06T08:41:22.8163050Z ◇ Test readOnlyBodyFallbackUsesTitleAndCoveredRangesDoNotDuplicateDeletion() started.
2026-10-06T08:41:22.8265900Z ✔ Test concurrentDestinationConversionAndParagraphMergePreserveIdentityAndAuthorUndo() passed after 309.294 seconds.
2026-10-06T08:41:22.8402690Z ✔ Test schemaRoleDeltaBeforeDependenciesRetainsRecoveryAndReopens() passed after 309.296 seconds.
2026-10-06T08:41:22.8504100Z ✔ Test v4PendingReceiveBlocksHistoryEvenWhenNeitherStackHasAnEntry() passed after 309.295 seconds.
2026-10-06T08:41:22.8606270Z ✔ Test recoveryAccumulatesReorderedAdditionalEditsWithoutAcknowledgingThem() passed after 309.295 seconds.
2026-10-06T08:41:22.8710770Z ✔ Test retainedPasteConcurrentSplitsOrderRetainedEndpointGroup(actor:scenario:) with 8 test cases passed after 309.295 seconds.
2026-10-06T08:41:22.8811750Z ✔ Test pasteBlocksPublicCommandRetainsWholeMetadataAndConcurrentCutGroups(actor:cut:) with 4 test cases passed after 309.295 seconds.
2026-10-06T08:41:22.8915920Z ✔ Test sequentialSpliceBeforeFirstImportedMemberMustPrecedeWholeEarlierGroup() passed after 309.295 seconds.
2026-10-06T08:41:22.8962810Z ✔ Test listContinuationKeepsMarksReferencesChildrenAndRemoteSuffix() passed after 309.295 seconds.
2026-10-06T08:41:22.9104690Z ✔ Test v4SequentialInsertionKeepsObservedRunOrderAndPeerUndo(list:actor:) with 4 test cases passed after 309.295 seconds.
2026-10-06T08:41:22.9219330Z ✔ Test v4ConcurrentCutPreservesUnobservedInsertedPrefixInEarlierTail(actor:) with 2 test cases passed after 309.295 seconds.
2026-10-06T08:41:22.9323170Z ✔ Test concurrentMovesAndDeletesConverge() passed after 309.295 seconds.
2026-10-06T08:41:22.9426770Z ✔ Test schemaConversionAndOldParagraphSplitUseRetainedOriginWithAuthorUndo(type:reverseActors:) with 4 test cases passed after 309.295 seconds.
2026-10-06T08:41:22.9531840Z ✔ Test collectionCreationRejectsInvalidScopePolicyCompositionAndLegacyAtomically() passed after 309.890 seconds.
2026-10-06T08:41:22.9634600Z ✔ Test schemaOrdinaryConversionCannotBeSpoofedIntoV3BatchOrRestore() passed after 309.958 seconds.
2026-10-06T08:41:22.9737400Z ✔ Test siblingInsertionConflictDoesNotAcknowledgeOrPersistRemoteChanges() passed after 309.958 seconds.
2026-10-06T08:41:22.9839940Z ✔ Test generatedOfflineTextAndFormattingConverge(seed:) with 8 test cases passed after 309.958 seconds.
2026-10-06T08:41:22.9941840Z ◇ Test mixedHistoryReturnsExactOriginsAndLocalTypedNodesCannotAuthorizeUnsupportedBlockMutation() started.
2026-10-06T08:41:23.0044790Z ◇ Test checkedInvocationOverrideUsesOriginalInputAndExplicitNoneDoesNotFabricateFocus() started.
2026-10-06T08:41:23.0147260Z ◇ Test malformedImportOrSelectionAndOtherActorCannotReplaceAcceptedHistoryOrExistingRegistry() started.
2026-10-06T08:41:23.0249090Z ◇ Test localSelectionAndPairedArchiveReturnCanonicalBackwardUndoAndCaretRedoIncludingReopen() started.
2026-10-06T08:41:23.0352950Z ✔ Test mixedPasteAbsorbsOnlyExplicitInlineBoundariesAndFreshensWholeSchemaNodes(actor:) with 2 test cases passed after 310.066 seconds.
2026-10-06T08:41:23.0456770Z ✔ Test invalidBatchIsAtomic() passed after 310.066 seconds.
2026-10-06T08:41:23.0541860Z ✔ Test externalUnknownWholeNodeFallbackKeepsRecognizedVisibleFieldsOnly() passed after 310.613 seconds.
2026-10-06T08:41:23.0643530Z ✔ Test crossPasteMetadataEndpointRejectsWithoutAcceptedMutation() passed after 310.613 seconds.
2026-10-06T08:41:23.0751830Z ✔ Test unicodeRangesAndRoundTrip() passed after 310.613 seconds.
2026-10-06T08:41:23.0875670Z ✔ Test schemaConversionAndOldOriginEditConvergeUnderReversedActorAndDeliveryOrder(converter:) with 2 test cases passed after 310.613 seconds.
2026-10-06T08:41:23.1031790Z ✔ Test undoInsertionPreservesRemoteContentAndConcurrentDescendantsSurviveDelete() passed after 310.612 seconds.
2026-10-06T08:41:23.1167880Z ✔ Test writingBatchMixedDeletionPreservesRemoteTextAndReopenUndo() passed after 310.613 seconds.
2026-10-06T08:41:23.1310280Z ✔ Test crossPasteConcurrentBoundarySplitsPreserveCutOwners(actor:scenario:) with 8 test cases passed after 310.612 seconds.
2026-10-06T08:41:23.1488810Z ✔ Test duplicateAndReorderedDelivery() passed after 310.612 seconds.
2026-10-06T08:41:23.1629950Z ✔ Test exitRolesWithRankedAndFallbackOriginsKeepOneStableOrder() passed after 310.612 seconds.
2026-10-06T08:41:23.1771280Z ✔ Test retainedPasteCannotRankFromGloballyKnownButUnobservedSourceAnchor() passed after 310.612 seconds.
2026-10-06T08:41:23.1919610Z ✔ Test writingBatchMoveKeepsNestedOriginsAndRemoteAuthorWork() passed after 310.969 seconds.
2026-10-06T08:41:23.2021160Z ✔ Test knownPriorElementsMustHaveTheReferencedKindAndField() passed after 310.969 seconds.
2026-10-06T08:41:23.2121640Z ✔ Test nestedListIndentOutdentAndTableCollectionsUseSharedCommands() passed after 310.969 seconds.
2026-10-06T08:41:23.2222860Z ✔ Test knownCreationSeedsValidateWhileTheirParentIsMissing() passed after 310.969 seconds.
2026-10-06T08:41:23.2324370Z ✔ Test writingPrototypeCyclesAndIncompleteHistoriesFailExplicitly() passed after 310.969 seconds.
2026-10-06T08:41:23.2425330Z ✔ Test sameChangePlacementCyclesAreRejectedWithoutAcknowledgmentOrContentLoss() passed after 310.970 seconds.
2026-10-06T08:41:23.2527760Z ✔ Test legacyStoppedAuthorReorderedUndoRedoKeepsWinningAvailability(version:) with 2 test cases passed after 310.970 seconds.
2026-10-06T08:41:23.2632040Z ✔ Test schemaConversionUndoProjectsPeerItemWithSameIdentityAndSuffix() passed after 310.970 seconds.
2026-10-06T08:41:23.2735130Z ✔ Test clipboardRichPastePreservesReferencePayloadAndPeerUndoAcrossReopen() passed after 310.970 seconds.
2026-10-06T08:41:23.2835970Z ✔ Test schemaInlineConversionDoesNotOverwriteUnknownReservedMetadata(version:key:) with 4 test cases passed after 310.970 seconds.
2026-10-06T08:41:23.2938400Z ✔ Test retainedPasteLaterEndpointMoveStaysAuthoritativeThroughOwnUndo(actor:acrossContainer:) with 4 test cases passed after 310.929 seconds.
2026-10-06T08:41:23.3039540Z ✔ Test clipboardPlainTextNormalizesLineEndingsInOneUndoAction() passed after 310.929 seconds.
2026-10-06T08:41:23.3143370Z ✔ Test writingPrototypeSplitRetainsConcurrentTypingFormattingAndAtomOrigins() passed after 310.929 seconds.
2026-10-06T08:41:32.9692710Z ✔ Test schemaEmptyExitRejectsVisibleAndRetainedRootLabelCollisionAtomically(retired:) with 2 test cases passed after 310.929 seconds.
2026-10-06T08:41:32.9796110Z ✔ Test writingDepthBoundaryKeepsOriginsAndPeerAtomsThroughExplicitRecovery(version:scenario:) with 8 test cases passed after 310.903 seconds.
2026-10-06T08:41:32.9901510Z ✔ Test hierarchicalPasteNestedImportsAndParentEnterKeepIndependentCollections(actor:reversedDelivery:) with 4 test cases passed after 310.903 seconds.
2026-10-06T08:41:33.0002110Z ✔ Test externalNormalizationRequiresExplicitSafeAssetMetadata() passed after 310.903 seconds.
2026-10-06T08:41:33.0103910Z ✔ Test retainedPasteDifferentLaterSourceKeepsEarlierImportedMember(actor:concurrentCut:) with 4 test cases passed after 310.903 seconds.
2026-10-06T08:41:33.0204430Z ✔ Test sharedStructureBridgeFixture() passed after 310.976 seconds.
2026-10-06T08:41:33.0306310Z ◇ Test case passing 2 arguments version → 4, excess → 0 to actual32MBUnionRetainsRejectedHistoryAndPeerMetadata(version:excess:) started.
2026-10-06T08:41:33.0408250Z ✔ Test nestedReceiveHoldsKeepReceiptsPendingAndDrainAfterInvalidBatch() passed after 311.001 seconds.
2026-10-06T08:41:33.0514550Z ✔ Test v5SplicePreservesForeignMovedImportedContainerAndUnseenChildThroughAuthorUndoAndReopen() passed after 311.002 seconds.
2026-10-06T08:41:33.0612140Z ✔ Test retainedPasteSequentialReuseKeepsOneStepHistory(actor:) with 2 test cases passed after 311.002 seconds.
2026-10-06T08:41:33.0714880Z ✔ Test invalidKnownShapesAreRejectedWithoutChangingTheDocument() passed after 311.002 seconds.
2026-10-06T08:41:33.0817570Z ✔ Test writingBatchDuplicateSkipsLabelsRetainedAcrossEpochReset() passed after 311.002 seconds.
2026-10-06T08:41:33.0918670Z ✔ Test writingSessionRepairReconcilesRetainedOwnUndoBeforeSaveRestore() passed after 311.002 seconds.
2026-10-06T08:41:33.1020580Z ✔ Test schemaRetainedPeerSupportsConversionShortcutAndMerge(command:) with 6 test cases passed after 311.002 seconds.
2026-10-06T08:41:33.1120170Z ✔ Test crossPastePreservesUnseenIntermediateChildAndBoundaryText(actor:) with 2 test cases passed after 311.002 seconds.
2026-10-06T08:41:33.1221630Z ✔ Test receivePreparationOnlyRunsForValidatedStateChanges() passed after 310.881 seconds.
2026-10-06T08:41:33.1323630Z ✔ Test schemaConcurrentListConversionsKeepRecoverableUnionAndEitherAuthorCanRepair(reverseActors:repairFirst:) with 4 test cases passed after 315.436 seconds.
2026-10-06T08:41:33.1423910Z ✔ Test schemaRetainedRoleAnchorsKeepMultiplePeerParagraphOrderAndWrapperRedo() passed after 315.692 seconds.
2026-10-06T08:41:33.1524120Z ✔ Test legacySeedNamespaceFollowsTheTextActuallyInitialized(initialized:) with 2 test cases passed after 315.436 seconds.
2026-10-06T08:41:33.1626370Z ✔ Test preservesUnknownFieldsAndNestedContent() passed after 315.436 seconds.
2026-10-06T08:41:33.1727740Z ✔ Test writingBatchDuplicateCopiesRichDescendantsWithFreshOrigins() passed after 315.436 seconds.
2026-10-06T08:41:33.1829940Z ✔ Test pasteSpliceExplicitGroupKeepsConcurrentCutsInBoundaryOrder(pasteActor:pasteCut:) with 4 test cases passed after 315.436 seconds.
2026-10-06T08:41:33.1930770Z ✔ Test writingSessionStoppedAuthorReorderedUndoRedoRestoresWinningHistory() passed after 315.436 seconds.
2026-10-06T08:41:33.2033400Z ✔ Test v3NewBlockCommandsLeaveAcceptedStateUntouched() passed after 315.436 seconds.
2026-10-06T08:41:33.2133900Z ✔ Test writingSessionNewLinksRejectUnsafeSchemesWithoutChangingLegacyBaseline() passed after 315.436 seconds.
2026-10-06T08:41:33.2234670Z ✔ Test retainedPasteAfterOrdinarySourceMoveUsesLiveOrderNotRgaAfterAncestry(actor:) with 2 test cases passed after 315.436 seconds.
2026-10-06T08:41:33.2336310Z ✔ Test schemaMalformedRoleAnchorAndHiddenFirstItemRejectAtomically(fault:) with 5 test cases passed after 315.436 seconds.
2026-10-06T08:41:33.2436870Z ✔ Test depthLimitUnionCanBeRepairedWithoutChangingExistingIDsOrContent(levels:) with 3 test cases passed after 315.436 seconds.
2026-10-06T08:41:33.2538990Z ✔ Test sameTransactionCreationSeedsRemainValid(version:) with 2 test cases passed after 315.437 seconds.
2026-10-06T08:41:33.2641370Z ✔ Test generatedRecoveryCollisionsRetainAllCollectionKinds(seed:kind:) with 20 test cases passed after 315.437 seconds.
2026-10-06T08:41:33.2745710Z ✔ Test collectionToggleCreationUndoRedoRetainsRemoteDescendants() passed after 315.437 seconds.
2026-10-06T08:41:33.2847930Z ✔ Test simultaneousRepairsConvergeAndUndoKeepsTheOtherRepair() passed after 315.554 seconds.
2026-10-06T08:41:33.2949790Z ✔ Test mixedPasteConcurrentCutsOrderCompleteGroupsAndFollowBoundaryPrefix(actor:cut:) with 4 test cases passed after 315.555 seconds.
2026-10-06T08:41:33.3051690Z ✔ Test v4CausalSplitPinsEarlierDestinationAndJoinedPrefix(joinFirst:) with 2 test cases passed after 315.555 seconds.
2026-10-06T08:41:33.3153850Z ✔ Test mixedPasteRejectsPolicyAndOldEpochBeforeAnyAcceptedMutation() passed after 315.555 seconds.
2026-10-06T08:41:33.3258670Z ✔ Test schemaUndoKeepsPeerSubtreeIdentityMarksReferencesAndOpaqueChildren() passed after 315.555 seconds.
2026-10-06T08:41:33.3360730Z ✔ Test rootCountLimitUnionRepairsIntoAnExistingContainerWithoutDroppingBlocks() passed after 315.894 seconds.
2026-10-06T08:41:33.3463370Z ✔ Test writingMathThresholdUnionAt10001RetainsProposalAndRepairsWithoutLosingPeerAtoms(version:actor:) with 4 test cases passed after 315.555 seconds.
2026-10-06T08:41:33.3568180Z ✔ Test bridgeRoutesExplicitV5AndRejectsUnknownCreateAndRestoreVersions() passed after 315.455 seconds.
2026-10-06T08:41:33.3669700Z ✔ Test codeUsesCharacterMergingToo() passed after 315.538 seconds.
2026-10-06T08:41:33.3771200Z ✔ Test spliceDuplicateDescriptorMustRemainMalformedWhenAuthorUndone(inactive:) with 2 test cases passed after 315.455 seconds.
2026-10-06T08:41:33.3872700Z ✔ Test textPositionsFollowRemoteEditsDeletionUndoAndRestore() passed after 315.455 seconds.
2026-10-06T08:41:33.3984290Z ✔ Test writingSessionSequentialCutsKeepObservedSiblingOrder(offset:) with 2 test cases passed after 315.455 seconds.
2026-10-06T08:41:33.4085710Z ✔ Test writingSharedBridgeFixture(name:) with 15 test cases passed after 315.455 seconds.
2026-10-06T08:41:33.4187260Z ✔ Test hierarchicalPasteSingleInlineKeepsBothOpaqueBoundaries(actor:) with 2 test cases passed after 315.455 seconds.
2026-10-06T08:41:33.4289190Z ◇ Test case passing 1 argument href → "javascript:alert(1)" to invalidLinksNeverMutateStateOrStripExistingMarks(href:) started.
2026-10-06T08:41:33.4391200Z ◇ Test case passing 1 argument href → "data:text/html,test" to invalidLinksNeverMutateStateOrStripExistingMarks(href:) started.
2026-10-06T08:41:33.4493020Z ◇ Test case passing 1 argument href → "file:///tmp/file" to invalidLinksNeverMutateStateOrStripExistingMarks(href:) started.
2026-10-06T08:41:33.4596090Z ◇ Test case passing 1 argument href → "https://" to invalidLinksNeverMutateStateOrStripExistingMarks(href:) started.
2026-10-06T08:41:33.4698540Z ◇ Test case passing 1 argument href → "relative" to invalidLinksNeverMutateStateOrStripExistingMarks(href:) started.
2026-10-06T08:41:33.4800970Z ◇ Test case passing 1 argument href → "https://example.com/space here" to invalidLinksNeverMutateStateOrStripExistingMarks(href:) started.
2026-10-06T08:41:33.4903060Z ◇ Test case passing 1 argument href → "https://example.com/
2026-10-06T08:41:33.5013320Z " to invalidLinksNeverMutateStateOrStripExistingMarks(href:) started.
2026-10-06T08:41:33.5117150Z ◇ Test case passing 1 argument href → "mailto:" to invalidLinksNeverMutateStateOrStripExistingMarks(href:) started.
2026-10-06T08:41:33.5227680Z ◇ Test case passing 1 argument fault → "role" to malformedSemanticPacketsRejectEvenInactiveWithoutReceiptOrRecovery(fault:) started.
2026-10-06T08:41:33.5330390Z ◇ Test case passing 1 argument fault → "document" to malformedSemanticPacketsRejectEvenInactiveWithoutReceiptOrRecovery(fault:) started.
2026-10-06T08:41:33.5432350Z ◇ Test case passing 1 argument fault → "unknown" to malformedSemanticPacketsRejectEvenInactiveWithoutReceiptOrRecovery(fault:) started.
2026-10-06T08:41:33.5534140Z ◇ Test case passing 1 argument fault → "item" to malformedSemanticPacketsRejectEvenInactiveWithoutReceiptOrRecovery(fault:) started.
2026-10-06T08:41:33.5635870Z ◇ Test case passing 1 argument fault → "duplicate" to malformedSemanticPacketsRejectEvenInactiveWithoutReceiptOrRecovery(fault:) started.
2026-10-06T08:41:33.5737490Z ◇ Test case passing 1 argument fault → "future" to malformedSemanticPacketsRejectEvenInactiveWithoutReceiptOrRecovery(fault:) started.
2026-10-06T08:41:33.5838970Z ◇ Test case passing 1 argument fault → "none" to invalidSemanticTargetsAndRolesRejectAtomically(fault:) started.
2026-10-06T08:41:33.5940880Z ◇ Test case passing 1 argument fault → "both" to invalidSemanticTargetsAndRolesRejectAtomically(fault:) started.
2026-10-06T08:41:33.6043030Z ◇ Test case passing 1 argument fault → "wrongCaret" to invalidSemanticTargetsAndRolesRejectAtomically(fault:) started.
2026-10-06T08:41:33.6146130Z ◇ Test case passing 1 argument fault → "unknown" to invalidSemanticTargetsAndRolesRejectAtomically(fault:) started.
2026-10-06T08:41:33.6249360Z ◇ Test case passing 1 argument fault → "item" to invalidSemanticTargetsAndRolesRejectAtomically(fault:) started.
2026-10-06T08:41:33.6349540Z ◇ Test case passing 1 argument fault → "deleted" to invalidSemanticTargetsAndRolesRejectAtomically(fault:) started.
2026-10-06T08:41:33.6452150Z ◇ Test case passing 1 argument fault → "scope" to invalidSemanticTargetsAndRolesRejectAtomically(fault:) started.
2026-10-06T08:41:33.6553890Z ◇ Test case passing 1 argument fault → "role" to invalidSemanticTargetsAndRolesRejectAtomically(fault:) started.
2026-10-06T08:41:33.6672590Z ◇ Test case passing 1 argument fault → "codeRange" to invalidSemanticTargetsAndRolesRejectAtomically(fault:) started.
2026-10-06T08:41:33.6774210Z ◇ Test case passing 1 argument fault → "titleRange" to invalidSemanticTargetsAndRolesRejectAtomically(fault:) started.
2026-10-06T08:41:33.6892320Z ✔ Test concurrentConversionAndParagraphSplitConvergeWithRemotePreservingUndo() passed after 316.613 seconds.
2026-10-06T08:41:33.6996300Z ✔ Test crossPasteInlineUsesOneAuthorJoinAndPreservesPeerAtoms(actor:reversed:) with 4 test cases passed after 316.861 seconds.
2026-10-06T08:41:33.7104470Z ◇ Test case passing 1 argument inactive → false to malformedPlainTitleAndInactiveTransactionsNeverAcknowledge(_:) started.
2026-10-06T08:41:33.7221030Z ◇ Test case passing 1 argument inactive → true to malformedPlainTitleAndInactiveTransactionsNeverAcknowledge(_:) started.
2026-10-06T08:41:33.7326450Z ◇ Test case passing 1 argument fault → "duplicate" to forgedParagraphRolesRejectAtomicallyIncludingDisabledEdits(fault:) started.
2026-10-06T08:41:33.7431460Z ◇ Test case passing 1 argument fault → "late" to forgedParagraphRolesRejectAtomicallyIncludingDisabledEdits(fault:) started.
2026-10-06T08:41:33.7534790Z ◇ Test case passing 1 argument fault → "wrongNode" to forgedParagraphRolesRejectAtomicallyIncludingDisabledEdits(fault:) started.
2026-10-06T08:41:33.7637110Z ◇ Test case passing 1 argument fault → "wrongOwner" to forgedParagraphRolesRejectAtomicallyIncludingDisabledEdits(fault:) started.
2026-10-06T08:41:33.7741420Z ◇ Test case passing 1 argument fault → "wrongRetirement" to forgedParagraphRolesRejectAtomicallyIncludingDisabledEdits(fault:) started.
2026-10-06T08:41:33.7842430Z ◇ Test case passing 1 argument fault → "emptyExposure" to forgedParagraphRolesRejectAtomicallyIncludingDisabledEdits(fault:) started.
2026-10-06T08:41:33.7947400Z ◇ Test case passing 1 argument fault → "oldExposure" to forgedParagraphRolesRejectAtomicallyIncludingDisabledEdits(fault:) started.
2026-10-06T08:41:33.8051620Z ◇ Test case passing 1 argument fault → "selfAnchor" to forgedParagraphRolesRejectAtomicallyIncludingDisabledEdits(fault:) started.
2026-10-06T08:41:33.8154500Z ◇ Test case passing 1 argument fault → "futureRetirement" to forgedParagraphRolesRejectAtomicallyIncludingDisabledEdits(fault:) started.
2026-10-06T08:41:33.8257350Z ◇ Test case passing 1 argument fault → "forgedAnchor" to forgedParagraphRolesRejectAtomicallyIncludingDisabledEdits(fault:) started.
2026-10-06T08:41:33.8360840Z ◇ Test case passing 1 argument fault → "currentAnchor" to forgedParagraphRolesRejectAtomicallyIncludingDisabledEdits(fault:) started.
2026-10-06T08:41:33.8463590Z ◇ Test case passing 2 arguments index → 0, actor → "a" to emptyRootExitKeepsOwnerItemChildrenPeerTextAndReopenedUndo(index:actor:) started.
2026-10-06T08:41:33.8566980Z ◇ Test case passing 2 arguments index → 0, actor → "z" to emptyRootExitKeepsOwnerItemChildrenPeerTextAndReopenedUndo(index:actor:) started.
2026-10-06T08:41:33.8698270Z ◇ Test case passing 2 arguments index → 1, actor → "a" to emptyRootExitKeepsOwnerItemChildrenPeerTextAndReopenedUndo(index:actor:) started.
2026-10-06T08:41:33.8799250Z ◇ Test case passing 2 arguments index → 1, actor → "z" to emptyRootExitKeepsOwnerItemChildrenPeerTextAndReopenedUndo(index:actor:) started.
2026-10-06T08:41:33.8900630Z ◇ Test case passing 2 arguments index → 2, actor → "a" to emptyRootExitKeepsOwnerItemChildrenPeerTextAndReopenedUndo(index:actor:) started.
2026-10-06T08:41:33.9002510Z ◇ Test case passing 2 arguments index → 2, actor → "z" to emptyRootExitKeepsOwnerItemChildrenPeerTextAndReopenedUndo(index:actor:) started.
2026-10-06T08:41:33.9105120Z ◇ Test case passing 1 argument command → "heading" to retainedPeerParagraphSupportsModernCommandsAndReopenedHistory(command:) started.
2026-10-06T08:41:33.9208540Z ◇ Test case passing 1 argument command → "code" to retainedPeerParagraphSupportsModernCommandsAndReopenedHistory(command:) started.
2026-10-06T08:41:33.9311440Z ◇ Test case passing 1 argument command → "list" to retainedPeerParagraphSupportsModernCommandsAndReopenedHistory(command:) started.
2026-10-06T08:41:33.9413890Z ◇ Test case passing 1 argument command → "split" to retainedPeerParagraphSupportsModernCommandsAndReopenedHistory(command:) started.
2026-10-06T08:41:33.9513930Z ◇ Test case passing 1 argument command → "move" to retainedPeerParagraphSupportsModernCommandsAndReopenedHistory(command:) started.
2026-10-06T08:41:33.9617010Z ◇ Test case passing 1 argument command → "delete" to retainedPeerParagraphSupportsModernCommandsAndReopenedHistory(command:) started.
2026-10-06T08:41:33.9719930Z ◇ Test case passing 1 argument command → "insert" to retainedPeerParagraphSupportsModernCommandsAndReopenedHistory(command:) started.
2026-10-06T08:41:33.9822030Z ◇ Test case passing 1 argument command → "columns" to retainedPeerParagraphSupportsModernCommandsAndReopenedHistory(command:) started.
2026-10-06T08:41:33.9925380Z ◇ Test case passing 1 argument fault → "extraDelete" to forgedEmptyEnterPlansRejectWithoutAcknowledgment(fault:) started.
2026-10-06T08:41:34.0031340Z ◇ Test case passing 1 argument fault → "wrongTail" to forgedEmptyEnterPlansRejectWithoutAcknowledgment(fault:) started.
2026-10-06T08:41:34.0155460Z ◇ Test case passing 1 argument fault → "wrongRange" to forgedEmptyEnterPlansRejectWithoutAcknowledgment(fault:) started.
2026-10-06T08:41:34.0259460Z ◇ Test case passing 1 argument fault → "nonempty" to forgedEmptyEnterPlansRejectWithoutAcknowledgment(fault:) started.
2026-10-06T08:41:34.0365500Z ◇ Test case passing 1 argument fault → "wrongPlacement" to forgedEmptyEnterPlansRejectWithoutAcknowledgment(fault:) started.
2026-10-06T08:41:34.0468240Z ◇ Test case passing 1 argument fault → "wrongScope" to forgedEmptyEnterPlansRejectWithoutAcknowledgment(fault:) started.
2026-10-06T08:41:34.0570250Z ◇ Test case passing 1 argument actor → "a" to concurrentFirstAndLastExitsConvergeWithRetainedOrdinals(actor:) started.
2026-10-06T08:41:34.0675260Z ◇ Test case passing 1 argument actor → "z" to concurrentFirstAndLastExitsConvergeWithRetainedOrdinals(actor:) started.
2026-10-06T08:41:34.0777020Z ◇ Test case passing 1 argument reverse → false to independentAppearanceRegistersAndSameFieldWinsConvergeAcrossOrder(_:) started.
2026-10-06T08:41:34.0879860Z ◇ Test case passing 1 argument reverse → true to independentAppearanceRegistersAndSameFieldWinsConvergeAcrossOrder(_:) started.
2026-10-06T08:41:34.0983190Z ✔ Test externalNormalizationResultPolicyArraysHaveDeterministicWireOrder() passed after 320.151 seconds.
2026-10-06T08:41:34.1085840Z ✔ Test emptyLastRootItemExitsAndUndoRetainsConcurrentRemoteInput() passed after 320.151 seconds.
2026-10-06T08:41:34.1188910Z ✔ Test mixedPasteAtZeroKeepsOriginalSuffixOwnerWithoutAnIncidentalBlankHead() passed after 320.151 seconds.
2026-10-06T08:41:34.1293560Z ✔ Test schemaEmptyNestedOutdentKeepsChildrenAndUndo() passed after 320.151 seconds.
2026-10-06T08:41:34.1396070Z ✔ Test writingBatchRetainedFieldEndFollowsRemoteSuffix(range:) with 3 test cases passed after 320.151 seconds.
2026-10-06T08:41:34.1497520Z ✔ Test schemaCodeShortcutAndEncodingRoundTripRetainIdentityAndBothOrigins() passed after 320.151 seconds.
2026-10-06T08:41:34.1599800Z ✔ Test retainedPasteInsideObservedInsertedToggleKeepsNestedInitialProofs(actor:) with 2 test cases passed after 320.155 seconds.
2026-10-06T08:41:34.1701850Z ✔ Test writingSessionMergeKeepsEmptySourceRemoteInputAndRestoresOrigins() passed after 320.651 seconds.
2026-10-06T08:41:34.1803570Z ✔ Test schemaInactiveRoleRestoresExactItemAndSupportsLaterListCommands() passed after 320.651 seconds.
2026-10-06T08:41:34.1906040Z ✔ Test schemaV4CannotEnterV3SessionAndRestrictionsRemainAtomic() passed after 320.651 seconds.
2026-10-06T08:41:34.2008420Z ✔ Test writingSessionConcurrentSameCutRetainsBothBreaksAndUndo() passed after 320.651 seconds.
2026-10-06T08:41:34.2109910Z ✔ Test schemaFirstExitKeepsInsertedOwnerAndFollowingInsertedRootOrdinal() passed after 320.652 seconds.
2026-10-06T08:41:34.2212690Z ✔ Test observerSeesCommittedHistory() passed after 320.652 seconds.
2026-10-06T08:41:34.2314970Z ✔ Test retainedPasteCannotClaimGloballyKnownButUnobservedEndpointAtom() passed after 320.652 seconds.
2026-10-06T08:41:34.2415820Z ✔ Test hierarchicalPasteForeignMovedImportRetainsPeerWorkThroughAuthorUndo(actor:acrossContainer:) with 4 test cases passed after 320.652 seconds.
2026-10-06T08:41:34.2517240Z ✔ Test writingSessionObserverSeesFinalUndoAndRedoHistory() passed after 320.652 seconds.
2026-10-06T08:41:34.2618230Z ✔ Test clipboardPoliciesRejectUnsafeOrRestrictedImportsWithoutChangingHistory() passed after 320.693 seconds.
2026-10-06T08:41:34.2720100Z ✔ Test pasteBlocksRejectsUnsupportedPolicyCompositionAndOldEpochWithoutAcceptedMutation() passed after 320.727 seconds.
2026-10-06T08:41:34.2823140Z ✔ Test requiredContentRepairAdmitsFailedAuthorUndoWithoutDroppingRemoteMetadata() passed after 320.727 seconds.
2026-10-06T08:41:34.2927200Z ✔ Test schemaPeerListStyleSurvivesWrapperUndoAsMetadataAndRedoUsesPeerStyle() passed after 320.727 seconds.
2026-10-06T08:41:34.3030020Z ✔ Test v4EmptySplitHeadPositionFollowsNestedRetiredBirthsWithoutChangingEndSentinels() passed after 320.728 seconds.
2026-10-06T08:41:34.3132050Z ✔ Test collectionNestedChecklistMovesPreserveReferencesCheckedAndScopedLabels() passed after 320.844 seconds.
2026-10-06T08:41:34.3235170Z ✔ Test writingSessionUndoEmptySplitRetainsIndependentRemoteParagraph() passed after 320.844 seconds.
2026-10-06T08:41:34.3339010Z ✔ Test schemaBaselineItemMoveUndoAndRedoKeepIdentityAndSubtree() passed after 320.844 seconds.
2026-10-06T08:41:34.3440830Z ✔ Test impossiblePriorCreationPathsRejectAtomically(delivery:) with 3 test cases passed after 320.844 seconds.
2026-10-06T08:41:34.3542730Z ✔ Test schemaRoleCohortExcludesUnobservedConcurrentRedo(redoActor:) with 2 test cases passed after 320.844 seconds.
2026-10-06T08:41:34.3652410Z ◇ Test case passing 1 argument fault → "version" to malformedHistorySelectionArchivesRejectAtomicallyWithoutChangingAcceptedStateOrFreshRegistry(_:) started.
2026-10-06T08:41:47.0329780Z ◇ Test case passing 1 argument fault → "scope" to malformedHistorySelectionArchivesRejectAtomicallyWithoutChangingAcceptedStateOrFreshRegistry(_:) started.
2026-10-06T08:41:47.0451440Z ◇ Test case passing 1 argument fault → "actor" to malformedHistorySelectionArchivesRejectAtomicallyWithoutChangingAcceptedStateOrFreshRegistry(_:) started.
2026-10-06T08:41:47.0599510Z ◇ Test case passing 1 argument fault → "duplicate" to malformedHistorySelectionArchivesRejectAtomicallyWithoutChangingAcceptedStateOrFreshRegistry(_:) started.
2026-10-06T08:41:47.0701880Z ◇ Test case passing 1 argument fault → "unknown" to malformedHistorySelectionArchivesRejectAtomicallyWithoutChangingAcceptedStateOrFreshRegistry(_:) started.
2026-10-06T08:41:47.0804200Z ◇ Test case passing 1 argument fault → "futureBefore" to malformedHistorySelectionArchivesRejectAtomicallyWithoutChangingAcceptedStateOrFreshRegistry(_:) started.
2026-10-06T08:41:47.0908220Z ◇ Test case passing 1 argument fault → "missingCapture" to malformedHistorySelectionArchivesRejectAtomicallyWithoutChangingAcceptedStateOrFreshRegistry(_:) started.
2026-10-06T08:41:47.1021990Z ◇ Test case passing 1 argument fault → "foreignEdit" to malformedHistorySelectionArchivesRejectAtomicallyWithoutChangingAcceptedStateOrFreshRegistry(_:) started.
2026-10-06T08:41:47.1153480Z ✔ Test v4ConcurrentTextRepairsRetainBothAuthorsAndRecoverAfterBothUndos(actor:) with 2 test cases passed after 322.293 seconds.
2026-10-06T08:41:47.1154470Z ✔ Test recoveryRepairPreservesBothAuthorsAndSurvivesRestartAndRemoteUndo() passed after 322.407 seconds.
2026-10-06T08:41:47.1255810Z ✔ Test writingBatchCapturesBackwardRootAndNestedRanges() passed after 322.440 seconds.
2026-10-06T08:41:47.1376550Z ✔ Test crossPasteMixedRetainsWholeImportsAndObservedSuffixOneUndo(actor:reversed:) with 4 test cases passed after 322.486 seconds.
2026-10-06T08:41:47.1478490Z ✔ Test documentMigrationCorpusRetainsEveryFieldAndRejectsInvalidKnownShapes() passed after 322.507 seconds.
2026-10-06T08:41:47.1580560Z ◇ Test case passing 1 argument kind → "row" to hierarchicalPasteUndoRestoresTypedInsertionAndRedoRestoresImportedNodeInput(_:) started.
2026-10-06T08:41:47.1695730Z ◇ Test case passing 1 argument kind → "cell" to hierarchicalPasteUndoRestoresTypedInsertionAndRedoRestoresImportedNodeInput(_:) started.
2026-10-06T08:41:47.1796920Z ✔ Test schemaConcurrentFirstAndLastExitsConvergeAndKeepSourceOrdinal(actor:inserted:) with 4 test cases passed after 322.641 seconds.
2026-10-06T08:41:47.1900550Z ✔ Test v4RepairGuardsPreserveAcceptedAndPendingHistories() passed after 322.641 seconds.
2026-10-06T08:41:47.2002860Z ✔ Test writingBatchRejectsOverlapAndCompositionWithoutMutation() passed after 322.641 seconds.
2026-10-06T08:41:47.2124800Z ◇ Test case passing 1 argument action → "format" to deliberateCommandFamiliesRestoreTheirInputAndReportedResultAcrossUndoRedoReopen(_:) started.
2026-10-06T08:41:47.2227170Z ◇ Test case passing 1 argument action → "link" to deliberateCommandFamiliesRestoreTheirInputAndReportedResultAcrossUndoRedoReopen(_:) started.
2026-10-06T08:41:47.2331600Z ◇ Test case passing 1 argument action → "color" to deliberateCommandFamiliesRestoreTheirInputAndReportedResultAcrossUndoRedoReopen(_:) started.
2026-10-06T08:41:47.2435150Z ◇ Test case passing 1 argument action → "convert" to deliberateCommandFamiliesRestoreTheirInputAndReportedResultAcrossUndoRedoReopen(_:) started.
2026-10-06T08:41:47.2537330Z ◇ Test case passing 1 argument action → "softBreak" to deliberateCommandFamiliesRestoreTheirInputAndReportedResultAcrossUndoRedoReopen(_:) started.
2026-10-06T08:41:47.2639570Z ◇ Test case passing 1 argument action → "split" to deliberateCommandFamiliesRestoreTheirInputAndReportedResultAcrossUndoRedoReopen(_:) started.
2026-10-06T08:41:47.2745720Z ◇ Test case passing 1 argument action → "duplicate" to deliberateCommandFamiliesRestoreTheirInputAndReportedResultAcrossUndoRedoReopen(_:) started.
2026-10-06T08:41:47.2849260Z ◇ Test case passing 1 argument action → "paste" to deliberateCommandFamiliesRestoreTheirInputAndReportedResultAcrossUndoRedoReopen(_:) started.
2026-10-06T08:41:47.2951590Z ◇ Test case passing 1 argument action → "insert" to deliberateCommandFamiliesRestoreTheirInputAndReportedResultAcrossUndoRedoReopen(_:) started.
2026-10-06T08:41:47.3055440Z ◇ Test case passing 1 argument action → "move" to deliberateCommandFamiliesRestoreTheirInputAndReportedResultAcrossUndoRedoReopen(_:) started.
2026-10-06T08:41:47.3154850Z ◇ Test case passing 1 argument action → "delete" to deliberateCommandFamiliesRestoreTheirInputAndReportedResultAcrossUndoRedoReopen(_:) started.
2026-10-06T08:41:47.3255340Z ◇ Test case passing 1 argument action → "columns" to deliberateCommandFamiliesRestoreTheirInputAndReportedResultAcrossUndoRedoReopen(_:) started.
2026-10-06T08:41:47.3321740Z ◇ Test case passing 1 argument action → "merge" to deliberateCommandFamiliesRestoreTheirInputAndReportedResultAcrossUndoRedoReopen(_:) started.
2026-10-06T08:41:47.3452260Z ✔ Test schemaRichCodeRejectionAndRemoteRichUnionPreserveAcceptedState() passed after 323.272 seconds.
2026-10-06T08:41:47.3562480Z ✔ Test aMoveIntoAnUnanchoredCausalOwnerKeepsItsPreviousPlacement() passed after 323.272 seconds.
2026-10-06T08:41:47.3664870Z ✔ Test hierarchicalPasteDeletesOnlyObservedIntermediateSubtrees(actor:) with 2 test cases passed after 323.272 seconds.
2026-10-06T08:41:47.3768070Z ✔ Test externalNormalizationFreshensSchemaLabelsWithoutChangingOpaqueReferenceData() passed after 323.272 seconds.
2026-10-06T08:41:47.3868770Z ✔ Test writingSessionDeletionCannotCollapseDifferentCutRanks(swap:) with 2 test cases passed after 323.272 seconds.
2026-10-06T08:41:47.3970610Z ✔ Test localHistorySurvivesRestartWithoutRevertingRemoteWork() passed after 323.529 seconds.
2026-10-06T08:41:47.4070910Z ✔ Test heldProtocolFailureDoesNotStopLaterNestedChangesOrAcknowledgeTheFailure() passed after 324.543 seconds.
2026-10-06T08:41:47.4172800Z ✔ Test retainedPasteKeepsBothOpaqueOwnersAndOneAuthorUndo(actor:reversed:) with 4 test cases passed after 325.644 seconds.
2026-10-06T08:41:47.4272640Z ✔ Test emptyNestedListItemOutdentsWithoutChangingIdentity() passed after 325.644 seconds.
2026-10-06T08:41:47.4375180Z ✔ Test v5RequiredUndoExportsRestartsAndRepairsWithoutLosingPeerMetadata() passed after 325.644 seconds.
2026-10-06T08:41:47.4495220Z ✔ Test retainedPasteSupersededEndpointContainerDoesNotClaimOldSourceGroup(actor:) with 2 test cases passed after 325.644 seconds.
2026-10-06T08:41:47.4596550Z ✔ Test v4InsertionAfterReferenceNeighborRetainsAtomicPayloadAndMarks() passed after 325.644 seconds.
2026-10-06T08:41:47.4696790Z ✔ Test writingSessionSplitFollowsRemoteTextMarksSelectionsAndOneUndo() passed after 325.644 seconds.
2026-10-06T08:41:47.4797490Z ✔ Test schemaSoleEmptyListExitKeepsRootIdentityAndRemoteReopenedUndo() passed after 325.644 seconds.
2026-10-06T08:41:47.4902690Z ✔ Test independentTextAcceptanceUndoDoesNotResurrectAnotherAuthorsDeletion(version:) with 2 test cases passed after 327.371 seconds.
2026-10-06T08:41:47.5002930Z ✔ Test retainedPasteBaselineRoleRequiresObservedRetirement(actor:) with 2 test cases passed after 327.371 seconds.
2026-10-06T08:41:47.5104820Z ✔ Test concurrentCyclesAndCollidingMovesFallBackWithoutChangingIDs() passed after 327.371 seconds.
2026-10-06T08:41:47.5206730Z ✔ Test writingSessionReentrantCompositionQueueRetainsNewPacketsDuringDrain() passed after 327.371 seconds.
2026-10-06T08:41:47.5308170Z ✔ Test collectionInsertAfterMiddleExitKeepsRoleAnchorAcrossRemoteUndo() passed after 327.370 seconds.
2026-10-06T08:41:47.5410940Z ✔ Test undoKeepsRemoteDescendants() passed after 327.370 seconds.
2026-10-06T08:41:47.5513000Z ✔ Test writingSessionCompositionDefersReceiptsCapturesSelectionAndReleasesOnce() passed after 327.370 seconds.
2026-10-06T08:41:47.5615930Z ✔ Test retainedPasteAtZeroUsesOriginalEndpointAndNoBlankPrefix(actor:) with 2 test cases passed after 327.370 seconds.
2026-10-06T08:41:47.5723620Z ✔ Test sameChangeTextAnchorsCannotNamePlacementsOrAnotherField(version:) with 2 test cases passed after 327.370 seconds.
2026-10-06T08:41:47.5826540Z ✔ Test schemaOverlappingOwnerRepairRoutesBothHistoricalHeadsAndOriginalAtomOrigin(actor:repairOther:) with 4 test cases passed after 327.371 seconds.
2026-10-06T08:41:47.5928310Z ✔ Test independentTextAcceptanceRestoredAuthorUndoPreservesRemoteMarksAndReference(version:) with 2 test cases passed after 327.371 seconds.
2026-10-06T08:41:47.6030100Z ✔ Test writingSessionConcurrentDifferentCutsPreserveSegmentOrder(swap:) with 2 test cases passed after 327.371 seconds.
2026-10-06T08:41:47.6131440Z ✔ Test concurrentFormattingAndDeletion() passed after 327.371 seconds.
2026-10-06T08:41:47.6233000Z ✔ Test hierarchicalPasteBoundaryAncestorKeepsChildrenAndForeignDescendants(actor:) with 2 test cases passed after 327.371 seconds.
2026-10-06T08:41:47.6335880Z ✔ Test writingMathThresholdUnionAt10000PreservesBothAuthorsAndUndo(version:actor:) with 4 test cases passed after 327.371 seconds.
2026-10-06T08:41:47.6437350Z ✔ Test incrementalLocalEditsMatchFullReplayAfterEveryAction() passed after 327.377 seconds.
2026-10-06T08:41:47.6538740Z ✔ Test schemaConvertedMergeDestinationPreservesTypeIdentityAndBothAuthorUndo(type:) with 2 test cases passed after 327.371 seconds.
2026-10-06T08:41:47.6640710Z ✔ Test externalNormalizationPreservesRichReferenceAndPeerUndo(version:) with 2 test cases passed after 327.371 seconds.
2026-10-06T08:41:47.6742620Z ✔ Test writingSessionRecoveryRepairUndoPreservesRemoteCutAndFailureProposal() passed after 327.371 seconds.
2026-10-06T08:41:47.6845840Z ✔ Test schemaMalformedV4ObservedFrontierLeavesAcceptedSaveUnchanged(fault:) with 5 test cases passed after 327.371 seconds.
2026-10-06T08:41:47.6948720Z ✔ Test mixedPasteAdjacentInlineFieldsKeepTheirExplicitBreak(actor:emptyLeading:) with 4 test cases passed after 327.372 seconds.
2026-10-06T08:41:47.7052040Z ✔ Test v4ConcurrentCutsKeepEachObservedPrefixPartition(actor:) with 2 test cases passed after 327.372 seconds.
2026-10-06T08:41:47.7154600Z ✔ Test schemaOverlappingMovedItemConversionOriginsNeverDependOnDictionaryOrder() passed after 327.372 seconds.
2026-10-06T08:41:47.7256630Z ✔ Test writingSessionUnicodeReferenceAndUnknownPayloadSurviveSplitReopen() passed after 327.372 seconds.
2026-10-06T08:41:47.7359250Z ✔ Test schemaConcurrentPartitionsThatExhaustAnOwnerRetainRecoveryAndEitherAuthorCanRepair(actor:repairOther:) with 4 test cases passed after 327.371 seconds.
2026-10-06T08:41:47.7461310Z ✔ Test recoveryTextEditsRetainUnicodeMarksAndAtomicReferences() passed after 327.371 seconds.
2026-10-06T08:41:47.7564100Z ✔ Test pasteBlocksSequentialSameBoundaryKeepsCapturedBeforeImportedGroup() passed after 327.371 seconds.
2026-10-06T08:41:47.7666100Z ✔ Test formattingAndStructureRedoPreserveUnrelatedRemoteChanges() passed after 327.371 seconds.
2026-10-06T08:41:47.7769330Z ✔ Test schemaConcurrentUnobservedPeerAndRetirementCanRetainRole(undoActor:) with 2 test cases passed after 327.371 seconds.
2026-10-06T08:41:47.7872520Z ✔ Test v4InlineEnterPreservesSourceAttributesRichSuffixAndAuthorUndo(type:) with 3 test cases passed after 329.738 seconds.
2026-10-06T08:41:47.7974490Z ✔ Test writingBatchRetainedRangeFollowsRemoteSplitAndPreservesItOnUndo() passed after 329.738 seconds.
2026-10-06T08:41:47.8082390Z ✔ Test writingSessionEmptyTextExtensionsSurviveAuthoringAndUndo() passed after 329.738 seconds.
2026-10-06T08:41:47.8185530Z ✔ Test seedAnchorsPreserveUnicodeReferencesAndTombstones(version:) with 2 test cases passed after 329.738 seconds.
2026-10-06T08:41:47.8288120Z ✔ Test concurrentJoinedSourceConversionRetainsUnionForAuthorReconciliation(reverseActors:repairMerge:) with 4 test cases passed after 329.738 seconds.
2026-10-06T08:41:47.8505190Z ✔ Test v5RejectsMixedVersionsAndUnknownVersionsWithoutAdmission() passed after 329.738 seconds.
2026-10-06T08:41:47.8607020Z ✔ Test generatedStructuralCollectionsOfflineEditsAndHistoryConverge(seed:kind:) with 40 test cases passed after 329.738 seconds.
2026-10-06T08:41:47.8709900Z ✔ Test schemaListConversionKeepsRootIdentityRichAtomsMetadataAndRemoteUndo(style:) with 3 test cases passed after 329.738 seconds.
2026-10-06T08:41:47.8812030Z ✔ Test insertedDescendantInitialPlacementsAndCausalReorderingRemainValid() passed after 329.738 seconds.
2026-10-06T08:41:47.8833150Z ✔ Test concurrentTypingAndAuthorUndo() passed after 329.738 seconds.
2026-10-06T08:41:47.8938130Z ✔ Test externalNormalizationFallbackKeepsVisibleNestedOrderAndAllowedRichNodes() passed after 329.738 seconds.
2026-10-06T08:41:47.9039980Z ✔ Test rejectedRepairsAndMalformedPayloadsLeaveThePendingUnionAndReceiptsIntact() passed after 329.738 seconds.
2026-10-06T08:41:47.9142240Z ✔ Test concurrentFormattingPreservesRemoteInsertionAndIndependentMarks() passed after 329.756 seconds.
2026-10-06T08:41:47.9243700Z ◇ Test case passing 1 argument title → "a
2026-10-06T08:41:47.9344820Z b" to titleRejectsLineBreaksWithoutConsumingBody(_:) started.
2026-10-06T08:41:47.9446640Z ◇ Test case passing 1 argument title → "a
2026-10-06T08:41:47.9534350Z b" to titleRejectsLineBreaksWithoutConsumingBody(_:) started.
2026-10-06T08:41:47.9635930Z ◇ Test case passing 1 argument title → "a
2026-10-06T08:41:47.9754660Z b" to titleRejectsLineBreaksWithoutConsumingBody(_:) started.
2026-10-06T08:41:47.9857720Z ◇ Test case passing 1 argument title → "a b" to titleRejectsLineBreaksWithoutConsumingBody(_:) started.
2026-10-06T08:41:47.9960420Z ◇ Test case passing 1 argument title → "a b" to titleRejectsLineBreaksWithoutConsumingBody(_:) started.
2026-10-06T08:41:48.0062550Z ◇ Test case passing 1 argument split → 999.0 to splitRejectsInvalidBoundsAndNonintegerValues(_:) started.
2026-10-06T08:41:48.0157290Z ◇ Test case passing 1 argument split → 9001.0 to splitRejectsInvalidBoundsAndNonintegerValues(_:) started.
2026-10-06T08:41:48.0259300Z ◇ Test case passing 1 argument split → 5000.5 to splitRejectsInvalidBoundsAndNonintegerValues(_:) started.
2026-10-06T08:41:48.0360690Z ◇ Test case passing 1 argument split → inf to splitRejectsInvalidBoundsAndNonintegerValues(_:) started.
2026-10-06T08:41:48.0463060Z ◇ Test case passing 1 argument split → nan to splitRejectsInvalidBoundsAndNonintegerValues(_:) started.
2026-10-06T08:41:48.0566520Z ◇ Test case passing 1 argument literal → "9007199254740993" to opaqueNumbersCannotSilentlyRoundDuringAdmission(_:) started.
2026-10-06T08:41:48.0667440Z ◇ Test case passing 1 argument literal → "1.000000000000000000001" to opaqueNumbersCannotSilentlyRoundDuringAdmission(_:) started.
2026-10-06T08:41:48.0792580Z ◇ Test case passing 1 argument literal → "1e-400" to opaqueNumbersCannotSilentlyRoundDuringAdmission(_:) started.
2026-10-06T08:41:48.0897300Z ✔ Test blockConversionKeepsIdentityRichContentAndAuthorUndoAfterReopen() passed after 329.845 seconds.
2026-10-06T08:41:48.0999570Z ✔ Test v4TextRepairCompletesRequiredUndoAndPreservesAdditionalPeerMetadata(actor:) with 2 test cases passed after 329.845 seconds.
2026-10-06T08:41:48.1100880Z ◇ Test case passing 1 argument literal → "9007199254740992" to exactNumericRoundTripsAllowCanonicalDecimalSpelling(_:) started.
2026-10-06T08:41:48.1203260Z ◇ Test case passing 1 argument literal → "0.1" to exactNumericRoundTripsAllowCanonicalDecimalSpelling(_:) started.
2026-10-06T08:41:48.1303130Z ◇ Test case passing 1 argument literal → "100e-2" to exactNumericRoundTripsAllowCanonicalDecimalSpelling(_:) started.
2026-10-06T08:41:48.1405000Z ◇ Test case passing 1 argument literal → "1.00" to exactNumericRoundTripsAllowCanonicalDecimalSpelling(_:) started.
2026-10-06T08:41:48.1506480Z ◇ Test case passing 1 argument literal → "-0.0" to exactNumericRoundTripsAllowCanonicalDecimalSpelling(_:) started.
2026-10-06T08:41:48.1607120Z ✔ Test schemaConversionRejectsReservedUnknownFieldCollisionsWithoutMutation(key:) with 3 test cases passed after 330.420 seconds.
2026-10-06T08:41:48.1683420Z ✔ Test retainedPasteEndpointRoleKeepsOpaqueIdentityThroughHistory(actor:) with 2 test cases passed after 330.420 seconds.
2026-10-06T08:41:48.1797500Z ✔ Test schemaRetirementBeforePeerBirthCannotForgeExposure() passed after 330.420 seconds.
2026-10-06T08:41:48.1900010Z ✔ Test pasteSpliceRejectsUnobservedSameEditOuterNeighborWhenActiveOrUndone(inactive:) with 2 test cases passed after 330.778 seconds.
2026-10-06T08:41:48.1978850Z ✔ Test writingSessionCausalGapRecoveryPersistsSeparatelyAndReplaysOnRejoin() passed after 330.778 seconds.
2026-10-06T08:41:48.2082270Z ✔ Test reservedSeedReferencesRejectAtomically(version:) with 2 test cases passed after 330.778 seconds.
2026-10-06T08:41:48.2184680Z ◇ Test case passing 1 argument version → 3 to legacyWritingProtocolsRejectDocumentOriginsWithoutAcknowledging(_:) started.
2026-10-06T08:41:48.2289940Z ◇ Test case passing 1 argument version → 4 to legacyWritingProtocolsRejectDocumentOriginsWithoutAcknowledging(_:) started.
2026-10-06T08:41:48.2403570Z ◇ Test case passing 1 argument version → 5 to legacyWritingProtocolsRejectDocumentOriginsWithoutAcknowledging(_:) started.
2026-10-06T08:41:48.2506600Z ◇ Test case passing 1 argument version → 6 to legacyWritingProtocolsRejectDocumentOriginsWithoutAcknowledging(_:) started.
2026-10-06T08:41:48.2616710Z ✔ Test nestedMovesRetainScopedIdentityTextMarksReferencesAndSelections() passed after 332.671 seconds.
2026-10-06T08:41:48.2718730Z ◇ Test case passing 1 argument actor → "a" to multiItemIndentPreservesRichMetadataChildrenPeerTextCaretAndSingleUndo(actor:) started.
2026-10-06T08:41:48.2822500Z ◇ Test case passing 1 argument actor → "z" to multiItemIndentPreservesRichMetadataChildrenPeerTextCaretAndSingleUndo(actor:) started.
2026-10-06T08:41:48.2925910Z ✔ Test dependentPlacementChainsPreserveExistingContentUntilTheirAnchorArrives(nested:) with 2 test cases passed after 333.894 seconds.
2026-10-06T08:41:48.3035120Z ◇ Test case passing 1 argument fault → "delete" to forgedListPlansRejectEvenWhenDisabledWithoutAcknowledgment(fault:) started.
2026-10-06T08:41:48.3140700Z ◇ Test case passing 1 argument fault → "rootMove" to forgedListPlansRejectEvenWhenDisabledWithoutAcknowledgment(fault:) started.
2026-10-06T08:41:48.3244200Z ◇ Test case passing 1 argument fault → "wrongPlacement" to forgedListPlansRejectEvenWhenDisabledWithoutAcknowledgment(fault:) started.
2026-10-06T08:41:48.3345190Z ◇ Test case passing 1 argument fault → "wrongAnchor" to forgedListPlansRejectEvenWhenDisabledWithoutAcknowledgment(fault:) started.
2026-10-06T08:41:48.3448300Z ◇ Test case passing 1 argument fault → "extraSetter" to forgedListPlansRejectEvenWhenDisabledWithoutAcknowledgment(fault:) started.
2026-10-06T08:41:48.3566770Z ◇ Test case passing 1 argument fault → "duplicate" to forgedListPlansRejectEvenWhenDisabledWithoutAcknowledgment(fault:) started.
2026-10-06T08:41:48.3669200Z ◇ Test case passing 1 argument fault → "empty" to forgedListPlansRejectEvenWhenDisabledWithoutAcknowledgment(fault:) started.
2026-10-06T08:41:48.3772130Z ◇ Test case passing 1 argument fault → "wrongScope" to forgedListPlansRejectEvenWhenDisabledWithoutAcknowledgment(fault:) started.
2026-10-06T08:41:48.3872570Z ◇ Test case passing 1 argument fault → "futureCapture" to forgedListPlansRejectEvenWhenDisabledWithoutAcknowledgment(fault:) started.
2026-10-06T08:41:48.3995330Z ◇ Test case passing 1 argument fault → "futureCaret" to forgedListPlansRejectEvenWhenDisabledWithoutAcknowledgment(fault:) started.
2026-10-06T08:41:48.4098160Z ✔ Test retiredSplitHeadPositionPreservesV3AndRejectsUnrelatedDeletion() passed after 334.694 seconds.
2026-10-06T08:41:48.4210970Z ✔ Test v4ScalarMetadataPreservesOpaqueCompositeValuesAndRejectsActiveComposition() passed after 335.276 seconds.
2026-10-06T08:42:10.9902190Z ◇ Test case passing 1 argument fault → "first" to invalidHierarchyTargetsRejectWithoutStateHistoryOrReceiptChanges(fault:) started.
2026-10-06T08:42:11.0024340Z ◇ Test case passing 1 argument fault → "rootOutdent" to invalidHierarchyTargetsRejectWithoutStateHistoryOrReceiptChanges(fault:) started.
2026-10-06T08:42:11.0126580Z ◇ Test case passing 1 argument fault → "noncontiguous" to invalidHierarchyTargetsRejectWithoutStateHistoryOrReceiptChanges(fault:) started.
2026-10-06T08:42:11.0229960Z ◇ Test case passing 1 argument fault → "reverse" to invalidHierarchyTargetsRejectWithoutStateHistoryOrReceiptChanges(fault:) started.
2026-10-06T08:42:11.0337360Z ◇ Test case passing 1 argument fault → "ancestor" to invalidHierarchyTargetsRejectWithoutStateHistoryOrReceiptChanges(fault:) started.
2026-10-06T08:42:11.0439260Z ◇ Test case passing 1 argument fault → "wrongCaret" to invalidHierarchyTargetsRejectWithoutStateHistoryOrReceiptChanges(fault:) started.
2026-10-06T08:42:11.0541220Z ◇ Test case passing 1 argument fault → "crossList" to invalidHierarchyTargetsRejectWithoutStateHistoryOrReceiptChanges(fault:) started.
2026-10-06T08:42:11.0644440Z ◇ Test case passing 1 argument fault → "collision" to invalidHierarchyTargetsRejectWithoutStateHistoryOrReceiptChanges(fault:) started.
2026-10-06T08:42:11.0747410Z ✔ Test inactiveMovesStillRejectKnownAnchorsFromAnotherCollection(editedAnchor:) with 2 test cases passed after 336.792 seconds.
2026-10-06T08:42:11.0859410Z ✔ Test collectionTableConcurrentRowsCellsReorderRemoveAndReopenedUndo() passed after 336.958 seconds.
2026-10-06T08:42:11.0968320Z ✔ Test undoNodeInsertionRemovesItsTextButRetainsRemoteAtoms() passed after 337.146 seconds.
2026-10-06T08:42:11.1072370Z ✔ Test mixedPasteZeroReplacementRetainsSuffixOriginWithConcurrentSplit(actor:upper:) with 4 test cases passed after 337.146 seconds.
2026-10-06T08:42:11.1174780Z ✔ Test schemaMalformedRetainedRoleDoesNotChangeAcceptedSaveOrReachV3(fault:) with 3 test cases passed after 337.146 seconds.
2026-10-06T08:42:11.1313530Z ✔ Test retainedPasteDoesNotUpgradeOrAdmitMixedEpochs() passed after 337.146 seconds.
2026-10-06T08:42:11.1460160Z ✔ Test hierarchicalPasteKeepsOriginalCollectionsAndWholeImportedMetadata(actor:reversed:) with 4 test cases passed after 337.146 seconds.
2026-10-06T08:42:11.1593920Z ✔ Test retainedPasteRichReferenceCannotFlattenThroughConcurrentCode(actor:) with 2 test cases passed after 337.146 seconds.
2026-10-06T08:42:11.1734040Z ✔ Test textPositionsWaitForMissingCausalAnchorsAndRejectOtherDocuments() passed after 337.663 seconds.
2026-10-06T08:42:11.1881340Z ✔ Test knownUndoTargetsMustBeEdits(version:) with 2 test cases passed after 341.675 seconds.
2026-10-06T08:42:11.2029370Z ✔ Test impossibleSameChangeNodePathsAndInitialAnchorsRejectAtomically(deferredParent:) with 2 test cases passed after 341.675 seconds.
2026-10-06T08:42:11.2160270Z ✔ Test v5InheritsV4ObservedUnicodeAuthorUndoAndRestart() passed after 341.676 seconds.
2026-10-06T08:42:11.2277470Z ✔ Test ordinarySplitBeforeFirstImportedMemberMustPrecedeWholeExistingGroup() passed after 341.675 seconds.
2026-10-06T08:42:11.2441420Z ✔ Test allDeliveryPermutationsConverge() passed after 341.676 seconds.
2026-10-06T08:42:11.2554370Z ✔ Test clipboardCollectionFreshensOnlySchemaIDsAndUndoesOnceWithRemoteChildren() passed after 341.676 seconds.
2026-10-06T08:42:11.2657730Z ✔ Test v4SoftBreakAfterInsertedRunSurvivesTransferredAndJoinedHistory(splitFirst:) with 2 test cases passed after 341.677 seconds.
2026-10-06T08:42:11.2760720Z ✔ Test schemaConvertedMergeSourceRetainsUnionForEitherAuthorRepair(type:repairConversion:) with 4 test cases passed after 341.677 seconds.
2026-10-06T08:42:11.2862750Z ✔ Test retainedPasteOverlappingEndpointExportsAndEitherAuthorRepairs(actor:repairPeer:) with 4 test cases passed after 341.677 seconds.
2026-10-06T08:42:11.2964750Z ✔ Test undoOfMissingEditRemainsValidUntilItsCausalTargetArrives(version:) with 2 test cases passed after 341.677 seconds.
2026-10-06T08:42:11.3066450Z ✔ Test writingPrototypeAtomicReferencesMoveWithoutReplacement() passed after 348.129 seconds.
2026-10-06T08:42:11.3168090Z ✔ Test partialReferenceEditBecomesPlainText() passed after 348.129 seconds.
2026-10-06T08:42:11.3269970Z ◇ Test case passing 1 argument metadata → [:] to invalidMetadataNeverChangesAcceptedHistoryOrRequestRecord(_:) started.
2026-10-06T08:42:11.3375760Z ◇ Test case passing 1 argument metadata → ["id": BlockEditorCore.JSONValue.string("new")] to invalidMetadataNeverChangesAcceptedHistoryOrRequestRecord(_:) started.
2026-10-06T08:42:11.3478830Z ◇ Test case passing 1 argument metadata → ["caption": BlockEditorCore.JSONValue.array([])] to invalidMetadataNeverChangesAcceptedHistoryOrRequestRecord(_:) started.
2026-10-06T08:42:11.3581180Z ◇ Test case passing 1 argument metadata → ["consumer": BlockEditorCore.JSONValue.object([:])] to invalidMetadataNeverChangesAcceptedHistoryOrRequestRecord(_:) started.
2026-10-06T08:42:11.3732860Z ◇ Test case passing 1 argument metadata → ["src": BlockEditorCore.JSONValue.null] to invalidMetadataNeverChangesAcceptedHistoryOrRequestRecord(_:) started.
2026-10-06T08:42:11.3738370Z ◇ Test case passing 1 argument metadata → ["width": BlockEditorCore.JSONValue.number(-1.0)] to invalidMetadataNeverChangesAcceptedHistoryOrRequestRecord(_:) started.
2026-10-06T08:42:11.3888660Z ◇ Test case passing 1 argument metadata → ["alt": BlockEditorCore.JSONValue.number(5.0)] to invalidMetadataNeverChangesAcceptedHistoryOrRequestRecord(_:) started.
2026-10-06T08:42:11.4059310Z ◇ Test case passing 1 argument metadata → ["height": BlockEditorCore.JSONValue.number(1.5)] to invalidMetadataNeverChangesAcceptedHistoryOrRequestRecord(_:) started.
2026-10-06T08:42:11.4215300Z ✔ Test collectionInsertAfterProjectedPeerRetainsRoleProofAndUndo(baseline:) with 2 test cases passed after 348.848 seconds.
2026-10-06T08:42:11.4358430Z ✔ Test v4ObservedRichPrefixSelectionReplacementRetainsReferencesFormattingAndPeerUndo(list:actor:) with 4 test cases passed after 349.177 seconds.
2026-10-06T08:42:11.4499520Z ✔ Test v4ScalarMetadataIsAtomicAndCannotReplaceSchemaRichTextOrConversionAttributes() passed after 349.476 seconds.
2026-10-06T08:42:11.4619950Z ✔ Test retainedPasteAcceptsObservedRoleSourceAndRejectsErasedRoleCohort(actor:) with 2 test cases passed after 351.771 seconds.
2026-10-06T08:42:11.4774130Z ✔ Test schemaListTextSemanticsCannotBeSpoofedIntoV3BatchOrRestore(exit:) with 2 test cases passed after 353.033 seconds.
2026-10-06T08:42:11.4914660Z ✔ Test retainedPasteCannotRankFromUnobservedSourcePinEvenWithBaselineEdge() passed after 353.033 seconds.
2026-10-06T08:42:11.5034560Z ✔ Test oversizedDocumentAndCapacityErrorsKeepEveryUnappliedChangeRecoverable() passed after 353.033 seconds.
2026-10-06T08:42:11.5137450Z ✔ Test pasteBlocksAtZeroPreservesOriginalSuffixIdentityAndOpaqueBoundaryMetadata() passed after 353.033 seconds.
2026-10-06T08:42:11.5240250Z ✔ Test structuralPasteAtFieldStartMustRetainCompleteFirstNodeAndAvoidIncidentalBlankPrefix() passed after 353.033 seconds.
2026-10-06T08:42:11.5341860Z ✔ Test bridgeReportsErrorsAndReleasesSessions() passed after 353.033 seconds.
2026-10-06T08:42:11.5555690Z ✔ Test v4EmptySplitHeadPositionFollowsRetainedBoundaryAcrossPeerEditsUndoReopenAndRedo(list:actor:) with 4 test cases passed after 353.033 seconds.
2026-10-06T08:42:11.5656010Z ✔ Test schemaEmptyRootItemExitPreservesBothIdentitiesAndRemoteHistory(index:actor:) with 6 test cases passed after 353.033 seconds.
2026-10-06T08:42:11.5757980Z ✔ Test inlineReconciliationKeepsFormattingOperationsSeparateFromText() passed after 353.033 seconds.
2026-10-06T08:42:11.5859890Z ✔ Test externalNormalizationDoesNotCommitOrReleaseComposition() passed after 353.033 seconds.
2026-10-06T08:42:11.5960110Z ✔ Test writingSessionConcurrentMergeSplitFollowsBoundary(swap:side:) with 4 test cases passed after 353.032 seconds.
2026-10-06T08:42:11.6062010Z ✔ Test v4SplitKeepsObservedInsertedPrefixAndPeerUndo(list:) with 2 test cases passed after 353.032 seconds.
2026-10-06T08:42:11.6163320Z ✔ Test authoringRestrictionsDoNotDestroySavedBlocks() passed after 353.032 seconds.
2026-10-06T08:42:11.6265300Z ✔ Test writingPrototypeMergeRetainsBothNamespacesAndRemoteTextThroughUndo() passed after 353.032 seconds.
2026-10-06T08:42:11.6431490Z ✔ Test writingSessionReferenceInteriorSelectionFollowsSplitAndDeletion() passed after 353.032 seconds.
2026-10-06T08:42:11.6562480Z ✔ Test receiveHoldBoundsQueuedMessagesWithoutAcknowledgingThem() passed after 353.032 seconds.
2026-10-06T08:42:11.6691610Z ✔ Test reusedChildIDsRemainIndependentlyEditable() passed after 353.032 seconds.
2026-10-06T08:42:11.6815860Z ✔ Test v4RequiredUndoPersistsAndExplicitRedoRetainsEveryHistory(actor:) with 2 test cases passed after 353.032 seconds.
2026-10-06T08:42:11.6942360Z ✔ Test writingSessionEmptyCodeHasNoSyntheticInlineRecord() passed after 353.048 seconds.
2026-10-06T08:42:11.7063890Z ✔ Test retainedPasteConcurrentHeadingPreservesEndpointSchemaAndUndo(actor:) with 2 test cases passed after 353.327 seconds.
2026-10-06T08:42:11.7239470Z ◇ Test case passing 1 argument kind → "mixed" to independentLegacyFixturesMigrateWithoutChangingAnyFieldOrAllocatingHistory(_:) started.
2026-10-06T08:42:11.7399260Z ◇ Test case passing 1 argument kind → "5001" to independentLegacyFixturesMigrateWithoutChangingAnyFieldOrAllocatingHistory(_:) started.
2026-10-06T08:42:11.7548910Z ◇ Test case passing 1 argument name → "legacy-collision" to incompatibleIndependentFixturesRemainExactAndNeverActivate(_:) started.
2026-10-06T08:42:11.7653100Z ◇ Test case passing 1 argument name → "unsupported-inline" to incompatibleIndependentFixturesRemainExactAndNeverActivate(_:) started.
2026-10-06T08:42:11.7752680Z ✔ Test externalNormalizationRejectsVersionDepthAndUnknownKindWithoutMutatingSource() passed after 356.868 seconds.
2026-10-06T08:42:11.7851630Z ✔ Test externalNormalizationDoesNotRelaxLiveHostPolicy() passed after 356.870 seconds.
2026-10-06T08:42:11.7951900Z ✔ Test v2StructuralReplayPreservesTheMigrationCorpus() passed after 356.873 seconds.
2026-10-06T08:42:11.8053800Z ◇ Test case passing 1 argument version → 1 to allLegacySessionVersionsRequireAllOfflineChangesAndKeepOldUndoOnlyInTheArchive(_:) started.
2026-10-06T08:42:11.8155510Z ◇ Test case passing 1 argument version → 2 to allLegacySessionVersionsRequireAllOfflineChangesAndKeepOldUndoOnlyInTheArchive(_:) started.
2026-10-06T08:42:11.8273140Z ◇ Test case passing 1 argument version → 3 to allLegacySessionVersionsRequireAllOfflineChangesAndKeepOldUndoOnlyInTheArchive(_:) started.
2026-10-06T08:42:11.8373930Z ◇ Test case passing 1 argument version → 4 to allLegacySessionVersionsRequireAllOfflineChangesAndKeepOldUndoOnlyInTheArchive(_:) started.
2026-10-06T08:42:11.8476900Z ◇ Test case passing 1 argument version → 5 to allLegacySessionVersionsRequireAllOfflineChangesAndKeepOldUndoOnlyInTheArchive(_:) started.
2026-10-06T08:42:11.8577500Z ◇ Test case passing 1 argument version → 6 to allLegacySessionVersionsRequireAllOfflineChangesAndKeepOldUndoOnlyInTheArchive(_:) started.
2026-10-06T08:42:11.8679490Z ✔ Test duplicateRecursivelyRespectsAuthoringPolicyWithoutChangingAcceptedHistory() passed after 358.549 seconds.
2026-10-06T08:42:11.8781300Z ✔ Test hierarchicalPasteOldEpochAndIncompatibleKindRejectAtomically() passed after 358.549 seconds.
2026-10-06T08:42:11.8922240Z ✔ Test pasteSpliceRejectsDuplicateOwnershipEvenWhenAuthorUndoRetainsMalformedEdit(inactive:) with 2 test cases passed after 358.549 seconds.
2026-10-06T08:42:11.9026830Z ✔ Test createdListDescendantsRetainOpaqueTypeMetadata(metadataType:) with 3 test cases passed after 358.549 seconds.
2026-10-06T08:42:11.9171480Z ✔ Test writingSessionCutoverPreservesDocumentIDRequiresReconciliationAndArchivesUndo() passed after 358.549 seconds.
2026-10-06T08:42:11.9325500Z ✔ Test nestedPositionsRespectAtomicReferencesAndDoNotChangeSavedState() passed after 358.582 seconds.
2026-10-06T08:42:11.9450340Z ✔ Test schemaSoleEmptyItemExitRetainsChildrenAndReorderedPeerChildEdits(existing:actor:) with 4 test cases passed after 358.582 seconds.
2026-10-06T08:42:11.9582890Z ✔ Test writingPrototypeBoundaryAffinityFollowsTheAdjacentContent() passed after 358.581 seconds.
2026-10-06T08:42:11.9751370Z ✔ Test markdownHeadingConsumesPrefixInOneUndoAndRespectsPolicyAndComposition() passed after 358.581 seconds.
2026-10-06T08:42:11.9879540Z ✔ Test sharedBridgeFixture() passed after 358.581 seconds.
2026-10-06T08:42:12.0006050Z ✔ Test writingPrototypeEmptyMergedFieldKeepsItsVirtualBoundaryAcrossUndo() passed after 358.581 seconds.
2026-10-06T08:42:12.0108930Z ✔ Test retainedPasteCanReuseObservedOrdinarySplitTail(actor:) with 2 test cases passed after 358.581 seconds.
2026-10-06T08:42:12.0209600Z ✔ Test schemaInactiveConversionAllowsEitherAuthorToRepairPriorSortedMetadataConflict(repairConversion:) with 2 test cases passed after 358.737 seconds.
2026-10-06T08:42:12.0309840Z ✔ Test markdownDialectAndUnknownProtocol() passed after 358.991 seconds.
2026-10-06T08:42:12.0440500Z ✔ Test retainedPasteNewWireCannotBeSpoofedIntoFiveOrMissingCohortAdmitted() passed after 359.203 seconds.
2026-10-06T08:42:12.0543170Z ✔ Test schemaRetiredListStyleStillRejectsMalformedWireAttribute() passed after 359.203 seconds.
2026-10-06T08:42:12.0644420Z ✔ Test writingSessionRejectsOldEpochProtocolAndMalformedBirthWithoutAcknowledging() passed after 359.203 seconds.
2026-10-06T08:42:12.0745300Z ✔ Test nestedReceiveHoldsPreserveCompositionAnchorsAndPreparationCallbacks() passed after 359.203 seconds.
2026-10-06T08:42:12.0845960Z ✔ Test protocolCutoverPreservesDocumentAndRejectsMixedVersionsAtomically() passed after 359.203 seconds.
2026-10-06T08:42:12.0948020Z ✔ Test catalogProducesAdmittedBlocksAndAvailabilityHonorsHostPolicy() passed after 358.526 seconds.
2026-10-06T08:42:12.1047400Z ✔ Test staleDeletionDoesNotEraseNewPeerCellsAndMalformedPlansAreAtomic() passed after 358.526 seconds.
2026-10-06T08:42:12.1149140Z ✔ Test insertedRowsAndColumnsHaveIndependentEditableOriginsAndUndo() passed after 358.526 seconds.
2026-10-06T08:42:12.1248970Z ✔ Test headerUndoKeepsLaterPeerCellText() passed after 358.525 seconds.
2026-10-06T08:42:12.1350870Z ✔ Test duplicateDeliveryCannotReenterPublicationOrImplicitlyRedoAfterUndo() passed after 347.731 seconds.
2026-10-06T08:42:12.1451420Z ✔ Test titleCutSupportsBackwardOverlappingRangesAndPeerTextWithOneReplacementGroup() passed after 347.731 seconds.
2026-10-06T08:42:12.1551900Z ✔ Test pendingRecoveryRetainsPublishedClipboardUntilOriginalCausalHistoryArrives() passed after 347.731 seconds.
2026-10-06T08:42:12.1655100Z ✔ Test deletedAndReusedSourceLabelOrDifferentSessionCannotRetargetDelayedCut() passed after 347.731 seconds.
2026-10-06T08:42:12.1754380Z ✔ Test wholeLayoutCutKeepsUnobservedPeerChildInItsValidOriginalContainer() passed after 347.606 seconds.
2026-10-06T08:42:12.1855880Z ✔ Test capturedPartialCutFollowsPeerSplitWithoutRemovingUnobservedTailText() passed after 347.606 seconds.
2026-10-06T08:42:12.1956590Z ✔ Test preparationAndDelayedCompletionRecheckPolicyCompositionAndCancellationWithoutPublishingHistory() passed after 347.606 seconds.
2026-10-06T08:42:12.2058860Z ✔ Test publicationFailureOrThrowDoesNotDeleteOrCreateHistoryAndPublisherSeesExactPayloadFirst() passed after 347.606 seconds.
2026-10-06T08:42:12.2159120Z ✔ Test emptyPublicationConsumesItsPreparationAndNeverDeletesLaterPeerInput() passed after 347.606 seconds.
2026-10-06T08:42:12.2259480Z ✔ Test delayedMixedCutPreservesPeerTextAndDeletesOnlyCapturedOriginsInOneGroup() passed after 347.606 seconds.
2026-10-06T08:42:12.2360420Z ✔ Test sharedRecoveryBridgeFixture() passed after 359.723 seconds.
2026-10-06T08:42:12.2461760Z ✔ Test capturedAtomsFollowPeerSplitsWhileUnobservedPeerTextAndOverlappingRangesDoNotDuplicate() passed after 347.005 seconds.
2026-10-06T08:42:12.2562520Z ✔ Test modernItemRowCellPayloadsValidateSemanticMarksWithoutLegacyAdmission() passed after 347.004 seconds.
2026-10-06T08:42:12.2663890Z ✔ Test copiedFilesAndPreviewsRemainInertAndRequireExplicitSafeMetadataPermission() passed after 347.004 seconds.
2026-10-06T08:42:12.2767330Z ✔ Test modernMarksReferencesAndOpaqueNodeDataRemainExactWithSeparatePastePolicy() passed after 347.005 seconds.
2026-10-06T08:42:12.2870090Z ✔ Test mixedWholeAndBackwardPartialCopyHasLiteralOrderAndLeavesHistoryFocusUntouched() passed after 347.004 seconds.
2026-10-06T08:42:12.2970620Z ✔ Test readOnlyCopyWorksUnderCompositionAndAuthoringPolicyButTitleCannotMixWithBody() passed after 347.004 seconds.
2026-10-06T08:42:12.3072160Z ✔ Test sameFieldPeerInsertionDoesNotInventAParagraphBreakInCapturedCopy() passed after 347.004 seconds.
2026-10-06T08:42:12.3171830Z ✔ Test malformedNodeKindsDepthAndFutureScopeRejectWithoutHistoryMutation() passed after 347.004 seconds.
2026-10-06T08:42:12.3273300Z ✔ Test hiddenToggleAndTwoColumnsCopyAllContentSplitAndOpaqueMetadataInLogicalOrder() passed after 347.004 seconds.
2026-10-06T08:42:12.3376130Z ✔ Test versionUnknownFieldsDuplicateKeysFallbackMismatchAndNestedLayoutReject() passed after 347.004 seconds.
2026-10-06T08:42:12.3486250Z ✔ Test wholeSubtreeCopySuppressesRedundantPartialRangesAndTracksCurrentMaterialization() passed after 347.004 seconds.
2026-10-06T08:42:12.3588360Z ✔ Test deletedSourceAndOwnerReusedLabelsScopeAndPolicyRejectUnchanged() passed after 325.473 seconds.
2026-10-06T08:42:12.3688730Z ✔ Test copiedChildPeersRemainRecoverableAcrossAuthorUndoRedoAndReopen() passed after 325.473 seconds.
2026-10-06T08:42:12.3789270Z ✔ Test forgedCopyPayloadAndInvisibleMalformedPacketsRejectAtomically() passed after 325.473 seconds.
2026-10-06T08:42:12.3930490Z ✔ Test columnDestinationAdmitsOrdinaryCopiesAndRejectsNestedLayoutOrDeletedOwner() passed after 325.473 seconds.
2026-10-06T08:42:12.4056440Z ✔ Test opaqueBlockIsCopiedVerbatimWithItsOnlyKnownSchemaIDFreshened() passed after 325.473 seconds.
2026-10-06T08:42:12.4160070Z ✔ Test nestedListsTablesColumnsFreshenOnlySchemaIDsAndRetainLiteralRichAndOpaqueFields() passed after 325.473 seconds.
2026-10-06T08:42:12.4303060Z ✔ Test admissionCopiesObservedTextButLaterOriginalPeerEditsAndUndoRemainIndependent() passed after 325.473 seconds.
2026-10-06T08:42:12.4514720Z ✔ Test duplicateFromPeerSplitCopiesOnlyCurrentVisibleContentNotBirthPayload() passed after 325.473 seconds.
2026-10-06T08:42:12.4633390Z ✔ Test copiedExposedPeerParagraphAndFollowingAnchorSurviveOriginalListRedo() passed after 325.473 seconds.
2026-10-06T08:42:12.4764060Z ✔ Test capturedOrderSurvivesPeerMovesAndHistoricalDeletedBoundaryRemainsUsable() passed after 325.476 seconds.
2026-10-06T08:42:12.4919980Z ✔ Test acceptedDuplicateLiteralSelectsCopyAndFocusesItsFirstInputOneStep() passed after 325.476 seconds.
2026-10-06T08:42:12.5052640Z ✔ Test acceptedACC15SwitchRetainsResultWithoutReplacementMutationOrOriginAcknowledgment() passed after 324.030 seconds.
2026-10-06T08:42:12.5191210Z ✔ Test checkedCompletionReturnsNoFocusAndRequestStateIsSeparateFromAcceptedSave() passed after 324.030 seconds.
2026-10-06T08:42:12.5336340Z ✔ Test policyCompositionCancelFailureAndReopenPreserveProviderRecordsWithoutAutomaticCompletion() passed after 324.030 seconds.
2026-10-06T08:42:12.5476310Z ✔ Test blockDefaultsFollowScopedMovementAndSchemaConversionWithoutCopyingText() passed after 256.455 seconds.
2026-10-06T08:42:12.5618060Z ✔ Test resetsRemoveOnlyOverridesAndMixedStateIncludesInheritedDefaults() passed after 256.455 seconds.
2026-10-06T08:42:12.5759990Z ✔ Test checkedBridgeReportsSemanticStateLinkResultsPolicyAndUnchangedInvalidArguments() passed after 256.455 seconds.
2026-10-06T08:42:12.5934990Z ✔ Test concurrentDeletionKeepsDefaultsForRestorationWithoutResurrectingContent() passed after 256.455 seconds.
2026-10-06T08:42:12.6073610Z ✔ Test invalidLinksNeverMutateStateOrStripExistingMarks(href:) with 8 test cases passed after 256.455 seconds.
2026-10-06T08:42:12.6202810Z ✔ Test rangeLinksPreserveCapturedAtomsPeerTextBackwardSelectionAndUndoReopen() passed after 256.455 seconds.
2026-10-06T08:42:12.6315970Z ✔ Test explicitLabelInsertionUsesCapturedCaretInheritedMarksAndOneAuthorStep() passed after 256.455 seconds.
2026-10-06T08:42:12.6419330Z ✔ Test malformedSemanticPacketsRejectEvenInactiveWithoutReceiptOrRecovery(fault:) with 6 test cases passed after 256.455 seconds.
2026-10-06T08:42:12.6422530Z ✔ Test multiBlockDefaultsPreservePeerTextOpaqueDataCaretAndOneUndoReopen() passed after 256.455 seconds.
2026-10-06T08:42:12.6526250Z ✔ Test insertedDefaultIncrementalPacketRecoversAfterItsValidBirthArrives() passed after 256.455 seconds.
2026-10-06T08:42:12.6641730Z ✔ Test semanticCaretAndAlreadyMatchingMarksDoNotCreateHistory() passed after 256.455 seconds.
2026-10-06T08:42:12.6750830Z ✔ Test capturedBackwardTextInkAndPeerFillKeepPeerInsertionsOutsideFormatting() passed after 256.455 seconds.
2026-10-06T08:42:12.6854220Z ✔ Test capturedMarksAndStateFollowAllActualFieldsAfterPeerSplitAndReopen() passed after 256.455 seconds.
2026-10-06T08:42:12.6956870Z ✔ Test defaultOnExposedPeerParagraphSurvivesOriginalListCreationRedoAndOwnUndo() passed after 256.455 seconds.
2026-10-06T08:42:12.7058610Z ✔ Test sameDefaultRegisterConvergesAndAuthorUndoRevealsPeerRole() passed after 256.455 seconds.
2026-10-06T08:42:12.7131380Z ✔ Test localCompositionAndCommandPoliciesPreserveRemoteDefaultsAndLinkHistory() passed after 256.455 seconds.
2026-10-06T08:42:12.7233250Z ✔ Test invalidSemanticTargetsAndRolesRejectAtomically(fault:) with 10 test cases passed after 256.455 seconds.
2026-10-06T08:42:12.7336540Z ✔ Test inlineRolesAndLinksKeepWholeAtomicReferencesAndInheritedListDefaults() passed after 256.455 seconds.
2026-10-06T08:42:12.7439480Z ✔ Test invalidLabelsLiteralFieldsAndStaleLinkCapturesRejectUnchanged() passed after 256.455 seconds.
2026-10-06T08:42:12.7542240Z ✔ Test incrementalInsertedFieldPacketBeforeBirthRetainsRecoveryThenConverges() passed after 256.430 seconds.
2026-10-06T08:42:12.7734650Z ✔ Test independentInsertionsAndMovesConvergeInEitherReceiveOrder() passed after 256.430 seconds.
2026-10-06T08:42:12.7865890Z ✔ Test semanticInsertionsAndObservedSubtreeDeletionRetainNestedOriginsThroughUndo() passed after 256.430 seconds.
2026-10-06T08:42:12.7996050Z ✔ Test forgedStructuralAndUnobservedInsertedTextPacketsNeverAcknowledge() passed after 256.432 seconds.
2026-10-06T08:42:12.8136520Z ✔ Test insertionUndoWithoutPeerWorkHidesBirthButDoesNotReuseOrigin() passed after 256.432 seconds.
2026-10-06T08:42:12.8349080Z ✔ Test columnMovesKeepScopedOriginsCaretPeerTextAndOneAuthorUndo() passed after 256.432 seconds.
2026-10-06T08:42:12.8477710Z ✔ Test insertedBodyFieldsShareTitleHistoryPeerUndoAndReopen() passed after 256.432 seconds.
2026-10-06T08:42:12.8614730Z ✔ Test deletionRetainsPeerHistoryAndStaleTargetsCannotHitReusedLabels() passed after 256.432 seconds.
2026-10-06T08:42:12.8746050Z ✔ Test concurrentScopedLabelConflictRetainsUnionAndAuthorRepairKeepsPeerBirth() passed after 256.432 seconds.
2026-10-06T08:42:12.8884180Z ✔ Test mismatchedScopeUnsupportedFormatDuplicateKeysAndLossyNumbersRejectUnchanged() passed after 256.432 seconds.
2026-10-06T08:42:12.8995900Z ✔ Test unknownWireFieldsAndMalformedSavedHistoryRejectRatherThanDisappear() passed after 256.432 seconds.
2026-10-06T08:42:12.9150910Z ✔ Test invalidStructuralCommandsAreAtomicAndPolicyDoesNotStripPeerContent() passed after 256.432 seconds.
2026-10-06T08:42:12.9279950Z ✔ Test unobservedReferencesDuplicateBirthsCrossFieldRoutesAndForeignUndoReject() passed after 256.215 seconds.
2026-10-06T08:42:12.9413380Z ✔ Test schemaUnionRecoveryRetainsBothAuthorsAndRepairDisablesOnlyOwnEdit() passed after 256.432 seconds.
2026-10-06T08:42:12.9533230Z ✔ Test anchoredBackwardRangeRetainsUnobservedPeerTextAndUnicodeCaret() passed after 256.214 seconds.
2026-10-06T08:42:12.9537210Z ✔ Test malformedOperationWithMissingDependencyRejectsInsteadOfCreatingRecovery() passed after 256.214 seconds.
2026-10-06T08:42:12.9776150Z ✔ Test compositionHoldPreservesLocalDraftBoundaryQueuesNoReceiptAndReleasesOnce() passed after 256.215 seconds.
2026-10-06T08:42:12.9963210Z ✔ Test missingCausalPacketIsSeparatelyRecoverableWithoutReceiptThenAcceptsUnion() passed after 256.214 seconds.
2026-10-06T08:42:13.0076980Z ✔ Test typingGroupUndoRetainsPeerAtomsAndHistoryOrderAcrossReopen() passed after 256.214 seconds.
2026-10-06T08:42:13.0182170Z ✔ Test noopsAndFailedCommandsPreserveAcceptedHistoryAndCompositionEndsTypingGroup() passed after 256.214 seconds.
2026-10-06T08:42:13.0318490Z ✔ Test malformedPlainTitleAndInactiveTransactionsNeverAcknowledge(_:) with 2 test cases passed after 256.214 seconds.
2026-10-06T08:42:13.0421030Z ✔ Test activeExitWhosePeerRestoresColumnsRetainsRecoveryAndAuthorCanRepair() passed after 256.214 seconds.
2026-10-06T08:42:13.0524000Z ✔ Test nestedEmptyOutdentRetainsMetadataDescendantsCapturedCaretAndUndo() passed after 256.214 seconds.
2026-10-06T08:42:13.0626730Z ✔ Test exhaustedConcurrentPartitionsRemainRecoverableUntilAuthorRepair() passed after 256.214 seconds.
2026-10-06T08:42:13.0729780Z ✔ Test retainedRoleSurvivesOriginalCreationRedoAndUndoAndKeepsFollowingAnchor() passed after 256.214 seconds.
2026-10-06T08:42:13.0834810Z ✔ Test independentTitleAppearanceFixturesPassSharedSessionPeerUndoRedoAndReopen() passed after 256.214 seconds.
2026-10-06T08:42:13.0937380Z ✔ Test forgedParagraphRolesRejectAtomicallyIncludingDisabledEdits(fault:) with 11 test cases passed after 256.214 seconds.
2026-10-06T08:42:13.1039120Z ✔ Test packetCountRawBytesAndHeldBytesUseIndependentLimitsWithoutReceipt() passed after 256.215 seconds.
2026-10-06T08:42:13.1141020Z ✔ Test callbacksObserveFinalHistoryAndCannotReenterPublication() passed after 256.214 seconds.
2026-10-06T08:42:13.1243430Z ✔ Test v4RetiredSplitHeadTraversesLongValidatedBirthChainWithoutRecursion() passed after 359.734 seconds.
2026-10-06T08:42:13.1361250Z ✔ Test capturedEmptyItemWithObservedPeerTypingSplitsWithoutReinterpretingAsExit() passed after 256.214 seconds.
2026-10-06T08:42:13.1488050Z ✔ Test emptyExitAfterColumnFlattenRetainsLogicalPlacementPeerTextAndUndo() passed after 256.214 seconds.
2026-10-06T08:42:13.1622800Z ✔ Test emptyRootExitKeepsOwnerItemChildrenPeerTextAndReopenedUndo(index:actor:) with 6 test cases passed after 256.214 seconds.
2026-10-06T08:42:13.1755420Z ✔ Test retainedPeerParagraphSupportsModernCommandsAndReopenedHistory(command:) with 8 test cases passed after 256.214 seconds.
2026-10-06T08:42:13.1892010Z ✔ Test invalidDeferredPacketRemainsExportableAndQueueLimitDoesNotAcknowledge() passed after 256.214 seconds.
2026-10-06T08:42:13.2081570Z ✔ Test forgedEmptyEnterPlansRejectWithoutAcknowledgment(fault:) with 6 test cases passed after 256.214 seconds.
2026-10-06T08:42:13.2210940Z ✔ Test independentAppearanceRegistersAndSameFieldWinsConvergeAcrossOrder(_:) with 2 test cases passed after 256.214 seconds.
2026-10-06T08:42:13.2340600Z ✔ Test codeBornCaretCanSplitAfterParagraphConversion() passed after 256.214 seconds.
2026-10-06T08:42:13.2465750Z ✔ Test concurrentFirstAndLastExitsConvergeWithRetainedOrdinals(actor:) with 2 test cases passed after 256.214 seconds.
2026-10-06T08:42:13.2579610Z ✔ Test unchangedConversionAndLossyOrInvalidTargetsDoNotChangeSavedHistory() passed after 255.841 seconds.
2026-10-06T08:42:13.2681560Z ✔ Test listStyleConversionKeepsNestedChecklistOriginsStateAndFieldCaret() passed after 255.841 seconds.
2026-10-06T08:42:13.2783970Z ✔ Test distinctCommandPolicyCompositionAndTitleRejectWithoutMutatingHistory() passed after 255.841 seconds.
2026-10-06T08:42:13.2920550Z ✔ Test conversionPreservesRichReferenceOpaqueFieldsAndCaretInsideAtomicLabel() passed after 255.841 seconds.
2026-10-06T08:42:13.2924250Z ✔ Test sameContentConversionMatchesIndependentConcurrentSuffixFixturesThroughUndoReopenAndDuplicatePackets() passed after 255.841 seconds.
2026-10-06T08:42:13.3028410Z ✔ Test concurrentHeadingRegisterUndoRevealsPeerValueInsteadOfOverwritingIt() passed after 255.841 seconds.
2026-10-06T08:42:13.3130850Z ✔ Test malformedInactiveConversionRejectsBeforeMissingCausalRecovery() passed after 255.841 seconds.
2026-10-06T08:42:13.3232600Z ✔ Test softBreakMatchesIndependentFixtureAndSharesOneUndoWithPeerSafeCapturedReplacement() passed after 255.841 seconds.
2026-10-06T08:42:13.3334530Z ✔ Test noProviderResultIsNoopAndMalformedVersionOrExtraFieldsRejectUnchanged() passed after 254.545 seconds.
2026-10-06T08:42:13.3436440Z ✔ Test unavailablePolicyCompositionScopeAndAdmissionRetainExactRichPayloadForExplicitRetry() passed after 254.552 seconds.
2026-10-06T08:42:13.3538180Z ✔ Test genericCollectionCaptureExposesExplicitBoundaryAndPlainPasteCaretAtLastLineEnd() passed after 254.548 seconds.
2026-10-06T08:42:13.3640220Z ✔ Test malformedTargetsAndPoliciesCompositionAndScopeLeaveStateUnchanged() passed after 254.456 seconds.
2026-10-06T08:42:13.3723160Z ✔ Test checkedRichReplacementReturnsOneTransactionAndCaretWithoutChangingClipboard() passed after 254.548 seconds.
2026-10-06T08:42:13.3824920Z ✔ Test checkedInsertFocusAndWholeBodyDeleteInsertionTargetAreUsableAndAtomic() passed after 254.456 seconds.
2026-10-06T08:42:13.3951750Z ✔ Test independentNestedMoveFixtureKeepsSelectionOriginAndSingleUndoReopen() passed after 254.456 seconds.
2026-10-06T08:42:13.4074790Z ✔ Test codeBirthTextCanBecomeRichParagraphWithoutLosingOriginalOriginsOrOpaqueLanguage() passed after 254.202 seconds.
2026-10-06T08:42:13.4195430Z ✔ Test listConversionPreservesAtomsCaretPeerReplacementAndChecklistStateThroughUndo() passed after 254.202 seconds.
2026-10-06T08:42:13.4340900Z ✔ Test malformedInactiveSchemaConversionRejectsBeforeMissingPredecessorAndKeepsReceipt() passed after 254.202 seconds.
2026-10-06T08:42:13.4474030Z ✔ Test textAuthoredAtConvertedCodeBirthFollowsConversionUndoAndCapturedReplacementAliases() passed after 254.202 seconds.
2026-10-06T08:42:13.4597880Z ✔ Test concurrentListConversionsRetainRecoveryUntilOwnUndoKeepsPeerBranch() passed after 254.202 seconds.
2026-10-06T08:42:13.4722820Z ✔ Test codeFieldPacketArrivingBeforeBaselineAliasBirthRetainsThenResolvesRecovery() passed after 254.202 seconds.
2026-10-06T08:42:13.4836620Z ✔ Test soleEmptyChecklistEnterPreservesOwnerChildOriginsAndPeerTextThroughUndoReopen() passed after 254.202 seconds.
2026-10-06T08:42:13.4979280Z ✔ Test codeFormattingAndTitleConversionRejectWithoutHistoryOrReceiptChanges() passed after 254.202 seconds.
2026-10-06T08:42:13.5105560Z ✔ Test splitNoncollapsedCapturedRangeStillDeletesOnlyObservedAtomsAfterSchemaRoundTrip() passed after 254.202 seconds.
2026-10-06T08:42:13.5209780Z ✔ Test futureJoinCannotJustifyForgedAnchorInEarlierCapturedField() passed after 254.202 seconds.
2026-10-06T08:42:13.5311350Z ✔ Test forgedTextUsesOfRetiredContentAliasRejectEvenWhenInactive() passed after 254.202 seconds.
2026-10-06T08:42:13.5411700Z ✔ Test opaqueContentOnCodeBlocksCannotBeDiscardedByLocalOrInactiveRemoteListConversion() passed after 254.203 seconds.
2026-10-06T08:42:13.5513210Z ✔ Test undoListConversionExposesPeerSplitAsRetainedParagraphInsteadOfDroppingIt() passed after 254.203 seconds.
2026-10-06T08:42:13.5616130Z ✔ Test richCodeConversionAndOpaqueFieldCollisionsRejectWithoutChangingSavedHistory() passed after 254.203 seconds.
2026-10-06T08:42:13.5735340Z ✔ Test codeConversionRetainsCapturedCaretPeerTextAndFieldAliasesThroughUndoRedoAndReopen() passed after 254.203 seconds.
2026-10-06T08:42:13.5839350Z ✔ Test concurrentCodeConversionsConvergeAndEachUndoKeepsPeerHead() passed after 254.203 seconds.
2026-10-06T08:42:13.5874340Z ✔ Test malformedHistorySelectionArchivesRejectAtomicallyWithoutChangingAcceptedStateOrFreshRegistry(_:) with 8 test cases passed after 254.203 seconds.
2026-10-06T08:42:13.5989240Z ✔ Test laterSchemaConversionRetainsTextCreatedInItsBirthsOwnCompoundPacket() passed after 254.203 seconds.
2026-10-06T08:42:13.6092290Z ✔ Test soleListItemCollapseRetainsCheckedMetadataChildOriginsPeerTextAndUndo() passed after 254.203 seconds.
2026-10-06T08:42:13.6195290Z ✔ Test asyncMetadataCompletionKeepsInputSelectionAndPeerTextThroughPairedRequestHistoryReopen() passed after 254.203 seconds.
2026-10-06T08:42:13.6297690Z ✔ Test actualSelectionChangeEndsTypingGroupAndPreservesLifoSelectionAfterReopen() passed after 254.203 seconds.
2026-10-06T08:42:13.6443810Z ✔ Test freshAuthorEditClearsOnlyRedoSelectionRecordsAndOlderArchivesNeverInventInputState() passed after 254.203 seconds.
2026-10-06T08:42:13.6568130Z ✔ Test typingGroupKeepsFirstSelectionAndLatestCaretWithoutBreakingForRefreshedPeerFrontier() passed after 254.203 seconds.
2026-10-06T08:42:13.6675540Z ✔ Test itemSelectionAndContainingListStateRemainScopedAfterHistoryArchiveImport() passed after 253.729 seconds.
2026-10-06T08:42:13.6805720Z ✔ Test codeAndListConversionsInsideColumnsKeepLogicalOwnersAcrossFlattenAndUndo() passed after 254.203 seconds.
2026-10-06T08:42:13.6938260Z ✔ Test publicationCallbackSeesPairedHistoryAndItsLaterInputIsNotOverwritten() passed after 253.729 seconds.
2026-10-06T08:42:13.7068820Z ✔ Test atomicReferenceInteriorSelectionSurvivesPeerTextAndAppearanceHistoryWithoutSplittingTheReference() passed after 253.684 seconds.
2026-10-06T08:42:13.7195000Z ✔ Test explicitExternalFocusAndUnavailableOrNoopActionsNeverFabricateInputFocusOrConsumeHistory() passed after 253.684 seconds.
2026-10-06T08:42:13.7315810Z ✔ Test mixedDeleteUndoRestoresWholeOriginsAndBackwardPartialRangeWithoutSelectingNewPeerAtoms() passed after 253.684 seconds.
2026-10-06T08:42:13.7420990Z ✔ Test backwardReplacementAndReopenedHistoryRestoreOriginalAnchorsAcrossPeerPrefix() passed after 253.659 seconds.
2026-10-06T08:42:13.7564060Z ✔ Test wholeBodyUndoRestoresNodeSelectionAndRedoReturnsEmptyInsertionWithoutPlaceholder() passed after 253.286 seconds.
2026-10-06T08:42:13.7710070Z ✔ Test deletedOriginFallsBackToOriginalNeighborsWithoutFocusingAReusedDisplayLabel() passed after 253.663 seconds.
2026-10-06T08:42:13.7833910Z ✔ Test delayedCutUsesPreparedInputSnapshotInsteadOfLaterActiveInputAndFailedPublicationDoesNotChangeLocalHistory() passed after 253.249 seconds.
2026-10-06T08:42:13.7960910Z ✔ Test unicodeTitleBackwardRangeRestoresSelectionAndPeerPrefixWithoutTouchingBody() passed after 253.249 seconds.
2026-10-06T08:42:13.8074620Z ✔ Test crossFieldSelectionEndpointsFollowPeerSplitAndRemainBackwardAcrossAppearanceUndoReopen() passed after 253.249 seconds.
2026-10-06T08:42:13.8218660Z ✔ Test hierarchicalPasteUndoRestoresTypedInsertionAndRedoRestoresImportedNodeInput(_:) with 2 test cases passed after 253.249 seconds.
2026-10-06T08:42:13.8359200Z ✔ Test authorRepairRebasesLocalInputWithoutDroppingConflictingPeerHistoryOrPromotingFailedRedo() passed after 252.851 seconds.
2026-10-06T08:42:13.8486410Z ✔ Test deliberateCommandFamiliesRestoreTheirInputAndReportedResultAcrossUndoRedoReopen(_:) with 13 test cases passed after 252.851 seconds.
2026-10-06T08:42:13.8618090Z ✔ Test tableRowAndCellPasteKeepSemanticMetadataAndFreshNamespaces() passed after 252.314 seconds.
2026-10-06T08:42:13.8750920Z ✔ Test crossParagraphPastePreservesRetainedEndpointMetadataAndPeerRoutes() passed after 252.314 seconds.
2026-10-06T08:42:13.8871310Z ✔ Test inertAssetPolicyAndNewTailAdmissionRejectWithoutChangingOriginalPayload() passed after 252.314 seconds.
2026-10-06T08:42:13.8972910Z ✔ Test hierarchicalFieldsPreserveOwnerMetadataAndUseCompatibleChildCollection() passed after 252.299 seconds.
2026-10-06T08:42:13.9092520Z ✔ Test capturedRichReplacementKeepsAtomicReferenceMetadataAndPeerTextThroughUndoAndReopen() passed after 252.299 seconds.
2026-10-06T08:42:13.9194150Z ✔ Test pasteAfterCapturedCodeAliasUsesCurrentFieldAndRejectsForgedRelation() passed after 252.299 seconds.
2026-10-06T08:42:13.9252470Z ✔ Test pastedLayoutPeerEditSurvivesAuthorUndoAndReopenWithoutDuplication() passed after 252.299 seconds.
2026-10-06T08:42:13.9351970Z ✔ Test localPolicyCompositionStaleScopeAndReusedLabelsRejectWithoutPartialReplacement() passed after 252.299 seconds.
2026-10-06T08:42:13.9453380Z ✔ Test inactiveForgedPlanRejectsAndMissingCaptureIsRetainedUntilItsCausalBirthArrives() passed after 252.299 seconds.
2026-10-06T08:42:13.9555320Z ✔ Test copiedRowAndConvertedListItemCollectionBirthsKeepModernSemanticAdmission() passed after 252.299 seconds.
2026-10-06T08:42:13.9659730Z ✔ Test catalogInsertionFocusIsStoredWithAuthorHistoryWhileOrdinaryPasteKeepsItsCaret() passed after 252.299 seconds.
2026-10-06T08:42:13.9761450Z ✔ Test explicitPlainRangeUsesNormalInlineAndMultilinePrefixSuffixSemantics() passed after 252.294 seconds.
2026-10-06T08:42:13.9863660Z ✔ Test catalogFromTableCellAndListItemCapturesContainingBlockAndRestoresQuery() passed after 252.294 seconds.
2026-10-06T08:42:13.9963910Z ✔ Test sameFieldBlockReplacementHasOneRetainedCutAndKeepsPeerInsertion() passed after 252.294 seconds.
2026-10-06T08:42:14.0065890Z ✔ Test mixedReplacementAndEmptyClipboardAreSingleOrZeroHistorySteps() passed after 252.294 seconds.
2026-10-06T08:42:14.0193360Z ✔ Test acceptedRootLayoutPasteMatchesFullIndependentSnapshotAndFreshensOnlySchemaIDs() passed after 252.294 seconds.
2026-10-06T08:42:14.0326270Z ✔ Test explicitFlattenedFallbackMatchesAcceptedColumnContentAndRichNestedPasteRejects() passed after 252.294 seconds.
2026-10-06T08:42:14.0519140Z ✔ Test titleAndCodeUseExplicitPlainFallbackWithoutRichMarkOrBlockCoercion() passed after 252.294 seconds.
2026-10-06T08:42:14.0658660Z ✔ Test acceptedBlankPlainMultilinePreservesFourLiteralLinesAndLastInputCaret() passed after 252.294 seconds.
2026-10-06T08:42:14.0782600Z ✔ Test prepareIsReadOnlyAndFinishNeedsSuccessfulPublicationBeforeOneDeletionAndDuplicateAfterUndoIsNoop() passed after 251.219 seconds.
2026-10-06T08:42:14.0906000Z ✔ Test policyCompositionWrongScopeAndOtherHandleRetainPayloadAndAllowExplicitRetry() passed after 251.219 seconds.
2026-10-06T08:42:14.1028160Z ✔ Test boundedPreparationCountAndMalformedAcknowledgmentNeverDeleteBeforePublication() passed after 251.219 seconds.
2026-10-06T08:42:14.1177940Z ✔ Test bodyFieldsInsideColumnsRemainDistinctAndLiteralAtomsRejectRichMarks() passed after 256.228 seconds.
2026-10-06T08:42:14.1301680Z ✔ Test cancelForgetDestroyAndRestoreCannotMakeOldPublicationApplyToNewPreparation() passed after 251.219 seconds.
2026-10-06T08:42:14.1404210Z ✔ Test splitAfterColumnRemovalAndUndoKeepsLogicalOriginRoutes() passed after 228.457 seconds.
2026-10-06T08:42:14.1506930Z ✔ Test incompatibleMergePolicyTitleAndForgedCutProofRejectWithoutHistoryChanges() passed after 228.457 seconds.
2026-10-06T08:42:14.1607900Z ✔ Test emptyHeadTraversesMultipleRetiredSplitsButExplicitDeletionDoesNotRetarget() passed after 228.455 seconds.
2026-10-06T08:42:14.1708660Z ✔ Test preparationByteBudgetRetainsWholeOpaquePayloadWithoutNarrowingDocumentAdmission() passed after 251.221 seconds.
2026-10-06T08:42:14.1808790Z ✔ Test retainedSuffixCaretAndPeerReplacementFollowSplitUndoRedoAndReopen() passed after 228.455 seconds.
2026-10-06T08:42:14.1911680Z ✔ Test splitKeepsHeadingSourceMetadataRichReferencesAndAtomicBoundaries() passed after 228.456 seconds.
2026-10-06T08:42:14.2011410Z ✔ Test joinedSourceInputUsesCapturedAtomsAndRejectsUnrelatedFieldAnchor() passed after 228.455 seconds.
2026-10-06T08:42:14.2113150Z ✔ Test nestedEmptyChecklistEnterOutdentsAndRetainsHistory() passed after 228.455 seconds.
2026-10-06T08:42:14.2215380Z ✔ Test concurrentColumnCutsRemainReachableAfterFlatteningUndoAndRejoin() passed after 228.455 seconds.
2026-10-06T08:42:14.2315660Z ✔ Test nestedChecklistSplitRetainsParentChildrenAndResetsNewItemCheckedState() passed after 228.455 seconds.
2026-10-06T08:42:14.2417580Z ✔ Test capturedCaretRebasesThroughObservedPeerCutBeforeSecondSplit() passed after 228.455 seconds.
2026-10-06T08:42:14.2517670Z ✔ Test emptySplitHeadReturnsToExactRetainedBoundaryOnUndoIncludingPeerPrefixAndReopen() passed after 228.455 seconds.
2026-10-06T08:42:14.2619590Z ✔ Test concurrentCutsPartitionSuffixInTextOrderAndEachAuthorUndoRetainsOtherCut() passed after 228.456 seconds.
2026-10-06T08:42:14.2718820Z ✔ Test duplicateRawKeysIncludingEscapedKeysRejectBeforeSemanticAdmission() passed after 67.347 seconds.
2026-10-06T08:42:14.2821390Z ✔ Test exactTwoContainersAndScopedIdentitiesAreRequired() passed after 67.331 seconds.
2026-10-06T08:42:14.2921200Z ✔ Test nestedColumnsRejectEvenThroughToggleDescendantsButIndependentLayoutsRemainValid() passed after 67.330 seconds.
2026-10-06T08:54:04.7260020Z ✔ Test titleRejectsLineBreaksWithoutConsumingBody(_:) with 5 test cases passed after 67.330 seconds.
2026-10-06T08:54:04.7282290Z ✔ Test splitRejectsInvalidBoundsAndNonintegerValues(_:) with 5 test cases passed after 67.330 seconds.
2026-10-06T08:54:04.7335870Z ✔ Test mergeRetainsRightPeerAtomsAndAnchorsAcrossUndoReopen() passed after 228.456 seconds.
2026-10-06T08:54:04.7339140Z ✔ Test modernSnapshotDoesNotBroadenLegacyMarkOrSessionAdmission() passed after 67.327 seconds.
2026-10-06T08:54:04.7345310Z ✔ Test opaqueNumbersCannotSilentlyRoundDuringAdmission(_:) with 3 test cases passed after 67.327 seconds.
2026-10-06T08:54:04.7352420Z ✔ Test appearanceAndPaletteRejectUnrecognizedPresetsAndRoles() passed after 66.997 seconds.
2026-10-06T08:54:04.7353180Z ✔ Test exactNumericRoundTripsAllowCanonicalDecimalSpelling(_:) with 5 test cases passed after 66.998 seconds.
2026-10-06T08:54:04.7379820Z ✔ Test explicitNewDocumentDefaultsDoNotSilentlyUpgradeMissingWireFields() passed after 66.998 seconds.
2026-10-06T08:54:04.7388380Z ✔ Test existingLimitsAndOpaqueMetadataArePreserved() passed after 66.998 seconds.
2026-10-06T08:54:04.7392620Z ✔ Test directedSpanFormattingIsAtomicAndKeepsLaterPeerText() passed after 66.650 seconds.
2026-10-06T08:54:04.7395560Z ✔ Test mediaPropertyUndoKeepsPeerCaptionAndRejectsOldSource() passed after 66.650 seconds.
2026-10-06T08:54:04.7398090Z ✔ Test markerConversionIsOneUndoAndLiteralCodeKeepsWhitespace() passed after 66.650 seconds.
2026-10-06T08:54:04.7405090Z ✔ Test navigationAndDirectedSpanFollowLogicalColumnsWithoutWriting() passed after 66.650 seconds.
2026-10-06T08:54:04.7409810Z ✔ Test inlineDelimiterFormattingPreservesUnicodeAndRestoresOriginalSelection() passed after 66.650 seconds.
2026-10-06T08:54:04.7412600Z ✔ Test authorRestrictionsPreserveAdmittedMarksAndPeerBlocks() passed after 66.650 seconds.
2026-10-06T08:54:04.7414600Z ✔ Test twoColumnsKeepScopedChildOriginsAndLogicalAddressOrder() passed after 66.613 seconds.
2026-10-06T08:54:04.7416090Z ✔ Test documentTitleHasAnExplicitOriginOutsideBodyAndConsumerIDs() passed after 66.613 seconds.
2026-10-06T08:54:04.7422800Z ✔ Test legacyWritingProtocolsRejectDocumentOriginsWithoutAcknowledging(_:) with 4 test cases passed after 66.614 seconds.
2026-10-06T08:54:04.7426450Z ✔ Test titleReplayAndAuthorDeactivationKeepPeerTextAndBodyIndependent() passed after 66.613 seconds.
2026-10-06T08:54:04.7430910Z ✔ Test independentSnapshotsRetainEveryAdmittedFieldAndCanonicalRoundTrip() passed after 66.999 seconds.
2026-10-06T08:54:04.7433880Z ✔ Test legacyStructuralProtocolRejectsDocumentOriginMutationAtomically() passed after 66.614 seconds.
2026-10-06T08:54:04.7457430Z ✔ Test peerStyleAndChecklistHistorySurviveListCreationUndoAndRedo() passed after 66.566 seconds.
2026-10-06T08:54:04.7460600Z ✔ Test capturedItemsFollowObservedPeerMovesBeforeStyleAndChecklistCommands() passed after 66.566 seconds.
2026-10-06T08:54:04.7465740Z ✔ Test concurrentListStylesConvergeAndUndoRevealsPeerWinner() passed after 66.566 seconds.
2026-10-06T08:54:04.7469110Z ✔ Test nativeJSONEnvelopeChecksListArgumentsPolicyCapturesAndFocus() passed after 66.566 seconds.
2026-10-06T08:54:04.7473910Z ✔ Test multiItemIndentPreservesRichMetadataChildrenPeerTextCaretAndSingleUndo(actor:) with 2 test cases passed after 66.566 seconds.
2026-10-06T08:54:04.7475510Z ✔ Test genericBlockCommandsKeepItemTableAndDocumentBoundariesClosed() passed after 66.566 seconds.
2026-10-06T08:54:04.7477280Z ✔ Test forgedListPlansRejectEvenWhenDisabledWithoutAcknowledgment(fault:) with 10 test cases passed after 66.419 seconds.
2026-10-06T08:54:04.7478550Z ✔ Test activeInlineCodeUnionRetainsAcceptedStateUntilAuthorRepair() passed after 66.419 seconds.
2026-10-06T08:54:04.7479330Z ✔ Test hierarchyHistoryRetainsLateBirthRecoveryUntilCreatorPacketArrives() passed after 66.419 seconds.
2026-10-06T08:54:04.7480580Z ✔ Test inactiveInlineConversionDoesNotConflictWithPeerCodeShape() passed after 66.389 seconds.
2026-10-06T08:54:04.7481990Z ✔ Test compositionAndReducedActionPolicyRejectLocalStyleButPreserveRemoteStyleAndChecks() passed after 66.389 seconds.
2026-10-06T08:54:04.7485930Z ✔ Test concurrentNestedMovesPreserveBothAuthorsAndUndoUsesRemainingPlacement() passed after 66.389 seconds.
2026-10-06T08:54:04.7487410Z ✔ Test multiItemOutdentKeepsUnselectedChildrenAndReopenedPeerEdits() passed after 66.384 seconds.
2026-10-06T08:54:04.7488850Z ✔ Test checklistUpdatesOnlyChangedItemsAndOneUndoRetainsDisjointPeerWrites() passed after 66.384 seconds.
2026-10-06T08:54:04.7491360Z ✔ Test invalidHierarchyTargetsRejectWithoutStateHistoryOrReceiptChanges(fault:) with 8 test cases passed after 60.744 seconds.
2026-10-06T08:54:04.7493840Z ✔ Test reorderBetweenListsPreservesOriginsCheckedStatePeerTextAndNoopHistory() passed after 60.744 seconds.
2026-10-06T08:54:04.7495910Z ✔ Test directListStyleConversionPreservesPeerStyleAfterCreatorUndo() passed after 60.744 seconds.
2026-10-06T08:54:04.7507960Z ✔ Test styleChangesDeduplicateContainingOwnersAndPreserveCheckedRichAndOpaqueFields() passed after 60.744 seconds.
2026-10-06T08:54:04.7512160Z ✔ Test explicitModernEndpointsReturnCheckedTransactionsFocusAndSavedAuthorHistory() passed after 60.607 seconds.
2026-10-06T08:54:04.7516180Z ✔ Test capturedFormattingPreservesDirectionAndLeavesUnobservedPeerAtomsUnformatted() passed after 60.606 seconds.
2026-10-06T08:54:04.7519690Z ✔ Test legacyEntryPointsHandleCollisionsAndMalformedModernRequestsDoNotPromoteOrMutate() passed after 60.604 seconds.
2026-10-06T08:54:04.7521010Z ✔ Test heldPacketsExportRestoreAndReleaseWithoutPrematureReceipts() passed after 60.604 seconds.
2026-10-06T08:54:04.7522110Z ✔ Test localPolicyAndCompositionReturnUnchangedUnavailableAndPreservePeerRichContent() passed after 60.604 seconds.
2026-10-06T08:54:04.7523080Z ✔ Test capturedBackwardReplacementPreservesPeerInsertionThroughTheBridge() passed after 60.604 seconds.
2026-10-06T08:54:04.7524510Z ✔ Test creationUndoFlattensPeerChildrenAfterRestoredSelectionAndRetainsHistoricalAnchors() passed after 59.809 seconds.
2026-10-06T08:54:04.7525900Z ✔ Test conflictingFlattenedLabelsRetainUnionUntilAuthorRepairInsteadOfLosingPeerChild() passed after 59.808 seconds.
2026-10-06T08:54:04.7526940Z ✔ Test removalDoesNotOverrideIndependentPeerMoveAndConcurrentRemovalsNeverDuplicate() passed after 59.808 seconds.
2026-10-06T08:54:04.7530460Z ✔ Test malformedInactiveColumnOperationAndCausallyRemovedTargetsReject() passed after 59.808 seconds.
2026-10-06T08:54:04.7533350Z ✔ Test emptyCreationHasNoPlaceholderAndAllowsOutsideLayoutNestedBoundaries() passed after 59.808 seconds.
2026-10-06T08:54:04.7536310Z ✔ Test emptyRemovalReturnsUsableInsertionBoundaryAtFormerLayoutPosition() passed after 59.808 seconds.
2026-10-06T08:54:04.7540560Z ✔ Test modernColumnRoutesRejectAtEveryLegacyProtocolWithoutReceiptOrSaveChanges() passed after 59.808 seconds.
2026-10-06T08:54:04.7543390Z ✔ Test invalidNestedAndNoncontiguousCreationAndSplitDoNotChangeSavedHistory() passed after 59.808 seconds.
2026-10-06T08:54:04.7547840Z ✔ Test oneLossyMemberRejectsCompleteRangeWithoutWriting() passed after 59.808 seconds.
2026-10-06T08:54:04.7571770Z ✔ Test removalUndoKeepsInsertionsAnchoredAfterPreviouslyFlattenedChildOutsideLayout() passed after 59.808 seconds.
2026-10-06T08:54:04.7586300Z ✔ Test removalMatchesFlattenedFixtureRestoresSplitAndCaretAndRoutesLatePeerPackets() passed after 59.808 seconds.
2026-10-06T08:54:04.7587290Z ✔ Test rangeConversionHasUniqueBirthsAndOneUndoPreservingPeerText() passed after 59.808 seconds.
2026-10-06T08:54:04.7588320Z ✔ Test creationMatchesIndependentFixtureAndKeepsCaretOriginsOneUndoAndReopen() passed after 59.808 seconds.
2026-10-06T08:54:04.7589290Z ✔ Test synchronizedResizeLWWAuthorUndoReopenAndNoopMatchIndependentSnapshots() passed after 59.808 seconds.
2026-10-06T08:54:04.7590330Z ✔ Test resizePacketBeforeLayoutBirthRetainsRecoveryThenConvergesWithoutPromotingReceipt() passed after 59.808 seconds.
2026-10-06T08:54:04.7591760Z ✔ Test forgedSharedMetadataAndWrongSourceProofRejectEvenWhenInactive() passed after 58.544 seconds.
2026-10-06T08:54:04.7592780Z ✔ Test nearFullArchiveReservesFailureAndCancellationWithoutLosingAcceptedLocalState() passed after 58.544 seconds.
2026-10-06T08:54:04.7594010Z ✔ Test acceptedReplacementDocumentAndEpochRejectLateResultWithOriginReceiptStillPending() passed after 58.482 seconds.
2026-10-06T08:54:04.7594990Z ✔ Test unchangedResultAndRepeatedDeliveryHaveNoHistoryAndNoAutomaticRedo() passed after 58.482 seconds.
2026-10-06T08:54:04.7595770Z ✔ Test forgedAppliedLocalReceiptCannotAcknowledgePendingOriginAfterReopen() passed after 58.482 seconds.
2026-10-06T08:54:04.7596690Z ✔ Test concurrentDeletionPreventsValidPeerCompletionFromRecreatingContent() passed after 58.479 seconds.
2026-10-06T08:54:04.7597570Z ✔ Test failureAndInterruptedReopenPreserveLocalPendingErrorResultWithoutSharedMutation() passed after 58.479 seconds.
2026-10-06T08:54:04.7598880Z ✔ Test cancellationSupersededGenerationAndReusedRequestIDCannotApplyLateResult() passed after 58.479 seconds.
2026-10-06T08:54:04.7599800Z ✔ Test invalidMetadataNeverChangesAcceptedHistoryOrRequestRecord(_:) with 8 test cases passed after 58.479 seconds.
2026-10-06T08:54:04.7600670Z ✔ Test completionPublicationPreservesAnotherRequestFailureFromTheHostCallback() passed after 58.369 seconds.
2026-10-06T08:54:04.7603690Z ✔ Test policyAndCompositionRetainInertResultForExplicitResubmissionAndDoNotChangeHistory() passed after 58.369 seconds.
2026-10-06T08:54:04.7605620Z ✔ Test deletedOrReusedLabelNeverReceivesCompletionAndExplicitRetryAfterDeletionUndoIsPossible() passed after 58.177 seconds.
2026-10-06T08:54:04.7606500Z ✔ Test modernFileValidationDoesNotReinterpretLegacyOpaqueFiles() passed after 58.162 seconds.
2026-10-06T08:54:04.7607400Z ✔ Test previewOnlyUpdatesDescriptiveMetadataAndExplicitNullRemovesOptionalValues() passed after 58.162 seconds.
2026-10-06T08:54:04.7608290Z ✔ Test fileInsertionAndCompletionAreSeparateStepsAndKeepConsumerPendingMetadata() passed after 58.162 seconds.
2026-10-06T08:54:04.7609180Z ✔ Test completionPreservesPeerCaptionOpaqueMetadataAndOriginalOriginThroughMoveUndoReopen() passed after 58.162 seconds.
2026-10-06T08:54:04.7610200Z ✔ Test localArchiveAndGenerationValidationAreAtomicAndCapacityNeedsExplicitForget() passed after 58.162 seconds.
2026-10-06T08:54:04.7611170Z ✔ Test independentConcurrentMetadataRegistersComposeAndAuthorUndoRevealsPeerWinner() passed after 57.788 seconds.
2026-10-06T08:54:04.7612050Z ✔ Test sourceChangeRetainsOldResultAndFreshTargetCompletesWithoutOverwritingNewPreviewURL() passed after 57.788 seconds.
2026-10-06T08:54:04.7613010Z ✔ Test chunkedArchiveExactReadbackFreshSessionAndDuplicateActivationStaySeparateFromLegacy() passed after 52.072 seconds.
2026-10-06T08:54:04.7614230Z ✔ Test boundedReservationsReleaseWithoutTighteningAcceptedDocumentLimits() passed after 52.072 seconds.
2026-10-06T08:54:04.7615080Z ✔ Test uploadGapsConflictingRetriesUnknownKeysAndReadbackGapsNeverAdvanceProgress() passed after 52.071 seconds.
2026-10-06T08:54:04.7615910Z ✔ Test incompatibleArchivesStayExportableAndCannotReplaceAnyExistingSessionHandle() passed after 52.071 seconds.
2026-10-06T08:54:04.7616940Z ✔ Test localSelectionAndPlannedHistoryCapacityRejectBeforeDocumentPublicationAndPreserveRedoAndWholePayload() passed after 252.867 seconds.
2026-10-06T08:54:04.7617930Z ✔ Test archiveReadbackAndEveryAcknowledgmentAreRequiredBeforeCreatingANewSession() passed after 51.796 seconds.
2026-10-06T08:54:04.7620200Z ✔ Test rejectedUnionRequiresExplicitRepairAndEveryRejectedChangeRemainsInTheArchive() passed after 51.796 seconds.
2026-10-06T08:54:04.7622490Z ✔ Test allIndependentModernSnapshotsKeepExactJSONThroughSharedProjection() passed after 66.620 seconds.
2026-10-06T08:54:04.7624840Z ✔ Test incompatibleIndependentFixturesRemainExactAndNeverActivate(_:) with 2 test cases passed after 51.796 seconds.
2026-10-06T08:54:04.7627180Z ✔ Test malformedDuplicateNumericUnknownArchiveOrWrongSourceFormatNeverDropsOriginalData() passed after 51.796 seconds.
2026-10-06T08:54:04.7629620Z ✔ Test blockArrayAndExtendedEnvelopeKeepExistingTitleAppearanceAndOpaqueMetadata() passed after 51.793 seconds.
2026-10-06T08:54:04.7632060Z ✔ Test reservedBlockRegistersAndNestedLayoutsRejectWithoutRetypingConsumerJSON() passed after 51.793 seconds.
2026-10-06T08:54:04.7634480Z ✔ Test allLegacySessionVersionsRequireAllOfflineChangesAndKeepOldUndoOnlyInTheArchive(_:) with 6 test cases passed after 51.705 seconds.
2026-10-06T08:54:04.7637200Z ✔ Test movedInsertedAndRepeatedScopedOriginsMapExplicitlyAndOldAnchorsNeverEnterTheNewEpoch() passed after 51.705 seconds.
2026-10-06T08:54:04.7639600Z ✔ Test thousandsOfEmptyContainersKeepEveryOriginWithoutRepeatingCollectionReplay() passed after 51.705 seconds.
2026-10-06T08:54:04.7641540Z ✔ Test foreignForgedAndExtraTargetFieldsRejectCopyUnchanged() passed after 51.540 seconds.
2026-10-06T08:54:04.7643640Z ✔ Test checkedCopyReturnsVersionedPayloadAndFallbackWithoutDocumentHistoryOrFocusMutation() passed after 51.540 seconds.
2026-10-06T08:54:04.7647550Z ✔ Test authoredRichBlockMarksUseTextPolicyWithoutReinterpretingOpaqueMetadata() passed after 51.198 seconds.
2026-10-06T08:54:04.7650420Z ✔ Test capturedRootBoundarySurvivesAnchorMoveAndDeletionWithoutRetargeting() passed after 51.198 seconds.
2026-10-06T08:54:04.7652600Z ✔ Test mixedDeletePreservesLaterPeerAtomsAndIndependentTextWithOneUndo() passed after 51.175 seconds.
2026-10-06T08:54:04.7654640Z ✔ Test staleSelectionScopeForgedBoundaryWrongOrderAndForeignCaretRejectAtomically() passed after 51.175 seconds.
2026-10-06T08:54:04.7658200Z ✔ Test insertChoosesFirstEditableNestedFieldOrWholeNodeAndUndoesOnce() passed after 51.175 seconds.
2026-10-06T08:54:04.7660070Z ✔ Test ancestorOverlapMetadataAndDeletedColumnDestinationReject() passed after 51.175 seconds.
2026-10-06T08:54:04.7662050Z ✔ Test deleteReturnsFollowingThenPrecedingTextOrEmptyInsertionWithoutPlaceholder() passed after 51.171 seconds.
2026-10-06T08:54:04.7664040Z ✔ Test multiMovePreservesCapturedOrderCaretAndPeerTextAsOneUndo() passed after 51.171 seconds.
2026-10-06T08:54:04.7666170Z ✔ Test readOnlyBodyFallbackUsesTitleAndCoveredRangesDoNotDuplicateDeletion() passed after 51.171 seconds.
2026-10-06T08:54:04.7668430Z ✔ Test mixedHistoryReturnsExactOriginsAndLocalTypedNodesCannotAuthorizeUnsupportedBlockMutation() passed after 50.269 seconds.
2026-10-06T08:54:04.7671010Z ✔ Test checkedInvocationOverrideUsesOriginalInputAndExplicitNoneDoesNotFabricateFocus() passed after 50.270 seconds.
2026-10-06T08:54:04.7673520Z ✔ Test malformedImportOrSelectionAndOtherActorCannotReplaceAcceptedHistoryOrExistingRegistry() passed after 50.270 seconds.
2026-10-06T08:54:04.7675910Z ✔ Test localSelectionAndPairedArchiveReturnCanonicalBackwardUndoAndCaretRedoIncludingReopen() passed after 50.270 seconds.
2026-10-06T08:54:04.7680110Z ◇ Test case passing 2 arguments version → 4, excess → 1 to actual32MBUnionRetainsRejectedHistoryAndPeerMetadata(version:excess:) started.
2026-10-06T08:54:04.7681800Z ✔ Suite ModernTableCommandTests passed after 366.836 seconds.
2026-10-06T08:54:04.7682890Z ✔ Suite ModernCutTests passed after 366.835 seconds.
2026-10-06T08:54:04.7683920Z ✔ Suite ModernClipboardTests passed after 366.835 seconds.
2026-10-06T08:54:04.7684910Z ✔ Suite ModernDuplicationTests passed after 366.835 seconds.
2026-10-06T08:54:04.7686570Z ✔ Test validLargeOriginalsCrossTheABIInChunksWithoutClippingOpaqueDocumentData() passed after 58.678 seconds.
2026-10-06T08:54:04.7687300Z ✔ Suite ModernAsyncBridgeTests passed after 366.835 seconds.
2026-10-06T08:54:04.7687860Z ✔ Suite ModernInlineCommandsTests passed after 366.835 seconds.
2026-10-06T08:54:04.7688360Z ✔ Suite ModernStructureTests passed after 366.835 seconds.
2026-10-06T08:54:04.7688770Z ✔ Suite ModernSessionTests passed after 366.835 seconds.
2026-10-06T08:54:04.7689250Z ✔ Suite ModernListRoleTests passed after 366.835 seconds.
2026-10-06T08:54:04.7689730Z ✔ Suite ModernBlockCommandsTests passed after 366.835 seconds.
2026-10-06T08:54:04.7690160Z ✔ Suite ModernPasteBridgeTests passed after 366.835 seconds.
2026-10-06T08:54:04.7690720Z ✔ Suite ModernStructuralBridgeTests passed after 366.835 seconds.
2026-10-06T08:54:04.7691260Z ✔ Suite ModernSchemaConversionTests passed after 366.835 seconds.
2026-10-06T08:54:04.7691730Z ✔ Suite ModernHistorySelectionTests passed after 366.835 seconds.
2026-10-06T08:54:04.7692200Z ✔ Suite ModernPasteTests passed after 366.835 seconds.
2026-10-06T08:54:04.7692650Z ✔ Suite ModernCutBridgeTests passed after 366.835 seconds.
2026-10-06T08:54:04.7693090Z ✔ Suite ModernSplitMergeTests passed after 366.835 seconds.
2026-10-06T08:54:04.7693540Z ✔ Suite ModernDocumentTests passed after 366.835 seconds.
2026-10-06T08:54:04.7693970Z ✔ Suite ModernBatchInteractionTests passed after 366.835 seconds.
2026-10-06T08:54:04.7694490Z ✔ Suite ModernProjectionTests passed after 366.835 seconds.
2026-10-06T08:54:04.7695010Z ✔ Suite ModernListStructureTests passed after 366.835 seconds.
2026-10-06T08:54:04.7695510Z ✔ Suite ModernBridgeTests passed after 366.835 seconds.
2026-10-06T08:54:04.7696610Z ✔ Suite ModernColumnTests passed after 366.835 seconds.
2026-10-06T08:54:04.7697300Z ✔ Suite ModernRangeConversionTests passed after 366.835 seconds.
2026-10-06T08:54:04.7697780Z ✔ Suite ModernAsyncCommandsTests passed after 366.835 seconds.
2026-10-06T08:54:04.7698280Z ✔ Suite ModernClipboardBridgeTests passed after 366.835 seconds.
2026-10-06T08:54:04.7698720Z ✔ Suite ModernCommandTargetsTests passed after 366.835 seconds.
2026-10-06T08:54:04.7699290Z ✔ Suite ModernHistorySelectionBridgeTests passed after 366.835 seconds.
2026-10-06T08:54:04.7699820Z ✔ Suite ModernMigrationBridgeTests passed after 366.835 seconds.
2026-10-06T08:54:04.7700620Z ✔ Test independentLegacyFixturesMigrateWithoutChangingAnyFieldOrAllocatingHistory(_:) with 2 test cases passed after 77.439 seconds.
2026-10-06T08:54:04.7749660Z ✔ Suite ModernMigrationTests passed after 385.870 seconds.
2026-10-06T08:54:04.7751640Z ◇ Test case passing 2 arguments version → 5, excess → 0 to actual32MBUnionRetainsRejectedHistoryAndPeerMetadata(version:excess:) started.
2026-10-06T08:54:04.7754340Z ◇ Test case passing 2 arguments version → 5, excess → 1 to actual32MBUnionRetainsRejectedHistoryAndPeerMetadata(version:excess:) started.
2026-10-06T08:54:04.7755920Z ✔ Test actual32MBUnionRetainsRejectedHistoryAndPeerMetadata(version:excess:) with 4 test cases passed after 406.682 seconds.
2026-10-06T08:54:04.7756860Z ◇ Test actual64MBRetainedBudgetPreservesCallerOwnedRejectedPacket(version:) started.
2026-10-06T08:54:04.7757920Z ◇ Test case passing 1 argument version → 4 to actual64MBRetainedBudgetPreservesCallerOwnedRejectedPacket(version:) started.
2026-10-06T08:54:04.7758770Z ◇ Test case passing 1 argument version → 5 to actual64MBRetainedBudgetPreservesCallerOwnedRejectedPacket(version:) started.
2026-10-06T08:54:04.7760370Z ✔ Test actual64MBRetainedBudgetPreservesCallerOwnedRejectedPacket(version:) with 2 test cases passed after 12.381 seconds.
2026-10-06T08:54:04.7761270Z ◇ Test actual10000RootUnionCountsRootsAndRetainsPeerDescendants(version:roots:) started.
2026-10-06T08:54:04.7762150Z ◇ Test case passing 2 arguments version → 4, roots → 9998 to actual10000RootUnionCountsRootsAndRetainsPeerDescendants(version:roots:) started.
2026-10-06T08:54:04.7763090Z ◇ Test case passing 2 arguments version → 4, roots → 9999 to actual10000RootUnionCountsRootsAndRetainsPeerDescendants(version:roots:) started.
2026-10-06T08:54:04.7764060Z ◇ Test case passing 2 arguments version → 5, roots → 9998 to actual10000RootUnionCountsRootsAndRetainsPeerDescendants(version:roots:) started.
2026-10-06T08:54:04.7765030Z ◇ Test case passing 2 arguments version → 5, roots → 9999 to actual10000RootUnionCountsRootsAndRetainsPeerDescendants(version:roots:) started.
2026-10-06T08:54:04.7765940Z ✔ Test actual10000RootUnionCountsRootsAndRetainsPeerDescendants(version:roots:) with 4 test cases passed after 620.193 seconds.
2026-10-06T08:54:04.7766670Z ✔ Suite WritingByteRootBoundaryTests passed after 1073.489 seconds.
2026-10-06T08:54:04.7767180Z ✔ Test run with 573 tests in 31 suites passed after 1073.492 seconds.
2026-10-06T08:54:04.7767580Z ◇ Test run started.
2026-10-06T08:54:04.7767990Z ↳ Testing Library Version: 1902
2026-10-06T08:54:04.7768390Z ↳ Target Platform: arm64e-apple-macos14.0
2026-10-06T08:54:04.7768780Z ◇ Suite ModernNativeInputTests started.
2026-10-06T08:54:04.7769160Z ◇ Suite ModernProviderActivationTests started.
2026-10-06T08:54:04.7769500Z ◇ Suite ModernHostStoreTests started.
2026-10-06T08:54:04.7769810Z ◇ Suite ModernNativeClipboardTests started.
2026-10-06T08:54:04.7770300Z ◇ Test nativeInsertionsRespectPolicyAndPreserveExistingContent() started.
2026-10-06T08:54:04.7770980Z ◇ Test writingNativeStructuralMarkdownUsesSharedNodesAndHostFallbackWithoutAssets(version:) started.
2026-10-06T08:54:04.7771780Z ◇ Test writingDetachedNativeSourceCannotUseRetainedKeyCallbackBeforeDisposal() started.
2026-10-06T08:54:04.7772430Z ◇ Test appKitSelectionAndUnicodeInsertionFollowRemoteText() started.
2026-10-06T08:54:04.7773030Z ◇ Test writingCompositionMenuUsesCapturedOriginAfterQueuedReparentAndLabelReuse() started.
2026-10-06T08:54:04.7774010Z ◇ Test writingNativeFormattingTogglesAndPreservesUpstreamSelectionAffinity() started.
2026-10-06T08:54:04.7774700Z ◇ Test nativeCompositionFollowsMovedNodeWhenItsOldPathIsReused() started.
2026-10-06T08:54:04.7775400Z ◇ Test writingNativeMarkdownFinalizesMarkedInputBeforePasteAndPreservesPeerRichUndo(version:) started.
2026-10-06T08:54:04.7776250Z ◇ Test writingAppKitCompositionCommitsBeforeEnterAndKeepsPeerUndo() started.
2026-10-06T08:54:04.7776870Z ◇ Test writingTextOnlyReplayExpiresFocusCaptureBeforeIntentionalBlurAndLaterMove() started.
2026-10-06T08:54:04.7777710Z ◇ Test writingFocusedFormattingRetainsNativeRangeAndUpstreamAffinityAfterScheduledFocusWork() started.
2026-10-06T08:54:04.7778470Z ◇ Test appKitUnmarkAndDisposalReleaseRemoteChanges() started.
2026-10-06T08:54:04.7779140Z ◇ Test writingPendingTargetMarkedInputCommitsBeforeAnotherEnterAndRetainsPeerUndo(list:emptyTail:) started.
2026-10-06T08:54:04.7779980Z ◇ Test compositionCommitsBeforeRemoteChangesAndPreservesAuthorUndo() started.
2026-10-06T08:54:04.7780580Z ◇ Test writingNativeMarkdownIsExplicitAndKeepsOrdinaryPasteLiteral(version:) started.
2026-10-06T08:54:04.7781270Z ◇ Test writingListAddNestedItemExplicitlyCreatesAbsentCollectionAndUndoesExactly(version:) started.
2026-10-06T08:54:04.7782080Z ◇ Test writingNativePlainPasteUsesExistingSharedInlineCommand(version:replacingSelection:) started.
2026-10-06T08:54:04.7782780Z ◇ Test writingCleanDisabledInputAllowsAnotherNativeCommandButMarkedDraftBlocksIt() started.
2026-10-06T08:54:04.7783500Z ◇ Test failedCompositionCommitStopsLocalCommandWithoutDroppingRemoteHold() started.
2026-10-06T08:54:04.7784260Z ◇ Test fullEditorViewPreservesFocusedOriginAfterRemoteReparentAndLabelReuse(scenario:) started.
2026-10-06T08:54:04.7785140Z ◇ Test platformEntryCommitsBeforeApplyingQueuedRemoteText() started.
2026-10-06T08:54:04.7785770Z ◇ Test writingOrdinaryTypingBeforePendingTailLayoutUsesTheSharedDestination() started.
2026-10-06T08:54:04.7786570Z ◇ Test checklistCommandFollowsOriginAfterCompositionReleasesMoveAndLabelReuse() started.
2026-10-06T08:54:04.7787280Z ◇ Test appKitCompositionCommitsUnicodeBeforeRemoteReplay() started.
2026-10-06T08:54:04.7787860Z ◇ Test appleCompositionPreservesMarksAndAtomicReferences() started.
2026-10-06T08:54:04.7788430Z ◇ Test writingRenderedCallbacksCannotReauthorizeAfterMoveAndReturn(version:) started.
2026-10-06T08:54:04.7789170Z ◇ Test writingEmptyTailUndoAndRedoRetainsNativeHeadPositionProvenance() started.
2026-10-06T08:54:04.7789960Z ◇ Test writingPlatformSubmitEchoPreservesDeferredPeerAndAuthorUndo(version:) started.
2026-10-06T08:54:04.7790650Z ◇ Test writingFocusTransfersOpaqueOriginAndUpstreamSelectionAfterReplay(rapidReceive:) started.
2026-10-06T08:54:04.7791350Z ◇ Test writingSplitTailUndoKeepsEmptyOrAtomicReferenceBoundary(empty:) started.
2026-10-06T08:54:04.7792040Z ◇ Test writingPendingCaretDoesNotRouteAnotherFocusedInputOrRevokedSourceCallback() started.
2026-10-06T08:54:04.7794100Z ◇ Test writingImpossibleMovementDoesNotFinalizeMarkedDraftOrDrainPeer(version:) started.
2026-10-06T08:54:04.7794730Z ◇ Test committedPlatformInputPreservesMarksAndReferences() started.
2026-10-06T08:54:04.7795390Z ◇ Test writingAppKitSoftBreakAndBoundaryBackspaceUseSharedTransactions() started.
2026-10-06T08:54:04.7795980Z ◇ Test fullEditorViewRebindsAReusedLabelToItsNewOrigin() started.
2026-10-06T08:54:04.7796780Z ◇ Test writingFailedLocalCommandExpiresCaptureBeforeIntentionalBlurAndRemoteReparent() started.
2026-10-06T08:54:04.7797500Z ◇ Test writingRetainedChecklistSetterKeepsOriginAfterMoveAndRejectsDeletedReuse() started.
2026-10-06T08:54:04.7798300Z ◇ Test writingNativePasteUsesPendingTailAfterMarkedCommitBeforeLayout(version:emptyTail:) started.
2026-10-06T08:54:04.7799010Z ◇ Test nativeFormattingMapsQueuedRemoteInsertionBeforeCommand() started.
2026-10-06T08:54:04.7800430Z ◇ Test writingNativeCopyRoundTripRetainsRichReferenceWithoutAuthorMutation(version:) started.
2026-10-06T08:54:04.7803570Z ◇ Test writingListInsertionRetainsFailedCompositionAndUsesCurrentDrainedStyle(version:) started.
2026-10-06T08:54:04.7805510Z ◇ Test writingRenderedListConvertRejectsTargetReparentingDuringDrain(version:) started.
2026-10-06T08:54:04.7807060Z ◇ Test nativeActionFollowsMovedIdentityWhenOldLabelIsReused() started.
2026-10-06T08:54:04.7808760Z ◇ Test writingListInsertionRejectsReparentingAfterCompositionWithoutMutatingCollections(version:) started.
2026-10-06T08:54:04.7810440Z ◇ Test nativeRootOrderingAndUndoUseSharedCommands() started.
2026-10-06T08:54:04.7812190Z ◇ Test writingListInsertionPreflightKeepsMarkedDraftAndHeldPeersOnDisabledOrRetiredActions(version:) started.
2026-10-06T08:54:04.7813810Z ◇ Test nativeFormattingCombinesCodeBoldAndItalic() started.
2026-10-06T08:54:04.7815340Z ◇ Test writingRenderedDisposedAndReadOnlyControlsPreserveFullHistory(version:) started.
2026-10-06T08:54:04.7817130Z ◇ Test nativeFormattingShortcutTogglesMarksAndIgnoresCompositionAndDisposal() started.
2026-10-06T08:54:04.7818900Z ◇ Test writingFailedCompositionClosePreservesRecoverableDraftAndQueuedRemoteInput() started.
2026-10-06T08:54:04.7820800Z ◇ Test writingAppKitMinimalDraftPreservesMarksReferenceAndRejectsPartialReference() started.
2026-10-06T08:54:04.7822720Z ◇ Test writingNativeMarkdownFailureAndRetiredCallbacksPreserveAcceptedHistory(version:) started.
2026-10-06T08:54:04.7824650Z ◇ Test writingListAddItemFinalizesAndDrainsBeforeFreshCaretAndUndo(version:) started.
2026-10-06T08:54:04.7826490Z ◇ Test focusHandoffDoesNotOverrideAnotherNativeResponder() started.
2026-10-06T08:54:04.7827430Z ◇ Test writingPendingCaretExpiresAfterSynchronousFocusAwayAndBackBeforeLayout() started.
2026-10-06T08:54:04.7828090Z ◇ Test legacyNestedActionsCannotDeleteTheirContainingRoot() started.
2026-10-06T08:54:04.7829340Z ◇ Test writingPlatformCommittedDictationAndDuplicateFinish() started.
2026-10-06T08:54:04.7830040Z ◇ Test writingRenderedMovementRechecksBoundsAfterHeldPeerDrain(version:) started.
2026-10-06T08:54:04.7831360Z ◇ Test writingNativeTypingAppliesSharedMarkdownAndRespectsDisabledTypes() started.
2026-10-06T08:54:04.7832050Z ◇ Test writingRemoteSplitOfUnfocusedFieldDoesNotStealAnotherFieldsFocus() started.
2026-10-06T08:54:04.7832570Z ◇ Test platformEntryDisposalCommitsDraftAndReleasesRemoteHold() started.
2026-10-06T08:54:04.7833220Z ◇ Test writingNativeStructuredPasteFinalizesMarkedDraftAndKeepsPeerAuthorHistory(version:) started.
2026-10-06T08:54:04.7833840Z ◇ Test fullEditorFocusHandoffWaitsForCompositionCommit() started.
2026-10-06T08:54:04.7834320Z ◇ Test writingEditorRejectsImplicitLegacyEpochAndClosedInputMutation() started.
2026-10-06T08:54:04.7835100Z ◇ Test unchangedReplayDoesNotLeaveFocusCaptureForALaterReparent() started.
2026-10-06T08:54:04.7835740Z ◇ Test writingRetainedNativeCallbacksRespectCurrentPermissionAndCloseLease() started.
2026-10-06T08:54:04.7836770Z ◇ Test writingLocalUndoRebasesFocusedTailToOriginalFieldDuringNativeLayout(selectionLength:remoteEdit:) started.
2026-10-06T08:54:04.7837440Z ◇ Test appKitToolbarUndoCommitsCompositionBeforeUndoAndRemoteReplay() started.
2026-10-06T08:54:04.7837980Z ◇ Test writingRenderedListConvertRetainsBothOwnerAndTargetLease(version:) started.
2026-10-06T08:54:04.7838460Z ◇ Test appKitDisabledHostKeepsAcceptedTextSelectable() started.
2026-10-06T08:54:04.7838980Z ◇ Test writingImmediateRepeatedEnterUsesThePendingDestinationIdentityAndCaret() started.
2026-10-06T08:54:04.7839580Z ◇ Test writingNativePasteRespectsRetiredLeaseAndHostRestrictions(version:) started.
2026-10-06T08:54:04.7840130Z ◇ Test appleSelectionMapsRemoteEditsAndDisposalReleasesComposition() started.
2026-10-06T08:54:04.7840690Z ◇ Test writingPendingTargetSelectionFormatsItsRenderedRichFieldBeforeLayout() started.
2026-10-06T08:54:04.7841230Z ◇ Test platformCommandCommitsEntryBeforeUndoAndRemoteReplay() started.
2026-10-06T08:54:04.7841720Z ◇ Test writingNativeClipboardKeepsExplicitProtocolAndEpoch(version:) started.
2026-10-06T08:54:04.7842810Z ◇ Test case passing 1 argument version → 6 to writingNativeStructuralMarkdownUsesSharedNodesAndHostFallbackWithoutAssets(version:) started.
2026-10-06T08:54:04.7843790Z ◇ Test case passing 1 argument version → 5 to writingNativeStructuralMarkdownUsesSharedNodesAndHostFallbackWithoutAssets(version:) started.
2026-10-06T08:54:04.7844730Z ◇ Test case passing 1 argument version → 4 to writingNativeMarkdownFinalizesMarkedInputBeforePasteAndPreservesPeerRichUndo(version:) started.
2026-10-06T08:54:04.7845660Z ◇ Test case passing 1 argument version → 6 to writingNativeMarkdownFinalizesMarkedInputBeforePasteAndPreservesPeerRichUndo(version:) started.
2026-10-06T08:54:04.7846590Z ◇ Test case passing 1 argument version → 5 to writingNativeMarkdownFinalizesMarkedInputBeforePasteAndPreservesPeerRichUndo(version:) started.
2026-10-06T08:54:04.7847470Z ◇ Test case passing 1 argument version → 4 to writingNativeMarkdownIsExplicitAndKeepsOrdinaryPasteLiteral(version:) started.
2026-10-06T08:54:04.7848270Z ◇ Test case passing 1 argument version → 6 to writingNativeMarkdownIsExplicitAndKeepsOrdinaryPasteLiteral(version:) started.
2026-10-06T08:54:04.7849050Z ◇ Test case passing 1 argument version → 5 to writingNativeMarkdownIsExplicitAndKeepsOrdinaryPasteLiteral(version:) started.
2026-10-06T08:54:04.7849910Z ◇ Test case passing 1 argument version → 4 to writingListAddNestedItemExplicitlyCreatesAbsentCollectionAndUndoesExactly(version:) started.
2026-10-06T08:54:04.7850830Z ◇ Test case passing 1 argument version → 5 to writingListAddNestedItemExplicitlyCreatesAbsentCollectionAndUndoesExactly(version:) started.
2026-10-06T08:54:04.7851770Z ◇ Test case passing 1 argument version → 6 to writingListAddNestedItemExplicitlyCreatesAbsentCollectionAndUndoesExactly(version:) started.
2026-10-06T08:54:04.7853180Z ◇ Test case passing 2 arguments list → false, emptyTail → false to writingPendingTargetMarkedInputCommitsBeforeAnotherEnterAndRetainsPeerUndo(list:emptyTail:) started.
2026-10-06T08:54:04.7854290Z ◇ Test case passing 2 arguments version → 4, replacingSelection → false to writingNativePlainPasteUsesExistingSharedInlineCommand(version:replacingSelection:) started.
2026-10-06T08:54:04.7856060Z ◇ Test case passing 2 arguments version → 4, replacingSelection → true to writingNativePlainPasteUsesExistingSharedInlineCommand(version:replacingSelection:) started.
2026-10-06T08:54:04.7857140Z ◇ Test case passing 2 arguments list → false, emptyTail → true to writingPendingTargetMarkedInputCommitsBeforeAnotherEnterAndRetainsPeerUndo(list:emptyTail:) started.
2026-10-06T08:54:04.7858220Z ◇ Test case passing 2 arguments version → 5, replacingSelection → true to writingNativePlainPasteUsesExistingSharedInlineCommand(version:replacingSelection:) started.
2026-10-06T08:54:04.7859280Z ◇ Test case passing 2 arguments version → 6, replacingSelection → false to writingNativePlainPasteUsesExistingSharedInlineCommand(version:replacingSelection:) started.
2026-10-06T08:54:04.7860440Z ◇ Test case passing 2 arguments version → 5, replacingSelection → false to writingNativePlainPasteUsesExistingSharedInlineCommand(version:replacingSelection:) started.
2026-10-06T08:54:04.7861660Z ◇ Test case passing 2 arguments list → true, emptyTail → false to writingPendingTargetMarkedInputCommitsBeforeAnotherEnterAndRetainsPeerUndo(list:emptyTail:) started.
2026-10-06T08:54:04.7862680Z ◇ Test case passing 1 argument scenario → .reparent to fullEditorViewPreservesFocusedOriginAfterRemoteReparentAndLabelReuse(scenario:) started.
2026-10-06T08:54:04.7863670Z ◇ Test case passing 2 arguments version → 6, replacingSelection → true to writingNativePlainPasteUsesExistingSharedInlineCommand(version:replacingSelection:) started.
2026-10-06T08:54:04.7864690Z ◇ Test case passing 1 argument scenario → .selectionRebase to fullEditorViewPreservesFocusedOriginAfterRemoteReparentAndLabelReuse(scenario:) started.
2026-10-06T08:54:04.7865700Z ◇ Test case passing 1 argument scenario → .consecutiveReceives to fullEditorViewPreservesFocusedOriginAfterRemoteReparentAndLabelReuse(scenario:) started.
2026-10-06T08:54:04.7867510Z ◇ Test case passing 1 argument version → 4 to writingRenderedCallbacksCannotReauthorizeAfterMoveAndReturn(version:) started.
2026-10-06T08:54:04.7868520Z ◇ Test case passing 1 argument version → 6 to writingRenderedCallbacksCannotReauthorizeAfterMoveAndReturn(version:) started.
2026-10-06T08:54:04.7869330Z ◇ Test case passing 1 argument version → 4 to writingPlatformSubmitEchoPreservesDeferredPeerAndAuthorUndo(version:) started.
2026-10-06T08:54:04.7870200Z ◇ Test case passing 1 argument version → 5 to writingPlatformSubmitEchoPreservesDeferredPeerAndAuthorUndo(version:) started.
2026-10-06T08:54:04.7873570Z ◇ Test case passing 1 argument version → 6 to writingPlatformSubmitEchoPreservesDeferredPeerAndAuthorUndo(version:) started.
2026-10-06T08:54:04.7875710Z ◇ Test case passing 1 argument empty → false to writingSplitTailUndoKeepsEmptyOrAtomicReferenceBoundary(empty:) started.
2026-10-06T08:54:04.7877500Z ◇ Test case passing 1 argument empty → true to writingSplitTailUndoKeepsEmptyOrAtomicReferenceBoundary(empty:) started.
2026-10-06T08:54:04.7878490Z ◇ Test case passing 1 argument rapidReceive → false to writingFocusTransfersOpaqueOriginAndUpstreamSelectionAfterReplay(rapidReceive:) started.
2026-10-06T08:54:04.7879520Z ◇ Test case passing 2 arguments list → true, emptyTail → true to writingPendingTargetMarkedInputCommitsBeforeAnotherEnterAndRetainsPeerUndo(list:emptyTail:) started.
2026-10-06T08:54:04.7880560Z ◇ Test case passing 1 argument version → 4 to writingImpossibleMovementDoesNotFinalizeMarkedDraftOrDrainPeer(version:) started.
2026-10-06T08:54:04.7881380Z ◇ Test case passing 1 argument version → 5 to writingRenderedCallbacksCannotReauthorizeAfterMoveAndReturn(version:) started.
2026-10-06T08:54:04.7882560Z ◇ Test case passing 1 argument version → 5 to writingImpossibleMovementDoesNotFinalizeMarkedDraftOrDrainPeer(version:) started.
2026-10-06T08:54:04.7883890Z ◇ Test case passing 1 argument version → 6 to writingImpossibleMovementDoesNotFinalizeMarkedDraftOrDrainPeer(version:) started.
2026-10-06T08:54:04.7884970Z ◇ Test rejectedNativeEditRetainsTheExactBufferAndAcceptedCheckpoint() started.
2026-10-06T08:54:04.7885680Z ◇ Test nativeCompositionPairsOriginalBufferAndPreservesPeerAndRichAtomsThroughUndo() started.
2026-10-06T08:54:04.7886310Z ◇ Test dismissedInteractionRestoresOriginalWindowWithoutStealingOtherInput() started.
2026-10-06T08:54:04.7887270Z ◇ Test case passing 1 argument rapidReceive → true to writingFocusTransfersOpaqueOriginAndUpstreamSelectionAfterReplay(rapidReceive:) started.
2026-10-06T08:54:04.7888460Z ◇ Test case passing 2 arguments version → 4, emptyTail → false to writingNativePasteUsesPendingTailAfterMarkedCommitBeforeLayout(version:emptyTail:) started.
2026-10-06T08:54:04.7890020Z ◇ Test failedResultSaveLeavesResponseForExplicitRetry() started.
2026-10-06T08:54:04.7891810Z ◇ Test delayedResultIsDurableButDoesNotApplyAfterDocumentSwitch() started.
2026-10-06T08:54:04.7893190Z ◇ Test migrationActivationRetainsOriginalsAndRollbackSurvivesConflict() started.
2026-10-06T08:54:04.7895170Z ◇ Test case passing 1 argument version → 4 to writingNativeCopyRoundTripRetainsRichReferenceWithoutAuthorMutation(version:) started.
2026-10-06T08:54:04.7899650Z ◇ Test case passing 1 argument version → 5 to writingNativeCopyRoundTripRetainsRichReferenceWithoutAuthorMutation(version:) started.
2026-10-06T08:54:04.7901980Z ◇ Test case passing 1 argument version → 6 to writingNativeCopyRoundTripRetainsRichReferenceWithoutAuthorMutation(version:) started.
2026-10-06T08:54:04.7904470Z ◇ Test case passing 2 arguments version → 4, emptyTail → true to writingNativePasteUsesPendingTailAfterMarkedCommitBeforeLayout(version:emptyTail:) started.
2026-10-06T08:54:04.7907500Z ◇ Test case passing 2 arguments version → 5, emptyTail → true to writingNativePasteUsesPendingTailAfterMarkedCommitBeforeLayout(version:emptyTail:) started.
2026-10-06T08:54:04.7910250Z ◇ Test case passing 2 arguments version → 6, emptyTail → false to writingNativePasteUsesPendingTailAfterMarkedCommitBeforeLayout(version:emptyTail:) started.
2026-10-06T08:54:04.7913800Z ◇ Test case passing 2 arguments version → 6, emptyTail → true to writingNativePasteUsesPendingTailAfterMarkedCommitBeforeLayout(version:emptyTail:) started.
2026-10-06T08:54:04.7916250Z ◇ Test case passing 1 argument version → 4 to writingRenderedListConvertRejectsTargetReparentingDuringDrain(version:) started.
2026-10-06T08:54:04.7918420Z ◇ Test case passing 1 argument version → 5 to writingRenderedListConvertRejectsTargetReparentingDuringDrain(version:) started.
2026-10-06T08:54:04.7920610Z ◇ Test case passing 1 argument version → 6 to writingRenderedListConvertRejectsTargetReparentingDuringDrain(version:) started.
2026-10-06T08:54:04.7923070Z ◇ Test case passing 2 arguments version → 5, emptyTail → false to writingNativePasteUsesPendingTailAfterMarkedCommitBeforeLayout(version:emptyTail:) started.
2026-10-06T08:54:04.7925630Z ◇ Test case passing 1 argument version → 4 to writingListInsertionRetainsFailedCompositionAndUsesCurrentDrainedStyle(version:) started.
2026-10-06T08:54:04.7928040Z ◇ Test case passing 1 argument version → 5 to writingListInsertionRetainsFailedCompositionAndUsesCurrentDrainedStyle(version:) started.
2026-10-06T08:54:04.7930560Z ◇ Test case passing 1 argument version → 4 to writingListInsertionRejectsReparentingAfterCompositionWithoutMutatingCollections(version:) started.
2026-10-06T08:54:04.7932660Z ◇ Test commandFocusUsesOriginalWindowAndIntentionalBlurCancelsDelayedTransfer() started.
2026-10-06T08:54:04.7934640Z ◇ Test case passing 1 argument version → 6 to writingListInsertionRejectsReparentingAfterCompositionWithoutMutatingCollections(version:) started.
2026-10-06T08:54:04.7935810Z ◇ Test case passing 1 argument version → 6 to writingListInsertionRetainsFailedCompositionAndUsesCurrentDrainedStyle(version:) started.
2026-10-06T08:54:04.7937190Z ◇ Test case passing 1 argument version → 4 to writingListInsertionPreflightKeepsMarkedDraftAndHeldPeersOnDisabledOrRetiredActions(version:) started.
2026-10-06T08:54:04.7938420Z ◇ Test case passing 1 argument version → 6 to writingListInsertionPreflightKeepsMarkedDraftAndHeldPeersOnDisabledOrRetiredActions(version:) started.
2026-10-06T08:54:04.7939470Z ◇ Test case passing 1 argument version → 5 to writingListInsertionRejectsReparentingAfterCompositionWithoutMutatingCollections(version:) started.
2026-10-06T08:54:04.7940410Z ◇ Test case passing 1 argument version → 4 to writingRenderedDisposedAndReadOnlyControlsPreserveFullHistory(version:) started.
2026-10-06T08:54:04.7941250Z ◇ Test case passing 1 argument version → 5 to writingRenderedDisposedAndReadOnlyControlsPreserveFullHistory(version:) started.
2026-10-06T08:54:04.7942120Z ◇ Test case passing 1 argument version → 6 to writingRenderedDisposedAndReadOnlyControlsPreserveFullHistory(version:) started.
2026-10-06T08:54:04.7942830Z ◇ Test conflictingRecoveryReopensAcceptedStateAndCanBeExplicitlyRepaired() started.
2026-10-06T08:54:04.7943390Z ◇ Test staleWriterAndInvalidDraftCannotReplaceTheDurablePair() started.
2026-10-06T08:54:04.7944150Z ◇ Test case passing 1 argument version → 4 to writingNativeMarkdownFailureAndRetiredCallbacksPreserveAcceptedHistory(version:) started.
2026-10-06T08:54:11.5557560Z ◇ Test case passing 1 argument version → 5 to writingNativeMarkdownFailureAndRetiredCallbacksPreserveAcceptedHistory(version:) started.
2026-10-06T08:54:11.5559970Z ◇ Test case passing 1 argument version → 6 to writingNativeMarkdownFailureAndRetiredCallbacksPreserveAcceptedHistory(version:) started.
2026-10-06T08:54:11.5561220Z ◇ Test diskReopenPairsHistoryCaretProvidersHeldPeerAndOriginalDraft() started.
2026-10-06T08:54:11.5564610Z ◇ Test case passing 1 argument version → 4 to writingListAddItemFinalizesAndDrainsBeforeFreshCaretAndUndo(version:) started.
2026-10-06T08:54:11.5565770Z ◇ Test case passing 1 argument version → 5 to writingListAddItemFinalizesAndDrainsBeforeFreshCaretAndUndo(version:) started.
2026-10-06T08:54:11.5566700Z ◇ Test case passing 1 argument version → 6 to writingListAddItemFinalizesAndDrainsBeforeFreshCaretAndUndo(version:) started.
2026-10-06T08:54:11.5568090Z ◇ Test case passing 1 argument version → 4 to writingRenderedMovementRechecksBoundsAfterHeldPeerDrain(version:) started.
2026-10-06T08:54:11.5569030Z ◇ Test case passing 1 argument version → 5 to writingRenderedMovementRechecksBoundsAfterHeldPeerDrain(version:) started.
2026-10-06T08:54:11.5570800Z ◇ Test case passing 1 argument version → 6 to writingRenderedMovementRechecksBoundsAfterHeldPeerDrain(version:) started.
2026-10-06T08:54:11.5573700Z ◇ Test case passing 1 argument version → 5 to writingListInsertionPreflightKeepsMarkedDraftAndHeldPeersOnDisabledOrRetiredActions(version:) started.
2026-10-06T08:54:11.5576440Z ◇ Test case passing 1 argument version → 4 to writingNativeStructuredPasteFinalizesMarkedDraftAndKeepsPeerAuthorHistory(version:) started.
2026-10-06T08:54:11.5577520Z ◇ Test case passing 1 argument version → 5 to writingNativeStructuredPasteFinalizesMarkedDraftAndKeepsPeerAuthorHistory(version:) started.
2026-10-06T08:54:11.5578550Z ◇ Test case passing 1 argument version → 6 to writingNativeStructuredPasteFinalizesMarkedDraftAndKeepsPeerAuthorHistory(version:) started.
2026-10-06T08:54:11.5579730Z ◇ Test case passing 2 arguments selectionLength → 0, remoteEdit → false to writingLocalUndoRebasesFocusedTailToOriginalFieldDuringNativeLayout(selectionLength:remoteEdit:) started.
2026-10-06T08:54:11.5581020Z ◇ Test case passing 2 arguments selectionLength → 3, remoteEdit → false to writingLocalUndoRebasesFocusedTailToOriginalFieldDuringNativeLayout(selectionLength:remoteEdit:) started.
2026-10-06T08:54:11.5582430Z ◇ Test case passing 2 arguments selectionLength → 3, remoteEdit → true to writingLocalUndoRebasesFocusedTailToOriginalFieldDuringNativeLayout(selectionLength:remoteEdit:) started.
2026-10-06T08:54:11.5585540Z ◇ Test case passing 1 argument version → 4 to writingRenderedListConvertRetainsBothOwnerAndTargetLease(version:) started.
2026-10-06T08:54:11.5588870Z ◇ Test case passing 1 argument version → 5 to writingRenderedListConvertRetainsBothOwnerAndTargetLease(version:) started.
2026-10-06T08:54:11.5596190Z ◇ Test case passing 1 argument version → 6 to writingRenderedListConvertRetainsBothOwnerAndTargetLease(version:) started.
2026-10-06T08:54:11.5596990Z ◇ Test malformedRichDoesNotFallBackAndExplicitRetryKeepsOriginalDestination() started.
2026-10-06T08:54:11.5597950Z ◇ Test case passing 2 arguments selectionLength → 0, remoteEdit → true to writingLocalUndoRebasesFocusedTailToOriginalFieldDuringNativeLayout(selectionLength:remoteEdit:) started.
2026-10-06T08:54:11.5599330Z ◇ Test actualNativeCopyCutPasteKeepsRichAtomsPeerTextAndSharedUndo() started.
2026-10-06T08:54:11.5600090Z ◇ Test failedPublicationKeepsTypingGroupAndDocumentSwitchCannotConsumeOldTicket() started.
2026-10-06T08:54:11.5601010Z ◇ Test case passing 1 argument version → 4 to writingNativePasteRespectsRetiredLeaseAndHostRestrictions(version:) started.
2026-10-06T08:54:11.5602080Z ◇ Test case passing 1 argument version → 5 to writingNativePasteRespectsRetiredLeaseAndHostRestrictions(version:) started.
2026-10-06T08:54:11.5603370Z ◇ Test case passing 1 argument version → 6 to writingNativePasteRespectsRetiredLeaseAndHostRestrictions(version:) started.
2026-10-06T08:54:11.5604280Z ◇ Test case passing 1 argument version → 5 to writingNativeClipboardKeepsExplicitProtocolAndEpoch(version:) started.
2026-10-06T08:54:11.5607030Z ◇ Test case passing 1 argument version → 4 to writingNativeClipboardKeepsExplicitProtocolAndEpoch(version:) started.
2026-10-06T08:54:11.5608020Z ◇ Test case passing 1 argument version → 6 to writingNativeClipboardKeepsExplicitProtocolAndEpoch(version:) started.
2026-10-06T08:54:11.5609100Z ✔ Test nativeInsertionsRespectPolicyAndPreserveExistingContent() passed after 0.094 seconds.
2026-10-06T08:54:11.5609930Z ✔ Test writingDetachedNativeSourceCannotUseRetainedKeyCallbackBeforeDisposal() passed after 0.553 seconds.
2026-10-06T08:54:11.5610750Z ✔ Test nativeCompositionFollowsMovedNodeWhenItsOldPathIsReused() passed after 0.932 seconds.
2026-10-06T08:54:11.5611770Z ✔ Test writingNativeStructuralMarkdownUsesSharedNodesAndHostFallbackWithoutAssets(version:) with 2 test cases passed after 1.090 seconds.
2026-10-06T08:54:11.5613700Z ✔ Test appKitSelectionAndUnicodeInsertionFollowRemoteText() passed after 1.093 seconds.
2026-10-06T08:54:11.5614500Z ✔ Test writingNativeFormattingTogglesAndPreservesUpstreamSelectionAffinity() passed after 1.164 seconds.
2026-10-06T08:54:11.5615530Z ✔ Test writingAppKitCompositionCommitsBeforeEnterAndKeepsPeerUndo() passed after 1.254 seconds.
2026-10-06T08:54:11.5616530Z ✔ Test writingNativeMarkdownFinalizesMarkedInputBeforePasteAndPreservesPeerRichUndo(version:) with 3 test cases passed after 1.301 seconds.
2026-10-06T08:54:11.5619090Z ✔ Test writingCompositionMenuUsesCapturedOriginAfterQueuedReparentAndLabelReuse() passed after 1.345 seconds.
2026-10-06T08:54:11.5620570Z ✔ Test appKitUnmarkAndDisposalReleaseRemoteChanges() passed after 1.361 seconds.
2026-10-06T08:54:11.5621500Z ✔ Test compositionCommitsBeforeRemoteChangesAndPreservesAuthorUndo() passed after 1.363 seconds.
2026-10-06T08:54:11.5622500Z ✔ Test writingNativeMarkdownIsExplicitAndKeepsOrdinaryPasteLiteral(version:) with 3 test cases passed after 1.381 seconds.
2026-10-06T08:54:11.5623580Z ✔ Test writingListAddNestedItemExplicitlyCreatesAbsentCollectionAndUndoesExactly(version:) with 3 test cases passed after 1.437 seconds.
2026-10-06T08:54:11.5624440Z ✔ Test writingCleanDisabledInputAllowsAnotherNativeCommandButMarkedDraftBlocksIt() passed after 1.593 seconds.
2026-10-06T08:54:11.5625850Z ✔ Test failedCompositionCommitStopsLocalCommandWithoutDroppingRemoteHold() passed after 1.711 seconds.
2026-10-06T08:54:11.5628330Z ✔ Test writingOrdinaryTypingBeforePendingTailLayoutUsesTheSharedDestination() passed after 2.465 seconds.
2026-10-06T08:54:11.5629370Z ✔ Test checklistCommandFollowsOriginAfterCompositionReleasesMoveAndLabelReuse() passed after 2.475 seconds.
2026-10-06T08:54:11.5630100Z ✔ Test platformEntryCommitsBeforeApplyingQueuedRemoteText() passed after 2.477 seconds.
2026-10-06T08:54:11.5630960Z ✔ Test appKitCompositionCommitsUnicodeBeforeRemoteReplay() passed after 2.578 seconds.
2026-10-06T08:54:11.5641550Z ✔ Test appleCompositionPreservesMarksAndAtomicReferences() passed after 2.578 seconds.
2026-10-06T08:54:11.5642260Z ✔ Test writingPlatformSubmitEchoPreservesDeferredPeerAndAuthorUndo(version:) with 3 test cases passed after 2.748 seconds.
2026-10-06T08:54:11.5643150Z ✔ Test writingPendingTargetMarkedInputCommitsBeforeAnotherEnterAndRetainsPeerUndo(list:emptyTail:) with 4 test cases passed after 2.909 seconds.
2026-10-06T08:54:11.5644080Z ✔ Test committedPlatformInputPreservesMarksAndReferences() passed after 2.950 seconds.
2026-10-06T08:54:11.5644770Z ✔ Test writingRenderedCallbacksCannotReauthorizeAfterMoveAndReturn(version:) with 3 test cases passed after 2.982 seconds.
2026-10-06T08:54:11.5645590Z ✔ Test writingImpossibleMovementDoesNotFinalizeMarkedDraftOrDrainPeer(version:) with 3 test cases passed after 3.043 seconds.
2026-10-06T08:54:11.5646430Z ✔ Test writingAppKitSoftBreakAndBoundaryBackspaceUseSharedTransactions() passed after 3.081 seconds.
2026-10-06T08:54:11.5648280Z ✔ Test fullEditorViewRebindsAReusedLabelToItsNewOrigin() passed after 3.181 seconds.
2026-10-06T08:54:11.5650130Z ✔ Test writingRetainedChecklistSetterKeepsOriginAfterMoveAndRejectsDeletedReuse() passed after 3.228 seconds.
2026-10-06T08:54:11.5650870Z ✔ Test nativeFormattingMapsQueuedRemoteInsertionBeforeCommand() passed after 3.230 seconds.
2026-10-06T08:54:11.5651950Z ✔ Test writingNativeCopyRoundTripRetainsRichReferenceWithoutAuthorMutation(version:) with 3 test cases passed after 3.323 seconds.
2026-10-06T08:54:11.5653240Z ✔ Test writingRenderedListConvertRejectsTargetReparentingDuringDrain(version:) with 3 test cases passed after 3.729 seconds.
2026-10-06T08:54:11.5654820Z ✔ Test nativeActionFollowsMovedIdentityWhenOldLabelIsReused() passed after 3.734 seconds.
2026-10-06T08:54:11.5655650Z ✔ Test writingNativePasteUsesPendingTailAfterMarkedCommitBeforeLayout(version:emptyTail:) with 6 test cases passed after 3.797 seconds.
2026-10-06T08:54:11.5656600Z ✔ Test writingListInsertionRetainsFailedCompositionAndUsesCurrentDrainedStyle(version:) with 3 test cases passed after 4.023 seconds.
2026-10-06T08:54:11.5657430Z ✔ Test nativeRootOrderingAndUndoUseSharedCommands() passed after 4.025 seconds.
2026-10-06T08:54:11.5658370Z ✔ Test writingListInsertionRejectsReparentingAfterCompositionWithoutMutatingCollections(version:) with 3 test cases passed after 4.081 seconds.
2026-10-06T08:54:11.5660500Z ✔ Test nativeFormattingCombinesCodeBoldAndItalic() passed after 4.126 seconds.
2026-10-06T08:54:11.5662650Z ✔ Test writingRenderedDisposedAndReadOnlyControlsPreserveFullHistory(version:) with 3 test cases passed after 4.136 seconds.
2026-10-06T08:54:11.5663870Z ✔ Test writingFailedCompositionClosePreservesRecoverableDraftAndQueuedRemoteInput() passed after 4.140 seconds.
2026-10-06T08:54:11.5665840Z ✔ Test writingAppKitMinimalDraftPreservesMarksReferenceAndRejectsPartialReference() passed after 4.147 seconds.
2026-10-06T08:54:11.5666700Z ✔ Test nativeFormattingShortcutTogglesMarksAndIgnoresCompositionAndDisposal() passed after 4.154 seconds.
2026-10-06T08:54:11.5667750Z ✔ Test writingNativeMarkdownFailureAndRetiredCallbacksPreserveAcceptedHistory(version:) with 3 test cases passed after 4.219 seconds.
2026-10-06T08:54:11.5668690Z ✔ Test legacyNestedActionsCannotDeleteTheirContainingRoot() passed after 4.341 seconds.
2026-10-06T08:54:11.5669470Z ✔ Test writingPlatformCommittedDictationAndDuplicateFinish() passed after 4.372 seconds.
2026-10-06T08:54:11.5671820Z ✔ Test writingRenderedMovementRechecksBoundsAfterHeldPeerDrain(version:) with 3 test cases passed after 4.466 seconds.
2026-10-06T08:54:11.5674060Z ✔ Test writingNativeTypingAppliesSharedMarkdownAndRespectsDisabledTypes() passed after 4.479 seconds.
2026-10-06T08:54:11.5675680Z ✔ Test writingListInsertionPreflightKeepsMarkedDraftAndHeldPeersOnDisabledOrRetiredActions(version:) with 3 test cases passed after 4.516 seconds.
2026-10-06T08:54:11.5676670Z ✔ Test platformEntryDisposalCommitsDraftAndReleasesRemoteHold() passed after 4.546 seconds.
2026-10-06T08:54:11.5677350Z ✔ Test writingEditorRejectsImplicitLegacyEpochAndClosedInputMutation() passed after 4.564 seconds.
2026-10-06T08:54:11.5678400Z ✔ Test writingRetainedNativeCallbacksRespectCurrentPermissionAndCloseLease() passed after 4.758 seconds.
2026-10-06T08:54:11.5679240Z ✔ Test writingPendingCaretExpiresAfterSynchronousFocusAwayAndBackBeforeLayout() passed after 4.774 seconds.
2026-10-06T08:54:11.5680100Z ✔ Test appKitToolbarUndoCommitsCompositionBeforeUndoAndRemoteReplay() passed after 4.782 seconds.
2026-10-06T08:54:11.5680890Z ✔ Test appKitDisabledHostKeepsAcceptedTextSelectable() passed after 4.983 seconds.
2026-10-06T08:54:11.5681760Z ✔ Test writingRenderedListConvertRetainsBothOwnerAndTargetLease(version:) with 3 test cases passed after 5.043 seconds.
2026-10-06T08:54:11.5682640Z ✔ Test writingImmediateRepeatedEnterUsesThePendingDestinationIdentityAndCaret() passed after 5.066 seconds.
2026-10-06T08:54:11.5683450Z ✔ Test writingNativePasteRespectsRetiredLeaseAndHostRestrictions(version:) with 3 test cases passed after 5.093 seconds.
2026-10-06T08:54:11.5685910Z ✔ Test appleSelectionMapsRemoteEditsAndDisposalReleasesComposition() passed after 5.094 seconds.
2026-10-06T08:54:11.5688070Z ✔ Test writingPendingTargetSelectionFormatsItsRenderedRichFieldBeforeLayout() passed after 5.107 seconds.
2026-10-06T08:54:11.5688920Z ✔ Test platformCommandCommitsEntryBeforeUndoAndRemoteReplay() passed after 5.110 seconds.
2026-10-06T08:54:11.5689870Z ✔ Test writingNativeClipboardKeepsExplicitProtocolAndEpoch(version:) with 3 test cases passed after 5.111 seconds.
2026-10-06T08:54:11.5692720Z ✔ Test writingTextOnlyReplayExpiresFocusCaptureBeforeIntentionalBlurAndLaterMove() passed after 5.691 seconds.
2026-10-06T08:54:11.5695360Z ✔ Test writingNativePlainPasteUsesExistingSharedInlineCommand(version:replacingSelection:) with 6 test cases passed after 5.804 seconds.
2026-10-06T08:54:11.5697590Z ✔ Test fullEditorViewPreservesFocusedOriginAfterRemoteReparentAndLabelReuse(scenario:) with 3 test cases passed after 5.866 seconds.
2026-10-06T08:54:11.5698460Z ✔ Test writingPendingCaretDoesNotRouteAnotherFocusedInputOrRevokedSourceCallback() passed after 5.884 seconds.
2026-10-06T08:54:11.5699280Z ✔ Test writingFocusTransfersOpaqueOriginAndUpstreamSelectionAfterReplay(rapidReceive:) with 2 test cases passed after 5.887 seconds.
2026-10-06T08:54:11.5700390Z ✔ Test writingFailedLocalCommandExpiresCaptureBeforeIntentionalBlurAndRemoteReparent() passed after 5.887 seconds.
2026-10-06T08:54:11.5701390Z ✔ Test writingListAddItemFinalizesAndDrainsBeforeFreshCaretAndUndo(version:) with 3 test cases passed after 5.951 seconds.
2026-10-06T08:54:11.5704140Z ✔ Test writingRemoteSplitOfUnfocusedFieldDoesNotStealAnotherFieldsFocus() passed after 5.951 seconds.
2026-10-06T08:54:11.5705550Z ✔ Test writingNativeStructuredPasteFinalizesMarkedDraftAndKeepsPeerAuthorHistory(version:) with 3 test cases passed after 6.004 seconds.
2026-10-06T08:54:11.5706880Z ✔ Test fullEditorFocusHandoffWaitsForCompositionCommit() passed after 6.016 seconds.
2026-10-06T08:54:11.5709610Z ✔ Test diskReopenPairsHistoryCaretProvidersHeldPeerAndOriginalDraft() passed after 6.184 seconds.
2026-10-06T08:54:11.5711620Z ✔ Test actualNativeCopyCutPasteKeepsRichAtomsPeerTextAndSharedUndo() passed after 6.313 seconds.
2026-10-06T08:54:11.5713900Z ✔ Test writingFocusedFormattingRetainsNativeRangeAndUpstreamAffinityAfterScheduledFocusWork() passed after 6.412 seconds.
2026-10-06T08:54:11.5715860Z ✔ Test focusHandoffDoesNotOverrideAnotherNativeResponder() passed after 6.424 seconds.
2026-10-06T08:54:11.5717740Z ✔ Test writingSplitTailUndoKeepsEmptyOrAtomicReferenceBoundary(empty:) with 2 test cases passed after 6.426 seconds.
2026-10-06T08:54:11.5719690Z ✔ Test unchangedReplayDoesNotLeaveFocusCaptureForALaterReparent() passed after 6.428 seconds.
2026-10-06T08:54:11.5720370Z ✔ Test rejectedNativeEditRetainsTheExactBufferAndAcceptedCheckpoint() passed after 6.443 seconds.
2026-10-06T08:54:11.5721330Z ✔ Test conflictingRecoveryReopensAcceptedStateAndCanBeExplicitlyRepaired() passed after 6.447 seconds.
2026-10-06T08:54:11.5722080Z ✔ Test dismissedInteractionRestoresOriginalWindowWithoutStealingOtherInput() passed after 6.449 seconds.
2026-10-06T08:54:11.5723020Z ✔ Test nativeCompositionPairsOriginalBufferAndPreservesPeerAndRichAtomsThroughUndo() passed after 6.454 seconds.
2026-10-06T08:54:11.5723870Z ✔ Test malformedRichDoesNotFallBackAndExplicitRetryKeepsOriginalDestination() passed after 6.475 seconds.
2026-10-06T08:54:11.5724660Z ✔ Test failedPublicationKeepsTypingGroupAndDocumentSwitchCannotConsumeOldTicket() passed after 6.496 seconds.
2026-10-06T08:54:11.5725310Z ✔ Suite ModernNativeClipboardTests passed after 6.507 seconds.
2026-10-06T08:54:11.5725920Z ✔ Test writingEmptyTailUndoAndRedoRetainsNativeHeadPositionProvenance() passed after 6.565 seconds.
2026-10-06T08:54:11.5726850Z ✔ Test writingLocalUndoRebasesFocusedTailToOriginalFieldDuringNativeLayout(selectionLength:remoteEdit:) with 4 test cases passed after 6.562 seconds.
2026-10-06T08:54:11.5728840Z ✔ Test commandFocusUsesOriginalWindowAndIntentionalBlurCancelsDelayedTransfer() passed after 6.586 seconds.
2026-10-06T08:54:11.5729480Z ✔ Suite ModernNativeInputTests passed after 6.594 seconds.
2026-10-06T08:54:11.5729950Z ✔ Test staleWriterAndInvalidDraftCannotReplaceTheDurablePair() passed after 6.674 seconds.
2026-10-06T08:54:11.5730490Z ✔ Suite ModernHostStoreTests passed after 6.683 seconds.
2026-10-06T08:54:11.5731000Z ✔ Test failedResultSaveLeavesResponseForExplicitRetry() passed after 6.686 seconds.
2026-10-06T08:54:11.5731580Z ✔ Test delayedResultIsDurableButDoesNotApplyAfterDocumentSwitch() passed after 6.692 seconds.
2026-10-06T08:54:11.5732360Z ✔ Test migrationActivationRetainsOriginalsAndRollbackSurvivesConflict() passed after 6.740 seconds.
2026-10-06T08:54:11.5733020Z ✔ Suite ModernProviderActivationTests passed after 6.749 seconds.
2026-10-06T08:54:11.5733410Z ✔ Test run with 89 tests in 4 suites passed after 6.749 seconds.
2026-10-06T08:54:17.3315170Z Building for debugging...
2026-10-06T08:54:17.3316230Z [Planning deferred tasks]
2026-10-06T08:54:17.4767590Z Build complete! (0.92 sec)
2026-10-06T08:54:18.5777250Z Building for debugging...
2026-10-06T08:54:18.5778340Z [Pre-planning 1 / 94]
2026-10-06T08:54:18.6809100Z [Planning deferred tasks]
2026-10-06T08:54:18.7320240Z Build complete! (0.42 sec)
2026-10-06T08:54:56.8951530Z Verified 963 native C ABI responses against 30 independent fixtures.
2026-10-06T08:55:38.5053710Z {"requests":504,"checks":["captured Unicode peer range, immutable publication, idempotent receive, reopen and selection history","document origin title/appearance, composition and author policy, listener failure isolation","nested idempotent remote holds, deferred archive restore and release","typed identity recovery, unchanged acceptance/receipt, archived recovery, author repair, failed release once","typed readonly copy, explicit publication cut, foreign/cancelled/duplicate outcomes and retained paste","typed local provider archive, inert save reopen, explicit archive restore, invocation generation invalidation and cleanup","typed format, semantic color/state, link, conversion, split/merge, soft break, duplicate/move/delete and columns","all five list actions, list policy and captured local item nodes","independent complete document round trips","chunked cutover, mandatory readback, fresh history, origin map and incompatible archival export","closed session lifecycle"],"fixtures":55,"appliedCommands":["codeProperties","completeAsyncBlock","convertBlock","createColumns","delete","duplicate","format","insertBlock","listStructure","mediaProperties","mergeBlocks","move","paste","redo","removeColumns","replaceText","replaceTitle","resizeColumns","setAppearance","setLink","setSemanticColor","softBreak","splitBlock","tableStructure","typingShortcut","undo"]}
2026-10-06T08:55:38.6059950Z bridge: 5 runtime responses verified
2026-10-06T08:55:47.7404370Z structure: 1972 runtime responses verified
2026-10-06T08:55:55.8517360Z recovery: 665 runtime responses verified
2026-10-06T08:55:56.2919590Z documents: 59 runtime responses verified
2026-10-06T08:55:57.0153850Z writing: 346 runtime responses verified
2026-10-06T08:55:57.1961910Z blockCommands: 17 runtime responses verified
2026-10-06T08:55:57.4828240Z schemaCommands: 9 runtime responses verified
2026-10-06T08:55:57.8305900Z roleCommands: 46 runtime responses verified
2026-10-06T08:55:58.1490390Z collectionCommands: 54 runtime responses verified
2026-10-06T08:55:58.5935830Z exitCommands: 117 runtime responses verified
2026-10-06T08:55:59.1086120Z pinCommands: 88 runtime responses verified
2026-10-06T08:55:59.4413240Z boundaryCommands: 76 runtime responses verified
2026-10-06T08:56:00.1830280Z undoRecoveryCommands: 196 runtime responses verified
2026-10-06T08:56:00.7348930Z clipboardCommands: 90 runtime responses verified
2026-10-06T08:56:01.6963040Z spliceCommands: 188 runtime responses verified
2026-10-06T08:57:09.6681120Z thresholdCommands: 364 runtime responses verified
2026-10-06T08:57:34.9771380Z depthCommands: 316 runtime responses verified
2026-10-06T08:57:36.0072520Z importCommands: 94 runtime responses verified
2026-10-06T08:57:38.1964940Z paste6Commands: 520 runtime responses verified
2026-10-06T08:57:44.4235420Z verified actual native resource v4 document-exact
2026-10-06T08:57:55.0406590Z verified actual native resource v4 document-over
2026-10-06T08:58:07.9881490Z verified actual native resource v4 retained-exact-over
2026-10-06T08:59:54.1084860Z verified actual native resource v4 roots-exact
2026-10-06T09:03:17.4589550Z verified actual native resource v4 roots-over
2026-10-06T09:03:23.9434710Z verified actual native resource v5 document-exact
2026-10-06T09:03:35.8357250Z verified actual native resource v5 document-over
2026-10-06T09:03:47.2256420Z verified actual native resource v5 retained-exact-over
2026-10-06T09:05:36.7146980Z verified actual native resource v5 roots-exact
2026-10-06T09:08:40.0399060Z verified actual native resource v5 roots-over
2026-10-06T09:08:45.1220340Z verified actual native resource v6 document-exact
2026-10-06T09:08:55.2444590Z verified actual native resource v6 document-over
2026-10-06T09:09:06.4672880Z verified actual native resource v6 retained-exact-over
2026-10-06T09:10:46.8283280Z verified actual native resource v6 roots-exact
2026-10-06T09:13:47.1064330Z verified actual native resource v6 roots-over
2026-10-06T09:13:49.5911030Z Building for debugging...
2026-10-06T09:13:49.5919320Z [Pre-planning 1 / 94]
2026-10-06T09:13:50.1738720Z [Planning deferred tasks]
2026-10-06T09:13:50.4597190Z Build complete! (1.18 sec)
2026-10-06T09:13:50.5106790Z bun test v1.4.2 (744846f84)
2026-10-06T09:13:50.5392880Z 
2026-10-06T09:13:50.5420410Z ##[group]tests/relay.test.ts:
2026-10-06T09:13:50.7645520Z (pass) relay returns an unapplied recovery proposal and admits a client repair after server and client restart [185.07ms]
2026-10-06T09:13:50.9104640Z (pass) versioned nested moves recover offline through the central relay and preserve remote author text [145.97ms]
2026-10-06T09:13:53.2935290Z (pass) independent Swift processes converge through a persistent local relay after offline edits [2382.85ms]
2026-10-06T09:14:04.6390830Z (pass) generated overlapping edits recover through the central relay for independent seeds [11343.54ms]
2026-10-06T09:14:04.6396390Z (pass) stress configuration rejects invalid counts and seeds before connecting [2.38ms]
2026-10-06T09:14:04.7056600Z (pass) presence expires, rejects stale revisions and leaves saved content unchanged [66.16ms]
2026-10-06T09:14:05.2578040Z (pass) native draft survives process restart with relay unavailable and preserves remote edits through undo [551.88ms]
2026-10-06T09:14:05.2579610Z 
2026-10-06T09:14:05.2584680Z ##[endgroup]
2026-10-06T09:14:05.2585730Z 
2026-10-06T09:14:05.2586310Z ##[group]tests/relay-recovery-limits.test.ts:
2026-10-06T09:14:06.5604540Z (pass) transport capacity rejects without receipts and the author archive survives restart [1299.12ms]
2026-10-06T09:14:06.6253920Z (pass) relay admits exactly 8 MB and rejects the next byte without changing accepted state [49.60ms]
2026-10-06T09:14:06.6254630Z 
2026-10-06T09:14:06.6256660Z ##[endgroup]
2026-10-06T09:14:06.6258280Z 
2026-10-06T09:14:06.6259230Z  9 pass
2026-10-06T09:14:06.6259720Z  0 fail
2026-10-06T09:14:06.6260420Z  154 expect() calls
2026-10-06T09:14:06.6261050Z Ran 9 tests across 2 files. [16.11s]
2026-10-06T09:14:06.6780300Z ##[group]Run "$SWIFT_BIN" build -c release --product editor-bridge
2026-10-06T09:14:06.6782300Z [36;1m"$SWIFT_BIN" build -c release --product editor-bridge[0m
2026-10-06T09:14:06.6783430Z [36;1mPERFORMANCE_PROFILE=smoke bun scripts/run-native-performance.mjs[0m
2026-10-06T09:14:06.6785120Z [36;1mPERFORMANCE_PROFILE=smoke PERFORMANCE_WRITING=true PERFORMANCE_BINARY_CONFIGURATION=release bun scripts/run-native-performance.mjs[0m
2026-10-06T09:14:06.6787000Z [36;1mbun test tests/performance-report.test.ts tests/wasm-size.test.ts[0m
2026-10-06T09:14:06.8983040Z shell: /bin/bash --noprofile --norc -e -o pipefail {0}
2026-10-06T09:14:06.8983950Z env:
2026-10-06T09:14:06.8984780Z   DEVELOPER_DIR: /Applications/Xcode_26.6.app/Contents/Developer
2026-10-06T09:14:06.8986250Z   SWIFT_BIN: /Users/runner/work/_temp/editor-toolchains/swift/swift-6.4.0-RELEASE-osx-package.pkg/Payload/usr/bin/swift
2026-10-06T09:14:06.8987770Z ##[endgroup]
2026-10-06T09:14:10.3358560Z Building for production...
2026-10-06T09:14:10.3359050Z [Planning deferred tasks]
2026-10-06T09:14:13.1975560Z [14 / 26] BlockEditorCore
2026-10-06T09:14:13.4157870Z [19 / 72]
2026-10-06T09:14:13.5461530Z [22 / 72]
2026-10-06T09:14:13.6712870Z [24 / 72]
2026-10-06T09:14:13.8182700Z [25 / 72]
2026-10-06T09:14:13.9901400Z [28 / 72]
2026-10-06T09:14:14.1669560Z [31 / 72]
2026-10-06T09:14:14.3174750Z [33 / 72]
2026-10-06T09:14:14.6092610Z [35 / 72]
2026-10-06T09:14:15.4631300Z [36 / 72]
2026-10-06T09:14:15.6688540Z [40 / 72]
2026-10-06T09:14:15.7985360Z [41 / 72]
2026-10-06T09:14:16.0779070Z [43 / 72]
2026-10-06T09:14:16.3033450Z [45 / 72]
2026-10-06T09:14:16.7561110Z [46 / 72]
2026-10-06T09:14:17.5120620Z [47 / 72]
2026-10-06T09:14:17.9772220Z [49 / 72]
2026-10-06T09:14:19.2265470Z [51 / 72]
2026-10-06T09:14:19.6431460Z [53 / 72]
2026-10-06T09:14:20.9416310Z [54 / 72]
2026-10-06T09:14:21.4635320Z [55 / 72]
2026-10-06T09:14:21.6509850Z [57 / 72]
2026-10-06T09:14:21.9739950Z [58 / 72]
2026-10-06T09:14:22.1977590Z [59 / 72]
2026-10-06T09:14:28.0777670Z [60 / 72]
2026-10-06T09:16:45.8192550Z /Users/runner/work/block-editor/block-editor/Sources/BlockEditorCore/Bridge.swift:264:41: [1;33mwarning: [1;39mno calls to throwing functions occur within 'try' expression[0;0m [#]8;;https://docs.swift.org/compiler/documentation/diagnostics/unnecessary-effect-marker\UnnecessaryEffectMarker]8;;\]
2026-10-06T09:16:45.8195880Z [0;36m262 |[0;0m             let position = try session.mergeParagraphs(left: decode(input["left"], as: NodeID.self), right: decode(input["right"], as: NodeID.self))
2026-10-06T09:16:45.8209600Z [0;36m263 |[0;0m             return .object(["snapshot": try writingSnapshot(session), "position": try encode(position)])
2026-10-06T09:16:45.8211740Z [0;36m264 |[0;0m         case "markdown": return .string(try Markdown.serialize(session.document))
2026-10-06T09:16:45.8215610Z     [0;36m|[0;0m                                         `- [1;33mwarning: [1;39mno calls to throwing functions occur within 'try' expression[0;0m [#]8;;https://docs.swift.org/compiler/documentation/diagnostics/unnecessary-effect-marker\UnnecessaryEffectMarker]8;;\]
2026-10-06T09:16:45.8218620Z [0;36m265 |[0;0m         default: throw EditorError.invalidChange
2026-10-06T09:16:45.8222370Z [0;36m266 |[0;0m         }
2026-10-06T09:16:45.8222640Z 
2026-10-06T09:16:45.8223100Z [#UnnecessaryEffectMarker]: <https://docs.swift.org/compiler/documentation/diagnostics/unnecessary-effect-marker>
2026-10-06T09:16:45.8224020Z [61 / 72] BlockEditorCore
2026-10-06T09:16:46.0924380Z [68 / 73] BlockEditorCore
2026-10-06T09:16:46.4015030Z [68 / 73] editor-bridge-product
2026-10-06T09:16:46.8113600Z [70 / 74] editor-bridge-product
2026-10-06T09:16:47.2207590Z [72 / 74] editor-bridge-product
2026-10-06T09:16:47.8110770Z [73 / 74] editor-bridge-product
2026-10-06T09:16:47.8911600Z Build complete! (157.99 sec)
2026-10-06T09:16:48.2207060Z ordinary-v1 repeat 0: edits p95 1.94 ms; rejoin 15.86 ms; snapshot 9126 bytes
2026-10-06T09:16:48.4735360Z ordinary-v2 repeat 0: edits p95 13.39 ms; rejoin 15.79 ms; snapshot 10188 bytes
2026-10-06T09:16:49.3824180Z ordinary-v4 repeat 0: edits p95 28.74 ms; rejoin 65.81 ms; snapshot 16051 bytes
2026-10-06T09:16:50.1949000Z ordinary-v5 repeat 0: edits p95 29.93 ms; rejoin 64.31 ms; snapshot 16051 bytes
2026-10-06T09:16:51.1011590Z ordinary-v6 repeat 0: edits p95 51.82 ms; rejoin 65.20 ms; snapshot 16051 bytes
2026-10-06T09:16:51.1194990Z bun test v1.4.2 (744846f84)
2026-10-06T09:16:51.1280120Z 
2026-10-06T09:16:51.1283770Z ##[group]tests/performance-report.test.ts:
2026-10-06T09:16:51.1458400Z (pass) accepts the complete measured engine report [1.64ms]
2026-10-06T09:16:51.1492790Z (pass) compares canonical reports beside Playwright attachments but rejects duplicate outputs [3.40ms]
2026-10-06T09:16:51.1568640Z (pass) rejects missing samples even when the report claims completion [0.39ms]
2026-10-06T09:16:51.1570560Z (pass) rejects missing calls with an internally consistent shorter timing summary [0.43ms]
2026-10-06T09:16:51.1572600Z (pass) rejects changing the history workload to a shorter unrecorded test [0.15ms]
2026-10-06T09:16:51.1586880Z (pass) rejects invalid clocks and fabricated aggregates [0.35ms]
2026-10-06T09:16:51.1587520Z (pass) rejects failed reports and incomplete receipt retention [0.28ms]
2026-10-06T09:16:51.1587900Z 
2026-10-06T09:16:51.1588470Z ##[endgroup]
2026-10-06T09:16:51.1588690Z 
2026-10-06T09:16:51.1589170Z ##[group]tests/wasm-size.test.ts:
2026-10-06T09:16:51.1634510Z (pass) removes only name metadata and preserves exact executable and other custom sections [5.52ms]
2026-10-06T09:16:51.1641130Z (pass) accepts bounded nonminimal unsigned LEB128 and repeated custom sections [0.21ms]
2026-10-06T09:16:51.1642950Z (pass) rejects wrong headers, overflowing lengths and truncated or invalid custom names [0.32ms]
2026-10-06T09:16:51.1679250Z (pass) creates a separate candidate and refuses source, existing files, hardlinks and symlinks [3.53ms]
2026-10-06T09:16:51.1680240Z 
2026-10-06T09:16:51.1681710Z ##[endgroup]
2026-10-06T09:16:51.1682240Z 
2026-10-06T09:16:51.1682650Z  11 pass
2026-10-06T09:16:51.1683230Z  0 fail
2026-10-06T09:16:51.1683980Z  40 expect() calls
2026-10-06T09:16:51.1684860Z Ran 11 tests across 2 files. [48.00ms]
2026-10-06T09:16:51.2151060Z ##[error]The operation was canceled.
2026-10-06T09:16:51.2373550Z ##[group]Run actions/upload-artifact@ea165f8d65b6e75b540449e92b4886f43607fa02
2026-10-06T09:16:51.2373960Z with:
2026-10-06T09:16:51.2374340Z   name: runtime-swift
2026-10-06T09:16:51.2374910Z   path: test-results/compatibility
test-results/performance
test-results/resource
/Users/runner/work/_temp/editor-toolchains/installed-inputs.json

2026-10-06T09:16:51.2375560Z   if-no-files-found: error
2026-10-06T09:16:51.2375810Z   retention-days: 7
2026-10-06T09:16:51.2376020Z   compression-level: 6
2026-10-06T09:16:51.2376290Z   overwrite: false
2026-10-06T09:16:51.2376500Z   include-hidden-files: false
2026-10-06T09:16:51.2376800Z env:
2026-10-06T09:16:51.2377110Z   DEVELOPER_DIR: /Applications/Xcode_26.6.app/Contents/Developer
2026-10-06T09:16:51.2377700Z   SWIFT_BIN: /Users/runner/work/_temp/editor-toolchains/swift/swift-6.4.0-RELEASE-osx-package.pkg/Payload/usr/bin/swift
2026-10-06T09:16:51.2378250Z ##[endgroup]
2026-10-06T09:16:52.0644440Z (node:87991) [DEP0040] DeprecationWarning: The `punycode` module is deprecated. Please use a userland alternative instead.
2026-10-06T09:16:52.0645670Z (Use `node --trace-deprecation ...` to show where the warning was created)
2026-10-06T09:16:52.0877720Z Multiple search paths detected. Calculating the least common ancestor of all paths
2026-10-06T09:16:52.0881620Z The least common ancestor is /Users/runner/work. This will be the root directory of the artifact
2026-10-06T09:16:52.0882200Z With the provided path, there will be 42 files uploaded
2026-10-06T09:16:52.0884010Z Artifact name is valid!
2026-10-06T09:16:52.0885320Z Root directory input is valid!
2026-10-06T09:16:52.3402810Z Beginning upload of artifact content to blob storage
2026-10-06T09:16:52.9119250Z (node:87991) [DEP0169] DeprecationWarning: `url.parse()` behavior is not standardized and prone to errors that have security implications. Use the WHATWG URL API instead. CVEs are not issued for `url.parse()` vulnerabilities.
2026-10-06T09:16:53.0413610Z Uploaded bytes 1809049
2026-10-06T09:16:53.0565260Z Finished uploading artifact content to blob storage!
2026-10-06T09:16:53.0567230Z SHA256 digest of uploaded artifact zip is 7e9024c7f8b0083284a3d08546b9ab0ca6ad8ba54043cad3419d437df809a0dd
2026-10-06T09:16:53.0568850Z Finalizing artifact upload
2026-10-06T09:16:53.2678720Z Artifact runtime-swift.zip successfully finalized. Artifact ID 11401856289
2026-10-06T09:16:53.2680800Z Artifact runtime-swift has been successfully uploaded! Final size is 1809049 bytes. Artifact ID is 11401856289
2026-10-06T09:16:53.2709230Z Artifact download URL: https://github.com/seventwo-studio/block-editor/actions/runs/37436693154/artifacts/11401856289
2026-10-06T09:16:53.3090690Z Post job cleanup.
2026-10-06T09:16:53.4713140Z [command]/opt/homebrew/bin/git version
2026-10-06T09:16:53.4836490Z git version 2.55.0
2026-10-06T09:16:53.4862680Z Copying '/Users/runner/.gitconfig' to '/Users/runner/work/_temp/212cedac-31bc-413b-b5bb-161ac833fa71/.gitconfig'
2026-10-06T09:16:53.4875370Z Temporarily overriding HOME='/Users/runner/work/_temp/212cedac-31bc-413b-b5bb-161ac833fa71' before making global git config changes
2026-10-06T09:16:53.4877410Z Adding repository directory to the temporary git global config as a safe directory
2026-10-06T09:16:53.4879310Z [command]/opt/homebrew/bin/git config --global --add safe.directory /Users/runner/work/block-editor/block-editor
2026-10-06T09:16:53.4973550Z [command]/opt/homebrew/bin/git config --local --name-only --get-regexp core\.sshCommand
2026-10-06T09:16:53.5077000Z [command]/opt/homebrew/bin/git submodule foreach --recursive sh -c "git config --local --name-only --get-regexp 'core\.sshCommand' && git config --local --unset-all 'core.sshCommand' || :"
2026-10-06T09:16:53.6550120Z [command]/opt/homebrew/bin/git config --local --name-only --get-regexp http\.https\:\/\/github\.com\/\.extraheader
2026-10-06T09:16:53.6653440Z http.https://github.com/.extraheader
2026-10-06T09:16:53.6928630Z [command]/opt/homebrew/bin/git config --local --unset-all http.https://github.com/.extraheader
2026-10-06T09:16:53.7114760Z [command]/opt/homebrew/bin/git submodule foreach --recursive sh -c "git config --local --name-only --get-regexp 'http\.https\:\/\/github\.com\/\.extraheader' && git config --local --unset-all 'http.https://github.com/.extraheader' || :"
2026-10-06T09:16:53.8791740Z [command]/opt/homebrew/bin/git config --local --name-only --get-regexp ^includeIf\.gitdir:
2026-10-06T09:16:53.8888080Z [command]/opt/homebrew/bin/git submodule foreach --recursive git config --local --show-origin --name-only --get-regexp remote.origin.url
2026-10-06T09:16:54.0657210Z Cleaning up orphan processes
2026-10-06T09:16:56.4768690Z ##[warning]Node.js 20 is deprecated. The following actions target Node.js 20 but are being forced to run on Node.js 24: actions/checkout@11d5960a326750d5838078e36cf38b85af677262, actions/upload-artifact@ea165f8d65b6e75b540449e92b4886f43607fa02. For more information see: https://github.blog/changelog/2025-09-19-deprecation-of-node-20-on-github-actions-runners/
