Building for debugging...
[Computing dependencies]
[Pre-planning 1 / 589]
[Planning deferred tasks]
[1 / 45]
[7 / 22] BlockEditorApple
[9 / 24] BlockEditorApple
[13 / 27] local-editor-app-product
[14 / 27] BlockEditorApple
[21 / 27] BlockEditorAppleTests-product
[35 / 42] BlockEditorAppleTests-product
[35 / 43] BlockEditorAppleTests-product
[37 / 43] BlockEditorAppleTests-product
[39 / 43] BlockEditorAppleTests-product
macro expansion #expect:2:7: warning: result of call to 'contains' is unused [#NoUsage]
`- /Users/luca/Developer/block-editor/tests/BlockEditorAppleTests/WritingNativeClipboardTests.swift:43:87: note: expanded code originates here
 41 |     #expect(view.string == "A東京X😀TASKBR")
 42 |     #expect(view.selectedRange() == NSRange(location: 10, length: 0))
 43 |     #expect((a.document.blocks[0].fields["content"]?.array ?? []).contains(reference))
    |     `- note: in expansion of macro 'expect' here
    +--- macro expansion #expect ---------------------------------------
    |1 | Testing.__checkFunctionCall((a.document.blocks[0].fields["content"]?.array ?? []).self,calling: {
    |2 |   $0?.contains($1)
    |  |       `- warning: result of call to 'contains' is unused [#NoUsage]
    |3 | },reference,expression: .__fromFunctionCall(.__fromSyntaxNode(#"(a.document.blocks[0].fields["content"]?.array ?? [])"#),"contains",(nil,.__fromSyntaxNode("reference"))),comments: [],isRequired: false,sourceLocation: Testing.SourceLocation.__here()).__expected()
    +-------------------------------------------------------------------
 44 |     #expect((a.document.blocks[0].fields["content"]?.array ?? []).contains { $0["text"] == .string("X😀") && $0["marks"] == .array([.object(["type": .string("italic")])]) })
 45 |     try b.receive(a.changes()); #expect(a.document == b.document)

macro expansion #expect:1:76: warning: left side of nil coalescing operator '??' has non-optional type '[JSONValue]?', so the right side is never used
`- /Users/luca/Developer/block-editor/tests/BlockEditorAppleTests/WritingNativeClipboardTests.swift:43:87: note: expanded code originates here
 41 |     #expect(view.string == "A東京X😀TASKBR")
 42 |     #expect(view.selectedRange() == NSRange(location: 10, length: 0))
 43 |     #expect((a.document.blocks[0].fields["content"]?.array ?? []).contains(reference))
    |     `- note: in expansion of macro 'expect' here
    +--- macro expansion #expect ---------------------------------------
    |1 | Testing.__checkFunctionCall((a.document.blocks[0].fields["content"]?.array ?? []).self,calling: {
    |  |                                                                            `- warning: left side of nil coalescing operator '??' has non-optional type '[JSONValue]?', so the right side is never used
    |2 |   $0?.contains($1)
    |3 | },reference,expression: .__fromFunctionCall(.__fromSyntaxNode(#"(a.document.blocks[0].fields["content"]?.array ?? [])"#),"contains",(nil,.__fromSyntaxNode("reference"))),comments: [],isRequired: false,sourceLocation: Testing.SourceLocation.__here()).__expected()
    +-------------------------------------------------------------------
 44 |     #expect((a.document.blocks[0].fields["content"]?.array ?? []).contains { $0["text"] == .string("X😀") && $0["marks"] == .array([.object(["type": .string("italic")])]) })
 45 |     try b.receive(a.changes()); #expect(a.document == b.document)

[#NoUsage]: <https://docs.swift.org/compiler/documentation/diagnostics/no-usage>
[41 / 43] BlockEditorAppleTests-product
Build complete! (4.57 sec)
Test Suite 'All tests' started at 2026-10-06 02:50:42.459.
Test Suite 'All tests' passed at 2026-10-06 02:50:42.460.
	 Executed 0 tests, with 0 failures (0 unexpected) in 0.000 (0.001) seconds
Test Suite 'All tests' started at 2026-10-06 02:50:42.531.
Test Suite 'All tests' passed at 2026-10-06 02:50:42.532.
	 Executed 0 tests, with 0 failures (0 unexpected) in 0.000 (0.001) seconds
Test Suite 'All tests' started at 2026-10-06 02:50:42.711.
Test Suite 'All tests' passed at 2026-10-06 02:50:42.712.
	 Executed 0 tests, with 0 failures (0 unexpected) in 0.000 (0.001) seconds
◇ Test run started.
↳ Testing Library Version: 2084
↳ Target Platform: arm64e-apple-macos14.0
◇ Test draftRestoresExclusiveAuthorHistoryAndPreservesRemoteChanges() started.
◇ Test transportCapacityFailureRetainsHistoryForExportRestartAndRetry() started.
◇ Test corruptDraftIsNotSilentlyReplaced() started.
➜ Test appleRelayRecoversOfflineDraftsAndDeferredComposition() skipped.
◇ Test oldDraftUpgradesWithoutResetAndIncompatibleRecoveryIsRetainedOnDisk() started.
◇ Test pendingRecoverySurvivesDraftRestartExportAndExplicitRepair() started.
◇ Test standaloneDraftCreatesReopensAndUndoesWithoutTransport() started.
◇ Test standaloneOpenDoesNotReplaceAnExistingRelayDraft() started.
✔ Test standaloneOpenDoesNotReplaceAnExistingRelayDraft() passed after 0.002 seconds.
✔ Test corruptDraftIsNotSilentlyReplaced() passed after 0.002 seconds.
✔ Test oldDraftUpgradesWithoutResetAndIncompatibleRecoveryIsRetainedOnDisk() passed after 0.003 seconds.
✔ Test draftRestoresExclusiveAuthorHistoryAndPreservesRemoteChanges() passed after 0.009 seconds.
✔ Test standaloneDraftCreatesReopensAndUndoesWithoutTransport() passed after 0.011 seconds.
✔ Test pendingRecoverySurvivesDraftRestartExportAndExplicitRepair() passed after 0.025 seconds.
✔ Test transportCapacityFailureRetainsHistoryForExportRestartAndRetry() passed after 0.029 seconds.
✔ Test run with 8 tests in 0 suites passed after 0.030 seconds.
◇ Test run started.
↳ Testing Library Version: 2084
↳ Target Platform: arm64e-apple-macos14.0
◇ Suite ModernAsyncCommandsTests started.
◇ Suite ModernBridgeTests started.
◇ Suite ModernMigrationBridgeTests started.
◇ Suite ModernStructuralBridgeTests started.
◇ Test writingPrototypeEmptyMergedFieldKeepsItsVirtualBoundaryAcrossUndo() started.
◇ Test externalNormalizationRejectsVersionDepthAndUnknownKindWithoutMutatingSource() started.
◇ Test v4ConcurrentTextRepairsRetainBothAuthorsAndRecoverAfterBothUndos(actor:) started.
◇ Suite ModernSplitMergeTests started.
◇ Test pasteBlocksRejectsUnsupportedPolicyCompositionAndOldEpochWithoutAcceptedMutation() started.
◇ Test writingPrototypeBoundaryAffinityFollowsTheAdjacentContent() started.
◇ Test v4RequiredUndoPersistsAndExplicitRedoRetainsEveryHistory(actor:) started.
◇ Test schemaInlineConversionDoesNotOverwriteUnknownReservedMetadata(version:key:) started.
◇ Test schemaConversionAndOldOriginEditConvergeUnderReversedActorAndDeliveryOrder(converter:) started.
◇ Test v4ConcurrentCutsKeepEachObservedPrefixPartition(actor:) started.
◇ Test writingBatchRejectsOverlapAndCompositionWithoutMutation() started.
◇ Test writingSessionCompositionDefersReceiptsCapturesSelectionAndReleasesOnce() started.
◇ Test invalidKnownShapesAreRejectedWithoutChangingTheDocument() started.
◇ Test insertedDescendantInitialPlacementsAndCausalReorderingRemainValid() started.
◇ Test documentMigrationCorpusRetainsEveryFieldAndRejectsInvalidKnownShapes() started.
◇ Suite ModernClipboardTests started.
◇ Test schemaOverlappingMovedItemConversionOriginsNeverDependOnDictionaryOrder() started.
◇ Test writingMathThresholdUnionAt10000PreservesBothAuthorsAndUndo(version:actor:) started.
◇ Test schemaEmptyRootItemExitPreservesBothIdentitiesAndRemoteHistory(index:actor:) started.
◇ Test markdownHeadingConsumesPrefixInOneUndoAndRespectsPolicyAndComposition() started.
◇ Test concurrentFormattingPreservesRemoteInsertionAndIndependentMarks() started.
◇ Test v4PendingReceiveBlocksHistoryEvenWhenNeitherStackHasAnEntry() started.
◇ Test generatedOfflineTextAndFormattingConverge(seed:) started.
◇ Test collectionNestedChecklistMovesPreserveReferencesCheckedAndScopedLabels() started.
◇ Test oversizedDocumentAndCapacityErrorsKeepEveryUnappliedChangeRecoverable() started.
◇ Test aMoveIntoAnUnanchoredCausalOwnerKeepsItsPreviousPlacement() started.
◇ Test writingDepthBoundaryKeepsOriginsAndPeerAtomsThroughExplicitRecovery(version:scenario:) started.
◇ Test retainedPasteOverlappingEndpointExportsAndEitherAuthorRepairs(actor:repairPeer:) started.
◇ Test nestedPositionsRespectAtomicReferencesAndDoNotChangeSavedState() started.
◇ Test retainedPasteConcurrentSplitsOrderRetainedEndpointGroup(actor:scenario:) started.
◇ Test retainedPasteDoesNotUpgradeOrAdmitMixedEpochs() started.
◇ Test generatedRecoveryCollisionsRetainAllCollectionKinds(seed:kind:) started.
◇ Test v5InheritsV4ObservedUnicodeAuthorUndoAndRestart() started.
◇ Test schemaMalformedV4ObservedFrontierLeavesAcceptedSaveUnchanged(fault:) started.
◇ Test authoringRestrictionsDoNotDestroySavedBlocks() started.
◇ Test crossPasteMetadataEndpointRejectsWithoutAcceptedMutation() started.
◇ Test duplicateAndReorderedDelivery() started.
◇ Test v5SplicePreservesForeignMovedImportedContainerAndUnseenChildThroughAuthorUndoAndReopen() started.
◇ Suite ModernDocumentTests started.
◇ Test schemaCodeShortcutAndEncodingRoundTripRetainIdentityAndBothOrigins() started.
◇ Test sequentialSpliceBeforeFirstImportedMemberMustPrecedeWholeEarlierGroup() started.
◇ Test collectionInsertAfterProjectedPeerRetainsRoleProofAndUndo(baseline:) started.
◇ Test externalUnknownWholeNodeFallbackKeepsRecognizedVisibleFieldsOnly() started.
◇ Test bridgeRoutesExplicitV5AndRejectsUnknownCreateAndRestoreVersions() started.
◇ Test recoveryAccumulatesReorderedAdditionalEditsWithoutAcknowledgingThem() started.
◇ Test knownCreationSeedsValidateWhileTheirParentIsMissing() started.
◇ Test partialReferenceEditBecomesPlainText() started.
◇ Suite ModernCommandTargetsTests started.
◇ Test receivePreparationOnlyRunsForValidatedStateChanges() started.
◇ Suite ModernRangeConversionTests started.
◇ Test writingSessionConcurrentDifferentCutsPreserveSegmentOrder(swap:) started.
◇ Test unicodeRangesAndRoundTrip() started.
◇ Test requiredContentRepairAdmitsFailedAuthorUndoWithoutDroppingRemoteMetadata() started.
◇ Test independentTextAcceptanceRestoredAuthorUndoPreservesRemoteMarksAndReference(version:) started.
◇ Suite ModernListStructureTests started.
◇ Suite ModernHistorySelectionBridgeTests started.
◇ Test knownPriorElementsMustHaveTheReferencedKindAndField() started.
◇ Test externalNormalizationFallbackKeepsVisibleNestedOrderAndAllowedRichNodes() started.
◇ Test v4RepairGuardsPreserveAcceptedAndPendingHistories() started.
◇ Suite ModernPasteTests started.
◇ Test undoNodeInsertionRemovesItsTextButRetainsRemoteAtoms() started.
◇ Test writingSessionConcurrentMergeSplitFollowsBoundary(swap:side:) started.
◇ Test schemaConvertedMergeSourceRetainsUnionForEitherAuthorRepair(type:repairConversion:) started.
◇ Test invalidBatchIsAtomic() started.
◇ Test case passing 1 argument actor → "a" to v4ConcurrentTextRepairsRetainBothAuthorsAndRecoverAfterBothUndos(actor:) started.
◇ Test case passing 1 argument actor → "z" to v4ConcurrentTextRepairsRetainBothAuthorsAndRecoverAfterBothUndos(actor:) started.
◇ Test v5RejectsMixedVersionsAndUnknownVersionsWithoutAdmission() started.
◇ Suite ModernListRoleTests started.
◇ Suite WritingByteRootBoundaryTests started.
◇ Suite ModernPasteBridgeTests started.
◇ Test sameTransactionCreationSeedsRemainValid(version:) started.
◇ Suite ModernStructureTests started.
◇ Suite ModernAsyncBridgeTests started.
◇ Test sharedStructureBridgeFixture() started.
◇ Test collectionToggleCreationUndoRedoRetainsRemoteDescendants() started.
◇ Test siblingInsertionConflictDoesNotAcknowledgeOrPersistRemoteChanges() started.
◇ Suite ModernBlockCommandsTests started.
◇ Test v4InlineEnterPreservesSourceAttributesRichSuffixAndAuthorUndo(type:) started.
◇ Suite ModernInlineCommandsTests started.
◇ Test crossPasteMixedRetainsWholeImportsAndObservedSuffixOneUndo(actor:reversed:) started.
◇ Test case passing 1 argument converter → "a" to schemaConversionAndOldOriginEditConvergeUnderReversedActorAndDeliveryOrder(converter:) started.
◇ Test knownUndoTargetsMustBeEdits(version:) started.
◇ Suite ModernProjectionTests started.
◇ Test externalNormalizationFreshensSchemaLabelsWithoutChangingOpaqueReferenceData() started.
◇ Test v4SplitKeepsObservedInsertedPrefixAndPeerUndo(list:) started.
◇ Test incrementalLocalEditsMatchFullReplayAfterEveryAction() started.
◇ Test schemaMalformedRoleAnchorAndHiddenFirstItemRejectAtomically(fault:) started.
◇ Test case passing 1 argument converter → "z" to schemaConversionAndOldOriginEditConvergeUnderReversedActorAndDeliveryOrder(converter:) started.
◇ Test writingSessionDeletionCannotCollapseDifferentCutRanks(swap:) started.
◇ Test case passing 1 argument actor → "a" to v4ConcurrentCutsKeepEachObservedPrefixPartition(actor:) started.
◇ Test case passing 2 arguments version → 3, key → "level" to schemaInlineConversionDoesNotOverwriteUnknownReservedMetadata(version:key:) started.
◇ Test spliceDuplicateDescriptorMustRemainMalformedWhenAuthorUndone(inactive:) started.
◇ Test case passing 1 argument actor → "z" to v4ConcurrentCutsKeepEachObservedPrefixPartition(actor:) started.
◇ Test v4ScalarMetadataIsAtomicAndCannotReplaceSchemaRichTextOrConversionAttributes() started.
◇ Test reusedChildIDsRemainIndependentlyEditable() started.
◇ Test markdownDialectAndUnknownProtocol() started.
◇ Test schemaEmptyNestedOutdentKeepsChildrenAndUndo() started.
◇ Test case passing 1 argument actor → "a" to v4RequiredUndoPersistsAndExplicitRedoRetainsEveryHistory(actor:) started.
◇ Test case passing 2 arguments version → 3, key → "variant" to schemaInlineConversionDoesNotOverwriteUnknownReservedMetadata(version:key:) started.
◇ Test writingPrototypeMergeRetainsBothNamespacesAndRemoteTextThroughUndo() started.
◇ Test retiredSplitHeadPositionPreservesV3AndRejectsUnrelatedDeletion() started.
◇ Test case passing 1 argument actor → "z" to v4RequiredUndoPersistsAndExplicitRedoRetainsEveryHistory(actor:) started.
◇ Test schemaRetainedPeerSupportsConversionShortcutAndMerge(command:) started.
◇ Test case passing 2 arguments version → 4, key → "level" to schemaInlineConversionDoesNotOverwriteUnknownReservedMetadata(version:key:) started.
◇ Suite ModernCutTests started.
◇ Suite ModernCutBridgeTests started.
◇ Test writingBatchRetainedRangeFollowsRemoteSplitAndPreservesItOnUndo() started.
◇ Test formattingAndStructureRedoPreserveUnrelatedRemoteChanges() started.
◇ Test case passing 2 arguments version → 4, key → "variant" to schemaInlineConversionDoesNotOverwriteUnknownReservedMetadata(version:key:) started.
◇ Suite ModernSessionTests started.
◇ Suite ModernSchemaConversionTests started.
◇ Suite ModernColumnTests started.
◇ Test crossPasteConcurrentBoundarySplitsPreserveCutOwners(actor:scenario:) started.
◇ Suite ModernMigrationTests started.
◇ Test localHistorySurvivesRestartWithoutRevertingRemoteWork() started.
◇ Test recoveryRepairPreservesBothAuthorsAndSurvivesRestartAndRemoteUndo() started.
◇ Suite ModernDuplicationTests started.
◇ Test schemaConversionAndOldParagraphSplitUseRetainedOriginWithAuthorUndo(type:reverseActors:) started.
◇ Suite ModernClipboardBridgeTests started.
◇ Test hierarchicalPasteDeletesOnlyObservedIntermediateSubtrees(actor:) started.
◇ Test mixedPasteAdjacentInlineFieldsKeepTheirExplicitBreak(actor:emptyLeading:) started.
◇ Test case passing 2 arguments version → 4, actor → "a" to writingMathThresholdUnionAt10000PreservesBothAuthorsAndUndo(version:actor:) started.
◇ Suite ModernBatchInteractionTests started.
◇ Test case passing 2 arguments index → 0, actor → "a" to schemaEmptyRootItemExitPreservesBothIdentitiesAndRemoteHistory(index:actor:) started.
◇ Suite ModernTableCommandTests started.
◇ Test case passing 2 arguments version → 4, actor → "z" to writingMathThresholdUnionAt10000PreservesBothAuthorsAndUndo(version:actor:) started.
◇ Test undoKeepsRemoteDescendants() started.
◇ Test retainedPasteAfterOrdinarySourceMoveUsesLiveOrderNotRgaAfterAncestry(actor:) started.
◇ Test case passing 2 arguments index → 0, actor → "z" to schemaEmptyRootItemExitPreservesBothIdentitiesAndRemoteHistory(index:actor:) started.
◇ Suite ModernHistorySelectionTests started.
◇ Test writingSessionReferenceInteriorSelectionFollowsSplitAndDeletion() started.
◇ Test case passing 1 argument seed → 1 to generatedOfflineTextAndFormattingConverge(seed:) started.
◇ Test retainedPasteKeepsBothOpaqueOwnersAndOneAuthorUndo(actor:reversed:) started.
◇ Test case passing 2 arguments version → 5, actor → "a" to writingMathThresholdUnionAt10000PreservesBothAuthorsAndUndo(version:actor:) started.
◇ Test case passing 1 argument seed → 7 to generatedOfflineTextAndFormattingConverge(seed:) started.
◇ Test case passing 2 arguments index → 1, actor → "a" to schemaEmptyRootItemExitPreservesBothIdentitiesAndRemoteHistory(index:actor:) started.
◇ Test case passing 1 argument seed → 42 to generatedOfflineTextAndFormattingConverge(seed:) started.
◇ Test schemaListTextSemanticsCannotBeSpoofedIntoV3BatchOrRestore(exit:) started.
◇ Test case passing 1 argument seed → 255 to generatedOfflineTextAndFormattingConverge(seed:) started.
◇ Test case passing 2 arguments version → 5, actor → "z" to writingMathThresholdUnionAt10000PreservesBothAuthorsAndUndo(version:actor:) started.
◇ Test case passing 2 arguments index → 1, actor → "z" to schemaEmptyRootItemExitPreservesBothIdentitiesAndRemoteHistory(index:actor:) started.
◇ Test case passing 1 argument seed → 65537 to generatedOfflineTextAndFormattingConverge(seed:) started.
◇ Test retainedPasteDifferentLaterSourceKeepsEarlierImportedMember(actor:concurrentCut:) started.
◇ Test case passing 1 argument seed → 20260930 to generatedOfflineTextAndFormattingConverge(seed:) started.
◇ Test case passing 2 arguments index → 2, actor → "a" to schemaEmptyRootItemExitPreservesBothIdentitiesAndRemoteHistory(index:actor:) started.
◇ Test case passing 1 argument seed → 999983 to generatedOfflineTextAndFormattingConverge(seed:) started.
◇ Test case passing 2 arguments actor → "a", repairPeer → false to retainedPasteOverlappingEndpointExportsAndEitherAuthorRepairs(actor:repairPeer:) started.
◇ Test case passing 2 arguments version → 4, scenario → ("a", 15) to writingDepthBoundaryKeepsOriginsAndPeerAtomsThroughExplicitRecovery(version:scenario:) started.
◇ Test mixedPasteRejectsPolicyAndOldEpochBeforeAnyAcceptedMutation() started.
◇ Test case passing 2 arguments index → 2, actor → "z" to schemaEmptyRootItemExitPreservesBothIdentitiesAndRemoteHistory(index:actor:) started.
◇ Test inlineReconciliationKeepsFormattingOperationsSeparateFromText() started.
◇ Test case passing 1 argument seed → 4294967295 to generatedOfflineTextAndFormattingConverge(seed:) started.
◇ Test schemaV4CannotEnterV3SessionAndRestrictionsRemainAtomic() started.
◇ Test retainedPasteBaselineRoleRequiresObservedRetirement(actor:) started.
◇ Test writingBatchMixedDeletionPreservesRemoteTextAndReopenUndo() started.
◇ Test case passing 2 arguments actor → "a", scenario → "source-before" to retainedPasteConcurrentSplitsOrderRetainedEndpointGroup(actor:scenario:) started.
◇ Test case passing 2 arguments actor → "a", repairPeer → true to retainedPasteOverlappingEndpointExportsAndEitherAuthorRepairs(actor:repairPeer:) started.
◇ Test case passing 2 arguments version → 4, scenario → ("a", 16) to writingDepthBoundaryKeepsOriginsAndPeerAtomsThroughExplicitRecovery(version:scenario:) started.
◇ Test recoveryTextEditsRetainUnicodeMarksAndAtomicReferences() started.
◇ Test concurrentMovesAndDeletesConverge() started.
◇ Test textPositionsFollowRemoteEditsDeletionUndoAndRestore() started.
◇ Test invalidNestedOperationsRejectAtomicallyAndDoNotRewriteIDs() started.
◇ Test retainedPasteCannotRankFromUnobservedSourcePinEvenWithBaselineEdge() started.
◇ Test retainedPasteConcurrentHeadingPreservesEndpointSchemaAndUndo(actor:) started.
◇ Test case passing 2 arguments actor → "a", scenario → "source-after" to retainedPasteConcurrentSplitsOrderRetainedEndpointGroup(actor:scenario:) started.
◇ Test case passing 2 arguments version → 4, scenario → ("z", 15) to writingDepthBoundaryKeepsOriginsAndPeerAtomsThroughExplicitRecovery(version:scenario:) started.
◇ Test case passing 2 arguments actor → "z", repairPeer → false to retainedPasteOverlappingEndpointExportsAndEitherAuthorRepairs(actor:repairPeer:) started.
◇ Test writingPrototypeAtomicReferencesMoveWithoutReplacement() started.
◇ Test retainedPasteCannotClaimGloballyKnownButUnobservedEndpointAtom() started.
◇ Test case passing 2 arguments seed → 1, kind → .root to generatedRecoveryCollisionsRetainAllCollectionKinds(seed:kind:) started.
◇ Test case passing 2 arguments actor → "a", scenario → "endpoint-before" to retainedPasteConcurrentSplitsOrderRetainedEndpointGroup(actor:scenario:) started.
◇ Test retainedPasteSupersededEndpointContainerDoesNotClaimOldSourceGroup(actor:) started.
◇ Test case passing 2 arguments version → 4, scenario → ("z", 16) to writingDepthBoundaryKeepsOriginsAndPeerAtomsThroughExplicitRecovery(version:scenario:) started.
◇ Test case passing 2 arguments actor → "z", repairPeer → true to retainedPasteOverlappingEndpointExportsAndEitherAuthorRepairs(actor:repairPeer:) started.
◇ Test case passing 2 arguments seed → 1, kind → .toggleChildren to generatedRecoveryCollisionsRetainAllCollectionKinds(seed:kind:) started.
◇ Test case passing 2 arguments actor → "a", scenario → "endpoint-after" to retainedPasteConcurrentSplitsOrderRetainedEndpointGroup(actor:scenario:) started.
◇ Test case passing 1 argument fault → "absent" to schemaMalformedV4ObservedFrontierLeavesAcceptedSaveUnchanged(fault:) started.
◇ Test schemaRetirementBeforePeerBirthCannotForgeExposure() started.
◇ Test case passing 2 arguments version → 5, scenario → ("a", 15) to writingDepthBoundaryKeepsOriginsAndPeerAtomsThroughExplicitRecovery(version:scenario:) started.
◇ Test externalNormalizationPreservesRichReferenceAndPeerUndo(version:) started.
◇ Test codeUsesCharacterMergingToo() started.
◇ Test case passing 2 arguments seed → 1, kind → .listItems to generatedRecoveryCollisionsRetainAllCollectionKinds(seed:kind:) started.
◇ Test observerSeesCommittedHistory() started.
◇ Test case passing 2 arguments actor → "z", scenario → "source-before" to retainedPasteConcurrentSplitsOrderRetainedEndpointGroup(actor:scenario:) started.
◇ Test rootCountLimitUnionRepairsIntoAnExistingContainerWithoutDroppingBlocks() started.
◇ Test case passing 2 arguments version → 5, scenario → ("a", 16) to writingDepthBoundaryKeepsOriginsAndPeerAtomsThroughExplicitRecovery(version:scenario:) started.
◇ Test case passing 1 argument fault → "duplicateActor" to schemaMalformedV4ObservedFrontierLeavesAcceptedSaveUnchanged(fault:) started.
◇ Test case passing 2 arguments actor → "z", scenario → "source-after" to retainedPasteConcurrentSplitsOrderRetainedEndpointGroup(actor:scenario:) started.
◇ Test writingSessionRepairReconcilesRetainedOwnUndoBeforeSaveRestore() started.
◇ Test listContinuationKeepsMarksReferencesChildrenAndRemoteSuffix() started.
◇ Test case passing 2 arguments seed → 1, kind → .tableRows to generatedRecoveryCollisionsRetainAllCollectionKinds(seed:kind:) started.
◇ Test depthLimitUnionCanBeRepairedWithoutChangingExistingIDsOrContent(levels:) started.
◇ Test case passing 2 arguments version → 5, scenario → ("z", 15) to writingDepthBoundaryKeepsOriginsAndPeerAtomsThroughExplicitRecovery(version:scenario:) started.
◇ Test v4ScalarMetadataPreservesOpaqueCompositeValuesAndRejectsActiveComposition() started.
◇ Test pasteSpliceRejectsUnobservedSameEditOuterNeighborWhenActiveOrUndone(inactive:) started.
◇ Test case passing 2 arguments actor → "z", scenario → "endpoint-before" to retainedPasteConcurrentSplitsOrderRetainedEndpointGroup(actor:scenario:) started.
◇ Test case passing 2 arguments seed → 1, kind → .tableCells to generatedRecoveryCollisionsRetainAllCollectionKinds(seed:kind:) started.
◇ Test case passing 1 argument fault → "unsorted" to schemaMalformedV4ObservedFrontierLeavesAcceptedSaveUnchanged(fault:) started.
◇ Test case passing 2 arguments version → 5, scenario → ("z", 16) to writingDepthBoundaryKeepsOriginsAndPeerAtomsThroughExplicitRecovery(version:scenario:) started.
◇ Test generatedStructuralCollectionsOfflineEditsAndHistoryConverge(seed:kind:) started.
◇ Test case passing 2 arguments actor → "z", scenario → "endpoint-after" to retainedPasteConcurrentSplitsOrderRetainedEndpointGroup(actor:scenario:) started.
◇ Test case passing 1 argument baseline → false to collectionInsertAfterProjectedPeerRetainsRoleProofAndUndo(baseline:) started.
◇ Test case passing 2 arguments seed → 7, kind → .root to generatedRecoveryCollisionsRetainAllCollectionKinds(seed:kind:) started.
◇ Test deletedOrReusedLabelNeverReceivesCompletionAndExplicitRetryAfterDeletionUndoIsPossible() started.
◇ Test case passing 1 argument fault → "future" to schemaMalformedV4ObservedFrontierLeavesAcceptedSaveUnchanged(fault:) started.
◇ Test localArchiveAndGenerationValidationAreAtomicAndCapacityNeedsExplicitForget() started.
◇ Test case passing 1 argument baseline → true to collectionInsertAfterProjectedPeerRetainsRoleProofAndUndo(baseline:) started.
◇ Test case passing 2 arguments seed → 7, kind → .toggleChildren to generatedRecoveryCollisionsRetainAllCollectionKinds(seed:kind:) started.
◇ Test localPolicyAndCompositionReturnUnchangedUnavailableAndPreservePeerRichContent() started.
◇ Test forgedAppliedLocalReceiptCannotAcknowledgePendingOriginAfterReopen() started.
◇ Test chunkedArchiveExactReadbackFreshSessionAndDuplicateActivationStaySeparateFromLegacy() started.
◇ Test validLargeOriginalsCrossTheABIInChunksWithoutClippingOpaqueDocumentData() started.
◇ Test case passing 2 arguments seed → 7, kind → .listItems to generatedRecoveryCollisionsRetainAllCollectionKinds(seed:kind:) started.
◇ Test explicitModernEndpointsReturnCheckedTransactionsFocusAndSavedAuthorHistory() started.
◇ Test case passing 1 argument fault → "zero" to schemaMalformedV4ObservedFrontierLeavesAcceptedSaveUnchanged(fault:) started.
◇ Test writingSessionUndoEmptySplitRetainsIndependentRemoteParagraph() started.
◇ Test legacyEntryPointsHandleCollisionsAndMalformedModernRequestsDoNotPromoteOrMutate() started.
◇ Test schemaSoleEmptyItemExitRetainsChildrenAndReorderedPeerChildEdits(existing:actor:) started.
◇ Test incompatibleArchivesStayExportableAndCannotReplaceAnyExistingSessionHandle() started.
◇ Test case passing 2 arguments seed → 7, kind → .tableRows to generatedRecoveryCollisionsRetainAllCollectionKinds(seed:kind:) started.
◇ Test capturedFormattingPreservesDirectionAndLeavesUnobservedPeerAtomsUnformatted() started.
◇ Test heldPacketsExportRestoreAndReleaseWithoutPrematureReceipts() started.
◇ Test collectionInsertAfterMiddleExitKeepsRoleAnchorAcrossRemoteUndo() started.
◇ Test boundedReservationsReleaseWithoutTighteningAcceptedDocumentLimits() started.
◇ Test case passing 2 arguments seed → 7, kind → .tableCells to generatedRecoveryCollisionsRetainAllCollectionKinds(seed:kind:) started.
◇ Test capturedBackwardReplacementPreservesPeerInsertionThroughTheBridge() started.
◇ Test acceptedReplacementDocumentAndEpochRejectLateResultWithOriginReceiptStillPending() started.
◇ Test policyAndCompositionRetainInertResultForExplicitResubmissionAndDoNotChangeHistory() started.
◇ Test uploadGapsConflictingRetriesUnknownKeysAndReadbackGapsNeverAdvanceProgress() started.
◇ Test completionPreservesPeerCaptionOpaqueMetadataAndOriginalOriginThroughMoveUndoReopen() started.
◇ Test writingSessionRejectsOldEpochProtocolAndMalformedBirthWithoutAcknowledging() started.
◇ Test fileInsertionAndCompletionAreSeparateStepsAndKeepConsumerPendingMetadata() started.
◇ Test case passing 2 arguments seed → 42, kind → .root to generatedRecoveryCollisionsRetainAllCollectionKinds(seed:kind:) started.
◇ Test independentTextAcceptanceUndoDoesNotResurrectAnotherAuthorsDeletion(version:) started.
◇ Test completionPublicationPreservesAnotherRequestFailureFromTheHostCallback() started.
◇ Test case passing 2 arguments seed → 42, kind → .toggleChildren to generatedRecoveryCollisionsRetainAllCollectionKinds(seed:kind:) started.
◇ Test modernFileValidationDoesNotReinterpretLegacyOpaqueFiles() started.
◇ Test cancellationSupersededGenerationAndReusedRequestIDCannotApplyLateResult() started.
◇ Test retainedPasteEndpointRoleKeepsOpaqueIdentityThroughHistory(actor:) started.
◇ Test malformedTargetsAndPoliciesCompositionAndScopeLeaveStateUnchanged() started.
◇ Test case passing 2 arguments seed → 42, kind → .listItems to generatedRecoveryCollisionsRetainAllCollectionKinds(seed:kind:) started.
◇ Test invalidMetadataNeverChangesAcceptedHistoryOrRequestRecord(_:) started.
◇ Test independentNestedMoveFixtureKeepsSelectionOriginAndSingleUndoReopen() started.
◇ Test case passing 2 arguments seed → 42, kind → .tableRows to generatedRecoveryCollisionsRetainAllCollectionKinds(seed:kind:) started.
◇ Test checkedInsertFocusAndWholeBodyDeleteInsertionTargetAreUsableAndAtomic() started.
◇ Test seedAnchorsPreserveUnicodeReferencesAndTombstones(version:) started.
◇ Test v4CausalSplitPinsEarlierDestinationAndJoinedPrefix(joinFirst:) started.
◇ Test schemaSoleEmptyListExitKeepsRootIdentityAndRemoteReopenedUndo() started.
◇ Test nearFullArchiveReservesFailureAndCancellationWithoutLosingAcceptedLocalState() started.
◇ Test writingSessionCausalGapRecoveryPersistsSeparatelyAndReplaysOnRejoin() started.
◇ Test v4InsertionAfterReferenceNeighborRetainsAtomicPayloadAndMarks() started.
◇ Test independentConcurrentMetadataRegistersComposeAndAuthorUndoRevealsPeerWinner() started.
◇ Test case passing 1 argument swap → false to writingSessionConcurrentDifferentCutsPreserveSegmentOrder(swap:) started.
◇ Test previewOnlyUpdatesDescriptiveMetadataAndExplicitNullRemovesOptionalValues() started.
◇ Test externalNormalizationRequiresExplicitSafeAssetMetadata() started.
◇ Test failureAndInterruptedReopenPreserveLocalPendingErrorResultWithoutSharedMutation() started.
◇ Test case passing 2 arguments seed → 42, kind → .tableCells to generatedRecoveryCollisionsRetainAllCollectionKinds(seed:kind:) started.
◇ Test sourceChangeRetainsOldResultAndFreshTargetCompletesWithoutOverwritingNewPreviewURL() started.
◇ Test writingBatchMoveKeepsNestedOriginsAndRemoteAuthorWork() started.
◇ Test concurrentDeletionPreventsValidPeerCompletionFromRecreatingContent() started.
◇ Test schemaUndoKeepsPeerSubtreeIdentityMarksReferencesAndOpaqueChildren() started.
◇ Test case passing 1 argument swap → true to writingSessionConcurrentDifferentCutsPreserveSegmentOrder(swap:) started.
◇ Test unchangedResultAndRepeatedDeliveryHaveNoHistoryAndNoAutomaticRedo() started.
◇ Test hierarchicalPasteKeepsOriginalCollectionsAndWholeImportedMetadata(actor:reversed:) started.
◇ Test forgedSharedMetadataAndWrongSourceProofRejectEvenWhenInactive() started.
◇ Test retainedPasteAcceptsObservedRoleSourceAndRejectsErasedRoleCohort(actor:) started.
◇ Test mixedPasteZeroReplacementRetainsSuffixOriginWithConcurrentSplit(actor:upper:) started.
◇ Test impossibleSameChangeNodePathsAndInitialAnchorsRejectAtomically(deferredParent:) started.
◇ Test case passing 2 arguments seed → 255, kind → .root to generatedRecoveryCollisionsRetainAllCollectionKinds(seed:kind:) started.
◇ Test writingBatchCrossCollectionRangeKeepsBoundaryAncestorsAndUnselectedChildren() started.
◇ Test pasteBlocksPublicCommandRetainsWholeMetadataAndConcurrentCutGroups(actor:cut:) started.
◇ Test createdListDescendantsRetainOpaqueTypeMetadata(metadataType:) started.
◇ Test writingSessionNestedSplitKeepsContainerIDsReferencesAndUndo() started.
◇ Test v4RetiredSplitHeadTraversesLongValidatedBirthChainWithoutRecursion() started.
◇ Test v2StructuralReplayPreservesTheMigrationCorpus() started.
◇ Test writingSessionReentrantCompositionQueueRetainsNewPacketsDuringDrain() started.
◇ Test sameChangePlacementCyclesAreRejectedWithoutAcknowledgmentOrContentLoss() started.
◇ Test concurrentConversionAndParagraphSplitConvergeWithRemotePreservingUndo() started.
◇ Test case passing 2 arguments seed → 255, kind → .toggleChildren to generatedRecoveryCollisionsRetainAllCollectionKinds(seed:kind:) started.
◇ Test rejectedRepairsAndMalformedPayloadsLeaveThePendingUnionAndReceiptsIntact() started.
◇ Test schemaBaselineItemMoveUndoAndRedoKeepIdentityAndSubtree() started.
◇ Test case passing 1 argument version → 1 to independentTextAcceptanceRestoredAuthorUndoPreservesRemoteMarksAndReference(version:) started.
◇ Test case passing 2 arguments seed → 255, kind → .listItems to generatedRecoveryCollisionsRetainAllCollectionKinds(seed:kind:) started.
◇ Test writingBatchRetainedFieldEndFollowsRemoteSuffix(range:) started.
◇ Test case passing 1 argument version → 2 to independentTextAcceptanceRestoredAuthorUndoPreservesRemoteMarksAndReference(version:) started.
◇ Test case passing 2 arguments seed → 255, kind → .tableRows to generatedRecoveryCollisionsRetainAllCollectionKinds(seed:kind:) started.
◇ Test pasteSpliceExplicitGroupKeepsConcurrentCutsInBoundaryOrder(pasteActor:pasteCut:) started.
◇ Test case passing 2 arguments seed → 255, kind → .tableCells to generatedRecoveryCollisionsRetainAllCollectionKinds(seed:kind:) started.
◇ Test emptySplitHeadReturnsToExactRetainedBoundaryOnUndoIncludingPeerPrefixAndReopen() started.
◇ Test writingSessionUnicodeReferenceAndUnknownPayloadSurviveSplitReopen() started.
◇ Test v4EmptySplitHeadPositionFollowsRetainedBoundaryAcrossPeerEditsUndoReopenAndRedo(list:actor:) started.
◇ Test incompatibleMergePolicyTitleAndForgedCutProofRejectWithoutHistoryChanges() started.
◇ Test schemaListConversionKeepsRootIdentityRichAtomsMetadataAndRemoteUndo(style:) started.
◇ Test nestedEmptyChecklistEnterOutdentsAndRetainsHistory() started.
◇ Test retainedPasteAtZeroUsesOriginalEndpointAndNoBlankPrefix(actor:) started.
◇ Test splitAfterColumnRemovalAndUndoKeepsLogicalOriginRoutes() started.
◇ Test mergeRetainsRightPeerAtomsAndAnchorsAcrossUndoReopen() started.
◇ Test case passing 2 arguments swap → false, side → "left" to writingSessionConcurrentMergeSplitFollowsBoundary(swap:side:) started.
◇ Test capturedCaretRebasesThroughObservedPeerCutBeforeSecondSplit() started.
◇ Test emptyHeadTraversesMultipleRetiredSplitsButExplicitDeletionDoesNotRetarget() started.
◇ Test pasteBlocksSequentialSameBoundaryKeepsCapturedBeforeImportedGroup() started.
◇ Test nestedMovesRetainScopedIdentityTextMarksReferencesAndSelections() started.
◇ Test concurrentCutsPartitionSuffixInTextOrderAndEachAuthorUndoRetainsOtherCut() started.
◇ Test concurrentDestinationConversionAndParagraphMergePreserveIdentityAndAuthorUndo() started.
◇ Test case passing 2 arguments type → "list", repairConversion → false to schemaConvertedMergeSourceRetainsUnionForEitherAuthorRepair(type:repairConversion:) started.
◇ Test case passing 2 arguments swap → false, side → "right" to writingSessionConcurrentMergeSplitFollowsBoundary(swap:side:) started.
◇ Test writingSessionStoppedAuthorReorderedUndoRedoRestoresWinningHistory() started.
◇ Test joinedSourceInputUsesCapturedAtomsAndRejectsUnrelatedFieldAnchor() started.
◇ Test writingSessionObserverSeesFinalUndoAndRedoHistory() started.
◇ Test retainedSuffixCaretAndPeerReplacementFollowSplitUndoRedoAndReopen() started.
◇ Test nestedChecklistSplitRetainsParentChildrenAndResetsNewItemCheckedState() started.
◇ Test splitKeepsHeadingSourceMetadataRichReferencesAndAtomicBoundaries() started.
◇ Test writingBatchDuplicateCopiesRichDescendantsWithFreshOrigins() started.
◇ Test writingSessionReplacementAndSoftBreakAreAtomicAndCompositionGuarded() started.
◇ Test case passing 2 arguments type → "list", repairConversion → true to schemaConvertedMergeSourceRetainsUnionForEitherAuthorRepair(type:repairConversion:) started.
◇ Test v4ObservedRichPrefixSelectionReplacementRetainsReferencesFormattingAndPeerUndo(list:actor:) started.
◇ Test case passing 2 arguments swap → true, side → "left" to writingSessionConcurrentMergeSplitFollowsBoundary(swap:side:) started.
◇ Test schemaRetiredListStyleStillRejectsMalformedWireAttribute() started.
◇ Test hierarchicalPasteBoundaryAncestorKeepsChildrenAndForeignDescendants(actor:) started.
◇ Test externalNormalizationResultPolicyArraysHaveDeterministicWireOrder() started.
◇ Test concurrentColumnCutsRemainReachableAfterFlatteningUndoAndRejoin() started.
◇ Test concurrentJoinedSourceConversionRetainsUnionForAuthorReconciliation(reverseActors:repairMerge:) started.
◇ Test schemaOverlappingOwnerRepairRoutesBothHistoricalHeadsAndOriginalAtomOrigin(actor:repairOther:) started.
◇ Test sharedBridgeFixture() started.
◇ Test case passing 2 arguments swap → true, side → "right" to writingSessionConcurrentMergeSplitFollowsBoundary(swap:side:) started.
◇ Test case passing 2 arguments type → "code", repairConversion → false to schemaConvertedMergeSourceRetainsUnionForEitherAuthorRepair(type:repairConversion:) started.
◇ Test hierarchicalPasteForeignMovedImportRetainsPeerWorkThroughAuthorUndo(actor:acrossContainer:) started.
◇ Test externalNormalizationDoesNotCommitOrReleaseComposition() started.
◇ Test writingSharedBridgeFixture(name:) started.
◇ Test concurrentTypingAndAuthorUndo() started.
◇ Test protocolCutoverPreservesDocumentAndRejectsMixedVersionsAtomically() started.
◇ Test case passing 2 arguments type → "code", repairConversion → true to schemaConvertedMergeSourceRetainsUnionForEitherAuthorRepair(type:repairConversion:) started.
◇ Test schemaRetainedRoleAnchorsKeepMultiplePeerParagraphOrderAndWrapperRedo() started.
◇ Test preservesUnknownFieldsAndNestedContent() started.
◇ Test bridgeReportsErrorsAndReleasesSessions() started.
◇ Test schemaFirstExitKeepsInsertedOwnerAndFollowingInsertedRootOrdinal() started.
◇ Test nestedListIndentOutdentAndTableCollectionsUseSharedCommands() started.
◇ Test crossPasteInlineUsesOneAuthorJoinAndPreservesPeerAtoms(actor:reversed:) started.
◇ Test sharedRecoveryBridgeFixture() started.
◇ Test structuralPasteAtFieldStartMustRetainCompleteFirstNodeAndAvoidIncidentalBlankPrefix() started.
◇ Test writingSessionNewLinksRejectUnsafeSchemesWithoutChangingLegacyBaseline() started.
◇ Test hierarchicalPasteNestedImportsAndParentEnterKeepIndependentCollections(actor:reversedDelivery:) started.
◇ Test dependentPlacementChainsPreserveExistingContentUntilTheirAnchorArrives(nested:) started.
◇ Test writingMathThresholdUnionAt10001RetainsProposalAndRepairsWithoutLosingPeerAtoms(version:actor:) started.
◇ Test case passing 1 argument version → 1 to sameTransactionCreationSeedsRemainValid(version:) started.
◇ Test impossiblePriorCreationPathsRejectAtomically(delivery:) started.
◇ Test writingSessionMergeKeepsEmptySourceRemoteInputAndRestoresOrigins() started.
◇ Test schemaRoleCohortExcludesUnobservedConcurrentRedo(redoActor:) started.
◇ Test case passing 1 argument version → 2 to sameTransactionCreationSeedsRemainValid(version:) started.
◇ Test schemaConcurrentUnobservedPeerAndRetirementCanRetainRole(undoActor:) started.
◇ Test externalNormalizationDoesNotRelaxLiveHostPolicy() started.
◇ Test mixedPasteAbsorbsOnlyExplicitInlineBoundariesAndFreshensWholeSchemaNodes(actor:) started.
◇ Test concurrentCyclesAndCollidingMovesFallBackWithoutChangingIDs() started.
◇ Test emptyLastRootItemExitsAndUndoRetainsConcurrentRemoteInput() started.
◇ Test nestedReceiveHoldsPreserveCompositionAnchorsAndPreparationCallbacks() started.
◇ Test schemaConvertedMergeDestinationPreservesTypeIdentityAndBothAuthorUndo(type:) started.
◇ Test schemaRichCodeRejectionAndRemoteRichUnionPreserveAcceptedState() started.
◇ Test hierarchicalPasteConcurrentImportsUseRetainedRankInSameChildCollection(actor:reversedDelivery:) started.
◇ Test retainedPasteSequentialReuseKeepsOneStepHistory(actor:) started.
◇ Test clipboardPoliciesRejectUnsafeOrRestrictedImportsWithoutChangingHistory() started.
◇ Test pasteSpliceRejectsDuplicateOwnershipEvenWhenAuthorUndoRetainsMalformedEdit(inactive:) started.
◇ Test case passing 1 argument type → "heading" to v4InlineEnterPreservesSourceAttributesRichSuffixAndAuthorUndo(type:) started.
◇ Test case passing 1 argument type → "quote" to v4InlineEnterPreservesSourceAttributesRichSuffixAndAuthorUndo(type:) started.
◇ Test case passing 1 argument type → "callout" to v4InlineEnterPreservesSourceAttributesRichSuffixAndAuthorUndo(type:) started.
◇ Test writingSessionRecoveryRepairUndoPreservesRemoteCutAndFailureProposal() started.
◇ Test case passing 2 arguments actor → "a", reversed → false to crossPasteMixedRetainsWholeImportsAndObservedSuffixOneUndo(actor:reversed:) started.
◇ Test case passing 2 arguments actor → "a", reversed → true to crossPasteMixedRetainsWholeImportsAndObservedSuffixOneUndo(actor:reversed:) started.
◇ Test case passing 1 argument version → 1 to knownUndoTargetsMustBeEdits(version:) started.
◇ Test case passing 2 arguments actor → "z", reversed → false to crossPasteMixedRetainsWholeImportsAndObservedSuffixOneUndo(actor:reversed:) started.
◇ Test case passing 1 argument version → 2 to knownUndoTargetsMustBeEdits(version:) started.
◇ Test v4EmptySplitHeadPositionFollowsNestedRetiredBirthsWithoutChangingEndSentinels() started.
◇ Test blockConversionKeepsIdentityRichContentAndAuthorUndoAfterReopen() started.
◇ Test case passing 2 arguments actor → "z", reversed → true to crossPasteMixedRetainsWholeImportsAndObservedSuffixOneUndo(actor:reversed:) started.
◇ Test case passing 1 argument list → false to v4SplitKeepsObservedInsertedPrefixAndPeerUndo(list:) started.
◇ Test case passing 1 argument fault → "negative" to schemaMalformedRoleAnchorAndHiddenFirstItemRejectAtomically(fault:) started.
◇ Test case passing 1 argument list → true to v4SplitKeepsObservedInsertedPrefixAndPeerUndo(list:) started.
◇ Test schemaRoleDeltaBeforeDependenciesRetainsRecoveryAndReopens() started.
◇ Test case passing 1 argument swap → false to writingSessionDeletionCannotCollapseDifferentCutRanks(swap:) started.
◇ Test case passing 1 argument fault → "zero" to schemaMalformedRoleAnchorAndHiddenFirstItemRejectAtomically(fault:) started.
◇ Test case passing 1 argument fault → "future" to schemaMalformedRoleAnchorAndHiddenFirstItemRejectAtomically(fault:) started.
◇ Test case passing 1 argument swap → true to writingSessionDeletionCannotCollapseDifferentCutRanks(swap:) started.
◇ Test writingBatchCapturesBackwardRootAndNestedRanges() started.
◇ Test case passing 1 argument fault → "actor" to schemaMalformedRoleAnchorAndHiddenFirstItemRejectAtomically(fault:) started.
◇ Test case passing 1 argument fault → "firstItem" to schemaMalformedRoleAnchorAndHiddenFirstItemRejectAtomically(fault:) started.
◇ Test v4SoftBreakAfterInsertedRunSurvivesTransferredAndJoinedHistory(splitFirst:) started.
◇ Test schemaProjectedPeerParagraphSupportsEnterMoveUndoAndReopen(baseline:) started.
◇ Test case passing 1 argument inactive → false to spliceDuplicateDescriptorMustRemainMalformedWhenAuthorUndone(inactive:) started.
◇ Test case passing 1 argument inactive → true to spliceDuplicateDescriptorMustRemainMalformedWhenAuthorUndone(inactive:) started.
✔ Test externalNormalizationRejectsVersionDepthAndUnknownKindWithoutMutatingSource() passed after 4.424 seconds.
◇ Test retainedPasteInsideObservedInsertedToggleKeepsNestedInitialProofs(actor:) started.
◇ Test collectionTableConcurrentRowsCellsReorderRemoveAndReopenedUndo() started.
✔ Test invalidKnownShapesAreRejectedWithoutChangingTheDocument() passed after 4.436 seconds.
✔ Test writingPrototypeEmptyMergedFieldKeepsItsVirtualBoundaryAcrossUndo() passed after 4.440 seconds.
◇ Test heldProtocolFailureDoesNotStopLaterNestedChangesOrAcknowledgeTheFailure() started.
◇ Test writingSessionConcurrentSameCutRetainsBothBreaksAndUndo() started.
◇ Test schemaInactiveRoleRestoresExactItemAndSupportsLaterListCommands() started.
◇ Test v4TextRepairCompletesRequiredUndoAndPreservesAdditionalPeerMetadata(actor:) started.
✔ Test writingPrototypeBoundaryAffinityFollowsTheAdjacentContent() passed after 4.441 seconds.
✔ Test writingBatchRejectsOverlapAndCompositionWithoutMutation() passed after 4.446 seconds.
◇ Test retainedPasteNewWireCannotBeSpoofedIntoFiveOrMissingCohortAdmitted() started.
◇ Test case passing 1 argument command → "heading" to schemaRetainedPeerSupportsConversionShortcutAndMerge(command:) started.
◇ Test case passing 1 argument command → "code" to schemaRetainedPeerSupportsConversionShortcutAndMerge(command:) started.
◇ Test case passing 1 argument command → "list" to schemaRetainedPeerSupportsConversionShortcutAndMerge(command:) started.
◇ Test case passing 1 argument command → "shortcut" to schemaRetainedPeerSupportsConversionShortcutAndMerge(command:) started.
◇ Test case passing 1 argument command → "mergeLeft" to schemaRetainedPeerSupportsConversionShortcutAndMerge(command:) started.
◇ Test case passing 1 argument command → "mergeRight" to schemaRetainedPeerSupportsConversionShortcutAndMerge(command:) started.
✔ Test schemaInlineConversionDoesNotOverwriteUnknownReservedMetadata(version:key:) with 4 test cases passed after 4.471 seconds.
◇ Test simultaneousRepairsConvergeAndUndoKeepsTheOtherRepair() started.
◇ Test undoInsertionPreservesRemoteContentAndConcurrentDescendantsSurviveDelete() started.
◇ Test collectionCreationRejectsInvalidScopePolicyCompositionAndLegacyAtomically() started.
◇ Test schemaMalformedRetainedRoleDoesNotChangeAcceptedSaveOrReachV3(fault:) started.
◇ Test writingSessionCutoverPreservesDocumentIDRequiresReconciliationAndArchivesUndo() started.
◇ Test writingSessionEmptyTextExtensionsSurviveAuthoringAndUndo() started.
✔ Test pasteBlocksRejectsUnsupportedPolicyCompositionAndOldEpochWithoutAcceptedMutation() passed after 4.471 seconds.
◇ Test schemaConcurrentListConversionsKeepRecoverableUnionAndEitherAuthorCanRepair(reverseActors:repairFirst:) started.
◇ Test schemaOrdinaryConversionCannotBeSpoofedIntoV3BatchOrRestore() started.
◇ Test pasteBlocksAtZeroPreservesOriginalSuffixIdentityAndOpaqueBoundaryMetadata() started.
◇ Test allDeliveryPermutationsConverge() started.
◇ Test concurrentFormattingAndDeletion() started.
◇ Test legacySeedNamespaceFollowsTheTextActuallyInitialized(initialized:) started.
◇ Test retainedPasteCannotRankFromGloballyKnownButUnobservedSourceAnchor() started.
◇ Test schemaPeerListStyleSurvivesWrapperUndoAsMetadataAndRedoUsesPeerStyle() started.
◇ Test emptyNestedListItemOutdentsWithoutChangingIdentity() started.
◇ Test retainedPasteRichReferenceCannotFlattenThroughConcurrentCode(actor:) started.
◇ Test reservedSeedReferencesRejectAtomically(version:) started.
◇ Test crossPastePreservesUnseenIntermediateChildAndBoundaryText(actor:) started.
◇ Test schemaConcurrentFirstAndLastExitsConvergeAndKeepSourceOrdinal(actor:inserted:) started.
◇ Test inactiveMovesStillRejectKnownAnchorsFromAnotherCollection(editedAnchor:) started.
◇ Test sameChangeTextAnchorsCannotNamePlacementsOrAnotherField(version:) started.
◇ Test mixedPasteConcurrentCutsOrderCompleteGroupsAndFollowBoundaryPrefix(actor:cut:) started.
◇ Test copiedFilesAndPreviewsRemainInertAndRequireExplicitSafeMetadataPermission() started.
◇ Test schemaConversionRejectsReservedUnknownFieldCollisionsWithoutMutation(key:) started.
◇ Test hiddenToggleAndTwoColumnsCopyAllContentSplitAndOpaqueMetadataInLogicalOrder() started.
◇ Test case passing 2 arguments actor → "a", scenario → "source-before" to crossPasteConcurrentBoundarySplitsPreserveCutOwners(actor:scenario:) started.
◇ Test case passing 2 arguments actor → "a", scenario → "source-after" to crossPasteConcurrentBoundarySplitsPreserveCutOwners(actor:scenario:) started.
◇ Test case passing 2 arguments actor → "a", scenario → "endpoint-before" to crossPasteConcurrentBoundarySplitsPreserveCutOwners(actor:scenario:) started.
◇ Test case passing 2 arguments actor → "a", scenario → "endpoint-after" to crossPasteConcurrentBoundarySplitsPreserveCutOwners(actor:scenario:) started.
◇ Test case passing 2 arguments actor → "z", scenario → "source-before" to crossPasteConcurrentBoundarySplitsPreserveCutOwners(actor:scenario:) started.
◇ Test case passing 2 arguments actor → "z", scenario → "source-after" to crossPasteConcurrentBoundarySplitsPreserveCutOwners(actor:scenario:) started.
◇ Test case passing 2 arguments actor → "z", scenario → "endpoint-before" to crossPasteConcurrentBoundarySplitsPreserveCutOwners(actor:scenario:) started.
◇ Test case passing 2 arguments actor → "z", scenario → "endpoint-after" to crossPasteConcurrentBoundarySplitsPreserveCutOwners(actor:scenario:) started.
◇ Test retainedPasteCanReuseObservedOrdinarySplitTail(actor:) started.
◇ Test mixedWholeAndBackwardPartialCopyHasLiteralOrderAndLeavesHistoryFocusUntouched() started.
◇ Test modernMarksReferencesAndOpaqueNodeDataRemainExactWithSeparatePastePolicy() started.
◇ Test wholeSubtreeCopySuppressesRedundantPartialRangesAndTracksCurrentMaterialization() started.
◇ Test v3NewBlockCommandsLeaveAcceptedStateUntouched() started.
◇ Test sameFieldPeerInsertionDoesNotInventAParagraphBreakInCapturedCopy() started.
◇ Test retainedPasteLaterEndpointMoveStaysAuthoritativeThroughOwnUndo(actor:acrossContainer:) started.
◇ Test malformedNodeKindsDepthAndFutureScopeRejectWithoutHistoryMutation() started.
◇ Test mixedPasteAtZeroKeepsOriginalSuffixOwnerWithoutAnIncidentalBlankHead() started.
◇ Test versionUnknownFieldsDuplicateKeysFallbackMismatchAndNestedLayoutReject() started.
◇ Test writingSessionSplitFollowsRemoteTextMarksSelectionsAndOneUndo() started.
◇ Test modernItemRowCellPayloadsValidateSemanticMarksWithoutLegacyAdmission() started.
◇ Test sameChangeMovesCannotHideExistingContentInAnAnchorCycle(version:) started.
◇ Test capturedAtomsFollowPeerSplitsWhileUnobservedPeerTextAndOverlappingRangesDoNotDuplicate() started.
◇ Test v4ConcurrentCutPreservesUnobservedInsertedPrefixInEarlierTail(actor:) started.
◇ Test readOnlyCopyWorksUnderCompositionAndAuthoringPolicyButTitleCannotMixWithBody() started.
◇ Test clipboardMixedCopyUsesVisibleOrderAfterRemoteMove() started.
◇ Test undoOfMissingEditRemainsValidUntilItsCausalTargetArrives(version:) started.
◇ Test schemaEmptyExitRejectsVisibleAndRetainedRootLabelCollisionAtomically(retired:) started.
✔ Test v4ConcurrentCutsKeepEachObservedPrefixPartition(actor:) with 2 test cases passed after 4.630 seconds.
◇ Test case passing 2 arguments type → "list", reverseActors → false to schemaConversionAndOldParagraphSplitUseRetainedOriginWithAuthorUndo(type:reverseActors:) started.
◇ Test duplicateRecursivelyRespectsAuthoringPolicyWithoutChangingAcceptedHistory() started.
◇ Test legacyStoppedAuthorReorderedUndoRedoKeepsWinningAvailability(version:) started.
◇ Test case passing 2 arguments type → "list", reverseActors → true to schemaConversionAndOldParagraphSplitUseRetainedOriginWithAuthorUndo(type:reverseActors:) started.
◇ Test case passing 2 arguments type → "code", reverseActors → false to schemaConversionAndOldParagraphSplitUseRetainedOriginWithAuthorUndo(type:reverseActors:) started.
◇ Test case passing 1 argument actor → "a" to hierarchicalPasteDeletesOnlyObservedIntermediateSubtrees(actor:) started.
◇ Test case passing 2 arguments type → "code", reverseActors → true to schemaConversionAndOldParagraphSplitUseRetainedOriginWithAuthorUndo(type:reverseActors:) started.
◇ Test case passing 1 argument actor → "z" to hierarchicalPasteDeletesOnlyObservedIntermediateSubtrees(actor:) started.
◇ Test cachedWritingOrderMatchesCanonicalIdentityOrder() started.
◇ Test textPositionsWaitForMissingCausalAnchorsAndRejectOtherDocuments() started.
◇ Test case passing 2 arguments actor → "a", emptyLeading → false to mixedPasteAdjacentInlineFieldsKeepTheirExplicitBreak(actor:emptyLeading:) started.
◇ Test case passing 2 arguments actor → "a", emptyLeading → true to mixedPasteAdjacentInlineFieldsKeepTheirExplicitBreak(actor:emptyLeading:) started.
◇ Test case passing 2 arguments actor → "z", emptyLeading → false to mixedPasteAdjacentInlineFieldsKeepTheirExplicitBreak(actor:emptyLeading:) started.
◇ Test case passing 2 arguments actor → "z", emptyLeading → true to mixedPasteAdjacentInlineFieldsKeepTheirExplicitBreak(actor:emptyLeading:) started.
◇ Test schemaConversionUndoProjectsPeerItemWithSameIdentityAndSuffix() started.
◇ Test writingSessionEmptyCodeHasNoSyntheticInlineRecord() started.
◇ Test v5RequiredUndoExportsRestartsAndRepairsWithoutLosingPeerMetadata() started.
◇ Test schemaInactiveConversionAllowsEitherAuthorToRepairPriorSortedMetadataConflict(repairConversion:) started.
◇ Test receiveHoldBoundsQueuedMessagesWithoutAcknowledgingThem() started.
✔ Test writingSessionCompositionDefersReceiptsCapturesSelectionAndReleasesOnce() passed after 4.689 seconds.
✔ Test markdownHeadingConsumesPrefixInOneUndoAndRespectsPolicyAndComposition() passed after 4.689 seconds.
◇ Test writingPrototypeSplitRetainsConcurrentTypingFormattingAndAtomOrigins() started.
◇ Test nestedReceiveHoldsKeepReceiptsPendingAndDrainAfterInvalidBatch() started.
◇ Test clipboardMarkdownDividerRoundTripsWithFreshIdentityAndPolicy() started.
◇ Test clipboardPlainTextNormalizesLineEndingsInOneUndoAction() started.
◇ Test hierarchicalPasteSingleInlineKeepsBothOpaqueBoundaries(actor:) started.
◇ Test v4SequentialInsertionKeepsObservedRunOrderAndPeerUndo(list:actor:) started.
◇ Test receivePreparationCannotOverwriteReentrantLocalChanges() started.
◇ Test clipboardRichPastePreservesReferencePayloadAndPeerUndoAcrossReopen() started.
◇ Test clipboardCollectionFreshensOnlySchemaIDsAndUndoesOnceWithRemoteChildren() started.
✔ Test insertedDescendantInitialPlacementsAndCausalReorderingRemainValid() passed after 4.690 seconds.
◇ Test v5SpliceOnExposedPeerParagraphPreservesRoleAcrossWrapperUndoAndReopen(wrapperActor:) started.
◇ Test case passing 1 argument actor → "a" to retainedPasteAfterOrdinarySourceMoveUsesLiveOrderNotRgaAfterAncestry(actor:) started.
◇ Test case passing 1 argument actor → "z" to retainedPasteAfterOrdinarySourceMoveUsesLiveOrderNotRgaAfterAncestry(actor:) started.
◇ Test ordinarySplitBeforeFirstImportedMemberMustPrecedeWholeExistingGroup() started.
✔ Test concurrentFormattingPreservesRemoteInsertionAndIndependentMarks() passed after 4.697 seconds.
◇ Test hierarchicalPasteOldEpochAndIncompatibleKindRejectAtomically() started.
◇ Test exitRolesWithRankedAndFallbackOriginsKeepOneStableOrder() started.
✔ Test schemaConversionAndOldOriginEditConvergeUnderReversedActorAndDeliveryOrder(converter:) with 2 test cases passed after 4.700 seconds.
◇ Test writingPrototypeCyclesAndIncompleteHistoriesFailExplicitly() started.
◇ Test writingBatchDuplicateSkipsLabelsRetainedAcrossEpochReset() started.
◇ Test writingSessionSequentialCutsKeepObservedSiblingOrder(offset:) started.
◇ Test schemaConcurrentPartitionsThatExhaustAnOwnerRetainRecoveryAndEitherAuthorCanRepair(actor:repairOther:) started.
◇ Test case passing 2 arguments actor → "a", reversed → false to retainedPasteKeepsBothOpaqueOwnersAndOneAuthorUndo(actor:reversed:) started.
◇ Test case passing 2 arguments actor → "a", reversed → true to retainedPasteKeepsBothOpaqueOwnersAndOneAuthorUndo(actor:reversed:) started.
◇ Test case passing 2 arguments actor → "z", reversed → false to retainedPasteKeepsBothOpaqueOwnersAndOneAuthorUndo(actor:reversed:) started.
◇ Test case passing 2 arguments actor → "z", reversed → true to retainedPasteKeepsBothOpaqueOwnersAndOneAuthorUndo(actor:reversed:) started.
✔ Test schemaOverlappingMovedItemConversionOriginsNeverDependOnDictionaryOrder() passed after 4.757 seconds.
✔ Test v4PendingReceiveBlocksHistoryEvenWhenNeitherStackHasAnEntry() passed after 4.757 seconds.
✔ Test v4RequiredUndoPersistsAndExplicitRedoRetainsEveryHistory(actor:) with 2 test cases passed after 4.758 seconds.
✔ Test collectionNestedChecklistMovesPreserveReferencesCheckedAndScopedLabels() passed after 4.757 seconds.
◇ Test case passing 1 argument exit → false to schemaListTextSemanticsCannotBeSpoofedIntoV3BatchOrRestore(exit:) started.
◇ Test case passing 1 argument exit → true to schemaListTextSemanticsCannotBeSpoofedIntoV3BatchOrRestore(exit:) started.
✔ Test documentMigrationCorpusRetainsEveryFieldAndRejectsInvalidKnownShapes() passed after 4.767 seconds.
✔ Test schemaEmptyRootItemExitPreservesBothIdentitiesAndRemoteHistory(index:actor:) with 6 test cases passed after 4.767 seconds.
◇ Test case passing 2 arguments actor → "a", concurrentCut → false to retainedPasteDifferentLaterSourceKeepsEarlierImportedMember(actor:concurrentCut:) started.
◇ Test case passing 2 arguments actor → "a", concurrentCut → true to retainedPasteDifferentLaterSourceKeepsEarlierImportedMember(actor:concurrentCut:) started.
◇ Test case passing 2 arguments actor → "z", concurrentCut → false to retainedPasteDifferentLaterSourceKeepsEarlierImportedMember(actor:concurrentCut:) started.
◇ Test case passing 2 arguments actor → "z", concurrentCut → true to retainedPasteDifferentLaterSourceKeepsEarlierImportedMember(actor:concurrentCut:) started.
✔ Test aMoveIntoAnUnanchoredCausalOwnerKeepsItsPreviousPlacement() passed after 4.812 seconds.
✔ Test v4ConcurrentTextRepairsRetainBothAuthorsAndRecoverAfterBothUndos(actor:) with 2 test cases passed after 4.813 seconds.
✔ Test nestedPositionsRespectAtomicReferencesAndDoNotChangeSavedState() passed after 4.812 seconds.
✔ Test retainedPasteOverlappingEndpointExportsAndEitherAuthorRepairs(actor:repairPeer:) with 4 test cases passed after 4.812 seconds.
✔ Test retainedPasteDoesNotUpgradeOrAdmitMixedEpochs() passed after 4.814 seconds.
◇ Test case passing 1 argument actor → "a" to retainedPasteBaselineRoleRequiresObservedRetirement(actor:) started.
◇ Test case passing 1 argument actor → "z" to retainedPasteBaselineRoleRequiresObservedRetirement(actor:) started.
✔ Test retainedPasteConcurrentSplitsOrderRetainedEndpointGroup(actor:scenario:) with 8 test cases passed after 4.893 seconds.
✔ Test oversizedDocumentAndCapacityErrorsKeepEveryUnappliedChangeRecoverable() passed after 4.893 seconds.
◇ Test case passing 1 argument actor → "a" to retainedPasteConcurrentHeadingPreservesEndpointSchemaAndUndo(actor:) started.
◇ Test case passing 1 argument actor → "z" to retainedPasteConcurrentHeadingPreservesEndpointSchemaAndUndo(actor:) started.
✔ Test generatedOfflineTextAndFormattingConverge(seed:) with 8 test cases passed after 4.930 seconds.
✔ Test v5InheritsV4ObservedUnicodeAuthorUndoAndRestart() passed after 4.930 seconds.
✔ Test generatedRecoveryCollisionsRetainAllCollectionKinds(seed:kind:) with 20 test cases passed after 4.951 seconds.
◇ Test case passing 1 argument actor → "a" to retainedPasteSupersededEndpointContainerDoesNotClaimOldSourceGroup(actor:) started.
◇ Test case passing 1 argument actor → "z" to retainedPasteSupersededEndpointContainerDoesNotClaimOldSourceGroup(actor:) started.
✔ Test authoringRestrictionsDoNotDestroySavedBlocks() passed after 4.971 seconds.
✔ Test crossPasteMetadataEndpointRejectsWithoutAcceptedMutation() passed after 4.971 seconds.
✔ Test schemaMalformedV4ObservedFrontierLeavesAcceptedSaveUnchanged(fault:) with 5 test cases passed after 4.971 seconds.
✔ Test duplicateAndReorderedDelivery() passed after 4.971 seconds.
◇ Test case passing 1 argument version → 4 to externalNormalizationPreservesRichReferenceAndPeerUndo(version:) started.
◇ Test case passing 1 argument version → 5 to externalNormalizationPreservesRichReferenceAndPeerUndo(version:) started.
◇ Test modernSnapshotDoesNotBroadenLegacyMarkOrSessionAdmission() started.
◇ Test independentSnapshotsRetainEveryAdmittedFieldAndCanonicalRoundTrip() started.
◇ Test splitRejectsInvalidBoundsAndNonintegerValues(_:) started.
✔ Test schemaCodeShortcutAndEncodingRoundTripRetainIdentityAndBothOrigins() passed after 5.005 seconds.
◇ Test explicitNewDocumentDefaultsDoNotSilentlyUpgradeMissingWireFields() started.
◇ Test exactTwoContainersAndScopedIdentitiesAreRequired() started.
◇ Test existingLimitsAndOpaqueMetadataArePreserved() started.
◇ Test opaqueNumbersCannotSilentlyRoundDuringAdmission(_:) started.
◇ Test exactNumericRoundTripsAllowCanonicalDecimalSpelling(_:) started.
◇ Test nestedColumnsRejectEvenThroughToggleDescendantsButIndependentLayoutsRemainValid() started.
◇ Test titleRejectsLineBreaksWithoutConsumingBody(_:) started.
◇ Test appearanceAndPaletteRejectUnrecognizedPresetsAndRoles() started.
◇ Test case passing 1 argument levels → 17 to depthLimitUnionCanBeRepairedWithoutChangingExistingIDsOrContent(levels:) started.
◇ Test case passing 1 argument levels → 20 to depthLimitUnionCanBeRepairedWithoutChangingExistingIDsOrContent(levels:) started.
◇ Test case passing 1 argument levels → 24 to depthLimitUnionCanBeRepairedWithoutChangingExistingIDsOrContent(levels:) started.
◇ Test duplicateRawKeysIncludingEscapedKeysRejectBeforeSemanticAdmission() started.
✔ Test v5SplicePreservesForeignMovedImportedContainerAndUnseenChildThroughAuthorUndoAndReopen() passed after 5.047 seconds.
◇ Test case passing 1 argument inactive → false to pasteSpliceRejectsUnobservedSameEditOuterNeighborWhenActiveOrUndone(inactive:) started.
◇ Test case passing 1 argument inactive → true to pasteSpliceRejectsUnobservedSameEditOuterNeighborWhenActiveOrUndone(inactive:) started.
✔ Test writingMathThresholdUnionAt10000PreservesBothAuthorsAndUndo(version:actor:) with 4 test cases passed after 5.054 seconds.
◇ Test case passing 2 arguments seed → 1, kind → .root to generatedStructuralCollectionsOfflineEditsAndHistoryConverge(seed:kind:) started.
◇ Test case passing 2 arguments seed → 1, kind → .toggleChildren to generatedStructuralCollectionsOfflineEditsAndHistoryConverge(seed:kind:) started.
◇ Test case passing 2 arguments seed → 1, kind → .listItems to generatedStructuralCollectionsOfflineEditsAndHistoryConverge(seed:kind:) started.
◇ Test case passing 2 arguments seed → 1, kind → .tableRows to generatedStructuralCollectionsOfflineEditsAndHistoryConverge(seed:kind:) started.
◇ Test case passing 2 arguments seed → 1, kind → .tableCells to generatedStructuralCollectionsOfflineEditsAndHistoryConverge(seed:kind:) started.
◇ Test case passing 2 arguments seed → 7, kind → .root to generatedStructuralCollectionsOfflineEditsAndHistoryConverge(seed:kind:) started.
◇ Test case passing 2 arguments seed → 7, kind → .toggleChildren to generatedStructuralCollectionsOfflineEditsAndHistoryConverge(seed:kind:) started.
◇ Test case passing 2 arguments seed → 7, kind → .listItems to generatedStructuralCollectionsOfflineEditsAndHistoryConverge(seed:kind:) started.
◇ Test case passing 2 arguments seed → 7, kind → .tableRows to generatedStructuralCollectionsOfflineEditsAndHistoryConverge(seed:kind:) started.
◇ Test case passing 2 arguments seed → 7, kind → .tableCells to generatedStructuralCollectionsOfflineEditsAndHistoryConverge(seed:kind:) started.
◇ Test case passing 2 arguments seed → 42, kind → .root to generatedStructuralCollectionsOfflineEditsAndHistoryConverge(seed:kind:) started.
◇ Test case passing 2 arguments seed → 42, kind → .toggleChildren to generatedStructuralCollectionsOfflineEditsAndHistoryConverge(seed:kind:) started.
◇ Test case passing 2 arguments seed → 42, kind → .listItems to generatedStructuralCollectionsOfflineEditsAndHistoryConverge(seed:kind:) started.
◇ Test case passing 2 arguments seed → 42, kind → .tableRows to generatedStructuralCollectionsOfflineEditsAndHistoryConverge(seed:kind:) started.
◇ Test case passing 2 arguments seed → 42, kind → .tableCells to generatedStructuralCollectionsOfflineEditsAndHistoryConverge(seed:kind:) started.
◇ Test case passing 2 arguments seed → 255, kind → .root to generatedStructuralCollectionsOfflineEditsAndHistoryConverge(seed:kind:) started.
◇ Test case passing 2 arguments seed → 255, kind → .toggleChildren to generatedStructuralCollectionsOfflineEditsAndHistoryConverge(seed:kind:) started.
◇ Test case passing 2 arguments seed → 255, kind → .listItems to generatedStructuralCollectionsOfflineEditsAndHistoryConverge(seed:kind:) started.
◇ Test case passing 2 arguments seed → 255, kind → .tableRows to generatedStructuralCollectionsOfflineEditsAndHistoryConverge(seed:kind:) started.
◇ Test case passing 2 arguments seed → 255, kind → .tableCells to generatedStructuralCollectionsOfflineEditsAndHistoryConverge(seed:kind:) started.
◇ Test case passing 2 arguments seed → 65537, kind → .root to generatedStructuralCollectionsOfflineEditsAndHistoryConverge(seed:kind:) started.
◇ Test case passing 2 arguments seed → 65537, kind → .toggleChildren to generatedStructuralCollectionsOfflineEditsAndHistoryConverge(seed:kind:) started.
◇ Test case passing 2 arguments seed → 65537, kind → .listItems to generatedStructuralCollectionsOfflineEditsAndHistoryConverge(seed:kind:) started.
◇ Test case passing 2 arguments seed → 65537, kind → .tableRows to generatedStructuralCollectionsOfflineEditsAndHistoryConverge(seed:kind:) started.
◇ Test case passing 2 arguments seed → 65537, kind → .tableCells to generatedStructuralCollectionsOfflineEditsAndHistoryConverge(seed:kind:) started.
◇ Test case passing 2 arguments seed → 20260930, kind → .root to generatedStructuralCollectionsOfflineEditsAndHistoryConverge(seed:kind:) started.
◇ Test case passing 2 arguments seed → 20260930, kind → .toggleChildren to generatedStructuralCollectionsOfflineEditsAndHistoryConverge(seed:kind:) started.
◇ Test case passing 2 arguments seed → 20260930, kind → .listItems to generatedStructuralCollectionsOfflineEditsAndHistoryConverge(seed:kind:) started.
◇ Test case passing 2 arguments seed → 20260930, kind → .tableRows to generatedStructuralCollectionsOfflineEditsAndHistoryConverge(seed:kind:) started.
◇ Test case passing 2 arguments seed → 20260930, kind → .tableCells to generatedStructuralCollectionsOfflineEditsAndHistoryConverge(seed:kind:) started.
◇ Test case passing 2 arguments seed → 999983, kind → .root to generatedStructuralCollectionsOfflineEditsAndHistoryConverge(seed:kind:) started.
◇ Test case passing 2 arguments seed → 999983, kind → .toggleChildren to generatedStructuralCollectionsOfflineEditsAndHistoryConverge(seed:kind:) started.
◇ Test case passing 2 arguments seed → 999983, kind → .listItems to generatedStructuralCollectionsOfflineEditsAndHistoryConverge(seed:kind:) started.
◇ Test case passing 2 arguments seed → 999983, kind → .tableRows to generatedStructuralCollectionsOfflineEditsAndHistoryConverge(seed:kind:) started.
◇ Test case passing 2 arguments seed → 999983, kind → .tableCells to generatedStructuralCollectionsOfflineEditsAndHistoryConverge(seed:kind:) started.
◇ Test case passing 2 arguments seed → 4294967295, kind → .root to generatedStructuralCollectionsOfflineEditsAndHistoryConverge(seed:kind:) started.
◇ Test case passing 2 arguments seed → 4294967295, kind → .toggleChildren to generatedStructuralCollectionsOfflineEditsAndHistoryConverge(seed:kind:) started.
◇ Test case passing 2 arguments seed → 4294967295, kind → .listItems to generatedStructuralCollectionsOfflineEditsAndHistoryConverge(seed:kind:) started.
◇ Test case passing 2 arguments seed → 4294967295, kind → .tableRows to generatedStructuralCollectionsOfflineEditsAndHistoryConverge(seed:kind:) started.
◇ Test case passing 2 arguments seed → 4294967295, kind → .tableCells to generatedStructuralCollectionsOfflineEditsAndHistoryConverge(seed:kind:) started.
✔ Test externalUnknownWholeNodeFallbackKeepsRecognizedVisibleFieldsOnly() passed after 49.238 seconds.
✔ Test sequentialSpliceBeforeFirstImportedMemberMustPrecedeWholeEarlierGroup() passed after 49.238 seconds.
✘ Test deletedOrReusedLabelNeverReceivesCompletionAndExplicitRetryAfterDeletionUndoIsPossible() recorded an issue at ModernAsyncCommandsTests.swift:62:6: Caught error: .invalidChange
✔ Test bridgeRoutesExplicitV5AndRejectsUnknownCreateAndRestoreVersions() passed after 49.385 seconds.
◇ Test case passing 2 arguments existing → false, actor → "a" to schemaSoleEmptyItemExitRetainsChildrenAndReorderedPeerChildEdits(existing:actor:) started.
◇ Test case passing 2 arguments existing → false, actor → "z" to schemaSoleEmptyItemExitRetainsChildrenAndReorderedPeerChildEdits(existing:actor:) started.
◇ Test case passing 2 arguments existing → true, actor → "a" to schemaSoleEmptyItemExitRetainsChildrenAndReorderedPeerChildEdits(existing:actor:) started.
◇ Test case passing 2 arguments existing → true, actor → "z" to schemaSoleEmptyItemExitRetainsChildrenAndReorderedPeerChildEdits(existing:actor:) started.
✔ Test collectionInsertAfterProjectedPeerRetainsRoleProofAndUndo(baseline:) with 2 test cases passed after 49.934 seconds.
✔ Test recoveryAccumulatesReorderedAdditionalEditsWithoutAcknowledgingThem() passed after 49.934 seconds.
✔ Test partialReferenceEditBecomesPlainText() passed after 50.227 seconds.
◇ Test insertChoosesFirstEditableNestedFieldOrWholeNodeAndUndoesOnce() started.
◇ Test deleteReturnsFollowingThenPrecedingTextOrEmptyInsertionWithoutPlaceholder() started.
◇ Test mixedDeletePreservesLaterPeerAtomsAndIndependentTextWithOneUndo() started.
◇ Test case passing 1 argument version → 1 to independentTextAcceptanceUndoDoesNotResurrectAnotherAuthorsDeletion(version:) started.
◇ Test case passing 1 argument version → 2 to independentTextAcceptanceUndoDoesNotResurrectAnotherAuthorsDeletion(version:) started.
◇ Test staleSelectionScopeForgedBoundaryWrongOrderAndForeignCaretRejectAtomically() started.
✔ Test receivePreparationOnlyRunsForValidatedStateChanges() passed after 50.409 seconds.
✔ Test knownCreationSeedsValidateWhileTheirParentIsMissing() passed after 50.409 seconds.
◇ Test multiMovePreservesCapturedOrderCaretAndPeerTextAsOneUndo() started.
◇ Test case passing 1 argument actor → "a" to retainedPasteEndpointRoleKeepsOpaqueIdentityThroughHistory(actor:) started.
◇ Test case passing 1 argument actor → "z" to retainedPasteEndpointRoleKeepsOpaqueIdentityThroughHistory(actor:) started.
◇ Test capturedRootBoundarySurvivesAnchorMoveAndDeletionWithoutRetargeting() started.
◇ Test ancestorOverlapMetadataAndDeletedColumnDestinationReject() started.
◇ Test readOnlyBodyFallbackUsesTitleAndCoveredRangesDoNotDuplicateDeletion() started.
◇ Test authoredRichBlockMarksUseTextPolicyWithoutReinterpretingOpaqueMetadata() started.
◇ Test case passing 1 argument metadata → [:] to invalidMetadataNeverChangesAcceptedHistoryOrRequestRecord(_:) started.
◇ Test case passing 1 argument metadata → ["id": BlockEditorCore.JSONValue.string("new")] to invalidMetadataNeverChangesAcceptedHistoryOrRequestRecord(_:) started.
◇ Test case passing 1 argument metadata → ["caption": BlockEditorCore.JSONValue.array([])] to invalidMetadataNeverChangesAcceptedHistoryOrRequestRecord(_:) started.
◇ Test case passing 1 argument metadata → ["consumer": BlockEditorCore.JSONValue.object([:])] to invalidMetadataNeverChangesAcceptedHistoryOrRequestRecord(_:) started.
◇ Test case passing 1 argument metadata → ["src": BlockEditorCore.JSONValue.null] to invalidMetadataNeverChangesAcceptedHistoryOrRequestRecord(_:) started.
◇ Test case passing 1 argument metadata → ["width": BlockEditorCore.JSONValue.number(-1.0)] to invalidMetadataNeverChangesAcceptedHistoryOrRequestRecord(_:) started.
◇ Test case passing 1 argument metadata → ["alt": BlockEditorCore.JSONValue.number(5.0)] to invalidMetadataNeverChangesAcceptedHistoryOrRequestRecord(_:) started.
◇ Test case passing 1 argument metadata → ["height": BlockEditorCore.JSONValue.number(1.5)] to invalidMetadataNeverChangesAcceptedHistoryOrRequestRecord(_:) started.
◇ Test rangeConversionHasUniqueBirthsAndOneUndoPreservingPeerText() started.
◇ Test oneLossyMemberRejectsCompleteRangeWithoutWriting() started.
◇ Test case passing 1 argument version → 1 to seedAnchorsPreserveUnicodeReferencesAndTombstones(version:) started.
◇ Test case passing 1 argument version → 2 to seedAnchorsPreserveUnicodeReferencesAndTombstones(version:) started.
◇ Test case passing 1 argument joinFirst → false to v4CausalSplitPinsEarlierDestinationAndJoinedPrefix(joinFirst:) started.
◇ Test case passing 1 argument joinFirst → true to v4CausalSplitPinsEarlierDestinationAndJoinedPrefix(joinFirst:) started.
✔ Test unicodeRangesAndRoundTrip() passed after 50.756 seconds.
✔ Test writingSessionConcurrentDifferentCutsPreserveSegmentOrder(swap:) with 2 test cases passed after 50.958 seconds.
◇ Test case passing 2 arguments actor → "a", reversed → false to hierarchicalPasteKeepsOriginalCollectionsAndWholeImportedMetadata(actor:reversed:) started.
◇ Test case passing 2 arguments actor → "a", reversed → true to hierarchicalPasteKeepsOriginalCollectionsAndWholeImportedMetadata(actor:reversed:) started.
◇ Test case passing 2 arguments actor → "z", reversed → false to hierarchicalPasteKeepsOriginalCollectionsAndWholeImportedMetadata(actor:reversed:) started.
◇ Test case passing 2 arguments actor → "z", reversed → true to hierarchicalPasteKeepsOriginalCollectionsAndWholeImportedMetadata(actor:reversed:) started.
◇ Test case passing 1 argument actor → "a" to retainedPasteAcceptsObservedRoleSourceAndRejectsErasedRoleCohort(actor:) started.
◇ Test case passing 1 argument actor → "z" to retainedPasteAcceptsObservedRoleSourceAndRejectsErasedRoleCohort(actor:) started.
◇ Test case passing 2 arguments actor → "a", upper → 2 to mixedPasteZeroReplacementRetainsSuffixOriginWithConcurrentSplit(actor:upper:) started.
◇ Test case passing 2 arguments actor → "a", upper → 4 to mixedPasteZeroReplacementRetainsSuffixOriginWithConcurrentSplit(actor:upper:) started.
◇ Test case passing 2 arguments actor → "z", upper → 2 to mixedPasteZeroReplacementRetainsSuffixOriginWithConcurrentSplit(actor:upper:) started.
◇ Test case passing 2 arguments actor → "z", upper → 4 to mixedPasteZeroReplacementRetainsSuffixOriginWithConcurrentSplit(actor:upper:) started.
◇ Test case passing 1 argument deferredParent → false to impossibleSameChangeNodePathsAndInitialAnchorsRejectAtomically(deferredParent:) started.
◇ Test case passing 1 argument deferredParent → true to impossibleSameChangeNodePathsAndInitialAnchorsRejectAtomically(deferredParent:) started.
◇ Test case passing 2 arguments actor → "a", cut → 1 to pasteBlocksPublicCommandRetainsWholeMetadataAndConcurrentCutGroups(actor:cut:) started.
◇ Test case passing 2 arguments actor → "a", cut → 2 to pasteBlocksPublicCommandRetainsWholeMetadataAndConcurrentCutGroups(actor:cut:) started.
◇ Test case passing 2 arguments actor → "z", cut → 1 to pasteBlocksPublicCommandRetainsWholeMetadataAndConcurrentCutGroups(actor:cut:) started.
◇ Test case passing 2 arguments actor → "z", cut → 2 to pasteBlocksPublicCommandRetainsWholeMetadataAndConcurrentCutGroups(actor:cut:) started.
◇ Test case passing 1 argument metadataType → "host-metadata" to createdListDescendantsRetainOpaqueTypeMetadata(metadataType:) started.
◇ Test case passing 1 argument metadataType → "math" to createdListDescendantsRetainOpaqueTypeMetadata(metadataType:) started.
◇ Test case passing 1 argument metadataType → "toggle" to createdListDescendantsRetainOpaqueTypeMetadata(metadataType:) started.
◇ Test checklistUpdatesOnlyChangedItemsAndOneUndoRetainsDisjointPeerWrites() started.
◇ Test styleChangesDeduplicateContainingOwnersAndPreserveCheckedRichAndOpaqueFields() started.
◇ Test nativeJSONEnvelopeChecksListArgumentsPolicyCapturesAndFocus() started.
◇ Test case passing 1 argument range → 0 ..< 4 to writingBatchRetainedFieldEndFollowsRemoteSuffix(range:) started.
◇ Test case passing 1 argument range → 1 ..< 4 to writingBatchRetainedFieldEndFollowsRemoteSuffix(range:) started.
◇ Test case passing 1 argument range → 4 ..< 4 to writingBatchRetainedFieldEndFollowsRemoteSuffix(range:) started.
◇ Test concurrentNestedMovesPreserveBothAuthorsAndUndoUsesRemainingPlacement() started.
◇ Test mixedHistoryReturnsExactOriginsAndLocalTypedNodesCannotAuthorizeUnsupportedBlockMutation() started.
◇ Test directListStyleConversionPreservesPeerStyleAfterCreatorUndo() started.
◇ Test localSelectionAndPairedArchiveReturnCanonicalBackwardUndoAndCaretRedoIncludingReopen() started.
✔ Test externalNormalizationFallbackKeepsVisibleNestedOrderAndAllowedRichNodes() passed after 52.236 seconds.
◇ Test forgedListPlansRejectEvenWhenDisabledWithoutAcknowledgment(fault:) started.
◇ Test malformedImportOrSelectionAndOtherActorCannotReplaceAcceptedHistoryOrExistingRegistry() started.
✔ Test requiredContentRepairAdmitsFailedAuthorUndoWithoutDroppingRemoteMetadata() passed after 52.237 seconds.
◇ Test compositionAndReducedActionPolicyRejectLocalStyleButPreserveRemoteStyleAndChecks() started.
◇ Test checkedInvocationOverrideUsesOriginalInputAndExplicitNoneDoesNotFabricateFocus() started.
◇ Test case passing 2 arguments pasteActor → "a", pasteCut → 1 to pasteSpliceExplicitGroupKeepsConcurrentCutsInBoundaryOrder(pasteActor:pasteCut:) started.
◇ Test case passing 2 arguments pasteActor → "a", pasteCut → 2 to pasteSpliceExplicitGroupKeepsConcurrentCutsInBoundaryOrder(pasteActor:pasteCut:) started.
◇ Test case passing 2 arguments pasteActor → "z", pasteCut → 1 to pasteSpliceExplicitGroupKeepsConcurrentCutsInBoundaryOrder(pasteActor:pasteCut:) started.
◇ Test case passing 2 arguments pasteActor → "z", pasteCut → 2 to pasteSpliceExplicitGroupKeepsConcurrentCutsInBoundaryOrder(pasteActor:pasteCut:) started.
◇ Test invalidHierarchyTargetsRejectWithoutStateHistoryOrReceiptChanges(fault:) started.
✔ Test knownPriorElementsMustHaveTheReferencedKindAndField() passed after 52.529 seconds.
◇ Test pastedLayoutPeerEditSurvivesAuthorUndoAndReopenWithoutDuplication() started.
✔ Test independentTextAcceptanceRestoredAuthorUndoPreservesRemoteMarksAndReference(version:) with 2 test cases passed after 52.529 seconds.
◇ Test activeInlineCodeUnionRetainsAcceptedStateUntilAuthorRepair() started.
◇ Test tableRowAndCellPasteKeepSemanticMetadataAndFreshNamespaces() started.
◇ Test concurrentListStylesConvergeAndUndoRevealsPeerWinner() started.
◇ Test reorderBetweenListsPreservesOriginsCheckedStatePeerTextAndNoopHistory() started.
◇ Test explicitPlainRangeUsesNormalInlineAndMultilinePrefixSuffixSemantics() started.
◇ Test inertAssetPolicyAndNewTailAdmissionRejectWithoutChangingOriginalPayload() started.
◇ Test peerStyleAndChecklistHistorySurviveListCreationUndoAndRedo() started.
◇ Test case passing 2 arguments list → false, actor → "a" to v4EmptySplitHeadPositionFollowsRetainedBoundaryAcrossPeerEditsUndoReopenAndRedo(list:actor:) started.
◇ Test case passing 2 arguments list → false, actor → "z" to v4EmptySplitHeadPositionFollowsRetainedBoundaryAcrossPeerEditsUndoReopenAndRedo(list:actor:) started.
◇ Test case passing 2 arguments list → true, actor → "a" to v4EmptySplitHeadPositionFollowsRetainedBoundaryAcrossPeerEditsUndoReopenAndRedo(list:actor:) started.
◇ Test case passing 2 arguments list → true, actor → "z" to v4EmptySplitHeadPositionFollowsRetainedBoundaryAcrossPeerEditsUndoReopenAndRedo(list:actor:) started.
◇ Test multiItemOutdentKeepsUnselectedChildrenAndReopenedPeerEdits() started.
◇ Test crossParagraphPastePreservesRetainedEndpointMetadataAndPeerRoutes() started.
◇ Test explicitFlattenedFallbackMatchesAcceptedColumnContentAndRichNestedPasteRejects() started.
◇ Test mixedReplacementAndEmptyClipboardAreSingleOrZeroHistorySteps() started.
◇ Test inactiveForgedPlanRejectsAndMissingCaptureIsRetainedUntilItsCausalBirthArrives() started.
◇ Test acceptedRootLayoutPasteMatchesFullIndependentSnapshotAndFreshensOnlySchemaIDs() started.
◇ Test copiedRowAndConvertedListItemCollectionBirthsKeepModernSemanticAdmission() started.
◇ Test titleAndCodeUseExplicitPlainFallbackWithoutRichMarkOrBlockCoercion() started.
◇ Test capturedItemsFollowObservedPeerMovesBeforeStyleAndChecklistCommands() started.
◇ Test localPolicyCompositionStaleScopeAndReusedLabelsRejectWithoutPartialReplacement() started.
◇ Test case passing 1 argument style → "ordered" to schemaListConversionKeepsRootIdentityRichAtomsMetadataAndRemoteUndo(style:) started.
◇ Test case passing 1 argument style → "unordered" to schemaListConversionKeepsRootIdentityRichAtomsMetadataAndRemoteUndo(style:) started.
◇ Test case passing 1 argument style → "todo" to schemaListConversionKeepsRootIdentityRichAtomsMetadataAndRemoteUndo(style:) started.
◇ Test hierarchicalFieldsPreserveOwnerMetadataAndUseCompatibleChildCollection() started.
◇ Test inactiveInlineConversionDoesNotConflictWithPeerCodeShape() started.
◇ Test genericBlockCommandsKeepItemTableAndDocumentBoundariesClosed() started.
◇ Test multiItemIndentPreservesRichMetadataChildrenPeerTextCaretAndSingleUndo(actor:) started.
◇ Test case passing 1 argument actor → "a" to retainedPasteAtZeroUsesOriginalEndpointAndNoBlankPrefix(actor:) started.
◇ Test case passing 1 argument actor → "z" to retainedPasteAtZeroUsesOriginalEndpointAndNoBlankPrefix(actor:) started.
◇ Test acceptedBlankPlainMultilinePreservesFourLiteralLinesAndLastInputCaret() started.
◇ Test pasteAfterCapturedCodeAliasUsesCurrentFieldAndRejectsForgedRelation() started.
◇ Test hierarchyHistoryRetainsLateBirthRecoveryUntilCreatorPacketArrives() started.
◇ Test sameFieldBlockReplacementHasOneRetainedCutAndKeepsPeerInsertion() started.
◇ Test capturedRichReplacementKeepsAtomicReferenceMetadataAndPeerTextThroughUndoAndReopen() started.
✔ Test v4RepairGuardsPreserveAcceptedAndPendingHistories() passed after 53.149 seconds.
✔ Test invalidBatchIsAtomic() passed after 53.275 seconds.
✔ Test undoNodeInsertionRemovesItsTextButRetainsRemoteAtoms() passed after 53.386 seconds.
◇ Test case passing 2 arguments list → false, actor → "a" to v4ObservedRichPrefixSelectionReplacementRetainsReferencesFormattingAndPeerUndo(list:actor:) started.
◇ Test case passing 2 arguments list → false, actor → "z" to v4ObservedRichPrefixSelectionReplacementRetainsReferencesFormattingAndPeerUndo(list:actor:) started.
◇ Test case passing 2 arguments list → true, actor → "a" to v4ObservedRichPrefixSelectionReplacementRetainsReferencesFormattingAndPeerUndo(list:actor:) started.
◇ Test case passing 2 arguments list → true, actor → "z" to v4ObservedRichPrefixSelectionReplacementRetainsReferencesFormattingAndPeerUndo(list:actor:) started.
✔ Test writingSessionConcurrentMergeSplitFollowsBoundary(swap:side:) with 4 test cases passed after 53.700 seconds.
◇ Test case passing 1 argument actor → "a" to hierarchicalPasteBoundaryAncestorKeepsChildrenAndForeignDescendants(actor:) started.
◇ Test case passing 1 argument actor → "z" to hierarchicalPasteBoundaryAncestorKeepsChildrenAndForeignDescendants(actor:) started.
◇ Test case passing 2 arguments reverseActors → false, repairMerge → false to concurrentJoinedSourceConversionRetainsUnionForAuthorReconciliation(reverseActors:repairMerge:) started.
◇ Test case passing 2 arguments reverseActors → false, repairMerge → true to concurrentJoinedSourceConversionRetainsUnionForAuthorReconciliation(reverseActors:repairMerge:) started.
◇ Test case passing 2 arguments reverseActors → true, repairMerge → false to concurrentJoinedSourceConversionRetainsUnionForAuthorReconciliation(reverseActors:repairMerge:) started.
◇ Test case passing 2 arguments reverseActors → true, repairMerge → true to concurrentJoinedSourceConversionRetainsUnionForAuthorReconciliation(reverseActors:repairMerge:) started.
◇ Test case passing 2 arguments actor → "a", repairOther → false to schemaOverlappingOwnerRepairRoutesBothHistoricalHeadsAndOriginalAtomOrigin(actor:repairOther:) started.
◇ Test case passing 2 arguments actor → "a", repairOther → true to schemaOverlappingOwnerRepairRoutesBothHistoricalHeadsAndOriginalAtomOrigin(actor:repairOther:) started.
◇ Test case passing 2 arguments actor → "z", repairOther → false to schemaOverlappingOwnerRepairRoutesBothHistoricalHeadsAndOriginalAtomOrigin(actor:repairOther:) started.
◇ Test case passing 2 arguments actor → "z", repairOther → true to schemaOverlappingOwnerRepairRoutesBothHistoricalHeadsAndOriginalAtomOrigin(actor:repairOther:) started.
◇ Test case passing 2 arguments actor → "a", acrossContainer → false to hierarchicalPasteForeignMovedImportRetainsPeerWorkThroughAuthorUndo(actor:acrossContainer:) started.
◇ Test case passing 2 arguments actor → "a", acrossContainer → true to hierarchicalPasteForeignMovedImportRetainsPeerWorkThroughAuthorUndo(actor:acrossContainer:) started.
◇ Test case passing 2 arguments actor → "z", acrossContainer → false to hierarchicalPasteForeignMovedImportRetainsPeerWorkThroughAuthorUndo(actor:acrossContainer:) started.
◇ Test case passing 2 arguments actor → "z", acrossContainer → true to hierarchicalPasteForeignMovedImportRetainsPeerWorkThroughAuthorUndo(actor:acrossContainer:) started.
◇ Test case passing 1 argument name → "writing" to writingSharedBridgeFixture(name:) started.
◇ Test case passing 1 argument name → "blockCommands" to writingSharedBridgeFixture(name:) started.
◇ Test case passing 1 argument name → "schemaCommands" to writingSharedBridgeFixture(name:) started.
◇ Test case passing 1 argument name → "roleCommands" to writingSharedBridgeFixture(name:) started.
◇ Test case passing 1 argument name → "collectionCommands" to writingSharedBridgeFixture(name:) started.
◇ Test case passing 1 argument name → "exitCommands" to writingSharedBridgeFixture(name:) started.
◇ Test case passing 1 argument name → "pinCommands" to writingSharedBridgeFixture(name:) started.
◇ Test case passing 1 argument name → "boundaryCommands" to writingSharedBridgeFixture(name:) started.
◇ Test case passing 1 argument name → "undoRecoveryCommands" to writingSharedBridgeFixture(name:) started.
◇ Test case passing 1 argument name → "clipboardCommands" to writingSharedBridgeFixture(name:) started.
◇ Test case passing 1 argument name → "spliceCommands" to writingSharedBridgeFixture(name:) started.
◇ Test case passing 1 argument name → "thresholdCommands" to writingSharedBridgeFixture(name:) started.
◇ Test case passing 1 argument name → "depthCommands" to writingSharedBridgeFixture(name:) started.
◇ Test case passing 1 argument name → "importCommands" to writingSharedBridgeFixture(name:) started.
◇ Test case passing 1 argument name → "paste6Commands" to writingSharedBridgeFixture(name:) started.
✔ Test schemaConvertedMergeSourceRetainsUnionForEitherAuthorRepair(type:repairConversion:) with 4 test cases passed after 56.816 seconds.
◇ Test checkedRichReplacementReturnsOneTransactionAndCaretWithoutChangingClipboard() started.
◇ Test unavailablePolicyCompositionScopeAndAdmissionRetainExactRichPayloadForExplicitRetry() started.
◇ Test genericCollectionCaptureExposesExplicitBoundaryAndPlainPasteCaretAtLastLineEnd() started.
◇ Test noProviderResultIsNoopAndMalformedVersionOrExtraFieldsRejectUnchanged() started.
◇ Test actual32MBUnionRetainsRejectedHistoryAndPeerMetadata(version:excess:) started.
◇ Test retainedPeerParagraphSupportsModernCommandsAndReopenedHistory(command:) started.
◇ Test capturedEmptyItemWithObservedPeerTypingSplitsWithoutReinterpretingAsExit() started.
◇ Test retainedRoleSurvivesOriginalCreationRedoAndUndoAndKeepsFollowingAnchor() started.
◇ Test case passing 2 arguments actor → "a", reversed → false to crossPasteInlineUsesOneAuthorJoinAndPreservesPeerAtoms(actor:reversed:) started.
◇ Test case passing 2 arguments actor → "a", reversed → true to crossPasteInlineUsesOneAuthorJoinAndPreservesPeerAtoms(actor:reversed:) started.
◇ Test case passing 2 arguments actor → "z", reversed → false to crossPasteInlineUsesOneAuthorJoinAndPreservesPeerAtoms(actor:reversed:) started.
◇ Test case passing 2 arguments actor → "z", reversed → true to crossPasteInlineUsesOneAuthorJoinAndPreservesPeerAtoms(actor:reversed:) started.
◇ Test case passing 2 arguments actor → "a", reversedDelivery → false to hierarchicalPasteNestedImportsAndParentEnterKeepIndependentCollections(actor:reversedDelivery:) started.
◇ Test case passing 2 arguments actor → "a", reversedDelivery → true to hierarchicalPasteNestedImportsAndParentEnterKeepIndependentCollections(actor:reversedDelivery:) started.
◇ Test case passing 2 arguments actor → "z", reversedDelivery → false to hierarchicalPasteNestedImportsAndParentEnterKeepIndependentCollections(actor:reversedDelivery:) started.
◇ Test case passing 2 arguments actor → "z", reversedDelivery → true to hierarchicalPasteNestedImportsAndParentEnterKeepIndependentCollections(actor:reversedDelivery:) started.
◇ Test nestedEmptyOutdentRetainsMetadataDescendantsCapturedCaretAndUndo() started.
◇ Test case passing 1 argument nested → false to dependentPlacementChainsPreserveExistingContentUntilTheirAnchorArrives(nested:) started.
◇ Test case passing 1 argument nested → true to dependentPlacementChainsPreserveExistingContentUntilTheirAnchorArrives(nested:) started.
◇ Test case passing 2 arguments version → 4, actor → "a" to writingMathThresholdUnionAt10001RetainsProposalAndRepairsWithoutLosingPeerAtoms(version:actor:) started.
◇ Test case passing 2 arguments version → 4, actor → "z" to writingMathThresholdUnionAt10001RetainsProposalAndRepairsWithoutLosingPeerAtoms(version:actor:) started.
◇ Test case passing 2 arguments version → 5, actor → "a" to writingMathThresholdUnionAt10001RetainsProposalAndRepairsWithoutLosingPeerAtoms(version:actor:) started.
◇ Test case passing 2 arguments version → 5, actor → "z" to writingMathThresholdUnionAt10001RetainsProposalAndRepairsWithoutLosingPeerAtoms(version:actor:) started.
◇ Test codeBornCaretCanSplitAfterParagraphConversion() started.
✔ Test sameTransactionCreationSeedsRemainValid(version:) with 2 test cases passed after 60.257 seconds.
◇ Test case passing 1 argument delivery → 0 to impossiblePriorCreationPathsRejectAtomically(delivery:) started.
◇ Test case passing 1 argument delivery → 1 to impossiblePriorCreationPathsRejectAtomically(delivery:) started.
◇ Test case passing 1 argument delivery → 2 to impossiblePriorCreationPathsRejectAtomically(delivery:) started.
◇ Test activeExitWhosePeerRestoresColumnsRetainsRecoveryAndAuthorCanRepair() started.
◇ Test case passing 1 argument redoActor → "a" to schemaRoleCohortExcludesUnobservedConcurrentRedo(redoActor:) started.
◇ Test case passing 1 argument redoActor → "z" to schemaRoleCohortExcludesUnobservedConcurrentRedo(redoActor:) started.
◇ Test emptyRootExitKeepsOwnerItemChildrenPeerTextAndReopenedUndo(index:actor:) started.
◇ Test case passing 1 argument undoActor → "a" to schemaConcurrentUnobservedPeerAndRetirementCanRetainRole(undoActor:) started.
◇ Test case passing 1 argument undoActor → "z" to schemaConcurrentUnobservedPeerAndRetirementCanRetainRole(undoActor:) started.
◇ Test case passing 1 argument actor → "a" to mixedPasteAbsorbsOnlyExplicitInlineBoundariesAndFreshensWholeSchemaNodes(actor:) started.
◇ Test case passing 1 argument actor → "z" to mixedPasteAbsorbsOnlyExplicitInlineBoundariesAndFreshensWholeSchemaNodes(actor:) started.
◇ Test exhaustedConcurrentPartitionsRemainRecoverableUntilAuthorRepair() started.
◇ Test emptyExitAfterColumnFlattenRetainsLogicalPlacementPeerTextAndUndo() started.
◇ Test forgedEmptyEnterPlansRejectWithoutAcknowledgment(fault:) started.
◇ Test acceptedACC15SwitchRetainsResultWithoutReplacementMutationOrOriginAcknowledgment() started.
◇ Test checkedCompletionReturnsNoFocusAndRequestStateIsSeparateFromAcceptedSave() started.
◇ Test policyCompositionCancelFailureAndReopenPreserveProviderRecordsWithoutAutomaticCompletion() started.
◇ Test concurrentFirstAndLastExitsConvergeWithRetainedOrdinals(actor:) started.
◇ Test case passing 1 argument type → "list" to schemaConvertedMergeDestinationPreservesTypeIdentityAndBothAuthorUndo(type:) started.
◇ Test case passing 1 argument type → "code" to schemaConvertedMergeDestinationPreservesTypeIdentityAndBothAuthorUndo(type:) started.
◇ Test concurrentScopedLabelConflictRetainsUnionAndAuthorRepairKeepsPeerBirth() started.
◇ Test insertedBodyFieldsShareTitleHistoryPeerUndoAndReopen() started.
◇ Test independentInsertionsAndMovesConvergeInEitherReceiveOrder() started.
◇ Test forgedStructuralAndUnobservedInsertedTextPacketsNeverAcknowledge() started.
◇ Test forgedParagraphRolesRejectAtomicallyIncludingDisabledEdits(fault:) started.
◇ Test semanticInsertionsAndObservedSubtreeDeletionRetainNestedOriginsThroughUndo() started.
◇ Test deletionRetainsPeerHistoryAndStaleTargetsCannotHitReusedLabels() started.
◇ Test invalidStructuralCommandsAreAtomicAndPolicyDoesNotStripPeerContent() started.
◇ Test incrementalInsertedFieldPacketBeforeBirthRetainsRecoveryThenConverges() started.
◇ Test columnMovesKeepScopedOriginsCaretPeerTextAndOneAuthorUndo() started.
◇ Test insertionUndoWithoutPeerWorkHidesBirthButDoesNotReuseOrigin() started.
◇ Test case passing 2 arguments actor → "a", reversedDelivery → false to hierarchicalPasteConcurrentImportsUseRetainedRankInSameChildCollection(actor:reversedDelivery:) started.
◇ Test case passing 2 arguments actor → "a", reversedDelivery → true to hierarchicalPasteConcurrentImportsUseRetainedRankInSameChildCollection(actor:reversedDelivery:) started.
◇ Test case passing 2 arguments actor → "z", reversedDelivery → false to hierarchicalPasteConcurrentImportsUseRetainedRankInSameChildCollection(actor:reversedDelivery:) started.
◇ Test case passing 2 arguments actor → "z", reversedDelivery → true to hierarchicalPasteConcurrentImportsUseRetainedRankInSameChildCollection(actor:reversedDelivery:) started.
◇ Test case passing 1 argument actor → "a" to retainedPasteSequentialReuseKeepsOneStepHistory(actor:) started.
◇ Test case passing 1 argument actor → "z" to retainedPasteSequentialReuseKeepsOneStepHistory(actor:) started.
◇ Test case passing 1 argument inactive → false to pasteSpliceRejectsDuplicateOwnershipEvenWhenAuthorUndoRetainsMalformedEdit(inactive:) started.
◇ Test case passing 1 argument inactive → true to pasteSpliceRejectsDuplicateOwnershipEvenWhenAuthorUndoRetainsMalformedEdit(inactive:) started.
◇ Test conversionPreservesRichReferenceOpaqueFieldsAndCaretInsideAtomicLabel() started.
◇ Test malformedInactiveConversionRejectsBeforeMissingCausalRecovery() started.
◇ Test concurrentHeadingRegisterUndoRevealsPeerValueInsteadOfOverwritingIt() started.
◇ Test listStyleConversionKeepsNestedChecklistOriginsStateAndFieldCaret() started.
◇ Test distinctCommandPolicyCompositionAndTitleRejectWithoutMutatingHistory() started.
◇ Test unchangedConversionAndLossyOrInvalidTargetsDoNotChangeSavedHistory() started.
◇ Test sameContentConversionMatchesIndependentConcurrentSuffixFixturesThroughUndoReopenAndDuplicatePackets() started.
◇ Test softBreakMatchesIndependentFixtureAndSharesOneUndoWithPeerSafeCapturedReplacement() started.
◇ Test concurrentDeletionKeepsDefaultsForRestorationWithoutResurrectingContent() started.
◇ Test invalidSemanticTargetsAndRolesRejectAtomically(fault:) started.
◇ Test semanticCaretAndAlreadyMatchingMarksDoNotCreateHistory() started.
◇ Test invalidLabelsLiteralFieldsAndStaleLinkCapturesRejectUnchanged() started.
◇ Test multiBlockDefaultsPreservePeerTextOpaqueDataCaretAndOneUndoReopen() started.
◇ Test sameDefaultRegisterConvergesAndAuthorUndoRevealsPeerRole() started.
◇ Test resetsRemoveOnlyOverridesAndMixedStateIncludesInheritedDefaults() started.
◇ Test capturedBackwardTextInkAndPeerFillKeepPeerInsertionsOutsideFormatting() started.
◇ Test invalidLinksNeverMutateStateOrStripExistingMarks(href:) started.
◇ Test defaultOnExposedPeerParagraphSurvivesOriginalListCreationRedoAndOwnUndo() started.
◇ Test explicitLabelInsertionUsesCapturedCaretInheritedMarksAndOneAuthorStep() started.
◇ Test insertedDefaultIncrementalPacketRecoversAfterItsValidBirthArrives() started.
◇ Test inlineRolesAndLinksKeepWholeAtomicReferencesAndInheritedListDefaults() started.
◇ Test blockDefaultsFollowScopedMovementAndSchemaConversionWithoutCopyingText() started.
◇ Test localCompositionAndCommandPoliciesPreserveRemoteDefaultsAndLinkHistory() started.
◇ Test checkedBridgeReportsSemanticStateLinkResultsPolicyAndUnchangedInvalidArguments() started.
◇ Test rangeLinksPreserveCapturedAtomsPeerTextBackwardSelectionAndUndoReopen() started.
◇ Test malformedSemanticPacketsRejectEvenInactiveWithoutReceiptOrRecovery(fault:) started.
◇ Test capturedMarksAndStateFollowAllActualFieldsAfterPeerSplitAndReopen() started.
✔ Test v4InlineEnterPreservesSourceAttributesRichSuffixAndAuthorUndo(type:) with 3 test cases passed after 61.379 seconds.
✔ Test collectionToggleCreationUndoRedoRetainsRemoteDescendants() passed after 61.395 seconds.
◇ Test twoColumnsKeepScopedChildOriginsAndLogicalAddressOrder() started.
◇ Test legacyStructuralProtocolRejectsDocumentOriginMutationAtomically() started.
◇ Test titleReplayAndAuthorDeactivationKeepPeerTextAndBodyIndependent() started.
◇ Test documentTitleHasAnExplicitOriginOutsideBodyAndConsumerIDs() started.
◇ Test legacyWritingProtocolsRejectDocumentOriginsWithoutAcknowledging(_:) started.
◇ Test allIndependentModernSnapshotsKeepExactJSONThroughSharedProjection() started.
✔ Test externalNormalizationFreshensSchemaLabelsWithoutChangingOpaqueReferenceData() passed after 61.395 seconds.
✔ Test siblingInsertionConflictDoesNotAcknowledgeOrPersistRemoteChanges() passed after 61.396 seconds.
✔ Test knownUndoTargetsMustBeEdits(version:) with 2 test cases passed after 61.428 seconds.
✔ Test v5RejectsMixedVersionsAndUnknownVersionsWithoutAdmission() passed after 61.428 seconds.
✔ Test v4SplitKeepsObservedInsertedPrefixAndPeerUndo(list:) with 2 test cases passed after 61.428 seconds.
✔ Test writingSessionDeletionCannotCollapseDifferentCutRanks(swap:) with 2 test cases passed after 61.449 seconds.
✔ Test schemaMalformedRoleAnchorAndHiddenFirstItemRejectAtomically(fault:) with 5 test cases passed after 61.449 seconds.
◇ Test case passing 1 argument splitFirst → false to v4SoftBreakAfterInsertedRunSurvivesTransferredAndJoinedHistory(splitFirst:) started.
◇ Test case passing 1 argument splitFirst → true to v4SoftBreakAfterInsertedRunSurvivesTransferredAndJoinedHistory(splitFirst:) started.
◇ Test case passing 1 argument baseline → false to schemaProjectedPeerParagraphSupportsEnterMoveUndoAndReopen(baseline:) started.
◇ Test case passing 1 argument baseline → true to schemaProjectedPeerParagraphSupportsEnterMoveUndoAndReopen(baseline:) started.
✔ Test spliceDuplicateDescriptorMustRemainMalformedWhenAuthorUndone(inactive:) with 2 test cases passed after 61.665 seconds.
◇ Test case passing 1 argument actor → "a" to retainedPasteInsideObservedInsertedToggleKeepsNestedInitialProofs(actor:) started.
◇ Test case passing 1 argument actor → "z" to retainedPasteInsideObservedInsertedToggleKeepsNestedInitialProofs(actor:) started.
✔ Test v4ScalarMetadataIsAtomicAndCannotReplaceSchemaRichTextOrConversionAttributes() passed after 62.028 seconds.
✔ Test markdownDialectAndUnknownProtocol() passed after 62.028 seconds.
✔ Test writingPrototypeMergeRetainsBothNamespacesAndRemoteTextThroughUndo() passed after 62.033 seconds.
◇ Test case passing 1 argument actor → "a" to v4TextRepairCompletesRequiredUndoAndPreservesAdditionalPeerMetadata(actor:) started.
◇ Test case passing 1 argument actor → "z" to v4TextRepairCompletesRequiredUndoAndPreservesAdditionalPeerMetadata(actor:) started.
✔ Test crossPasteMixedRetainsWholeImportsAndObservedSuffixOneUndo(actor:reversed:) with 4 test cases passed after 62.161 seconds.
✔ Test schemaEmptyNestedOutdentKeepsChildrenAndUndo() passed after 62.253 seconds.
✔ Test retiredSplitHeadPositionPreservesV3AndRejectsUnrelatedDeletion() passed after 62.253 seconds.
✔ Test reusedChildIDsRemainIndependentlyEditable() passed after 62.253 seconds.
◇ Test case passing 1 argument fault → "retirement" to schemaMalformedRetainedRoleDoesNotChangeAcceptedSaveOrReachV3(fault:) started.
◇ Test case passing 1 argument fault → "owner" to schemaMalformedRetainedRoleDoesNotChangeAcceptedSaveOrReachV3(fault:) started.
◇ Test case passing 1 argument fault → "anchor" to schemaMalformedRetainedRoleDoesNotChangeAcceptedSaveOrReachV3(fault:) started.
◇ Test pendingRecoveryRetainsPublishedClipboardUntilOriginalCausalHistoryArrives() started.
◇ Test publicationFailureOrThrowDoesNotDeleteOrCreateHistoryAndPublisherSeesExactPayloadFirst() started.
◇ Test wholeLayoutCutKeepsUnobservedPeerChildInItsValidOriginalContainer() started.
◇ Test capturedPartialCutFollowsPeerSplitWithoutRemovingUnobservedTailText() started.
◇ Test deletedAndReusedSourceLabelOrDifferentSessionCannotRetargetDelayedCut() started.
◇ Test duplicateDeliveryCannotReenterPublicationOrImplicitlyRedoAfterUndo() started.
◇ Test titleCutSupportsBackwardOverlappingRangesAndPeerTextWithOneReplacementGroup() started.
◇ Test delayedMixedCutPreservesPeerTextAndDeletesOnlyCapturedOriginsInOneGroup() started.
◇ Test emptyPublicationConsumesItsPreparationAndNeverDeletesLaterPeerInput() started.
◇ Test preparationAndDelayedCompletionRecheckPolicyCompositionAndCancellationWithoutPublishingHistory() started.
◇ Test case passing 2 arguments reverseActors → false, repairFirst → false to schemaConcurrentListConversionsKeepRecoverableUnionAndEitherAuthorCanRepair(reverseActors:repairFirst:) started.
◇ Test case passing 2 arguments reverseActors → false, repairFirst → true to schemaConcurrentListConversionsKeepRecoverableUnionAndEitherAuthorCanRepair(reverseActors:repairFirst:) started.
◇ Test case passing 2 arguments reverseActors → true, repairFirst → false to schemaConcurrentListConversionsKeepRecoverableUnionAndEitherAuthorCanRepair(reverseActors:repairFirst:) started.
◇ Test case passing 2 arguments reverseActors → true, repairFirst → true to schemaConcurrentListConversionsKeepRecoverableUnionAndEitherAuthorCanRepair(reverseActors:repairFirst:) started.
◇ Test boundedPreparationCountAndMalformedAcknowledgmentNeverDeleteBeforePublication() started.
◇ Test preparationByteBudgetRetainsWholeOpaquePayloadWithoutNarrowingDocumentAdmission() started.
◇ Test cancelForgetDestroyAndRestoreCannotMakeOldPublicationApplyToNewPreparation() started.
◇ Test policyCompositionWrongScopeAndOtherHandleRetainPayloadAndAllowExplicitRetry() started.
◇ Test prepareIsReadOnlyAndFinishNeedsSuccessfulPublicationBeforeOneDeletionAndDuplicateAfterUndoIsNoop() started.
✔ Test writingBatchRetainedRangeFollowsRemoteSplitAndPreservesItOnUndo() passed after 62.338 seconds.
✔ Test formattingAndStructureRedoPreserveUnrelatedRemoteChanges() passed after 62.338 seconds.
◇ Test typingGroupUndoRetainsPeerAtomsAndHistoryOrderAcrossReopen() started.
◇ Test unknownWireFieldsAndMalformedSavedHistoryRejectRatherThanDisappear() started.
◇ Test schemaUnionRecoveryRetainsBothAuthorsAndRepairDisablesOnlyOwnEdit() started.
◇ Test bodyFieldsInsideColumnsRemainDistinctAndLiteralAtomsRejectRichMarks() started.
◇ Test anchoredBackwardRangeRetainsUnobservedPeerTextAndUnicodeCaret() started.
◇ Test missingCausalPacketIsSeparatelyRecoverableWithoutReceiptThenAcceptsUnion() started.
◇ Test unobservedReferencesDuplicateBirthsCrossFieldRoutesAndForeignUndoReject() started.
◇ Test noopsAndFailedCommandsPreserveAcceptedHistoryAndCompositionEndsTypingGroup() started.
◇ Test callbacksObserveFinalHistoryAndCannotReenterPublication() started.
◇ Test mismatchedScopeUnsupportedFormatDuplicateKeysAndLossyNumbersRejectUnchanged() started.
◇ Test compositionHoldPreservesLocalDraftBoundaryQueuesNoReceiptAndReleasesOnce() started.
◇ Test malformedOperationWithMissingDependencyRejectsInsteadOfCreatingRecovery() started.
◇ Test independentAppearanceRegistersAndSameFieldWinsConvergeAcrossOrder(_:) started.
◇ Test invalidDeferredPacketRemainsExportableAndQueueLimitDoesNotAcknowledge() started.
◇ Test packetCountRawBytesAndHeldBytesUseIndependentLimitsWithoutReceipt() started.
◇ Test independentTitleAppearanceFixturesPassSharedSessionPeerUndoRedoAndReopen() started.
◇ Test malformedPlainTitleAndInactiveTransactionsNeverAcknowledge(_:) started.
◇ Test case passing 1 argument initialized → false to legacySeedNamespaceFollowsTheTextActuallyInitialized(initialized:) started.
◇ Test case passing 1 argument initialized → true to legacySeedNamespaceFollowsTheTextActuallyInitialized(initialized:) started.
◇ Test case passing 1 argument actor → "a" to retainedPasteRichReferenceCannotFlattenThroughConcurrentCode(actor:) started.
◇ Test case passing 1 argument actor → "z" to retainedPasteRichReferenceCannotFlattenThroughConcurrentCode(actor:) started.
◇ Test case passing 1 argument version → 1 to reservedSeedReferencesRejectAtomically(version:) started.
◇ Test case passing 1 argument version → 2 to reservedSeedReferencesRejectAtomically(version:) started.
◇ Test case passing 1 argument actor → "a" to crossPastePreservesUnseenIntermediateChildAndBoundaryText(actor:) started.
◇ Test case passing 1 argument actor → "z" to crossPastePreservesUnseenIntermediateChildAndBoundaryText(actor:) started.
◇ Test codeFieldPacketArrivingBeforeBaselineAliasBirthRetainsThenResolvesRecovery() started.
◇ Test laterSchemaConversionRetainsTextCreatedInItsBirthsOwnCompoundPacket() started.
◇ Test codeFormattingAndTitleConversionRejectWithoutHistoryOrReceiptChanges() started.
◇ Test textAuthoredAtConvertedCodeBirthFollowsConversionUndoAndCapturedReplacementAliases() started.
◇ Test soleEmptyChecklistEnterPreservesOwnerChildOriginsAndPeerTextThroughUndoReopen() started.
◇ Test codeConversionRetainsCapturedCaretPeerTextAndFieldAliasesThroughUndoRedoAndReopen() started.
◇ Test listConversionPreservesAtomsCaretPeerReplacementAndChecklistStateThroughUndo() started.
◇ Test splitNoncollapsedCapturedRangeStillDeletesOnlyObservedAtomsAfterSchemaRoundTrip() started.
◇ Test forgedTextUsesOfRetiredContentAliasRejectEvenWhenInactive() started.
◇ Test malformedInactiveSchemaConversionRejectsBeforeMissingPredecessorAndKeepsReceipt() started.
◇ Test richCodeConversionAndOpaqueFieldCollisionsRejectWithoutChangingSavedHistory() started.
◇ Test concurrentCodeConversionsConvergeAndEachUndoKeepsPeerHead() started.
◇ Test undoListConversionExposesPeerSplitAsRetainedParagraphInsteadOfDroppingIt() started.
◇ Test opaqueContentOnCodeBlocksCannotBeDiscardedByLocalOrInactiveRemoteListConversion() started.
◇ Test futureJoinCannotJustifyForgedAnchorInEarlierCapturedField() started.
◇ Test concurrentListConversionsRetainRecoveryUntilOwnUndoKeepsPeerBranch() started.
◇ Test codeBirthTextCanBecomeRichParagraphWithoutLosingOriginalOriginsOrOpaqueLanguage() started.
◇ Test codeAndListConversionsInsideColumnsKeepLogicalOwnersAcrossFlattenAndUndo() started.
◇ Test soleListItemCollapseRetainsCheckedMetadataChildOriginsPeerTextAndUndo() started.
◇ Test case passing 2 arguments actor → "a", inserted → false to schemaConcurrentFirstAndLastExitsConvergeAndKeepSourceOrdinal(actor:inserted:) started.
◇ Test case passing 2 arguments actor → "a", inserted → true to schemaConcurrentFirstAndLastExitsConvergeAndKeepSourceOrdinal(actor:inserted:) started.
◇ Test case passing 2 arguments actor → "z", inserted → false to schemaConcurrentFirstAndLastExitsConvergeAndKeepSourceOrdinal(actor:inserted:) started.
◇ Test case passing 2 arguments actor → "z", inserted → true to schemaConcurrentFirstAndLastExitsConvergeAndKeepSourceOrdinal(actor:inserted:) started.
◇ Test case passing 1 argument editedAnchor → false to inactiveMovesStillRejectKnownAnchorsFromAnotherCollection(editedAnchor:) started.
◇ Test case passing 1 argument editedAnchor → true to inactiveMovesStillRejectKnownAnchorsFromAnotherCollection(editedAnchor:) started.
◇ Test case passing 1 argument version → 1 to sameChangeTextAnchorsCannotNamePlacementsOrAnotherField(version:) started.
◇ Test case passing 1 argument version → 2 to sameChangeTextAnchorsCannotNamePlacementsOrAnotherField(version:) started.
◇ Test case passing 2 arguments actor → "a", cut → 1 to mixedPasteConcurrentCutsOrderCompleteGroupsAndFollowBoundaryPrefix(actor:cut:) started.
◇ Test case passing 2 arguments actor → "a", cut → 2 to mixedPasteConcurrentCutsOrderCompleteGroupsAndFollowBoundaryPrefix(actor:cut:) started.
◇ Test case passing 2 arguments actor → "z", cut → 1 to mixedPasteConcurrentCutsOrderCompleteGroupsAndFollowBoundaryPrefix(actor:cut:) started.
◇ Test case passing 2 arguments actor → "z", cut → 2 to mixedPasteConcurrentCutsOrderCompleteGroupsAndFollowBoundaryPrefix(actor:cut:) started.
◇ Test synchronizedResizeLWWAuthorUndoReopenAndNoopMatchIndependentSnapshots() started.
◇ Test malformedInactiveColumnOperationAndCausallyRemovedTargetsReject() started.
◇ Test emptyCreationHasNoPlaceholderAndAllowsOutsideLayoutNestedBoundaries() started.
◇ Test conflictingFlattenedLabelsRetainUnionUntilAuthorRepairInsteadOfLosingPeerChild() started.
◇ Test resizePacketBeforeLayoutBirthRetainsRecoveryThenConvergesWithoutPromotingReceipt() started.
◇ Test emptyRemovalReturnsUsableInsertionBoundaryAtFormerLayoutPosition() started.
◇ Test removalDoesNotOverrideIndependentPeerMoveAndConcurrentRemovalsNeverDuplicate() started.
◇ Test invalidNestedAndNoncontiguousCreationAndSplitDoNotChangeSavedHistory() started.
◇ Test creationMatchesIndependentFixtureAndKeepsCaretOriginsOneUndoAndReopen() started.
◇ Test removalMatchesFlattenedFixtureRestoresSplitAndCaretAndRoutesLatePeerPackets() started.
◇ Test removalUndoKeepsInsertionsAnchoredAfterPreviouslyFlattenedChildOutsideLayout() started.
◇ Test creationUndoFlattensPeerChildrenAfterRestoredSelectionAndRetainsHistoricalAnchors() started.
◇ Test modernColumnRoutesRejectAtEveryLegacyProtocolWithoutReceiptOrSaveChanges() started.
◇ Test case passing 1 argument key → "style" to schemaConversionRejectsReservedUnknownFieldCollisionsWithoutMutation(key:) started.
◇ Test case passing 1 argument key → "items" to schemaConversionRejectsReservedUnknownFieldCollisionsWithoutMutation(key:) started.
◇ Test case passing 1 argument key → "code" to schemaConversionRejectsReservedUnknownFieldCollisionsWithoutMutation(key:) started.
✔ Test schemaRetainedPeerSupportsConversionShortcutAndMerge(command:) with 6 test cases passed after 62.668 seconds.
✔ Test crossPasteConcurrentBoundarySplitsPreserveCutOwners(actor:scenario:) with 8 test cases passed after 62.666 seconds.
◇ Test case passing 1 argument actor → "a" to retainedPasteCanReuseObservedOrdinarySplitTail(actor:) started.
◇ Test case passing 1 argument actor → "z" to retainedPasteCanReuseObservedOrdinarySplitTail(actor:) started.
◇ Test independentLegacyFixturesMigrateWithoutChangingAnyFieldOrAllocatingHistory(_:) started.
◇ Test rejectedUnionRequiresExplicitRepairAndEveryRejectedChangeRemainsInTheArchive() started.
◇ Test thousandsOfEmptyContainersKeepEveryOriginWithoutRepeatingCollectionReplay() started.
◇ Test reservedBlockRegistersAndNestedLayoutsRejectWithoutRetypingConsumerJSON() started.
◇ Test allLegacySessionVersionsRequireAllOfflineChangesAndKeepOldUndoOnlyInTheArchive(_:) started.
◇ Test blockArrayAndExtendedEnvelopeKeepExistingTitleAppearanceAndOpaqueMetadata() started.
◇ Test archiveReadbackAndEveryAcknowledgmentAreRequiredBeforeCreatingANewSession() started.
◇ Test movedInsertedAndRepeatedScopedOriginsMapExplicitlyAndOldAnchorsNeverEnterTheNewEpoch() started.
◇ Test incompatibleIndependentFixturesRemainExactAndNeverActivate(_:) started.
◇ Test malformedDuplicateNumericUnknownArchiveOrWrongSourceFormatNeverDropsOriginalData() started.
◇ Test case passing 2 arguments actor → "a", acrossContainer → false to retainedPasteLaterEndpointMoveStaysAuthoritativeThroughOwnUndo(actor:acrossContainer:) started.
◇ Test case passing 2 arguments actor → "a", acrossContainer → true to retainedPasteLaterEndpointMoveStaysAuthoritativeThroughOwnUndo(actor:acrossContainer:) started.
◇ Test case passing 2 arguments actor → "z", acrossContainer → false to retainedPasteLaterEndpointMoveStaysAuthoritativeThroughOwnUndo(actor:acrossContainer:) started.
◇ Test case passing 2 arguments actor → "z", acrossContainer → true to retainedPasteLaterEndpointMoveStaysAuthoritativeThroughOwnUndo(actor:acrossContainer:) started.
◇ Test case passing 1 argument version → 1 to sameChangeMovesCannotHideExistingContentInAnAnchorCycle(version:) started.
◇ Test case passing 1 argument version → 2 to sameChangeMovesCannotHideExistingContentInAnAnchorCycle(version:) started.
◇ Test case passing 1 argument actor → "a" to v4ConcurrentCutPreservesUnobservedInsertedPrefixInEarlierTail(actor:) started.
◇ Test case passing 1 argument actor → "z" to v4ConcurrentCutPreservesUnobservedInsertedPrefixInEarlierTail(actor:) started.
◇ Test case passing 1 argument version → 1 to undoOfMissingEditRemainsValidUntilItsCausalTargetArrives(version:) started.
◇ Test case passing 1 argument version → 2 to undoOfMissingEditRemainsValidUntilItsCausalTargetArrives(version:) started.
◇ Test case passing 1 argument retired → false to schemaEmptyExitRejectsVisibleAndRetainedRootLabelCollisionAtomically(retired:) started.
◇ Test case passing 1 argument retired → true to schemaEmptyExitRejectsVisibleAndRetainedRootLabelCollisionAtomically(retired:) started.
◇ Test columnDestinationAdmitsOrdinaryCopiesAndRejectsNestedLayoutOrDeletedOwner() started.
◇ Test capturedOrderSurvivesPeerMovesAndHistoricalDeletedBoundaryRemainsUsable() started.
◇ Test forgedCopyPayloadAndInvisibleMalformedPacketsRejectAtomically() started.
◇ Test opaqueBlockIsCopiedVerbatimWithItsOnlyKnownSchemaIDFreshened() started.
◇ Test nestedListsTablesColumnsFreshenOnlySchemaIDsAndRetainLiteralRichAndOpaqueFields() started.
◇ Test duplicateFromPeerSplitCopiesOnlyCurrentVisibleContentNotBirthPayload() started.
◇ Test copiedChildPeersRemainRecoverableAcrossAuthorUndoRedoAndReopen() started.
◇ Test acceptedDuplicateLiteralSelectsCopyAndFocusesItsFirstInputOneStep() started.
◇ Test deletedSourceAndOwnerReusedLabelsScopeAndPolicyRejectUnchanged() started.
◇ Test admissionCopiesObservedTextButLaterOriginalPeerEditsAndUndoRemainIndependent() started.
◇ Test copiedExposedPeerParagraphAndFollowingAnchorSurviveOriginalListRedo() started.
✔ Test localHistorySurvivesRestartWithoutRevertingRemoteWork() passed after 62.905 seconds.
◇ Test checkedCopyReturnsVersionedPayloadAndFallbackWithoutDocumentHistoryOrFocusMutation() started.
◇ Test foreignForgedAndExtraTargetFieldsRejectCopyUnchanged() started.
◇ Test case passing 1 argument version → 1 to legacyStoppedAuthorReorderedUndoRedoKeepsWinningAvailability(version:) started.
◇ Test case passing 1 argument version → 2 to legacyStoppedAuthorReorderedUndoRedoKeepsWinningAvailability(version:) started.
✔ Test schemaConversionAndOldParagraphSplitUseRetainedOriginWithAuthorUndo(type:reverseActors:) with 4 test cases passed after 62.913 seconds.
✔ Test recoveryRepairPreservesBothAuthorsAndSurvivesRestartAndRemoteUndo() passed after 62.919 seconds.
✔ Test mixedPasteAdjacentInlineFieldsKeepTheirExplicitBreak(actor:emptyLeading:) with 4 test cases passed after 62.917 seconds.
◇ Test case passing 1 argument repairConversion → false to schemaInactiveConversionAllowsEitherAuthorToRepairPriorSortedMetadataConflict(repairConversion:) started.
◇ Test case passing 1 argument repairConversion → true to schemaInactiveConversionAllowsEitherAuthorToRepairPriorSortedMetadataConflict(repairConversion:) started.
◇ Test directedSpanFormattingIsAtomicAndKeepsLaterPeerText() started.
◇ Test authorRestrictionsPreserveAdmittedMarksAndPeerBlocks() started.
◇ Test markerConversionIsOneUndoAndLiteralCodeKeepsWhitespace() started.
◇ Test mediaPropertyUndoKeepsPeerCaptionAndRejectsOldSource() started.
◇ Test navigationAndDirectedSpanFollowLogicalColumnsWithoutWriting() started.
◇ Test inlineDelimiterFormattingPreservesUnicodeAndRestoresOriginalSelection() started.
◇ Test staleDeletionDoesNotEraseNewPeerCellsAndMalformedPlansAreAtomic() started.
◇ Test catalogProducesAdmittedBlocksAndAvailabilityHonorsHostPolicy() started.
◇ Test insertedRowsAndColumnsHaveIndependentEditableOriginsAndUndo() started.
◇ Test headerUndoKeepsLaterPeerCellText() started.
✔ Test undoKeepsRemoteDescendants() passed after 62.967 seconds.
◇ Test case passing 1 argument actor → "a" to hierarchicalPasteSingleInlineKeepsBothOpaqueBoundaries(actor:) started.
◇ Test case passing 1 argument actor → "z" to hierarchicalPasteSingleInlineKeepsBothOpaqueBoundaries(actor:) started.
◇ Test case passing 2 arguments list → false, actor → "a" to v4SequentialInsertionKeepsObservedRunOrderAndPeerUndo(list:actor:) started.
◇ Test case passing 2 arguments list → false, actor → "z" to v4SequentialInsertionKeepsObservedRunOrderAndPeerUndo(list:actor:) started.
◇ Test case passing 2 arguments list → true, actor → "a" to v4SequentialInsertionKeepsObservedRunOrderAndPeerUndo(list:actor:) started.
◇ Test case passing 2 arguments list → true, actor → "z" to v4SequentialInsertionKeepsObservedRunOrderAndPeerUndo(list:actor:) started.
◇ Test case passing 1 argument wrapperActor → "a" to v5SpliceOnExposedPeerParagraphPreservesRoleAcrossWrapperUndoAndReopen(wrapperActor:) started.
◇ Test case passing 1 argument wrapperActor → "z" to v5SpliceOnExposedPeerParagraphPreservesRoleAcrossWrapperUndoAndReopen(wrapperActor:) started.
◇ Test hierarchicalPasteUndoRestoresTypedInsertionAndRedoRestoresImportedNodeInput(_:) started.
◇ Test localSelectionAndPlannedHistoryCapacityRejectBeforeDocumentPublicationAndPreserveRedoAndWholePayload() started.
◇ Test backwardReplacementAndReopenedHistoryRestoreOriginalAnchorsAcrossPeerPrefix() started.
◇ Test deletedOriginFallsBackToOriginalNeighborsWithoutFocusingAReusedDisplayLabel() started.
◇ Test unicodeTitleBackwardRangeRestoresSelectionAndPeerPrefixWithoutTouchingBody() started.
◇ Test malformedHistorySelectionArchivesRejectAtomicallyWithoutChangingAcceptedStateOrFreshRegistry(_:) started.
◇ Test explicitExternalFocusAndUnavailableOrNoopActionsNeverFabricateInputFocusOrConsumeHistory() started.
◇ Test actualSelectionChangeEndsTypingGroupAndPreservesLifoSelectionAfterReopen() started.
◇ Test asyncMetadataCompletionKeepsInputSelectionAndPeerTextThroughPairedRequestHistoryReopen() started.
◇ Test itemSelectionAndContainingListStateRemainScopedAfterHistoryArchiveImport() started.
◇ Test authorRepairRebasesLocalInputWithoutDroppingConflictingPeerHistoryOrPromotingFailedRedo() started.
◇ Test typingGroupKeepsFirstSelectionAndLatestCaretWithoutBreakingForRefreshedPeerFrontier() started.
◇ Test publicationCallbackSeesPairedHistoryAndItsLaterInputIsNotOverwritten() started.
◇ Test wholeBodyUndoRestoresNodeSelectionAndRedoReturnsEmptyInsertionWithoutPlaceholder() started.
◇ Test delayedCutUsesPreparedInputSnapshotInsteadOfLaterActiveInputAndFailedPublicationDoesNotChangeLocalHistory() started.
◇ Test freshAuthorEditClearsOnlyRedoSelectionRecordsAndOlderArchivesNeverInventInputState() started.
◇ Test atomicReferenceInteriorSelectionSurvivesPeerTextAndAppearanceHistoryWithoutSplittingTheReference() started.
◇ Test deliberateCommandFamiliesRestoreTheirInputAndReportedResultAcrossUndoRedoReopen(_:) started.
◇ Test crossFieldSelectionEndpointsFollowPeerSplitAndRemainBackwardAcrossAppearanceUndoReopen() started.
◇ Test mixedDeleteUndoRestoresWholeOriginsAndBackwardPartialRangeWithoutSelectingNewPeerAtoms() started.
✔ Test writingSessionReferenceInteriorSelectionFollowsSplitAndDeletion() passed after 63.089 seconds.
◇ Test case passing 1 argument offset → 0 to writingSessionSequentialCutsKeepObservedSiblingOrder(offset:) started.
◇ Test case passing 1 argument offset → 1 to writingSessionSequentialCutsKeepObservedSiblingOrder(offset:) started.
◇ Test case passing 2 arguments actor → "a", repairOther → false to schemaConcurrentPartitionsThatExhaustAnOwnerRetainRecoveryAndEitherAuthorCanRepair(actor:repairOther:) started.
◇ Test case passing 2 arguments actor → "a", repairOther → true to schemaConcurrentPartitionsThatExhaustAnOwnerRetainRecoveryAndEitherAuthorCanRepair(actor:repairOther:) started.
◇ Test case passing 2 arguments actor → "z", repairOther → false to schemaConcurrentPartitionsThatExhaustAnOwnerRetainRecoveryAndEitherAuthorCanRepair(actor:repairOther:) started.
◇ Test case passing 2 arguments actor → "z", repairOther → true to schemaConcurrentPartitionsThatExhaustAnOwnerRetainRecoveryAndEitherAuthorCanRepair(actor:repairOther:) started.
✔ Test retainedPasteAfterOrdinarySourceMoveUsesLiveOrderNotRgaAfterAncestry(actor:) with 2 test cases passed after 63.137 seconds.
✔ Test schemaListTextSemanticsCannotBeSpoofedIntoV3BatchOrRestore(exit:) with 2 test cases passed after 63.094 seconds.
✔ Test hierarchicalPasteDeletesOnlyObservedIntermediateSubtrees(actor:) with 2 test cases passed after 63.142 seconds.
✔ Test retainedPasteKeepsBothOpaqueOwnersAndOneAuthorUndo(actor:reversed:) with 4 test cases passed after 63.129 seconds.
✔ Test inlineReconciliationKeepsFormattingOperationsSeparateFromText() passed after 62.101 seconds.
✔ Test mixedPasteRejectsPolicyAndOldEpochBeforeAnyAcceptedMutation() passed after 62.231 seconds.
✔ Test schemaV4CannotEnterV3SessionAndRestrictionsRemainAtomic() passed after 61.374 seconds.
✔ Test writingBatchMixedDeletionPreservesRemoteTextAndReopenUndo() passed after 61.368 seconds.
✔ Test retainedPasteBaselineRoleRequiresObservedRetirement(actor:) with 2 test cases passed after 61.368 seconds.
✔ Test concurrentMovesAndDeletesConverge() passed after 60.249 seconds.
✔ Test invalidNestedOperationsRejectAtomicallyAndDoNotRewriteIDs() passed after 60.249 seconds.
✔ Test textPositionsFollowRemoteEditsDeletionUndoAndRestore() passed after 60.249 seconds.
✔ Test recoveryTextEditsRetainUnicodeMarksAndAtomicReferences() passed after 60.249 seconds.
✔ Test retainedPasteDifferentLaterSourceKeepsEarlierImportedMember(actor:concurrentCut:) with 4 test cases passed after 62.986 seconds.
✔ Test writingPrototypeAtomicReferencesMoveWithoutReplacement() passed after 59.743 seconds.
✔ Test retainedPasteCannotRankFromUnobservedSourcePinEvenWithBaselineEdge() passed after 60.249 seconds.
✔ Test retainedPasteCannotClaimGloballyKnownButUnobservedEndpointAtom() passed after 59.690 seconds.
✔ Test schemaRetirementBeforePeerBirthCannotForgeExposure() passed after 59.329 seconds.
✔ Test externalNormalizationPreservesRichReferenceAndPeerUndo(version:) with 2 test cases passed after 59.308 seconds.
◇ Test case passing 1 argument split → 999.0 to splitRejectsInvalidBoundsAndNonintegerValues(_:) started.
◇ Test case passing 1 argument split → 9001.0 to splitRejectsInvalidBoundsAndNonintegerValues(_:) started.
◇ Test case passing 1 argument split → 5000.5 to splitRejectsInvalidBoundsAndNonintegerValues(_:) started.
✔ Test codeUsesCharacterMergingToo() passed after 59.423 seconds.
✔ Test observerSeesCommittedHistory() passed after 59.361 seconds.
◇ Test case passing 1 argument split → inf to splitRejectsInvalidBoundsAndNonintegerValues(_:) started.
◇ Test case passing 1 argument split → nan to splitRejectsInvalidBoundsAndNonintegerValues(_:) started.
✔ Test retainedPasteConcurrentHeadingPreservesEndpointSchemaAndUndo(actor:) with 2 test cases passed after 60.415 seconds.
◇ Test case passing 1 argument literal → "9007199254740993" to opaqueNumbersCannotSilentlyRoundDuringAdmission(_:) started.
◇ Test case passing 1 argument literal → "1.000000000000000000001" to opaqueNumbersCannotSilentlyRoundDuringAdmission(_:) started.
◇ Test case passing 1 argument literal → "1e-400" to opaqueNumbersCannotSilentlyRoundDuringAdmission(_:) started.
◇ Test case passing 1 argument literal → "9007199254740992" to exactNumericRoundTripsAllowCanonicalDecimalSpelling(_:) started.
◇ Test case passing 1 argument literal → "0.1" to exactNumericRoundTripsAllowCanonicalDecimalSpelling(_:) started.
◇ Test case passing 1 argument literal → "100e-2" to exactNumericRoundTripsAllowCanonicalDecimalSpelling(_:) started.
◇ Test case passing 1 argument literal → "1.00" to exactNumericRoundTripsAllowCanonicalDecimalSpelling(_:) started.
◇ Test case passing 1 argument literal → "-0.0" to exactNumericRoundTripsAllowCanonicalDecimalSpelling(_:) started.
◇ Test case passing 1 argument title → "a
b" to titleRejectsLineBreaksWithoutConsumingBody(_:) started.
◇ Test case passing 1 argument title → "ab" to titleRejectsLineBreaksWithoutConsumingBody(_:) started.
◇ Test case passing 1 argument title → "a
b" to titleRejectsLineBreaksWithoutConsumingBody(_:) started.
◇ Test case passing 1 argument title → "a b" to titleRejectsLineBreaksWithoutConsumingBody(_:) started.
◇ Test case passing 1 argument title → "a b" to titleRejectsLineBreaksWithoutConsumingBody(_:) started.
✔ Test listContinuationKeepsMarksReferencesChildrenAndRemoteSuffix() passed after 59.298 seconds.
✔ Test retainedPasteSupersededEndpointContainerDoesNotClaimOldSourceGroup(actor:) with 2 test cases passed after 59.713 seconds.
✔ Test v4ScalarMetadataPreservesOpaqueCompositeValuesAndRejectsActiveComposition() passed after 59.257 seconds.
✔ Test writingDepthBoundaryKeepsOriginsAndPeerAtomsThroughExplicitRecovery(version:scenario:) with 8 test cases passed after 63.341 seconds.
✔ Test pasteSpliceRejectsUnobservedSameEditOuterNeighborWhenActiveOrUndone(inactive:) with 2 test cases passed after 59.257 seconds.
✔ Test writingSessionRepairReconcilesRetainedOwnUndoBeforeSaveRestore() passed after 59.299 seconds.
✔ Test depthLimitUnionCanBeRepairedWithoutChangingExistingIDsOrContent(levels:) with 3 test cases passed after 59.277 seconds.
✔ Test generatedStructuralCollectionsOfflineEditsAndHistoryConverge(seed:kind:) with 40 test cases passed after 59.213 seconds.
✔ Test rootCountLimitUnionRepairsIntoAnExistingContainerWithoutDroppingBlocks() passed after 59.375 seconds.
✔ Test sharedStructureBridgeFixture() passed after 63.341 seconds.
✘ Test deletedOrReusedLabelNeverReceivesCompletionAndExplicitRetryAfterDeletionUndoIsPossible() failed after 59.199 seconds with 1 issue.
✔ Test localPolicyAndCompositionReturnUnchangedUnavailableAndPreservePeerRichContent() passed after 59.169 seconds.
✔ Test forgedAppliedLocalReceiptCannotAcknowledgePendingOriginAfterReopen() passed after 59.169 seconds.
✔ Test chunkedArchiveExactReadbackFreshSessionAndDuplicateActivationStaySeparateFromLegacy() passed after 59.169 seconds.
✔ Test explicitModernEndpointsReturnCheckedTransactionsFocusAndSavedAuthorHistory() passed after 59.155 seconds.
✔ Test writingSessionUndoEmptySplitRetainsIndependentRemoteParagraph() passed after 59.154 seconds.
✔ Test legacyEntryPointsHandleCollisionsAndMalformedModernRequestsDoNotPromoteOrMutate() passed after 59.154 seconds.
✔ Test schemaSoleEmptyItemExitRetainsChildrenAndReorderedPeerChildEdits(existing:actor:) with 4 test cases passed after 59.154 seconds.
✔ Test incompatibleArchivesStayExportableAndCannotReplaceAnyExistingSessionHandle() passed after 59.154 seconds.
✔ Test capturedFormattingPreservesDirectionAndLeavesUnobservedPeerAtomsUnformatted() passed after 59.144 seconds.
✔ Test heldPacketsExportRestoreAndReleaseWithoutPrematureReceipts() passed after 59.144 seconds.
✔ Test collectionInsertAfterMiddleExitKeepsRoleAnchorAcrossRemoteUndo() passed after 59.143 seconds.
✔ Test boundedReservationsReleaseWithoutTighteningAcceptedDocumentLimits() passed after 59.143 seconds.
✔ Test localArchiveAndGenerationValidationAreAtomicAndCapacityNeedsExplicitForget() passed after 59.193 seconds.
✔ Test acceptedReplacementDocumentAndEpochRejectLateResultWithOriginReceiptStillPending() passed after 59.136 seconds.
✔ Test uploadGapsConflictingRetriesUnknownKeysAndReadbackGapsNeverAdvanceProgress() passed after 59.135 seconds.
✔ Test capturedBackwardReplacementPreservesPeerInsertionThroughTheBridge() passed after 59.136 seconds.
✔ Test writingSessionRejectsOldEpochProtocolAndMalformedBirthWithoutAcknowledging() passed after 59.135 seconds.
✔ Test policyAndCompositionRetainInertResultForExplicitResubmissionAndDoNotChangeHistory() passed after 59.156 seconds.
✔ Test independentTextAcceptanceUndoDoesNotResurrectAnotherAuthorsDeletion(version:) with 2 test cases passed after 59.163 seconds.
✔ Test completionPublicationPreservesAnotherRequestFailureFromTheHostCallback() passed after 59.177 seconds.
✔ Test modernFileValidationDoesNotReinterpretLegacyOpaqueFiles() passed after 59.193 seconds.
✔ Test cancellationSupersededGenerationAndReusedRequestIDCannotApplyLateResult() passed after 59.193 seconds.
✔ Test fileInsertionAndCompletionAreSeparateStepsAndKeepConsumerPendingMetadata() passed after 59.198 seconds.
✔ Test completionPreservesPeerCaptionOpaqueMetadataAndOriginalOriginThroughMoveUndoReopen() passed after 59.199 seconds.
✔ Test malformedTargetsAndPoliciesCompositionAndScopeLeaveStateUnchanged() passed after 59.193 seconds.
✔ Test retainedPasteEndpointRoleKeepsOpaqueIdentityThroughHistory(actor:) with 2 test cases passed after 59.244 seconds.
✔ Test invalidMetadataNeverChangesAcceptedHistoryOrRequestRecord(_:) with 8 test cases passed after 59.243 seconds.
✔ Test seedAnchorsPreserveUnicodeReferencesAndTombstones(version:) with 2 test cases passed after 59.242 seconds.
✔ Test v4CausalSplitPinsEarlierDestinationAndJoinedPrefix(joinFirst:) with 2 test cases passed after 59.242 seconds.
✔ Test checkedInsertFocusAndWholeBodyDeleteInsertionTargetAreUsableAndAtomic() passed after 59.242 seconds.
✔ Test independentNestedMoveFixtureKeepsSelectionOriginAndSingleUndoReopen() passed after 59.254 seconds.
✔ Test schemaSoleEmptyListExitKeepsRootIdentityAndRemoteReopenedUndo() passed after 59.242 seconds.
✔ Test writingSessionCausalGapRecoveryPersistsSeparatelyAndReplaysOnRejoin() passed after 59.242 seconds.
✔ Test v4InsertionAfterReferenceNeighborRetainsAtomicPayloadAndMarks() passed after 59.238 seconds.
✔ Test previewOnlyUpdatesDescriptiveMetadataAndExplicitNullRemovesOptionalValues() passed after 59.236 seconds.
✔ Test externalNormalizationRequiresExplicitSafeAssetMetadata() passed after 59.236 seconds.
✔ Test failureAndInterruptedReopenPreserveLocalPendingErrorResultWithoutSharedMutation() passed after 59.236 seconds.
✔ Test sourceChangeRetainsOldResultAndFreshTargetCompletesWithoutOverwritingNewPreviewURL() passed after 59.228 seconds.
✔ Test writingBatchMoveKeepsNestedOriginsAndRemoteAuthorWork() passed after 59.228 seconds.
✔ Test independentConcurrentMetadataRegistersComposeAndAuthorUndoRevealsPeerWinner() passed after 59.239 seconds.
✔ Test schemaUndoKeepsPeerSubtreeIdentityMarksReferencesAndOpaqueChildren() passed after 59.228 seconds.
✔ Test concurrentDeletionPreventsValidPeerCompletionFromRecreatingContent() passed after 59.228 seconds.
✔ Test unchangedResultAndRepeatedDeliveryHaveNoHistoryAndNoAutomaticRedo() passed after 59.218 seconds.
✔ Test hierarchicalPasteKeepsOriginalCollectionsAndWholeImportedMetadata(actor:reversed:) with 4 test cases passed after 59.218 seconds.
✔ Test forgedSharedMetadataAndWrongSourceProofRejectEvenWhenInactive() passed after 59.218 seconds.
✔ Test retainedPasteAcceptsObservedRoleSourceAndRejectsErasedRoleCohort(actor:) with 2 test cases passed after 59.218 seconds.
✔ Test mixedPasteZeroReplacementRetainsSuffixOriginWithConcurrentSplit(actor:upper:) with 4 test cases passed after 59.209 seconds.
✔ Test impossibleSameChangeNodePathsAndInitialAnchorsRejectAtomically(deferredParent:) with 2 test cases passed after 59.209 seconds.
✔ Test writingBatchCrossCollectionRangeKeepsBoundaryAncestorsAndUnselectedChildren() passed after 59.209 seconds.
✔ Test pasteBlocksPublicCommandRetainsWholeMetadataAndConcurrentCutGroups(actor:cut:) with 4 test cases passed after 59.209 seconds.
✔ Test createdListDescendantsRetainOpaqueTypeMetadata(metadataType:) with 3 test cases passed after 59.209 seconds.
✔ Test writingSessionNestedSplitKeepsContainerIDsReferencesAndUndo() passed after 59.209 seconds.
✔ Test v2StructuralReplayPreservesTheMigrationCorpus() passed after 59.209 seconds.
✔ Test writingSessionReentrantCompositionQueueRetainsNewPacketsDuringDrain() passed after 59.209 seconds.
✔ Test sameChangePlacementCyclesAreRejectedWithoutAcknowledgmentOrContentLoss() passed after 59.209 seconds.
✔ Test concurrentConversionAndParagraphSplitConvergeWithRemotePreservingUndo() passed after 59.208 seconds.
✔ Test rejectedRepairsAndMalformedPayloadsLeaveThePendingUnionAndReceiptsIntact() passed after 59.206 seconds.
✔ Test schemaBaselineItemMoveUndoAndRedoKeepIdentityAndSubtree() passed after 59.206 seconds.
✔ Test writingBatchRetainedFieldEndFollowsRemoteSuffix(range:) with 3 test cases passed after 59.369 seconds.
◇ Test case passing 1 argument fault → "delete" to forgedListPlansRejectEvenWhenDisabledWithoutAcknowledgment(fault:) started.
◇ Test case passing 1 argument fault → "rootMove" to forgedListPlansRejectEvenWhenDisabledWithoutAcknowledgment(fault:) started.
◇ Test case passing 1 argument fault → "wrongPlacement" to forgedListPlansRejectEvenWhenDisabledWithoutAcknowledgment(fault:) started.
◇ Test case passing 1 argument fault → "wrongAnchor" to forgedListPlansRejectEvenWhenDisabledWithoutAcknowledgment(fault:) started.
◇ Test case passing 1 argument fault → "extraSetter" to forgedListPlansRejectEvenWhenDisabledWithoutAcknowledgment(fault:) started.
◇ Test case passing 1 argument fault → "duplicate" to forgedListPlansRejectEvenWhenDisabledWithoutAcknowledgment(fault:) started.
◇ Test case passing 1 argument fault → "empty" to forgedListPlansRejectEvenWhenDisabledWithoutAcknowledgment(fault:) started.
◇ Test case passing 1 argument fault → "wrongScope" to forgedListPlansRejectEvenWhenDisabledWithoutAcknowledgment(fault:) started.
◇ Test case passing 1 argument fault → "futureCapture" to forgedListPlansRejectEvenWhenDisabledWithoutAcknowledgment(fault:) started.
◇ Test case passing 1 argument fault → "futureCaret" to forgedListPlansRejectEvenWhenDisabledWithoutAcknowledgment(fault:) started.
✔ Test pasteSpliceExplicitGroupKeepsConcurrentCutsInBoundaryOrder(pasteActor:pasteCut:) with 4 test cases passed after 59.832 seconds.
◇ Test case passing 1 argument fault → "first" to invalidHierarchyTargetsRejectWithoutStateHistoryOrReceiptChanges(fault:) started.
◇ Test case passing 1 argument fault → "rootOutdent" to invalidHierarchyTargetsRejectWithoutStateHistoryOrReceiptChanges(fault:) started.
◇ Test case passing 1 argument fault → "noncontiguous" to invalidHierarchyTargetsRejectWithoutStateHistoryOrReceiptChanges(fault:) started.
◇ Test case passing 1 argument fault → "reverse" to invalidHierarchyTargetsRejectWithoutStateHistoryOrReceiptChanges(fault:) started.
◇ Test case passing 1 argument fault → "ancestor" to invalidHierarchyTargetsRejectWithoutStateHistoryOrReceiptChanges(fault:) started.
◇ Test case passing 1 argument fault → "wrongCaret" to invalidHierarchyTargetsRejectWithoutStateHistoryOrReceiptChanges(fault:) started.
◇ Test case passing 1 argument fault → "crossList" to invalidHierarchyTargetsRejectWithoutStateHistoryOrReceiptChanges(fault:) started.
◇ Test case passing 1 argument fault → "collision" to invalidHierarchyTargetsRejectWithoutStateHistoryOrReceiptChanges(fault:) started.
✔ Test writingSessionUnicodeReferenceAndUnknownPayloadSurviveSplitReopen() passed after 60.151 seconds.
✔ Test v4EmptySplitHeadPositionFollowsRetainedBoundaryAcrossPeerEditsUndoReopenAndRedo(list:actor:) with 4 test cases passed after 60.219 seconds.
✔ Test emptySplitHeadReturnsToExactRetainedBoundaryOnUndoIncludingPeerPrefixAndReopen() passed after 60.219 seconds.
✔ Test schemaListConversionKeepsRootIdentityRichAtomsMetadataAndRemoteUndo(style:) with 3 test cases passed after 60.533 seconds.
✔ Test incompatibleMergePolicyTitleAndForgedCutProofRejectWithoutHistoryChanges() passed after 60.592 seconds.
◇ Test case passing 1 argument actor → "a" to multiItemIndentPreservesRichMetadataChildrenPeerTextCaretAndSingleUndo(actor:) started.
◇ Test case passing 1 argument actor → "z" to multiItemIndentPreservesRichMetadataChildrenPeerTextCaretAndSingleUndo(actor:) started.
✔ Test retainedPasteAtZeroUsesOriginalEndpointAndNoBlankPrefix(actor:) with 2 test cases passed after 60.749 seconds.
✔ Test splitAfterColumnRemovalAndUndoKeepsLogicalOriginRoutes() passed after 60.807 seconds.
✔ Test nestedEmptyChecklistEnterOutdentsAndRetainsHistory() passed after 60.851 seconds.
✔ Test mergeRetainsRightPeerAtomsAndAnchorsAcrossUndoReopen() passed after 60.851 seconds.
✔ Test capturedCaretRebasesThroughObservedPeerCutBeforeSecondSplit() passed after 60.848 seconds.
✔ Test pasteBlocksSequentialSameBoundaryKeepsCapturedBeforeImportedGroup() passed after 60.847 seconds.
✔ Test nestedMovesRetainScopedIdentityTextMarksReferencesAndSelections() passed after 60.847 seconds.
✔ Test emptyHeadTraversesMultipleRetiredSplitsButExplicitDeletionDoesNotRetarget() passed after 60.848 seconds.
✔ Test concurrentDestinationConversionAndParagraphMergePreserveIdentityAndAuthorUndo() passed after 60.846 seconds.
✔ Test writingSessionStoppedAuthorReorderedUndoRedoRestoresWinningHistory() passed after 60.845 seconds.
✔ Test joinedSourceInputUsesCapturedAtomsAndRejectsUnrelatedFieldAnchor() passed after 60.845 seconds.
✔ Test writingSessionObserverSeesFinalUndoAndRedoHistory() passed after 60.845 seconds.
✔ Test concurrentCutsPartitionSuffixInTextOrderAndEachAuthorUndoRetainsOtherCut() passed after 60.846 seconds.
✔ Test retainedSuffixCaretAndPeerReplacementFollowSplitUndoRedoAndReopen() passed after 60.845 seconds.
✔ Test nestedChecklistSplitRetainsParentChildrenAndResetsNewItemCheckedState() passed after 60.845 seconds.
✔ Test writingSessionReplacementAndSoftBreakAreAtomicAndCompositionGuarded() passed after 60.845 seconds.
✔ Test writingBatchDuplicateCopiesRichDescendantsWithFreshOrigins() passed after 60.845 seconds.
✔ Test v4ObservedRichPrefixSelectionReplacementRetainsReferencesFormattingAndPeerUndo(list:actor:) with 4 test cases passed after 60.845 seconds.
✔ Test schemaRetiredListStyleStillRejectsMalformedWireAttribute() passed after 60.844 seconds.
✔ Test hierarchicalPasteBoundaryAncestorKeepsChildrenAndForeignDescendants(actor:) with 2 test cases passed after 60.844 seconds.
✔ Test externalNormalizationResultPolicyArraysHaveDeterministicWireOrder() passed after 60.844 seconds.
✔ Test concurrentJoinedSourceConversionRetainsUnionForAuthorReconciliation(reverseActors:repairMerge:) with 4 test cases passed after 60.844 seconds.
✔ Test splitKeepsHeadingSourceMetadataRichReferencesAndAtomicBoundaries() passed after 60.846 seconds.
✔ Test nearFullArchiveReservesFailureAndCancellationWithoutLosingAcceptedLocalState() passed after 60.936 seconds.
✔ Test schemaOverlappingOwnerRepairRoutesBothHistoricalHeadsAndOriginalAtomOrigin(actor:repairOther:) with 4 test cases passed after 60.844 seconds.
✔ Test sharedBridgeFixture() passed after 60.845 seconds.
✔ Test hierarchicalPasteForeignMovedImportRetainsPeerWorkThroughAuthorUndo(actor:acrossContainer:) with 4 test cases passed after 60.838 seconds.
✔ Test externalNormalizationDoesNotCommitOrReleaseComposition() passed after 60.838 seconds.
✔ Test concurrentColumnCutsRemainReachableAfterFlatteningUndoAndRejoin() passed after 60.845 seconds.
✔ Test concurrentTypingAndAuthorUndo() passed after 60.837 seconds.
✔ Test protocolCutoverPreservesDocumentAndRejectsMixedVersionsAtomically() passed after 60.837 seconds.
◇ Test case passing 2 arguments version → 4, excess → 0 to actual32MBUnionRetainsRejectedHistoryAndPeerMetadata(version:excess:) started.
✔ Test preservesUnknownFieldsAndNestedContent() passed after 60.890 seconds.
◇ Test case passing 1 argument command → "heading" to retainedPeerParagraphSupportsModernCommandsAndReopenedHistory(command:) started.
◇ Test case passing 1 argument command → "code" to retainedPeerParagraphSupportsModernCommandsAndReopenedHistory(command:) started.
◇ Test case passing 1 argument command → "list" to retainedPeerParagraphSupportsModernCommandsAndReopenedHistory(command:) started.
◇ Test case passing 1 argument command → "split" to retainedPeerParagraphSupportsModernCommandsAndReopenedHistory(command:) started.
◇ Test case passing 1 argument command → "move" to retainedPeerParagraphSupportsModernCommandsAndReopenedHistory(command:) started.
◇ Test case passing 1 argument command → "delete" to retainedPeerParagraphSupportsModernCommandsAndReopenedHistory(command:) started.
◇ Test case passing 1 argument command → "insert" to retainedPeerParagraphSupportsModernCommandsAndReopenedHistory(command:) started.
◇ Test case passing 1 argument command → "columns" to retainedPeerParagraphSupportsModernCommandsAndReopenedHistory(command:) started.
✔ Test bridgeReportsErrorsAndReleasesSessions() passed after 61.104 seconds.
✔ Test schemaFirstExitKeepsInsertedOwnerAndFollowingInsertedRootOrdinal() passed after 61.104 seconds.
✔ Test nestedListIndentOutdentAndTableCollectionsUseSharedCommands() passed after 61.110 seconds.
✔ Test schemaRetainedRoleAnchorsKeepMultiplePeerParagraphOrderAndWrapperRedo() passed after 61.119 seconds.
✔ Test crossPasteInlineUsesOneAuthorJoinAndPreservesPeerAtoms(actor:reversed:) with 4 test cases passed after 61.119 seconds.
✔ Test structuralPasteAtFieldStartMustRetainCompleteFirstNodeAndAvoidIncidentalBlankPrefix() passed after 61.119 seconds.
✔ Test writingSessionNewLinksRejectUnsafeSchemesWithoutChangingLegacyBaseline() passed after 61.119 seconds.
✔ Test hierarchicalPasteNestedImportsAndParentEnterKeepIndependentCollections(actor:reversedDelivery:) with 4 test cases passed after 61.119 seconds.
✔ Test dependentPlacementChainsPreserveExistingContentUntilTheirAnchorArrives(nested:) with 2 test cases passed after 61.137 seconds.
✔ Test validLargeOriginalsCrossTheABIInChunksWithoutClippingOpaqueDocumentData() passed after 61.302 seconds.
✔ Test impossiblePriorCreationPathsRejectAtomically(delivery:) with 3 test cases passed after 61.174 seconds.
✔ Test writingSessionMergeKeepsEmptySourceRemoteInputAndRestoresOrigins() passed after 61.184 seconds.
✔ Test schemaRoleCohortExcludesUnobservedConcurrentRedo(redoActor:) with 2 test cases passed after 61.184 seconds.
◇ Test case passing 2 arguments index → 0, actor → "a" to emptyRootExitKeepsOwnerItemChildrenPeerTextAndReopenedUndo(index:actor:) started.
◇ Test case passing 2 arguments index → 0, actor → "z" to emptyRootExitKeepsOwnerItemChildrenPeerTextAndReopenedUndo(index:actor:) started.
◇ Test case passing 2 arguments index → 1, actor → "a" to emptyRootExitKeepsOwnerItemChildrenPeerTextAndReopenedUndo(index:actor:) started.
◇ Test case passing 2 arguments index → 1, actor → "z" to emptyRootExitKeepsOwnerItemChildrenPeerTextAndReopenedUndo(index:actor:) started.
◇ Test case passing 2 arguments index → 2, actor → "a" to emptyRootExitKeepsOwnerItemChildrenPeerTextAndReopenedUndo(index:actor:) started.
◇ Test case passing 2 arguments index → 2, actor → "z" to emptyRootExitKeepsOwnerItemChildrenPeerTextAndReopenedUndo(index:actor:) started.
✔ Test schemaConcurrentUnobservedPeerAndRetirementCanRetainRole(undoActor:) with 2 test cases passed after 61.451 seconds.
✔ Test externalNormalizationDoesNotRelaxLiveHostPolicy() passed after 61.451 seconds.
✔ Test mixedPasteAbsorbsOnlyExplicitInlineBoundariesAndFreshensWholeSchemaNodes(actor:) with 2 test cases passed after 61.451 seconds.
✔ Test concurrentCyclesAndCollidingMovesFallBackWithoutChangingIDs() passed after 61.528 seconds.
◇ Test case passing 1 argument fault → "extraDelete" to forgedEmptyEnterPlansRejectWithoutAcknowledgment(fault:) started.
◇ Test case passing 1 argument fault → "wrongTail" to forgedEmptyEnterPlansRejectWithoutAcknowledgment(fault:) started.
◇ Test case passing 1 argument fault → "wrongRange" to forgedEmptyEnterPlansRejectWithoutAcknowledgment(fault:) started.
◇ Test case passing 1 argument fault → "nonempty" to forgedEmptyEnterPlansRejectWithoutAcknowledgment(fault:) started.
◇ Test case passing 1 argument fault → "wrongPlacement" to forgedEmptyEnterPlansRejectWithoutAcknowledgment(fault:) started.
◇ Test case passing 1 argument fault → "wrongScope" to forgedEmptyEnterPlansRejectWithoutAcknowledgment(fault:) started.
✔ Test emptyLastRootItemExitsAndUndoRetainsConcurrentRemoteInput() passed after 61.673 seconds.
✔ Test nestedReceiveHoldsPreserveCompositionAnchorsAndPreparationCallbacks() passed after 61.707 seconds.
◇ Test case passing 1 argument actor → "a" to concurrentFirstAndLastExitsConvergeWithRetainedOrdinals(actor:) started.
◇ Test case passing 1 argument actor → "z" to concurrentFirstAndLastExitsConvergeWithRetainedOrdinals(actor:) started.
✔ Test schemaConvertedMergeDestinationPreservesTypeIdentityAndBothAuthorUndo(type:) with 2 test cases passed after 61.767 seconds.
◇ Test case passing 1 argument fault → "duplicate" to forgedParagraphRolesRejectAtomicallyIncludingDisabledEdits(fault:) started.
◇ Test case passing 1 argument fault → "late" to forgedParagraphRolesRejectAtomicallyIncludingDisabledEdits(fault:) started.
◇ Test case passing 1 argument fault → "wrongNode" to forgedParagraphRolesRejectAtomicallyIncludingDisabledEdits(fault:) started.
◇ Test case passing 1 argument fault → "wrongOwner" to forgedParagraphRolesRejectAtomicallyIncludingDisabledEdits(fault:) started.
◇ Test case passing 1 argument fault → "wrongRetirement" to forgedParagraphRolesRejectAtomicallyIncludingDisabledEdits(fault:) started.
◇ Test case passing 1 argument fault → "emptyExposure" to forgedParagraphRolesRejectAtomicallyIncludingDisabledEdits(fault:) started.
◇ Test case passing 1 argument fault → "oldExposure" to forgedParagraphRolesRejectAtomicallyIncludingDisabledEdits(fault:) started.
◇ Test case passing 1 argument fault → "selfAnchor" to forgedParagraphRolesRejectAtomicallyIncludingDisabledEdits(fault:) started.
◇ Test case passing 1 argument fault → "futureRetirement" to forgedParagraphRolesRejectAtomicallyIncludingDisabledEdits(fault:) started.
◇ Test case passing 1 argument fault → "forgedAnchor" to forgedParagraphRolesRejectAtomicallyIncludingDisabledEdits(fault:) started.
◇ Test case passing 1 argument fault → "currentAnchor" to forgedParagraphRolesRejectAtomicallyIncludingDisabledEdits(fault:) started.
✔ Test schemaRichCodeRejectionAndRemoteRichUnionPreserveAcceptedState() passed after 62.098 seconds.
✔ Test hierarchicalPasteConcurrentImportsUseRetainedRankInSameChildCollection(actor:reversedDelivery:) with 4 test cases passed after 62.109 seconds.
✔ Test retainedPasteSequentialReuseKeepsOneStepHistory(actor:) with 2 test cases passed after 62.109 seconds.
✔ Test clipboardPoliciesRejectUnsafeOrRestrictedImportsWithoutChangingHistory() passed after 62.109 seconds.
✔ Test pasteSpliceRejectsDuplicateOwnershipEvenWhenAuthorUndoRetainsMalformedEdit(inactive:) with 2 test cases passed after 62.108 seconds.
◇ Test case passing 1 argument fault → "none" to invalidSemanticTargetsAndRolesRejectAtomically(fault:) started.
◇ Test case passing 1 argument fault → "both" to invalidSemanticTargetsAndRolesRejectAtomically(fault:) started.
◇ Test case passing 1 argument fault → "wrongCaret" to invalidSemanticTargetsAndRolesRejectAtomically(fault:) started.
◇ Test case passing 1 argument fault → "unknown" to invalidSemanticTargetsAndRolesRejectAtomically(fault:) started.
◇ Test case passing 1 argument fault → "item" to invalidSemanticTargetsAndRolesRejectAtomically(fault:) started.
◇ Test case passing 1 argument fault → "deleted" to invalidSemanticTargetsAndRolesRejectAtomically(fault:) started.
◇ Test case passing 1 argument fault → "scope" to invalidSemanticTargetsAndRolesRejectAtomically(fault:) started.
◇ Test case passing 1 argument fault → "role" to invalidSemanticTargetsAndRolesRejectAtomically(fault:) started.
◇ Test case passing 1 argument fault → "codeRange" to invalidSemanticTargetsAndRolesRejectAtomically(fault:) started.
◇ Test case passing 1 argument fault → "titleRange" to invalidSemanticTargetsAndRolesRejectAtomically(fault:) started.
◇ Test case passing 1 argument href → "javascript:alert(1)" to invalidLinksNeverMutateStateOrStripExistingMarks(href:) started.
◇ Test case passing 1 argument href → "data:text/html,test" to invalidLinksNeverMutateStateOrStripExistingMarks(href:) started.
◇ Test case passing 1 argument href → "file:///tmp/file" to invalidLinksNeverMutateStateOrStripExistingMarks(href:) started.
◇ Test case passing 1 argument href → "https://" to invalidLinksNeverMutateStateOrStripExistingMarks(href:) started.
◇ Test case passing 1 argument href → "relative" to invalidLinksNeverMutateStateOrStripExistingMarks(href:) started.
◇ Test case passing 1 argument href → "https://example.com/space here" to invalidLinksNeverMutateStateOrStripExistingMarks(href:) started.
◇ Test case passing 1 argument href → "https://example.com/
" to invalidLinksNeverMutateStateOrStripExistingMarks(href:) started.
◇ Test case passing 1 argument href → "mailto:" to invalidLinksNeverMutateStateOrStripExistingMarks(href:) started.
◇ Test case passing 1 argument fault → "role" to malformedSemanticPacketsRejectEvenInactiveWithoutReceiptOrRecovery(fault:) started.
◇ Test case passing 1 argument fault → "document" to malformedSemanticPacketsRejectEvenInactiveWithoutReceiptOrRecovery(fault:) started.
◇ Test case passing 1 argument fault → "unknown" to malformedSemanticPacketsRejectEvenInactiveWithoutReceiptOrRecovery(fault:) started.
◇ Test case passing 1 argument fault → "item" to malformedSemanticPacketsRejectEvenInactiveWithoutReceiptOrRecovery(fault:) started.
◇ Test case passing 1 argument fault → "duplicate" to malformedSemanticPacketsRejectEvenInactiveWithoutReceiptOrRecovery(fault:) started.
◇ Test case passing 1 argument fault → "future" to malformedSemanticPacketsRejectEvenInactiveWithoutReceiptOrRecovery(fault:) started.
✔ Test writingSessionRecoveryRepairUndoPreservesRemoteCutAndFailureProposal() passed after 62.501 seconds.
◇ Test case passing 1 argument version → 3 to legacyWritingProtocolsRejectDocumentOriginsWithoutAcknowledging(_:) started.
◇ Test case passing 1 argument version → 4 to legacyWritingProtocolsRejectDocumentOriginsWithoutAcknowledging(_:) started.
◇ Test case passing 1 argument version → 5 to legacyWritingProtocolsRejectDocumentOriginsWithoutAcknowledging(_:) started.
◇ Test case passing 1 argument version → 6 to legacyWritingProtocolsRejectDocumentOriginsWithoutAcknowledging(_:) started.
✔ Test v4EmptySplitHeadPositionFollowsNestedRetiredBirthsWithoutChangingEndSentinels() passed after 62.503 seconds.
✔ Test blockConversionKeepsIdentityRichContentAndAuthorUndoAfterReopen() passed after 62.503 seconds.
✔ Test schemaRoleDeltaBeforeDependenciesRetainsRecoveryAndReopens() passed after 62.486 seconds.
✔ Test writingBatchCapturesBackwardRootAndNestedRanges() passed after 62.462 seconds.
✔ Test v4SoftBreakAfterInsertedRunSurvivesTransferredAndJoinedHistory(splitFirst:) with 2 test cases passed after 62.451 seconds.
✔ Test schemaProjectedPeerParagraphSupportsEnterMoveUndoAndReopen(baseline:) with 2 test cases passed after 62.451 seconds.
✔ Test retainedPasteInsideObservedInsertedToggleKeepsNestedInitialProofs(actor:) with 2 test cases passed after 62.446 seconds.
✔ Test collectionTableConcurrentRowsCellsReorderRemoveAndReopenedUndo() passed after 62.437 seconds.
✔ Test heldProtocolFailureDoesNotStopLaterNestedChangesOrAcknowledgeTheFailure() passed after 62.430 seconds.
✔ Test writingSessionConcurrentSameCutRetainsBothBreaksAndUndo() passed after 62.429 seconds.
✔ Test schemaInactiveRoleRestoresExactItemAndSupportsLaterListCommands() passed after 62.429 seconds.
✔ Test retainedPasteNewWireCannotBeSpoofedIntoFiveOrMissingCohortAdmitted() passed after 62.424 seconds.
✔ Test v4TextRepairCompletesRequiredUndoAndPreservesAdditionalPeerMetadata(actor:) with 2 test cases passed after 62.429 seconds.
✔ Test simultaneousRepairsConvergeAndUndoKeepsTheOtherRepair() passed after 62.398 seconds.
✔ Test collectionCreationRejectsInvalidScopePolicyCompositionAndLegacyAtomically() passed after 62.398 seconds.
✔ Test undoInsertionPreservesRemoteContentAndConcurrentDescendantsSurviveDelete() passed after 62.405 seconds.
✔ Test schemaMalformedRetainedRoleDoesNotChangeAcceptedSaveOrReachV3(fault:) with 3 test cases passed after 62.405 seconds.
✔ Test writingSessionEmptyTextExtensionsSurviveAuthoringAndUndo() passed after 62.405 seconds.
✔ Test writingSessionCutoverPreservesDocumentIDRequiresReconciliationAndArchivesUndo() passed after 62.560 seconds.
✔ Test schemaConcurrentListConversionsKeepRecoverableUnionAndEitherAuthorCanRepair(reverseActors:repairFirst:) with 4 test cases passed after 62.560 seconds.
✔ Test schemaOrdinaryConversionCannotBeSpoofedIntoV3BatchOrRestore() passed after 62.560 seconds.
✔ Test pasteBlocksAtZeroPreservesOriginalSuffixIdentityAndOpaqueBoundaryMetadata() passed after 62.679 seconds.
◇ Test case passing 1 argument reverse → false to independentAppearanceRegistersAndSameFieldWinsConvergeAcrossOrder(_:) started.
◇ Test case passing 1 argument reverse → true to independentAppearanceRegistersAndSameFieldWinsConvergeAcrossOrder(_:) started.
◇ Test case passing 1 argument inactive → false to malformedPlainTitleAndInactiveTransactionsNeverAcknowledge(_:) started.
◇ Test case passing 1 argument inactive → true to malformedPlainTitleAndInactiveTransactionsNeverAcknowledge(_:) started.
✔ Test concurrentFormattingAndDeletion() passed after 63.070 seconds.
✔ Test legacySeedNamespaceFollowsTheTextActuallyInitialized(initialized:) with 2 test cases passed after 63.070 seconds.
✔ Test allDeliveryPermutationsConverge() passed after 63.070 seconds.
✔ Test emptyNestedListItemOutdentsWithoutChangingIdentity() passed after 63.070 seconds.
✔ Test schemaPeerListStyleSurvivesWrapperUndoAsMetadataAndRedoUsesPeerStyle() passed after 63.070 seconds.
✔ Test retainedPasteCannotRankFromGloballyKnownButUnobservedSourceAnchor() passed after 63.070 seconds.
✔ Test reservedSeedReferencesRejectAtomically(version:) with 2 test cases passed after 63.070 seconds.
✔ Test crossPastePreservesUnseenIntermediateChildAndBoundaryText(actor:) with 2 test cases passed after 63.070 seconds.
✔ Test schemaConcurrentFirstAndLastExitsConvergeAndKeepSourceOrdinal(actor:inserted:) with 4 test cases passed after 63.759 seconds.
✔ Test retainedPasteRichReferenceCannotFlattenThroughConcurrentCode(actor:) with 2 test cases passed after 63.760 seconds.
✔ Test sameChangeTextAnchorsCannotNamePlacementsOrAnotherField(version:) with 2 test cases passed after 63.762 seconds.
✔ Test inactiveMovesStillRejectKnownAnchorsFromAnotherCollection(editedAnchor:) with 2 test cases passed after 63.765 seconds.
✔ Test copiedFilesAndPreviewsRemainInertAndRequireExplicitSafeMetadataPermission() passed after 64.172 seconds.
✔ Test schemaConversionRejectsReservedUnknownFieldCollisionsWithoutMutation(key:) with 3 test cases passed after 64.172 seconds.
✔ Test mixedPasteConcurrentCutsOrderCompleteGroupsAndFollowBoundaryPrefix(actor:cut:) with 4 test cases passed after 64.172 seconds.
◇ Test case passing 1 argument kind → "mixed" to independentLegacyFixturesMigrateWithoutChangingAnyFieldOrAllocatingHistory(_:) started.
◇ Test case passing 1 argument kind → "5001" to independentLegacyFixturesMigrateWithoutChangingAnyFieldOrAllocatingHistory(_:) started.
◇ Test case passing 1 argument version → 1 to allLegacySessionVersionsRequireAllOfflineChangesAndKeepOldUndoOnlyInTheArchive(_:) started.
◇ Test case passing 1 argument version → 2 to allLegacySessionVersionsRequireAllOfflineChangesAndKeepOldUndoOnlyInTheArchive(_:) started.
◇ Test case passing 1 argument version → 3 to allLegacySessionVersionsRequireAllOfflineChangesAndKeepOldUndoOnlyInTheArchive(_:) started.
◇ Test case passing 1 argument version → 4 to allLegacySessionVersionsRequireAllOfflineChangesAndKeepOldUndoOnlyInTheArchive(_:) started.
◇ Test case passing 1 argument version → 5 to allLegacySessionVersionsRequireAllOfflineChangesAndKeepOldUndoOnlyInTheArchive(_:) started.
◇ Test case passing 1 argument version → 6 to allLegacySessionVersionsRequireAllOfflineChangesAndKeepOldUndoOnlyInTheArchive(_:) started.
◇ Test case passing 1 argument name → "legacy-collision" to incompatibleIndependentFixturesRemainExactAndNeverActivate(_:) started.
◇ Test case passing 1 argument name → "unsupported-inline" to incompatibleIndependentFixturesRemainExactAndNeverActivate(_:) started.
✔ Test hiddenToggleAndTwoColumnsCopyAllContentSplitAndOpaqueMetadataInLogicalOrder() passed after 64.553 seconds.
✔ Test retainedPasteCanReuseObservedOrdinarySplitTail(actor:) with 2 test cases passed after 64.431 seconds.
✔ Test v3NewBlockCommandsLeaveAcceptedStateUntouched() passed after 64.431 seconds.
✔ Test sameFieldPeerInsertionDoesNotInventAParagraphBreakInCapturedCopy() passed after 64.431 seconds.
✔ Test modernMarksReferencesAndOpaqueNodeDataRemainExactWithSeparatePastePolicy() passed after 64.431 seconds.
✔ Test mixedWholeAndBackwardPartialCopyHasLiteralOrderAndLeavesHistoryFocusUntouched() passed after 64.432 seconds.
✔ Test retainedPasteLaterEndpointMoveStaysAuthoritativeThroughOwnUndo(actor:acrossContainer:) with 4 test cases passed after 64.431 seconds.
✔ Test malformedNodeKindsDepthAndFutureScopeRejectWithoutHistoryMutation() passed after 64.421 seconds.
✔ Test mixedPasteAtZeroKeepsOriginalSuffixOwnerWithoutAnIncidentalBlankHead() passed after 64.418 seconds.
✔ Test versionUnknownFieldsDuplicateKeysFallbackMismatchAndNestedLayoutReject() passed after 64.418 seconds.
✔ Test sameChangeMovesCannotHideExistingContentInAnAnchorCycle(version:) with 2 test cases passed after 64.418 seconds.
✔ Test wholeSubtreeCopySuppressesRedundantPartialRangesAndTracksCurrentMaterialization() passed after 64.432 seconds.
✔ Test writingSessionSplitFollowsRemoteTextMarksSelectionsAndOneUndo() passed after 64.418 seconds.
✔ Test modernItemRowCellPayloadsValidateSemanticMarksWithoutLegacyAdmission() passed after 64.418 seconds.
✔ Test v4ConcurrentCutPreservesUnobservedInsertedPrefixInEarlierTail(actor:) with 2 test cases passed after 64.418 seconds.
✔ Test undoOfMissingEditRemainsValidUntilItsCausalTargetArrives(version:) with 2 test cases passed after 64.418 seconds.
✔ Test schemaEmptyExitRejectsVisibleAndRetainedRootLabelCollisionAtomically(retired:) with 2 test cases passed after 64.418 seconds.
✔ Test clipboardMixedCopyUsesVisibleOrderAfterRemoteMove() passed after 64.418 seconds.
✘ Test opaqueBlockIsCopiedVerbatimWithItsOnlyKnownSchemaIDFreshened() recorded an issue at ModernDuplicationTests.swift:79:6: Caught error: .invalidChange
✔ Test legacyStoppedAuthorReorderedUndoRedoKeepsWinningAvailability(version:) with 2 test cases passed after 65.108 seconds.
✔ Test duplicateRecursivelyRespectsAuthoringPolicyWithoutChangingAcceptedHistory() passed after 65.109 seconds.
✔ Test textPositionsWaitForMissingCausalAnchorsAndRejectOtherDocuments() passed after 65.082 seconds.
✔ Test writingSessionEmptyCodeHasNoSyntheticInlineRecord() passed after 65.050 seconds.
✔ Test schemaConversionUndoProjectsPeerItemWithSameIdentityAndSuffix() passed after 65.050 seconds.
✔ Test schemaInactiveConversionAllowsEitherAuthorToRepairPriorSortedMetadataConflict(repairConversion:) with 2 test cases passed after 65.050 seconds.
✔ Test readOnlyCopyWorksUnderCompositionAndAuthoringPolicyButTitleCannotMixWithBody() passed after 65.109 seconds.
✔ Test receiveHoldBoundsQueuedMessagesWithoutAcknowledgingThem() passed after 65.050 seconds.
✔ Test writingPrototypeSplitRetainsConcurrentTypingFormattingAndAtomOrigins() passed after 65.353 seconds.
✔ Test nestedReceiveHoldsKeepReceiptsPendingAndDrainAfterInvalidBatch() passed after 65.353 seconds.
✔ Test capturedAtomsFollowPeerSplitsWhileUnobservedPeerTextAndOverlappingRangesDoNotDuplicate() passed after 65.413 seconds.
✔ Test clipboardPlainTextNormalizesLineEndingsInOneUndoAction() passed after 65.353 seconds.
✔ Test v5RequiredUndoExportsRestartsAndRepairsWithoutLosingPeerMetadata() passed after 65.353 seconds.
✔ Test hierarchicalPasteSingleInlineKeepsBothOpaqueBoundaries(actor:) with 2 test cases passed after 65.353 seconds.
✔ Test clipboardMarkdownDividerRoundTripsWithFreshIdentityAndPolicy() passed after 65.353 seconds.
✔ Test cachedWritingOrderMatchesCanonicalIdentityOrder() passed after 65.385 seconds.
✔ Test receivePreparationCannotOverwriteReentrantLocalChanges() passed after 65.353 seconds.
✔ Test v4SequentialInsertionKeepsObservedRunOrderAndPeerUndo(list:actor:) with 4 test cases passed after 65.353 seconds.
✔ Test clipboardRichPastePreservesReferencePayloadAndPeerUndoAcrossReopen() passed after 65.353 seconds.
✔ Test ordinarySplitBeforeFirstImportedMemberMustPrecedeWholeExistingGroup() passed after 65.345 seconds.
◇ Test case passing 1 argument kind → "row" to hierarchicalPasteUndoRestoresTypedInsertionAndRedoRestoresImportedNodeInput(_:) started.
◇ Test case passing 1 argument kind → "cell" to hierarchicalPasteUndoRestoresTypedInsertionAndRedoRestoresImportedNodeInput(_:) started.
◇ Test case passing 1 argument fault → "version" to malformedHistorySelectionArchivesRejectAtomicallyWithoutChangingAcceptedStateOrFreshRegistry(_:) started.
◇ Test case passing 1 argument fault → "scope" to malformedHistorySelectionArchivesRejectAtomicallyWithoutChangingAcceptedStateOrFreshRegistry(_:) started.
◇ Test case passing 1 argument fault → "actor" to malformedHistorySelectionArchivesRejectAtomicallyWithoutChangingAcceptedStateOrFreshRegistry(_:) started.
◇ Test case passing 1 argument fault → "duplicate" to malformedHistorySelectionArchivesRejectAtomicallyWithoutChangingAcceptedStateOrFreshRegistry(_:) started.
◇ Test case passing 1 argument fault → "unknown" to malformedHistorySelectionArchivesRejectAtomicallyWithoutChangingAcceptedStateOrFreshRegistry(_:) started.
◇ Test case passing 1 argument fault → "futureBefore" to malformedHistorySelectionArchivesRejectAtomicallyWithoutChangingAcceptedStateOrFreshRegistry(_:) started.
◇ Test case passing 1 argument fault → "missingCapture" to malformedHistorySelectionArchivesRejectAtomicallyWithoutChangingAcceptedStateOrFreshRegistry(_:) started.
◇ Test case passing 1 argument fault → "foreignEdit" to malformedHistorySelectionArchivesRejectAtomicallyWithoutChangingAcceptedStateOrFreshRegistry(_:) started.
◇ Test case passing 1 argument action → "format" to deliberateCommandFamiliesRestoreTheirInputAndReportedResultAcrossUndoRedoReopen(_:) started.
◇ Test case passing 1 argument action → "link" to deliberateCommandFamiliesRestoreTheirInputAndReportedResultAcrossUndoRedoReopen(_:) started.
◇ Test case passing 1 argument action → "color" to deliberateCommandFamiliesRestoreTheirInputAndReportedResultAcrossUndoRedoReopen(_:) started.
◇ Test case passing 1 argument action → "convert" to deliberateCommandFamiliesRestoreTheirInputAndReportedResultAcrossUndoRedoReopen(_:) started.
◇ Test case passing 1 argument action → "softBreak" to deliberateCommandFamiliesRestoreTheirInputAndReportedResultAcrossUndoRedoReopen(_:) started.
◇ Test case passing 1 argument action → "split" to deliberateCommandFamiliesRestoreTheirInputAndReportedResultAcrossUndoRedoReopen(_:) started.
◇ Test case passing 1 argument action → "duplicate" to deliberateCommandFamiliesRestoreTheirInputAndReportedResultAcrossUndoRedoReopen(_:) started.
◇ Test case passing 1 argument action → "paste" to deliberateCommandFamiliesRestoreTheirInputAndReportedResultAcrossUndoRedoReopen(_:) started.
◇ Test case passing 1 argument action → "insert" to deliberateCommandFamiliesRestoreTheirInputAndReportedResultAcrossUndoRedoReopen(_:) started.
◇ Test case passing 1 argument action → "move" to deliberateCommandFamiliesRestoreTheirInputAndReportedResultAcrossUndoRedoReopen(_:) started.
◇ Test case passing 1 argument action → "delete" to deliberateCommandFamiliesRestoreTheirInputAndReportedResultAcrossUndoRedoReopen(_:) started.
◇ Test case passing 1 argument action → "columns" to deliberateCommandFamiliesRestoreTheirInputAndReportedResultAcrossUndoRedoReopen(_:) started.
◇ Test case passing 1 argument action → "merge" to deliberateCommandFamiliesRestoreTheirInputAndReportedResultAcrossUndoRedoReopen(_:) started.
✔ Test exitRolesWithRankedAndFallbackOriginsKeepOneStableOrder() passed after 65.877 seconds.
✔ Test writingPrototypeCyclesAndIncompleteHistoriesFailExplicitly() passed after 65.877 seconds.
✔ Test writingBatchDuplicateSkipsLabelsRetainedAcrossEpochReset() passed after 65.877 seconds.
✔ Test clipboardCollectionFreshensOnlySchemaIDsAndUndoesOnceWithRemoteChildren() passed after 65.887 seconds.
✔ Test hierarchicalPasteOldEpochAndIncompatibleKindRejectAtomically() passed after 65.880 seconds.
✔ Test writingSessionSequentialCutsKeepObservedSiblingOrder(offset:) with 2 test cases passed after 65.877 seconds.
✔ Test v5SpliceOnExposedPeerParagraphPreservesRoleAcrossWrapperUndoAndReopen(wrapperActor:) with 2 test cases passed after 65.887 seconds.
✔ Test modernSnapshotDoesNotBroadenLegacyMarkOrSessionAdmission() passed after 65.573 seconds.
✔ Test schemaConcurrentPartitionsThatExhaustAnOwnerRetainRecoveryAndEitherAuthorCanRepair(actor:repairOther:) with 4 test cases passed after 65.877 seconds.
✔ Test splitRejectsInvalidBoundsAndNonintegerValues(_:) with 5 test cases passed after 65.573 seconds.
✔ Test explicitNewDocumentDefaultsDoNotSilentlyUpgradeMissingWireFields() passed after 65.572 seconds.
✔ Test opaqueNumbersCannotSilentlyRoundDuringAdmission(_:) with 3 test cases passed after 65.564 seconds.
✔ Test exactNumericRoundTripsAllowCanonicalDecimalSpelling(_:) with 5 test cases passed after 65.564 seconds.
✔ Test exactTwoContainersAndScopedIdentitiesAreRequired() passed after 65.572 seconds.
✔ Test titleRejectsLineBreaksWithoutConsumingBody(_:) with 5 test cases passed after 65.564 seconds.
✔ Test appearanceAndPaletteRejectUnrecognizedPresetsAndRoles() passed after 65.564 seconds.
✔ Test duplicateRawKeysIncludingEscapedKeysRejectBeforeSemanticAdmission() passed after 65.530 seconds.
✔ Test nestedColumnsRejectEvenThroughToggleDescendantsButIndependentLayoutsRemainValid() passed after 65.564 seconds.
✔ Test insertChoosesFirstEditableNestedFieldOrWholeNodeAndUndoesOnce() passed after 20.336 seconds.
✔ Test deleteReturnsFollowingThenPrecedingTextOrEmptyInsertionWithoutPlaceholder() passed after 20.336 seconds.
✔ Test mixedDeletePreservesLaterPeerAtomsAndIndependentTextWithOneUndo() passed after 20.335 seconds.
✔ Test staleSelectionScopeForgedBoundaryWrongOrderAndForeignCaretRejectAtomically() passed after 20.316 seconds.
✔ Test ancestorOverlapMetadataAndDeletedColumnDestinationReject() passed after 19.982 seconds.
✔ Test readOnlyBodyFallbackUsesTitleAndCoveredRangesDoNotDuplicateDeletion() passed after 19.982 seconds.
✔ Test multiMovePreservesCapturedOrderCaretAndPeerTextAsOneUndo() passed after 20.169 seconds.
✔ Test capturedRootBoundarySurvivesAnchorMoveAndDeletionWithoutRetargeting() passed after 19.982 seconds.
✔ Test authoredRichBlockMarksUseTextPolicyWithoutReinterpretingOpaqueMetadata() passed after 19.982 seconds.
✔ Test oneLossyMemberRejectsCompleteRangeWithoutWriting() passed after 19.946 seconds.
✔ Test rangeConversionHasUniqueBirthsAndOneUndoPreservingPeerText() passed after 19.946 seconds.
✔ Test nativeJSONEnvelopeChecksListArgumentsPolicyCapturesAndFocus() passed after 18.393 seconds.
✔ Test styleChangesDeduplicateContainingOwnersAndPreserveCheckedRichAndOpaqueFields() passed after 18.393 seconds.
✔ Test mixedHistoryReturnsExactOriginsAndLocalTypedNodesCannotAuthorizeUnsupportedBlockMutation() passed after 18.341 seconds.
✔ Test checklistUpdatesOnlyChangedItemsAndOneUndoRetainsDisjointPeerWrites() passed after 18.393 seconds.
✔ Test directListStyleConversionPreservesPeerStyleAfterCreatorUndo() passed after 18.341 seconds.
✔ Test forgedListPlansRejectEvenWhenDisabledWithoutAcknowledgment(fault:) with 10 test cases passed after 18.341 seconds.
✔ Test concurrentNestedMovesPreserveBothAuthorsAndUndoUsesRemainingPlacement() passed after 18.341 seconds.
✔ Test existingLimitsAndOpaqueMetadataArePreserved() passed after 65.572 seconds.
✔ Test localSelectionAndPairedArchiveReturnCanonicalBackwardUndoAndCaretRedoIncludingReopen() passed after 18.341 seconds.
✔ Test invalidHierarchyTargetsRejectWithoutStateHistoryOrReceiptChanges(fault:) with 8 test cases passed after 18.049 seconds.
✔ Test compositionAndReducedActionPolicyRejectLocalStyleButPreserveRemoteStyleAndChecks() passed after 18.341 seconds.
✔ Test malformedImportOrSelectionAndOtherActorCannotReplaceAcceptedHistoryOrExistingRegistry() passed after 18.341 seconds.
✔ Test checkedInvocationOverrideUsesOriginalInputAndExplicitNoneDoesNotFabricateFocus() passed after 18.341 seconds.
✔ Test activeInlineCodeUnionRetainsAcceptedStateUntilAuthorRepair() passed after 18.049 seconds.
✔ Test tableRowAndCellPasteKeepSemanticMetadataAndFreshNamespaces() passed after 18.049 seconds.
✔ Test explicitPlainRangeUsesNormalInlineAndMultilinePrefixSuffixSemantics() passed after 18.032 seconds.
✔ Test inertAssetPolicyAndNewTailAdmissionRejectWithoutChangingOriginalPayload() passed after 18.009 seconds.
✔ Test concurrentListStylesConvergeAndUndoRevealsPeerWinner() passed after 18.032 seconds.
✔ Test peerStyleAndChecklistHistorySurviveListCreationUndoAndRedo() passed after 18.009 seconds.
✔ Test crossParagraphPastePreservesRetainedEndpointMetadataAndPeerRoutes() passed after 17.916 seconds.
✔ Test multiItemOutdentKeepsUnselectedChildrenAndReopenedPeerEdits() passed after 17.916 seconds.
✔ Test mixedReplacementAndEmptyClipboardAreSingleOrZeroHistorySteps() passed after 17.916 seconds.
✔ Test reorderBetweenListsPreservesOriginsCheckedStatePeerTextAndNoopHistory() passed after 18.032 seconds.
✔ Test inactiveForgedPlanRejectsAndMissingCaptureIsRetainedUntilItsCausalBirthArrives() passed after 17.916 seconds.
✔ Test copiedRowAndConvertedListItemCollectionBirthsKeepModernSemanticAdmission() passed after 17.916 seconds.
✔ Test pastedLayoutPeerEditSurvivesAuthorUndoAndReopenWithoutDuplication() passed after 18.049 seconds.
✔ Test titleAndCodeUseExplicitPlainFallbackWithoutRichMarkOrBlockCoercion() passed after 17.916 seconds.
✔ Test localPolicyCompositionStaleScopeAndReusedLabelsRejectWithoutPartialReplacement() passed after 17.890 seconds.
✔ Test hierarchicalFieldsPreserveOwnerMetadataAndUseCompatibleChildCollection() passed after 17.826 seconds.
✔ Test inactiveInlineConversionDoesNotConflictWithPeerCodeShape() passed after 17.826 seconds.
✔ Test capturedItemsFollowObservedPeerMovesBeforeStyleAndChecklistCommands() passed after 17.916 seconds.
✔ Test genericBlockCommandsKeepItemTableAndDocumentBoundariesClosed() passed after 17.826 seconds.
✔ Test explicitFlattenedFallbackMatchesAcceptedColumnContentAndRichNestedPasteRejects() passed after 17.916 seconds.
✔ Test acceptedBlankPlainMultilinePreservesFourLiteralLinesAndLastInputCaret() passed after 17.633 seconds.
✔ Test pasteAfterCapturedCodeAliasUsesCurrentFieldAndRejectsForgedRelation() passed after 17.633 seconds.
✔ Test v4RetiredSplitHeadTraversesLongValidatedBirthChainWithoutRecursion() passed after 66.319 seconds.
✔ Test acceptedRootLayoutPasteMatchesFullIndependentSnapshotAndFreshensOnlySchemaIDs() passed after 17.916 seconds.
✔ Test sameFieldBlockReplacementHasOneRetainedCutAndKeepsPeerInsertion() passed after 17.458 seconds.
✔ Test multiItemIndentPreservesRichMetadataChildrenPeerTextCaretAndSingleUndo(actor:) with 2 test cases passed after 17.732 seconds.
✔ Test genericCollectionCaptureExposesExplicitBoundaryAndPlainPasteCaretAtLastLineEnd() passed after 13.761 seconds.
✔ Test checkedRichReplacementReturnsOneTransactionAndCaretWithoutChangingClipboard() passed after 13.761 seconds.
✔ Test noProviderResultIsNoopAndMalformedVersionOrExtraFieldsRejectUnchanged() passed after 13.761 seconds.
✔ Test hierarchyHistoryRetainsLateBirthRecoveryUntilCreatorPacketArrives() passed after 17.458 seconds.
✔ Test capturedRichReplacementKeepsAtomicReferenceMetadataAndPeerTextThroughUndoAndReopen() passed after 17.458 seconds.
✔ Test unavailablePolicyCompositionScopeAndAdmissionRetainExactRichPayloadForExplicitRetry() passed after 13.761 seconds.
✔ Test retainedPeerParagraphSupportsModernCommandsAndReopenedHistory(command:) with 8 test cases passed after 13.679 seconds.
✔ Test capturedEmptyItemWithObservedPeerTypingSplitsWithoutReinterpretingAsExit() passed after 13.655 seconds.
✔ Test codeBornCaretCanSplitAfterParagraphConversion() passed after 10.321 seconds.
✔ Test nestedEmptyOutdentRetainsMetadataDescendantsCapturedCaretAndUndo() passed after 13.099 seconds.
✔ Test retainedRoleSurvivesOriginalCreationRedoAndUndoAndKeepsFollowingAnchor() passed after 13.635 seconds.
✔ Test activeExitWhosePeerRestoresColumnsRetainsRecoveryAndAuthorCanRepair() passed after 10.250 seconds.
✔ Test emptyRootExitKeepsOwnerItemChildrenPeerTextAndReopenedUndo(index:actor:) with 6 test cases passed after 10.119 seconds.
✔ Test exhaustedConcurrentPartitionsRemainRecoverableUntilAuthorRepair() passed after 9.881 seconds.
✔ Test forgedEmptyEnterPlansRejectWithoutAcknowledgment(fault:) with 6 test cases passed after 9.869 seconds.
✔ Test acceptedACC15SwitchRetainsResultWithoutReplacementMutationOrOriginAcknowledgment() passed after 9.853 seconds.
✔ Test emptyExitAfterColumnFlattenRetainsLogicalPlacementPeerTextAndUndo() passed after 9.869 seconds.
✔ Test policyCompositionCancelFailureAndReopenPreserveProviderRecordsWithoutAutomaticCompletion() passed after 9.853 seconds.
✔ Test checkedCompletionReturnsNoFocusAndRequestStateIsSeparateFromAcceptedSave() passed after 9.853 seconds.
✔ Test concurrentScopedLabelConflictRetainsUnionAndAuthorRepairKeepsPeerBirth() passed after 9.808 seconds.
✔ Test concurrentFirstAndLastExitsConvergeWithRetainedOrdinals(actor:) with 2 test cases passed after 9.839 seconds.
✔ Test forgedStructuralAndUnobservedInsertedTextPacketsNeverAcknowledge() passed after 9.808 seconds.
✔ Test independentInsertionsAndMovesConvergeInEitherReceiveOrder() passed after 9.808 seconds.
✔ Test insertedBodyFieldsShareTitleHistoryPeerUndoAndReopen() passed after 9.808 seconds.
✔ Test forgedParagraphRolesRejectAtomicallyIncludingDisabledEdits(fault:) with 11 test cases passed after 9.808 seconds.
✔ Test semanticInsertionsAndObservedSubtreeDeletionRetainNestedOriginsThroughUndo() passed after 9.808 seconds.
✔ Test deletionRetainsPeerHistoryAndStaleTargetsCannotHitReusedLabels() passed after 9.808 seconds.
✔ Test insertionUndoWithoutPeerWorkHidesBirthButDoesNotReuseOrigin() passed after 9.800 seconds.
✔ Test invalidStructuralCommandsAreAtomicAndPolicyDoesNotStripPeerContent() passed after 9.808 seconds.
✔ Test incrementalInsertedFieldPacketBeforeBirthRetainsRecoveryThenConverges() passed after 9.800 seconds.
✔ Test malformedInactiveConversionRejectsBeforeMissingCausalRecovery() passed after 9.200 seconds.
✔ Test conversionPreservesRichReferenceOpaqueFieldsAndCaretInsideAtomicLabel() passed after 9.200 seconds.
✔ Test columnMovesKeepScopedOriginsCaretPeerTextAndOneAuthorUndo() passed after 9.800 seconds.
✔ Test independentSnapshotsRetainEveryAdmittedFieldAndCanonicalRoundTrip() passed after 65.574 seconds.
✔ Test listStyleConversionKeepsNestedChecklistOriginsStateAndFieldCaret() passed after 9.200 seconds.
✔ Test distinctCommandPolicyCompositionAndTitleRejectWithoutMutatingHistory() passed after 9.200 seconds.
✔ Test unchangedConversionAndLossyOrInvalidTargetsDoNotChangeSavedHistory() passed after 9.200 seconds.
✔ Test invalidSemanticTargetsAndRolesRejectAtomically(fault:) with 10 test cases passed after 9.199 seconds.
✔ Test concurrentHeadingRegisterUndoRevealsPeerValueInsteadOfOverwritingIt() passed after 9.200 seconds.
✔ Test concurrentDeletionKeepsDefaultsForRestorationWithoutResurrectingContent() passed after 9.199 seconds.
✔ Test invalidLabelsLiteralFieldsAndStaleLinkCapturesRejectUnchanged() passed after 9.199 seconds.
✔ Test semanticCaretAndAlreadyMatchingMarksDoNotCreateHistory() passed after 9.199 seconds.
✔ Test softBreakMatchesIndependentFixtureAndSharesOneUndoWithPeerSafeCapturedReplacement() passed after 9.200 seconds.
✔ Test multiBlockDefaultsPreservePeerTextOpaqueDataCaretAndOneUndoReopen() passed after 9.200 seconds.
✔ Test invalidLinksNeverMutateStateOrStripExistingMarks(href:) with 8 test cases passed after 9.200 seconds.
✔ Test sameDefaultRegisterConvergesAndAuthorUndoRevealsPeerRole() passed after 9.200 seconds.
✔ Test resetsRemoveOnlyOverridesAndMixedStateIncludesInheritedDefaults() passed after 9.200 seconds.
✔ Test capturedBackwardTextInkAndPeerFillKeepPeerInsertionsOutsideFormatting() passed after 9.200 seconds.
✔ Test insertedDefaultIncrementalPacketRecoversAfterItsValidBirthArrives() passed after 9.200 seconds.
✔ Test explicitLabelInsertionUsesCapturedCaretInheritedMarksAndOneAuthorStep() passed after 9.200 seconds.
✔ Test localCompositionAndCommandPoliciesPreserveRemoteDefaultsAndLinkHistory() passed after 9.200 seconds.
✔ Test sameContentConversionMatchesIndependentConcurrentSuffixFixturesThroughUndoReopenAndDuplicatePackets() passed after 9.201 seconds.
✔ Test malformedSemanticPacketsRejectEvenInactiveWithoutReceiptOrRecovery(fault:) with 6 test cases passed after 9.200 seconds.
✔ Test blockDefaultsFollowScopedMovementAndSchemaConversionWithoutCopyingText() passed after 9.200 seconds.
✔ Test twoColumnsKeepScopedChildOriginsAndLogicalAddressOrder() passed after 9.184 seconds.
✔ Test legacyStructuralProtocolRejectsDocumentOriginMutationAtomically() passed after 9.184 seconds.
✔ Test titleReplayAndAuthorDeactivationKeepPeerTextAndBodyIndependent() passed after 9.184 seconds.
✔ Test documentTitleHasAnExplicitOriginOutsideBodyAndConsumerIDs() passed after 9.184 seconds.
✔ Test legacyWritingProtocolsRejectDocumentOriginsWithoutAcknowledging(_:) with 4 test cases passed after 9.184 seconds.
✔ Test defaultOnExposedPeerParagraphSurvivesOriginalListCreationRedoAndOwnUndo() passed after 9.201 seconds.
✔ Test pendingRecoveryRetainsPublishedClipboardUntilOriginalCausalHistoryArrives() passed after 8.261 seconds.
✔ Test checkedBridgeReportsSemanticStateLinkResultsPolicyAndUnchangedInvalidArguments() passed after 9.200 seconds.
✔ Test rangeLinksPreserveCapturedAtomsPeerTextBackwardSelectionAndUndoReopen() passed after 9.200 seconds.
✔ Test publicationFailureOrThrowDoesNotDeleteOrCreateHistoryAndPublisherSeesExactPayloadFirst() passed after 8.261 seconds.
✔ Test deletedAndReusedSourceLabelOrDifferentSessionCannotRetargetDelayedCut() passed after 8.261 seconds.
✔ Test duplicateDeliveryCannotReenterPublicationOrImplicitlyRedoAfterUndo() passed after 8.261 seconds.
✔ Test capturedPartialCutFollowsPeerSplitWithoutRemovingUnobservedTailText() passed after 8.261 seconds.
✔ Test titleCutSupportsBackwardOverlappingRangesAndPeerTextWithOneReplacementGroup() passed after 8.261 seconds.
✔ Test delayedMixedCutPreservesPeerTextAndDeletesOnlyCapturedOriginsInOneGroup() passed after 8.261 seconds.
✔ Test preparationAndDelayedCompletionRecheckPolicyCompositionAndCancellationWithoutPublishingHistory() passed after 8.261 seconds.
✔ Test emptyPublicationConsumesItsPreparationAndNeverDeletesLaterPeerInput() passed after 8.261 seconds.
✔ Test capturedMarksAndStateFollowAllActualFieldsAfterPeerSplitAndReopen() passed after 9.200 seconds.
✔ Test cancelForgetDestroyAndRestoreCannotMakeOldPublicationApplyToNewPreparation() passed after 8.238 seconds.
✔ Test wholeLayoutCutKeepsUnobservedPeerChildInItsValidOriginalContainer() passed after 8.261 seconds.
✔ Test policyCompositionWrongScopeAndOtherHandleRetainPayloadAndAllowExplicitRetry() passed after 8.238 seconds.
✔ Test inlineRolesAndLinksKeepWholeAtomicReferencesAndInheritedListDefaults() passed after 9.201 seconds.
✔ Test unknownWireFieldsAndMalformedSavedHistoryRejectRatherThanDisappear() passed after 8.231 seconds.
✔ Test prepareIsReadOnlyAndFinishNeedsSuccessfulPublicationBeforeOneDeletionAndDuplicateAfterUndoIsNoop() passed after 8.238 seconds.
✔ Test schemaUnionRecoveryRetainsBothAuthorsAndRepairDisablesOnlyOwnEdit() passed after 8.231 seconds.
✔ Test anchoredBackwardRangeRetainsUnobservedPeerTextAndUnicodeCaret() passed after 8.231 seconds.
✔ Test typingGroupUndoRetainsPeerAtomsAndHistoryOrderAcrossReopen() passed after 8.231 seconds.
✔ Test missingCausalPacketIsSeparatelyRecoverableWithoutReceiptThenAcceptsUnion() passed after 8.231 seconds.
✔ Test unobservedReferencesDuplicateBirthsCrossFieldRoutesAndForeignUndoReject() passed after 8.231 seconds.
✔ Test callbacksObserveFinalHistoryAndCannotReenterPublication() passed after 8.231 seconds.
✔ Test noopsAndFailedCommandsPreserveAcceptedHistoryAndCompositionEndsTypingGroup() passed after 8.232 seconds.
✔ Test mismatchedScopeUnsupportedFormatDuplicateKeysAndLossyNumbersRejectUnchanged() passed after 8.232 seconds.
✔ Test malformedOperationWithMissingDependencyRejectsInsteadOfCreatingRecovery() passed after 8.231 seconds.
✔ Test independentAppearanceRegistersAndSameFieldWinsConvergeAcrossOrder(_:) with 2 test cases passed after 8.231 seconds.
✔ Test compositionHoldPreservesLocalDraftBoundaryQueuesNoReceiptAndReleasesOnce() passed after 8.232 seconds.
✔ Test invalidDeferredPacketRemainsExportableAndQueueLimitDoesNotAcknowledge() passed after 8.231 seconds.
✔ Test independentTitleAppearanceFixturesPassSharedSessionPeerUndoRedoAndReopen() passed after 8.231 seconds.
✔ Test malformedPlainTitleAndInactiveTransactionsNeverAcknowledge(_:) with 2 test cases passed after 8.231 seconds.
✔ Test boundedPreparationCountAndMalformedAcknowledgmentNeverDeleteBeforePublication() passed after 8.238 seconds.
✔ Test codeFieldPacketArrivingBeforeBaselineAliasBirthRetainsThenResolvesRecovery() passed after 8.083 seconds.
✔ Test codeFormattingAndTitleConversionRejectWithoutHistoryOrReceiptChanges() passed after 8.083 seconds.
✔ Test laterSchemaConversionRetainsTextCreatedInItsBirthsOwnCompoundPacket() passed after 8.083 seconds.
✔ Test textAuthoredAtConvertedCodeBirthFollowsConversionUndoAndCapturedReplacementAliases() passed after 8.083 seconds.
✔ Test soleEmptyChecklistEnterPreservesOwnerChildOriginsAndPeerTextThroughUndoReopen() passed after 8.083 seconds.
✔ Test codeConversionRetainsCapturedCaretPeerTextAndFieldAliasesThroughUndoRedoAndReopen() passed after 8.083 seconds.
✔ Test listConversionPreservesAtomsCaretPeerReplacementAndChecklistStateThroughUndo() passed after 8.083 seconds.
✔ Test forgedTextUsesOfRetiredContentAliasRejectEvenWhenInactive() passed after 8.083 seconds.
✔ Test malformedInactiveSchemaConversionRejectsBeforeMissingPredecessorAndKeepsReceipt() passed after 8.083 seconds.
✔ Test splitNoncollapsedCapturedRangeStillDeletesOnlyObservedAtomsAfterSchemaRoundTrip() passed after 8.083 seconds.
✔ Test packetCountRawBytesAndHeldBytesUseIndependentLimitsWithoutReceipt() passed after 8.232 seconds.
✔ Test richCodeConversionAndOpaqueFieldCollisionsRejectWithoutChangingSavedHistory() passed after 8.083 seconds.
✔ Test opaqueContentOnCodeBlocksCannotBeDiscardedByLocalOrInactiveRemoteListConversion() passed after 8.083 seconds.
✔ Test futureJoinCannotJustifyForgedAnchorInEarlierCapturedField() passed after 8.082 seconds.
✔ Test concurrentCodeConversionsConvergeAndEachUndoKeepsPeerHead() passed after 8.083 seconds.
✔ Test codeBirthTextCanBecomeRichParagraphWithoutLosingOriginalOriginsOrOpaqueLanguage() passed after 8.082 seconds.
✔ Test concurrentListConversionsRetainRecoveryUntilOwnUndoKeepsPeerBranch() passed after 8.083 seconds.
✔ Test undoListConversionExposesPeerSplitAsRetainedParagraphInsteadOfDroppingIt() passed after 8.083 seconds.
✔ Test writingMathThresholdUnionAt10001RetainsProposalAndRepairsWithoutLosingPeerAtoms(version:actor:) with 4 test cases passed after 66.245 seconds.
✔ Test soleListItemCollapseRetainsCheckedMetadataChildOriginsPeerTextAndUndo() passed after 8.083 seconds.
✔ Test emptyCreationHasNoPlaceholderAndAllowsOutsideLayoutNestedBoundaries() passed after 7.931 seconds.
✔ Test malformedInactiveColumnOperationAndCausallyRemovedTargetsReject() passed after 7.931 seconds.
✔ Test codeAndListConversionsInsideColumnsKeepLogicalOwnersAcrossFlattenAndUndo() passed after 8.083 seconds.
✔ Test resizePacketBeforeLayoutBirthRetainsRecoveryThenConvergesWithoutPromotingReceipt() passed after 7.931 seconds.
✔ Test conflictingFlattenedLabelsRetainUnionUntilAuthorRepairInsteadOfLosingPeerChild() passed after 7.931 seconds.
✔ Test emptyRemovalReturnsUsableInsertionBoundaryAtFormerLayoutPosition() passed after 7.931 seconds.
✔ Test invalidNestedAndNoncontiguousCreationAndSplitDoNotChangeSavedHistory() passed after 7.931 seconds.
✔ Test creationMatchesIndependentFixtureAndKeepsCaretOriginsOneUndoAndReopen() passed after 7.931 seconds.
✔ Test synchronizedResizeLWWAuthorUndoReopenAndNoopMatchIndependentSnapshots() passed after 7.931 seconds.
✔ Test modernColumnRoutesRejectAtEveryLegacyProtocolWithoutReceiptOrSaveChanges() passed after 7.931 seconds.
✔ Test preparationByteBudgetRetainsWholeOpaquePayloadWithoutNarrowingDocumentAdmission() passed after 8.240 seconds.
✔ Test removalUndoKeepsInsertionsAnchoredAfterPreviouslyFlattenedChildOutsideLayout() passed after 7.931 seconds.
✔ Test removalDoesNotOverrideIndependentPeerMoveAndConcurrentRemovalsNeverDuplicate() passed after 7.931 seconds.
✔ Test reservedBlockRegistersAndNestedLayoutsRejectWithoutRetypingConsumerJSON() passed after 7.852 seconds.
✔ Test rejectedUnionRequiresExplicitRepairAndEveryRejectedChangeRemainsInTheArchive() passed after 7.852 seconds.
✔ Test creationUndoFlattensPeerChildrenAfterRestoredSelectionAndRetainsHistoricalAnchors() passed after 7.931 seconds.
✔ Test allLegacySessionVersionsRequireAllOfflineChangesAndKeepOldUndoOnlyInTheArchive(_:) with 6 test cases passed after 7.852 seconds.
✔ Test archiveReadbackAndEveryAcknowledgmentAreRequiredBeforeCreatingANewSession() passed after 7.852 seconds.
✔ Test blockArrayAndExtendedEnvelopeKeepExistingTitleAppearanceAndOpaqueMetadata() passed after 7.852 seconds.
✔ Test incompatibleIndependentFixturesRemainExactAndNeverActivate(_:) with 2 test cases passed after 7.852 seconds.
✔ Test malformedDuplicateNumericUnknownArchiveOrWrongSourceFormatNeverDropsOriginalData() passed after 7.852 seconds.
✔ Test movedInsertedAndRepeatedScopedOriginsMapExplicitlyAndOldAnchorsNeverEnterTheNewEpoch() passed after 7.852 seconds.
✘ Test opaqueBlockIsCopiedVerbatimWithItsOnlyKnownSchemaIDFreshened() failed after 7.669 seconds with 1 issue.
✔ Test removalMatchesFlattenedFixtureRestoresSplitAndCaretAndRoutesLatePeerPackets() passed after 7.932 seconds.
✔ Test forgedCopyPayloadAndInvisibleMalformedPacketsRejectAtomically() passed after 7.669 seconds.
✔ Test capturedOrderSurvivesPeerMovesAndHistoricalDeletedBoundaryRemainsUsable() passed after 7.669 seconds.
✔ Test duplicateFromPeerSplitCopiesOnlyCurrentVisibleContentNotBirthPayload() passed after 7.669 seconds.
✔ Test thousandsOfEmptyContainersKeepEveryOriginWithoutRepeatingCollectionReplay() passed after 7.853 seconds.
✔ Test acceptedDuplicateLiteralSelectsCopyAndFocusesItsFirstInputOneStep() passed after 7.669 seconds.
✔ Test checkedCopyReturnsVersionedPayloadAndFallbackWithoutDocumentHistoryOrFocusMutation() passed after 7.669 seconds.
✔ Test foreignForgedAndExtraTargetFieldsRejectCopyUnchanged() passed after 7.669 seconds.
✔ Test directedSpanFormattingIsAtomicAndKeepsLaterPeerText() passed after 7.602 seconds.
✔ Test authorRestrictionsPreserveAdmittedMarksAndPeerBlocks() passed after 7.602 seconds.
✔ Test copiedExposedPeerParagraphAndFollowingAnchorSurviveOriginalListRedo() passed after 7.669 seconds.
✔ Test columnDestinationAdmitsOrdinaryCopiesAndRejectsNestedLayoutOrDeletedOwner() passed after 7.670 seconds.
✔ Test navigationAndDirectedSpanFollowLogicalColumnsWithoutWriting() passed after 7.602 seconds.
✔ Test mediaPropertyUndoKeepsPeerCaptionAndRejectsOldSource() passed after 7.602 seconds.
✔ Test deletedSourceAndOwnerReusedLabelsScopeAndPolicyRejectUnchanged() passed after 7.669 seconds.
✔ Test catalogProducesAdmittedBlocksAndAvailabilityHonorsHostPolicy() passed after 7.602 seconds.
✔ Test inlineDelimiterFormattingPreservesUnicodeAndRestoresOriginalSelection() passed after 7.602 seconds.
✔ Test headerUndoKeepsLaterPeerCellText() passed after 7.602 seconds.
✔ Test staleDeletionDoesNotEraseNewPeerCellsAndMalformedPlansAreAtomic() passed after 7.602 seconds.
✔ Test markerConversionIsOneUndoAndLiteralCodeKeepsWhitespace() passed after 7.602 seconds.
✔ Test hierarchicalPasteUndoRestoresTypedInsertionAndRedoRestoresImportedNodeInput(_:) with 2 test cases passed after 7.477 seconds.
✔ Test copiedChildPeersRemainRecoverableAcrossAuthorUndoRedoAndReopen() passed after 7.670 seconds.
✔ Test backwardReplacementAndReopenedHistoryRestoreOriginalAnchorsAcrossPeerPrefix() passed after 7.477 seconds.
✔ Test unicodeTitleBackwardRangeRestoresSelectionAndPeerPrefixWithoutTouchingBody() passed after 7.477 seconds.
✔ Test deletedOriginFallsBackToOriginalNeighborsWithoutFocusingAReusedDisplayLabel() passed after 7.477 seconds.
✔ Test admissionCopiesObservedTextButLaterOriginalPeerEditsAndUndoRemainIndependent() passed after 7.670 seconds.
✔ Test nestedListsTablesColumnsFreshenOnlySchemaIDsAndRetainLiteralRichAndOpaqueFields() passed after 7.670 seconds.
✔ Test malformedHistorySelectionArchivesRejectAtomicallyWithoutChangingAcceptedStateOrFreshRegistry(_:) with 8 test cases passed after 7.477 seconds.
✔ Test explicitExternalFocusAndUnavailableOrNoopActionsNeverFabricateInputFocusOrConsumeHistory() passed after 7.477 seconds.
✔ Test insertedRowsAndColumnsHaveIndependentEditableOriginsAndUndo() passed after 7.603 seconds.
✔ Test actualSelectionChangeEndsTypingGroupAndPreservesLifoSelectionAfterReopen() passed after 7.477 seconds.
✔ Test asyncMetadataCompletionKeepsInputSelectionAndPeerTextThroughPairedRequestHistoryReopen() passed after 7.477 seconds.
✔ Test wholeBodyUndoRestoresNodeSelectionAndRedoReturnsEmptyInsertionWithoutPlaceholder() passed after 7.477 seconds.
✔ Test typingGroupKeepsFirstSelectionAndLatestCaretWithoutBreakingForRefreshedPeerFrontier() passed after 7.477 seconds.
✔ Test itemSelectionAndContainingListStateRemainScopedAfterHistoryArchiveImport() passed after 7.477 seconds.
✔ Test delayedCutUsesPreparedInputSnapshotInsteadOfLaterActiveInputAndFailedPublicationDoesNotChangeLocalHistory() passed after 7.477 seconds.
✔ Test authorRepairRebasesLocalInputWithoutDroppingConflictingPeerHistoryOrPromotingFailedRedo() passed after 7.477 seconds.
✔ Test atomicReferenceInteriorSelectionSurvivesPeerTextAndAppearanceHistoryWithoutSplittingTheReference() passed after 7.477 seconds.
✔ Test publicationCallbackSeesPairedHistoryAndItsLaterInputIsNotOverwritten() passed after 7.477 seconds.
✔ Test freshAuthorEditClearsOnlyRedoSelectionRecordsAndOlderArchivesNeverInventInputState() passed after 7.477 seconds.
✘ Suite ModernAsyncCommandsTests failed after 70.585 seconds with 1 issue.
✔ Suite ModernBridgeTests passed after 70.585 seconds.
✔ Suite ModernMigrationBridgeTests passed after 70.585 seconds.
✔ Suite ModernStructuralBridgeTests passed after 70.585 seconds.
✔ Suite ModernSplitMergeTests passed after 70.586 seconds.
◇ Test case passing 2 arguments version → 4, excess → 1 to actual32MBUnionRetainsRejectedHistoryAndPeerMetadata(version:excess:) started.
✔ Suite ModernClipboardTests passed after 70.589 seconds.
✔ Suite ModernDocumentTests passed after 70.589 seconds.
✔ Suite ModernCommandTargetsTests passed after 70.589 seconds.
✔ Suite ModernRangeConversionTests passed after 70.589 seconds.
✔ Suite ModernListStructureTests passed after 70.589 seconds.
✔ Suite ModernHistorySelectionBridgeTests passed after 70.589 seconds.
✔ Suite ModernPasteTests passed after 70.589 seconds.
✔ Suite ModernPasteBridgeTests passed after 70.588 seconds.
✔ Suite ModernListRoleTests passed after 70.588 seconds.
✔ Suite ModernAsyncBridgeTests passed after 70.588 seconds.
✔ Suite ModernStructureTests passed after 70.588 seconds.
✔ Suite ModernBlockCommandsTests passed after 70.588 seconds.
✔ Suite ModernInlineCommandsTests passed after 70.588 seconds.
✔ Suite ModernCutTests passed after 70.581 seconds.
✔ Suite ModernCutBridgeTests passed after 70.581 seconds.
✔ Suite ModernSchemaConversionTests passed after 70.581 seconds.
✔ Suite ModernColumnTests passed after 70.581 seconds.
✘ Suite ModernDuplicationTests failed after 70.578 seconds with 1 issue.
✔ Suite ModernClipboardBridgeTests passed after 70.578 seconds.
✔ Suite ModernBatchInteractionTests passed after 70.577 seconds.
✔ Suite ModernTableCommandTests passed after 70.574 seconds.
✔ Test deliberateCommandFamiliesRestoreTheirInputAndReportedResultAcrossUndoRedoReopen(_:) with 13 test cases passed after 7.511 seconds.
✔ Test mixedDeleteUndoRestoresWholeOriginsAndBackwardPartialRangeWithoutSelectingNewPeerAtoms() passed after 7.593 seconds.
✔ Test crossFieldSelectionEndpointsFollowPeerSplitAndRemainBackwardAcrossAppearanceUndoReopen() passed after 7.695 seconds.
✔ Test bodyFieldsInsideColumnsRemainDistinctAndLiteralAtomsRejectRichMarks() passed after 10.213 seconds.
✔ Suite ModernSessionTests passed after 72.555 seconds.
✔ Test sharedRecoveryBridgeFixture() passed after 69.242 seconds.
✔ Test incrementalLocalEditsMatchFullReplayAfterEveryAction() passed after 79.411 seconds.
✔ Test allIndependentModernSnapshotsKeepExactJSONThroughSharedProjection() passed after 22.513 seconds.
✔ Suite ModernProjectionTests passed after 83.909 seconds.
✔ Test independentLegacyFixturesMigrateWithoutChangingAnyFieldOrAllocatingHistory(_:) with 2 test cases passed after 24.523 seconds.
✔ Suite ModernMigrationTests passed after 87.245 seconds.
✔ Test localSelectionAndPlannedHistoryCapacityRejectBeforeDocumentPublicationAndPreserveRedoAndWholePayload() passed after 26.227 seconds.
✔ Suite ModernHistorySelectionTests passed after 89.316 seconds.
◇ Test case passing 2 arguments version → 5, excess → 0 to actual32MBUnionRetainsRejectedHistoryAndPeerMetadata(version:excess:) started.
◇ Test case passing 2 arguments version → 5, excess → 1 to actual32MBUnionRetainsRejectedHistoryAndPeerMetadata(version:excess:) started.
✔ Test writingSharedBridgeFixture(name:) with 15 test cases passed after 101.227 seconds.
✔ Test actual32MBUnionRetainsRejectedHistoryAndPeerMetadata(version:excess:) with 4 test cases passed after 60.552 seconds.
◇ Test actual64MBRetainedBudgetPreservesCallerOwnedRejectedPacket(version:) started.
◇ Test case passing 1 argument version → 4 to actual64MBRetainedBudgetPreservesCallerOwnedRejectedPacket(version:) started.
◇ Test case passing 1 argument version → 5 to actual64MBRetainedBudgetPreservesCallerOwnedRejectedPacket(version:) started.
✔ Test actual64MBRetainedBudgetPreservesCallerOwnedRejectedPacket(version:) with 2 test cases passed after 6.423 seconds.
◇ Test actual10000RootUnionCountsRootsAndRetainsPeerDescendants(version:roots:) started.
◇ Test case passing 2 arguments version → 4, roots → 9998 to actual10000RootUnionCountsRootsAndRetainsPeerDescendants(version:roots:) started.
◇ Test case passing 2 arguments version → 4, roots → 9999 to actual10000RootUnionCountsRootsAndRetainsPeerDescendants(version:roots:) started.
◇ Test case passing 2 arguments version → 5, roots → 9998 to actual10000RootUnionCountsRootsAndRetainsPeerDescendants(version:roots:) started.
◇ Test case passing 2 arguments version → 5, roots → 9999 to actual10000RootUnionCountsRootsAndRetainsPeerDescendants(version:roots:) started.
✔ Test actual10000RootUnionCountsRootsAndRetainsPeerDescendants(version:roots:) with 4 test cases passed after 300.333 seconds.
✔ Suite WritingByteRootBoundaryTests passed after 424.208 seconds.
✘ Test run with 571 tests in 31 suites failed after 424.209 seconds with 2 issues.
◇ Test run started.
↳ Testing Library Version: 2084
↳ Target Platform: arm64e-apple-macos14.0
◇ Test writingListInsertionPreflightKeepsMarkedDraftAndHeldPeersOnDisabledOrRetiredActions(version:) started.
◇ Test writingNativeFormattingTogglesAndPreservesUpstreamSelectionAffinity() started.
◇ Test appleCompositionPreservesMarksAndAtomicReferences() started.
◇ Test writingListAddItemFinalizesAndDrainsBeforeFreshCaretAndUndo(version:) started.
◇ Test writingNativePlainPasteUsesExistingSharedInlineCommand(version:replacingSelection:) started.
◇ Suite ModernProviderActivationTests started.
◇ Test writingNativeStructuredPasteFinalizesMarkedDraftAndKeepsPeerAuthorHistory(version:) started.
◇ Test writingRemoteSplitOfUnfocusedFieldDoesNotStealAnotherFieldsFocus() started.
◇ Test appKitSelectionAndUnicodeInsertionFollowRemoteText() started.
◇ Test writingImmediateRepeatedEnterUsesThePendingDestinationIdentityAndCaret() started.
◇ Test committedPlatformInputPreservesMarksAndReferences() started.
◇ Test platformCommandCommitsEntryBeforeUndoAndRemoteReplay() started.
◇ Test writingImpossibleMovementDoesNotFinalizeMarkedDraftOrDrainPeer(version:) started.
◇ Suite ModernHostStoreTests started.
◇ Test writingEmptyTailUndoAndRedoRetainsNativeHeadPositionProvenance() started.
◇ Suite ModernNativeClipboardTests started.
◇ Test writingRetainedChecklistSetterKeepsOriginAfterMoveAndRejectsDeletedReuse() started.
◇ Test writingPlatformSubmitEchoPreservesDeferredPeerAndAuthorUndo(version:) started.
◇ Suite ModernNativeInputTests started.
◇ Test writingAppKitSoftBreakAndBoundaryBackspaceUseSharedTransactions() started.
◇ Test focusHandoffDoesNotOverrideAnotherNativeResponder() started.
◇ Test writingRenderedCallbacksCannotReauthorizeAfterMoveAndReturn(version:) started.
◇ Test writingNativeStructuralMarkdownUsesSharedNodesAndHostFallbackWithoutAssets(version:) started.
◇ Test platformEntryCommitsBeforeApplyingQueuedRemoteText() started.
◇ Test writingRenderedListConvertRetainsBothOwnerAndTargetLease(version:) started.
◇ Test checklistCommandFollowsOriginAfterCompositionReleasesMoveAndLabelReuse() started.
◇ Test writingRenderedListConvertRejectsTargetReparentingDuringDrain(version:) started.
◇ Test writingFocusTransfersOpaqueOriginAndUpstreamSelectionAfterReplay(rapidReceive:) started.
◇ Test writingPlatformCommittedDictationAndDuplicateFinish() started.
◇ Test nativeInsertionsRespectPolicyAndPreserveExistingContent() started.
◇ Test appKitDisabledHostKeepsAcceptedTextSelectable() started.
◇ Test fullEditorViewRebindsAReusedLabelToItsNewOrigin() started.
◇ Test writingRenderedMovementRechecksBoundsAfterHeldPeerDrain(version:) started.
◇ Test writingFocusedFormattingRetainsNativeRangeAndUpstreamAffinityAfterScheduledFocusWork() started.
◇ Test writingCleanDisabledInputAllowsAnotherNativeCommandButMarkedDraftBlocksIt() started.
◇ Test appleSelectionMapsRemoteEditsAndDisposalReleasesComposition() started.
◇ Test writingNativeCopyRoundTripRetainsRichReferenceWithoutAuthorMutation(version:) started.
◇ Test nativeRootOrderingAndUndoUseSharedCommands() started.
◇ Test writingNativeMarkdownIsExplicitAndKeepsOrdinaryPasteLiteral(version:) started.
◇ Test nativeFormattingCombinesCodeBoldAndItalic() started.
◇ Test writingCompositionMenuUsesCapturedOriginAfterQueuedReparentAndLabelReuse() started.
◇ Test nativeActionFollowsMovedIdentityWhenOldLabelIsReused() started.
◇ Test case passing 1 argument version → 4 to writingListInsertionPreflightKeepsMarkedDraftAndHeldPeersOnDisabledOrRetiredActions(version:) started.
◇ Test case passing 1 argument version → 5 to writingListInsertionPreflightKeepsMarkedDraftAndHeldPeersOnDisabledOrRetiredActions(version:) started.
◇ Test writingPendingTargetMarkedInputCommitsBeforeAnotherEnterAndRetainsPeerUndo(list:emptyTail:) started.
◇ Test case passing 1 argument version → 6 to writingListInsertionPreflightKeepsMarkedDraftAndHeldPeersOnDisabledOrRetiredActions(version:) started.
◇ Test writingPendingTargetSelectionFormatsItsRenderedRichFieldBeforeLayout() started.
◇ Test writingNativeMarkdownFinalizesMarkedInputBeforePasteAndPreservesPeerRichUndo(version:) started.
◇ Test failedCompositionCommitStopsLocalCommandWithoutDroppingRemoteHold() started.
◇ Test writingNativeClipboardKeepsExplicitProtocolAndEpoch(version:) started.
◇ Test legacyNestedActionsCannotDeleteTheirContainingRoot() started.
◇ Test case passing 1 argument version → 4 to writingListAddItemFinalizesAndDrainsBeforeFreshCaretAndUndo(version:) started.
◇ Test case passing 2 arguments version → 4, replacingSelection → false to writingNativePlainPasteUsesExistingSharedInlineCommand(version:replacingSelection:) started.
◇ Test case passing 1 argument version → 4 to writingNativeStructuredPasteFinalizesMarkedDraftAndKeepsPeerAuthorHistory(version:) started.
◇ Test case passing 2 arguments version → 4, replacingSelection → true to writingNativePlainPasteUsesExistingSharedInlineCommand(version:replacingSelection:) started.
◇ Test case passing 1 argument version → 5 to writingListAddItemFinalizesAndDrainsBeforeFreshCaretAndUndo(version:) started.
◇ Test writingEditorRejectsImplicitLegacyEpochAndClosedInputMutation() started.
◇ Test case passing 1 argument version → 5 to writingNativeStructuredPasteFinalizesMarkedDraftAndKeepsPeerAuthorHistory(version:) started.
◇ Test case passing 1 argument version → 6 to writingNativeStructuredPasteFinalizesMarkedDraftAndKeepsPeerAuthorHistory(version:) started.
◇ Test case passing 2 arguments version → 5, replacingSelection → false to writingNativePlainPasteUsesExistingSharedInlineCommand(version:replacingSelection:) started.
◇ Test appKitToolbarUndoCommitsCompositionBeforeUndoAndRemoteReplay() started.
◇ Test case passing 2 arguments version → 6, replacingSelection → false to writingNativePlainPasteUsesExistingSharedInlineCommand(version:replacingSelection:) started.
◇ Test appKitCompositionCommitsUnicodeBeforeRemoteReplay() started.
◇ Test case passing 2 arguments version → 5, replacingSelection → true to writingNativePlainPasteUsesExistingSharedInlineCommand(version:replacingSelection:) started.
◇ Test case passing 1 argument version → 4 to writingImpossibleMovementDoesNotFinalizeMarkedDraftOrDrainPeer(version:) started.
◇ Test writingNativeMarkdownFailureAndRetiredCallbacksPreserveAcceptedHistory(version:) started.
◇ Test writingPendingCaretDoesNotRouteAnotherFocusedInputOrRevokedSourceCallback() started.
◇ Test case passing 1 argument version → 6 to writingListAddItemFinalizesAndDrainsBeforeFreshCaretAndUndo(version:) started.
◇ Test writingRenderedDisposedAndReadOnlyControlsPreserveFullHistory(version:) started.
◇ Test case passing 2 arguments version → 6, replacingSelection → true to writingNativePlainPasteUsesExistingSharedInlineCommand(version:replacingSelection:) started.
◇ Test writingListAddNestedItemExplicitlyCreatesAbsentCollectionAndUndoesExactly(version:) started.
◇ Test writingOrdinaryTypingBeforePendingTailLayoutUsesTheSharedDestination() started.
◇ Test writingFailedLocalCommandExpiresCaptureBeforeIntentionalBlurAndRemoteReparent() started.
◇ Test writingNativePasteUsesPendingTailAfterMarkedCommitBeforeLayout(version:emptyTail:) started.
◇ Test writingAppKitCompositionCommitsBeforeEnterAndKeepsPeerUndo() started.
◇ Test unchangedReplayDoesNotLeaveFocusCaptureForALaterReparent() started.
◇ Test case passing 1 argument version → 6 to writingImpossibleMovementDoesNotFinalizeMarkedDraftOrDrainPeer(version:) started.
◇ Test writingLocalUndoRebasesFocusedTailToOriginalFieldDuringNativeLayout(selectionLength:remoteEdit:) started.
◇ Test case passing 1 argument version → 5 to writingImpossibleMovementDoesNotFinalizeMarkedDraftOrDrainPeer(version:) started.
◇ Test writingListInsertionRejectsReparentingAfterCompositionWithoutMutatingCollections(version:) started.
◇ Test writingTextOnlyReplayExpiresFocusCaptureBeforeIntentionalBlurAndLaterMove() started.
◇ Test writingSplitTailUndoKeepsEmptyOrAtomicReferenceBoundary(empty:) started.
◇ Test compositionCommitsBeforeRemoteChangesAndPreservesAuthorUndo() started.
◇ Test fullEditorViewPreservesFocusedOriginAfterRemoteReparentAndLabelReuse(scenario:) started.
◇ Test platformEntryDisposalCommitsDraftAndReleasesRemoteHold() started.
◇ Test writingDetachedNativeSourceCannotUseRetainedKeyCallbackBeforeDisposal() started.
◇ Test nativeCompositionFollowsMovedNodeWhenItsOldPathIsReused() started.
◇ Test nativeFormattingMapsQueuedRemoteInsertionBeforeCommand() started.
◇ Test writingNativePasteRespectsRetiredLeaseAndHostRestrictions(version:) started.
◇ Test writingAppKitMinimalDraftPreservesMarksReferenceAndRejectsPartialReference() started.
◇ Test writingFailedCompositionClosePreservesRecoverableDraftAndQueuedRemoteInput() started.
◇ Test nativeFormattingShortcutTogglesMarksAndIgnoresCompositionAndDisposal() started.
◇ Test writingRetainedNativeCallbacksRespectCurrentPermissionAndCloseLease() started.
◇ Test writingPendingCaretExpiresAfterSynchronousFocusAwayAndBackBeforeLayout() started.
◇ Test appKitUnmarkAndDisposalReleaseRemoteChanges() started.
◇ Test case passing 1 argument version → 4 to writingRenderedCallbacksCannotReauthorizeAfterMoveAndReturn(version:) started.
◇ Test case passing 1 argument version → 6 to writingPlatformSubmitEchoPreservesDeferredPeerAndAuthorUndo(version:) started.
◇ Test writingListInsertionRetainsFailedCompositionAndUsesCurrentDrainedStyle(version:) started.
◇ Test case passing 1 argument version → 5 to writingRenderedListConvertRejectsTargetReparentingDuringDrain(version:) started.
◇ Test case passing 1 argument version → 5 to writingRenderedListConvertRetainsBothOwnerAndTargetLease(version:) started.
◇ Test case passing 1 argument version → 5 to writingPlatformSubmitEchoPreservesDeferredPeerAndAuthorUndo(version:) started.
◇ Test case passing 1 argument rapidReceive → true to writingFocusTransfersOpaqueOriginAndUpstreamSelectionAfterReplay(rapidReceive:) started.
◇ Test case passing 1 argument version → 4 to writingPlatformSubmitEchoPreservesDeferredPeerAndAuthorUndo(version:) started.
◇ Test case passing 1 argument version → 6 to writingRenderedListConvertRetainsBothOwnerAndTargetLease(version:) started.
◇ Test case passing 1 argument version → 4 to writingRenderedMovementRechecksBoundsAfterHeldPeerDrain(version:) started.
◇ Test case passing 1 argument version → 6 to writingRenderedMovementRechecksBoundsAfterHeldPeerDrain(version:) started.
◇ Test case passing 1 argument version → 6 to writingRenderedCallbacksCannotReauthorizeAfterMoveAndReturn(version:) started.
◇ Test case passing 1 argument version → 6 to writingRenderedListConvertRejectsTargetReparentingDuringDrain(version:) started.
◇ Test case passing 1 argument version → 4 to writingNativeMarkdownIsExplicitAndKeepsOrdinaryPasteLiteral(version:) started.
◇ Test case passing 1 argument version → 4 to writingRenderedListConvertRetainsBothOwnerAndTargetLease(version:) started.
◇ Test fullEditorFocusHandoffWaitsForCompositionCommit() started.
◇ Test case passing 1 argument version → 5 to writingNativeMarkdownIsExplicitAndKeepsOrdinaryPasteLiteral(version:) started.
◇ Test case passing 1 argument version → 6 to writingNativeStructuralMarkdownUsesSharedNodesAndHostFallbackWithoutAssets(version:) started.
◇ Test failedResultSaveLeavesResponseForExplicitRetry() started.
◇ Test case passing 1 argument version → 6 to writingNativeMarkdownIsExplicitAndKeepsOrdinaryPasteLiteral(version:) started.
◇ Test case passing 1 argument rapidReceive → false to writingFocusTransfersOpaqueOriginAndUpstreamSelectionAfterReplay(rapidReceive:) started.
◇ Test case passing 1 argument version → 4 to writingRenderedListConvertRejectsTargetReparentingDuringDrain(version:) started.
◇ Test case passing 1 argument version → 5 to writingNativeStructuralMarkdownUsesSharedNodesAndHostFallbackWithoutAssets(version:) started.
◇ Test case passing 1 argument version → 4 to writingNativeClipboardKeepsExplicitProtocolAndEpoch(version:) started.
◇ Test case passing 1 argument version → 6 to writingNativeCopyRoundTripRetainsRichReferenceWithoutAuthorMutation(version:) started.
◇ Test delayedResultIsDurableButDoesNotApplyAfterDocumentSwitch() started.
◇ Test case passing 2 arguments list → false, emptyTail → true to writingPendingTargetMarkedInputCommitsBeforeAnotherEnterAndRetainsPeerUndo(list:emptyTail:) started.
◇ Test case passing 1 argument version → 4 to writingNativeMarkdownFinalizesMarkedInputBeforePasteAndPreservesPeerRichUndo(version:) started.
◇ Test case passing 1 argument version → 5 to writingNativeClipboardKeepsExplicitProtocolAndEpoch(version:) started.
◇ Test case passing 2 arguments list → true, emptyTail → false to writingPendingTargetMarkedInputCommitsBeforeAnotherEnterAndRetainsPeerUndo(list:emptyTail:) started.
◇ Test case passing 1 argument version → 5 to writingNativeMarkdownFinalizesMarkedInputBeforePasteAndPreservesPeerRichUndo(version:) started.
◇ Test case passing 1 argument version → 6 to writingNativeClipboardKeepsExplicitProtocolAndEpoch(version:) started.
◇ Test case passing 1 argument version → 6 to writingNativeMarkdownFinalizesMarkedInputBeforePasteAndPreservesPeerRichUndo(version:) started.
◇ Test case passing 1 argument version → 5 to writingNativeCopyRoundTripRetainsRichReferenceWithoutAuthorMutation(version:) started.
◇ Test diskReopenPairsHistoryCaretProvidersHeldPeerAndOriginalDraft() started.
◇ Test case passing 1 argument version → 4 to writingNativeMarkdownFailureAndRetiredCallbacksPreserveAcceptedHistory(version:) started.
◇ Test case passing 1 argument version → 4 to writingNativeCopyRoundTripRetainsRichReferenceWithoutAuthorMutation(version:) started.
◇ Test case passing 1 argument version → 5 to writingNativeMarkdownFailureAndRetiredCallbacksPreserveAcceptedHistory(version:) started.
◇ Test case passing 1 argument version → 4 to writingListAddNestedItemExplicitlyCreatesAbsentCollectionAndUndoesExactly(version:) started.
◇ Test case passing 1 argument version → 6 to writingNativeMarkdownFailureAndRetiredCallbacksPreserveAcceptedHistory(version:) started.
◇ Test case passing 1 argument version → 4 to writingRenderedDisposedAndReadOnlyControlsPreserveFullHistory(version:) started.
◇ Test migrationActivationRetainsOriginalsAndRollbackSurvivesConflict() started.
◇ Test case passing 1 argument version → 5 to writingRenderedMovementRechecksBoundsAfterHeldPeerDrain(version:) started.
◇ Test case passing 2 arguments version → 4, emptyTail → false to writingNativePasteUsesPendingTailAfterMarkedCommitBeforeLayout(version:emptyTail:) started.
◇ Test rejectedNativeEditRetainsTheExactBufferAndAcceptedCheckpoint() started.
◇ Test conflictingRecoveryReopensAcceptedStateAndCanBeExplicitlyRepaired() started.
◇ Test case passing 2 arguments version → 4, emptyTail → true to writingNativePasteUsesPendingTailAfterMarkedCommitBeforeLayout(version:emptyTail:) started.
◇ Test malformedRichDoesNotFallBackAndExplicitRetryKeepsOriginalDestination() started.
◇ Test case passing 1 argument version → 5 to writingRenderedDisposedAndReadOnlyControlsPreserveFullHistory(version:) started.
◇ Test case passing 1 argument version → 6 to writingRenderedDisposedAndReadOnlyControlsPreserveFullHistory(version:) started.
◇ Test failedPublicationKeepsTypingGroupAndDocumentSwitchCannotConsumeOldTicket() started.
◇ Test case passing 1 argument version → 6 to writingListAddNestedItemExplicitlyCreatesAbsentCollectionAndUndoesExactly(version:) started.
◇ Test case passing 2 arguments version → 5, emptyTail → false to writingNativePasteUsesPendingTailAfterMarkedCommitBeforeLayout(version:emptyTail:) started.
◇ Test case passing 2 arguments version → 6, emptyTail → false to writingNativePasteUsesPendingTailAfterMarkedCommitBeforeLayout(version:emptyTail:) started.
◇ Test case passing 1 argument version → 5 to writingRenderedCallbacksCannotReauthorizeAfterMoveAndReturn(version:) started.
◇ Test case passing 1 argument version → 4 to writingListInsertionRejectsReparentingAfterCompositionWithoutMutatingCollections(version:) started.
◇ Test case passing 1 argument version → 5 to writingListInsertionRejectsReparentingAfterCompositionWithoutMutatingCollections(version:) started.
◇ Test case passing 2 arguments list → true, emptyTail → true to writingPendingTargetMarkedInputCommitsBeforeAnotherEnterAndRetainsPeerUndo(list:emptyTail:) started.
◇ Test commandFocusUsesOriginalWindowAndIntentionalBlurCancelsDelayedTransfer() started.
◇ Test case passing 2 arguments selectionLength → 3, remoteEdit → false to writingLocalUndoRebasesFocusedTailToOriginalFieldDuringNativeLayout(selectionLength:remoteEdit:) started.
◇ Test case passing 2 arguments selectionLength → 0, remoteEdit → false to writingLocalUndoRebasesFocusedTailToOriginalFieldDuringNativeLayout(selectionLength:remoteEdit:) started.
◇ Test case passing 2 arguments selectionLength → 3, remoteEdit → true to writingLocalUndoRebasesFocusedTailToOriginalFieldDuringNativeLayout(selectionLength:remoteEdit:) started.
◇ Test case passing 2 arguments selectionLength → 0, remoteEdit → true to writingLocalUndoRebasesFocusedTailToOriginalFieldDuringNativeLayout(selectionLength:remoteEdit:) started.
◇ Test case passing 2 arguments version → 6, emptyTail → true to writingNativePasteUsesPendingTailAfterMarkedCommitBeforeLayout(version:emptyTail:) started.
◇ Test case passing 1 argument empty → false to writingSplitTailUndoKeepsEmptyOrAtomicReferenceBoundary(empty:) started.
◇ Test actualNativeCopyCutPasteKeepsRichAtomsPeerTextAndSharedUndo() started.
◇ Test case passing 1 argument scenario → .selectionRebase to fullEditorViewPreservesFocusedOriginAfterRemoteReparentAndLabelReuse(scenario:) started.
◇ Test nativeCompositionPairsOriginalBufferAndPreservesPeerAndRichAtomsThroughUndo() started.
◇ Test case passing 1 argument scenario → .reparent to fullEditorViewPreservesFocusedOriginAfterRemoteReparentAndLabelReuse(scenario:) started.
◇ Test case passing 1 argument version → 5 to writingListAddNestedItemExplicitlyCreatesAbsentCollectionAndUndoesExactly(version:) started.
◇ Test case passing 1 argument version → 6 to writingNativePasteRespectsRetiredLeaseAndHostRestrictions(version:) started.
◇ Test dismissedInteractionRestoresOriginalWindowWithoutStealingOtherInput() started.
◇ Test case passing 1 argument version → 4 to writingListInsertionRetainsFailedCompositionAndUsesCurrentDrainedStyle(version:) started.
◇ Test case passing 2 arguments list → false, emptyTail → false to writingPendingTargetMarkedInputCommitsBeforeAnotherEnterAndRetainsPeerUndo(list:emptyTail:) started.
◇ Test writingNativeTypingAppliesSharedMarkdownAndRespectsDisabledTypes() started.
◇ Test staleWriterAndInvalidDraftCannotReplaceTheDurablePair() started.
◇ Test case passing 1 argument version → 5 to writingListInsertionRetainsFailedCompositionAndUsesCurrentDrainedStyle(version:) started.
◇ Test case passing 1 argument version → 6 to writingListInsertionRetainsFailedCompositionAndUsesCurrentDrainedStyle(version:) started.
◇ Test case passing 2 arguments version → 5, emptyTail → true to writingNativePasteUsesPendingTailAfterMarkedCommitBeforeLayout(version:emptyTail:) started.
◇ Test case passing 1 argument scenario → .consecutiveReceives to fullEditorViewPreservesFocusedOriginAfterRemoteReparentAndLabelReuse(scenario:) started.
◇ Test case passing 1 argument version → 4 to writingNativePasteRespectsRetiredLeaseAndHostRestrictions(version:) started.
◇ Test case passing 1 argument empty → true to writingSplitTailUndoKeepsEmptyOrAtomicReferenceBoundary(empty:) started.
◇ Test case passing 1 argument version → 5 to writingNativePasteRespectsRetiredLeaseAndHostRestrictions(version:) started.
◇ Test case passing 1 argument version → 6 to writingListInsertionRejectsReparentingAfterCompositionWithoutMutatingCollections(version:) started.
✔ Test appleCompositionPreservesMarksAndAtomicReferences() passed after 0.003 seconds.
✔ Test writingNativeFormattingTogglesAndPreservesUpstreamSelectionAffinity() passed after 0.091 seconds.
✔ Test writingListInsertionPreflightKeepsMarkedDraftAndHeldPeersOnDisabledOrRetiredActions(version:) with 3 test cases passed after 0.126 seconds.
✔ Test writingImmediateRepeatedEnterUsesThePendingDestinationIdentityAndCaret() passed after 0.196 seconds.
✔ Test committedPlatformInputPreservesMarksAndReferences() passed after 0.203 seconds.
✔ Test appKitSelectionAndUnicodeInsertionFollowRemoteText() passed after 0.210 seconds.
✔ Test writingRetainedChecklistSetterKeepsOriginAfterMoveAndRejectsDeletedReuse() passed after 0.290 seconds.
✔ Test writingImpossibleMovementDoesNotFinalizeMarkedDraftOrDrainPeer(version:) with 3 test cases passed after 0.307 seconds.
✔ Test writingAppKitSoftBreakAndBoundaryBackspaceUseSharedTransactions() passed after 0.319 seconds.
✔ Test checklistCommandFollowsOriginAfterCompositionReleasesMoveAndLabelReuse() passed after 0.322 seconds.
✔ Test platformEntryCommitsBeforeApplyingQueuedRemoteText() passed after 0.323 seconds.
✔ Test platformCommandCommitsEntryBeforeUndoAndRemoteReplay() passed after 0.324 seconds.
✔ Test writingPlatformCommittedDictationAndDuplicateFinish() passed after 0.365 seconds.
✔ Test fullEditorViewRebindsAReusedLabelToItsNewOrigin() passed after 0.512 seconds.
✔ Test appKitDisabledHostKeepsAcceptedTextSelectable() passed after 0.518 seconds.
✔ Test writingPlatformSubmitEchoPreservesDeferredPeerAndAuthorUndo(version:) with 3 test cases passed after 0.561 seconds.
✔ Test nativeInsertionsRespectPolicyAndPreserveExistingContent() passed after 0.640 seconds.
✔ Test writingCleanDisabledInputAllowsAnotherNativeCommandButMarkedDraftBlocksIt() passed after 0.649 seconds.
✔ Test appleSelectionMapsRemoteEditsAndDisposalReleasesComposition() passed after 0.665 seconds.
✔ Test nativeFormattingCombinesCodeBoldAndItalic() passed after 0.669 seconds.
✔ Test writingRenderedListConvertRetainsBothOwnerAndTargetLease(version:) with 3 test cases passed after 0.691 seconds.
✔ Test nativeRootOrderingAndUndoUseSharedCommands() passed after 0.773 seconds.
✔ Test writingNativeMarkdownIsExplicitAndKeepsOrdinaryPasteLiteral(version:) with 3 test cases passed after 0.775 seconds.
✔ Test writingPendingTargetSelectionFormatsItsRenderedRichFieldBeforeLayout() passed after 0.782 seconds.
✔ Test nativeActionFollowsMovedIdentityWhenOldLabelIsReused() passed after 0.786 seconds.
✔ Test failedCompositionCommitStopsLocalCommandWithoutDroppingRemoteHold() passed after 0.794 seconds.
✔ Test writingCompositionMenuUsesCapturedOriginAfterQueuedReparentAndLabelReuse() passed after 0.801 seconds.
✔ Test writingRenderedListConvertRejectsTargetReparentingDuringDrain(version:) with 3 test cases passed after 0.816 seconds.
✔ Test writingNativeStructuralMarkdownUsesSharedNodesAndHostFallbackWithoutAssets(version:) with 2 test cases passed after 0.890 seconds.
✔ Test legacyNestedActionsCannotDeleteTheirContainingRoot() passed after 0.891 seconds.
✔ Test writingEditorRejectsImplicitLegacyEpochAndClosedInputMutation() passed after 0.936 seconds.
✔ Test writingNativeClipboardKeepsExplicitProtocolAndEpoch(version:) with 3 test cases passed after 0.994 seconds.
✔ Test writingNativeMarkdownFinalizesMarkedInputBeforePasteAndPreservesPeerRichUndo(version:) with 3 test cases passed after 1.013 seconds.
✔ Test appKitToolbarUndoCommitsCompositionBeforeUndoAndRemoteReplay() passed after 1.015 seconds.
✔ Test writingNativeCopyRoundTripRetainsRichReferenceWithoutAuthorMutation(version:) with 3 test cases passed after 1.021 seconds.
✔ Test appKitCompositionCommitsUnicodeBeforeRemoteReplay() passed after 1.063 seconds.
✔ Test writingOrdinaryTypingBeforePendingTailLayoutUsesTheSharedDestination() passed after 1.089 seconds.
✔ Test writingNativeMarkdownFailureAndRetiredCallbacksPreserveAcceptedHistory(version:) with 3 test cases passed after 1.100 seconds.
✔ Test writingRenderedMovementRechecksBoundsAfterHeldPeerDrain(version:) with 3 test cases passed after 1.159 seconds.
✔ Test writingRenderedDisposedAndReadOnlyControlsPreserveFullHistory(version:) with 3 test cases passed after 1.223 seconds.
✔ Test writingAppKitCompositionCommitsBeforeEnterAndKeepsPeerUndo() passed after 1.236 seconds.
✔ Test writingRenderedCallbacksCannotReauthorizeAfterMoveAndReturn(version:) with 3 test cases passed after 1.288 seconds.
✔ Test compositionCommitsBeforeRemoteChangesAndPreservesAuthorUndo() passed after 1.445 seconds.
✔ Test writingDetachedNativeSourceCannotUseRetainedKeyCallbackBeforeDisposal() passed after 1.447 seconds.
✔ Test platformEntryDisposalCommitsDraftAndReleasesRemoteHold() passed after 1.448 seconds.
✔ Test nativeFormattingMapsQueuedRemoteInsertionBeforeCommand() passed after 1.488 seconds.
✔ Test writingAppKitMinimalDraftPreservesMarksReferenceAndRejectsPartialReference() passed after 1.492 seconds.
✔ Test writingListAddNestedItemExplicitlyCreatesAbsentCollectionAndUndoesExactly(version:) with 3 test cases passed after 1.538 seconds.
✔ Test writingFailedCompositionClosePreservesRecoverableDraftAndQueuedRemoteInput() passed after 1.540 seconds.
✔ Test nativeCompositionFollowsMovedNodeWhenItsOldPathIsReused() passed after 1.547 seconds.
✔ Test nativeFormattingShortcutTogglesMarksAndIgnoresCompositionAndDisposal() passed after 1.550 seconds.
✔ Test writingPendingTargetMarkedInputCommitsBeforeAnotherEnterAndRetainsPeerUndo(list:emptyTail:) with 4 test cases passed after 1.602 seconds.
✔ Test writingRetainedNativeCallbacksRespectCurrentPermissionAndCloseLease() passed after 1.623 seconds.
✔ Test writingListInsertionRetainsFailedCompositionAndUsesCurrentDrainedStyle(version:) with 3 test cases passed after 1.643 seconds.
✔ Test writingNativePasteUsesPendingTailAfterMarkedCommitBeforeLayout(version:emptyTail:) with 6 test cases passed after 1.682 seconds.
✔ Test writingNativeTypingAppliesSharedMarkdownAndRespectsDisabledTypes() passed after 1.825 seconds.
✔ Test appKitUnmarkAndDisposalReleaseRemoteChanges() passed after 1.889 seconds.
✔ Test writingPendingCaretExpiresAfterSynchronousFocusAwayAndBackBeforeLayout() passed after 1.901 seconds.
✔ Test writingNativePasteRespectsRetiredLeaseAndHostRestrictions(version:) with 3 test cases passed after 1.904 seconds.
✔ Test writingListInsertionRejectsReparentingAfterCompositionWithoutMutatingCollections(version:) with 3 test cases passed after 1.920 seconds.
✔ Test writingRemoteSplitOfUnfocusedFieldDoesNotStealAnotherFieldsFocus() passed after 2.125 seconds.
✔ Test writingNativeStructuredPasteFinalizesMarkedDraftAndKeepsPeerAuthorHistory(version:) with 3 test cases passed after 2.206 seconds.
✔ Test writingListAddItemFinalizesAndDrainsBeforeFreshCaretAndUndo(version:) with 3 test cases passed after 2.234 seconds.
✔ Test writingNativePlainPasteUsesExistingSharedInlineCommand(version:replacingSelection:) with 6 test cases passed after 2.240 seconds.
✔ Test writingFocusTransfersOpaqueOriginAndUpstreamSelectionAfterReplay(rapidReceive:) with 2 test cases passed after 2.244 seconds.
✔ Test writingPendingCaretDoesNotRouteAnotherFocusedInputOrRevokedSourceCallback() passed after 2.246 seconds.
✔ Test writingFailedLocalCommandExpiresCaptureBeforeIntentionalBlurAndRemoteReparent() passed after 2.247 seconds.
✔ Test writingTextOnlyReplayExpiresFocusCaptureBeforeIntentionalBlurAndLaterMove() passed after 2.272 seconds.
✔ Test diskReopenPairsHistoryCaretProvidersHeldPeerAndOriginalDraft() passed after 2.323 seconds.
✔ Test fullEditorViewPreservesFocusedOriginAfterRemoteReparentAndLabelReuse(scenario:) with 3 test cases passed after 2.337 seconds.
✔ Test actualNativeCopyCutPasteKeepsRichAtomsPeerTextAndSharedUndo() passed after 2.447 seconds.
✔ Test fullEditorFocusHandoffWaitsForCompositionCommit() passed after 2.456 seconds.
✔ Test focusHandoffDoesNotOverrideAnotherNativeResponder() passed after 2.506 seconds.
✔ Test writingFocusedFormattingRetainsNativeRangeAndUpstreamAffinityAfterScheduledFocusWork() passed after 2.509 seconds.
✔ Test unchangedReplayDoesNotLeaveFocusCaptureForALaterReparent() passed after 2.511 seconds.
✔ Test conflictingRecoveryReopensAcceptedStateAndCanBeExplicitlyRepaired() passed after 2.525 seconds.
✔ Test rejectedNativeEditRetainsTheExactBufferAndAcceptedCheckpoint() passed after 2.525 seconds.
✔ Test failedPublicationKeepsTypingGroupAndDocumentSwitchCannotConsumeOldTicket() passed after 2.537 seconds.
✔ Test nativeCompositionPairsOriginalBufferAndPreservesPeerAndRichAtomsThroughUndo() passed after 2.555 seconds.
✔ Test malformedRichDoesNotFallBackAndExplicitRetryKeepsOriginalDestination() passed after 2.555 seconds.
✔ Suite ModernNativeClipboardTests passed after 2.557 seconds.
✔ Test dismissedInteractionRestoresOriginalWindowWithoutStealingOtherInput() passed after 2.556 seconds.
✔ Test writingSplitTailUndoKeepsEmptyOrAtomicReferenceBoundary(empty:) with 2 test cases passed after 2.561 seconds.
✔ Test writingEmptyTailUndoAndRedoRetainsNativeHeadPositionProvenance() passed after 2.599 seconds.
✔ Test writingLocalUndoRebasesFocusedTailToOriginalFieldDuringNativeLayout(selectionLength:remoteEdit:) with 4 test cases passed after 2.599 seconds.
✔ Test commandFocusUsesOriginalWindowAndIntentionalBlurCancelsDelayedTransfer() passed after 2.652 seconds.
✔ Suite ModernNativeInputTests passed after 2.653 seconds.
✔ Test staleWriterAndInvalidDraftCannotReplaceTheDurablePair() passed after 2.661 seconds.
✔ Suite ModernHostStoreTests passed after 2.663 seconds.
✔ Test failedResultSaveLeavesResponseForExplicitRetry() passed after 2.667 seconds.
✔ Test delayedResultIsDurableButDoesNotApplyAfterDocumentSwitch() passed after 2.670 seconds.
✔ Test migrationActivationRetainsOriginalsAndRollbackSurvivesConflict() passed after 2.694 seconds.
✔ Suite ModernProviderActivationTests passed after 2.695 seconds.
✔ Test run with 89 tests in 4 suites passed after 2.695 seconds.
Note: Some test targets reported failures:
  - BlockEditorCoreTests (Swift Testing)
