Building for debugging...
[Provisioning 1 / 21]
[1 / 1]
Build complete! (0.48 sec)
Test Suite 'All tests' started at 2026-10-05 04:57:15.740.
Test Suite 'All tests' passed at 2026-10-05 04:57:15.741.
	 Executed 0 tests, with 0 failures (0 unexpected) in 0.000 (0.001) seconds
Test Suite 'All tests' started at 2026-10-05 04:57:15.804.
Test Suite 'All tests' passed at 2026-10-05 04:57:15.805.
	 Executed 0 tests, with 0 failures (0 unexpected) in 0.000 (0.001) seconds
Test Suite 'All tests' started at 2026-10-05 04:57:15.868.
Test Suite 'All tests' passed at 2026-10-05 04:57:15.868.
	 Executed 0 tests, with 0 failures (0 unexpected) in 0.000 (0.001) seconds
◇ Test run started.
↳ Testing Library Version: 2084
↳ Target Platform: arm64e-apple-macos14.0
◇ Test transportCapacityFailureRetainsHistoryForExportRestartAndRetry() started.
◇ Test standaloneDraftCreatesReopensAndUndoesWithoutTransport() started.
◇ Test corruptDraftIsNotSilentlyReplaced() started.
◇ Test oldDraftUpgradesWithoutResetAndIncompatibleRecoveryIsRetainedOnDisk() started.
◇ Test pendingRecoverySurvivesDraftRestartExportAndExplicitRepair() started.
◇ Test draftRestoresExclusiveAuthorHistoryAndPreservesRemoteChanges() started.
➜ Test appleRelayRecoversOfflineDraftsAndDeferredComposition() skipped.
◇ Test standaloneOpenDoesNotReplaceAnExistingRelayDraft() started.
✔ Test standaloneOpenDoesNotReplaceAnExistingRelayDraft() passed after 0.002 seconds.
✔ Test corruptDraftIsNotSilentlyReplaced() passed after 0.003 seconds.
✔ Test oldDraftUpgradesWithoutResetAndIncompatibleRecoveryIsRetainedOnDisk() passed after 0.004 seconds.
✔ Test draftRestoresExclusiveAuthorHistoryAndPreservesRemoteChanges() passed after 0.008 seconds.
✔ Test standaloneDraftCreatesReopensAndUndoesWithoutTransport() passed after 0.010 seconds.
✔ Test pendingRecoverySurvivesDraftRestartExportAndExplicitRepair() passed after 0.024 seconds.
✔ Test transportCapacityFailureRetainsHistoryForExportRestartAndRetry() passed after 0.028 seconds.
✔ Test run with 8 tests in 0 suites passed after 0.028 seconds.
◇ Test run started.
↳ Testing Library Version: 2084
↳ Target Platform: arm64e-apple-macos14.0
◇ Test retiredSplitHeadPositionPreservesV3AndRejectsUnrelatedDeletion() started.
◇ Test partialReferenceEditBecomesPlainText() started.
◇ Suite WritingByteRootBoundaryTests started.
◇ Test impossibleSameChangeNodePathsAndInitialAnchorsRejectAtomically(deferredParent:) started.
◇ Test protocolCutoverPreservesDocumentAndRejectsMixedVersionsAtomically() started.
◇ Test sharedStructureBridgeFixture() started.
◇ Test writingSessionCutoverPreservesDocumentIDRequiresReconciliationAndArchivesUndo() started.
◇ Test writingPrototypeBoundaryAffinityFollowsTheAdjacentContent() started.
◇ Test schemaConversionRejectsReservedUnknownFieldCollisionsWithoutMutation(key:) started.
◇ Test crossPasteInlineUsesOneAuthorJoinAndPreservesPeerAtoms(actor:reversed:) started.
◇ Suite ModernBridgeTests started.
◇ Test schemaCodeShortcutAndEncodingRoundTripRetainIdentityAndBothOrigins() started.
◇ Test schemaConvertedMergeDestinationPreservesTypeIdentityAndBothAuthorUndo(type:) started.
◇ Test collectionTableConcurrentRowsCellsReorderRemoveAndReopenedUndo() started.
◇ Test retainedPasteDifferentLaterSourceKeepsEarlierImportedMember(actor:concurrentCut:) started.
◇ Test createdListDescendantsRetainOpaqueTypeMetadata(metadataType:) started.
◇ Test writingSessionSplitFollowsRemoteTextMarksSelectionsAndOneUndo() started.
◇ Test externalNormalizationDoesNotRelaxLiveHostPolicy() started.
◇ Test clipboardMarkdownDividerRoundTripsWithFreshIdentityAndPolicy() started.
◇ Test pasteBlocksRejectsUnsupportedPolicyCompositionAndOldEpochWithoutAcceptedMutation() started.
◇ Test schemaOrdinaryConversionCannotBeSpoofedIntoV3BatchOrRestore() started.
◇ Test writingBatchCapturesBackwardRootAndNestedRanges() started.
◇ Test observerSeesCommittedHistory() started.
◇ Suite ModernSessionTests started.
◇ Test listContinuationKeepsMarksReferencesChildrenAndRemoteSuffix() started.
◇ Test legacyStoppedAuthorReorderedUndoRedoKeepsWinningAvailability(version:) started.
◇ Test ordinarySplitBeforeFirstImportedMemberMustPrecedeWholeExistingGroup() started.
◇ Test localHistorySurvivesRestartWithoutRevertingRemoteWork() started.
◇ Test knownPriorElementsMustHaveTheReferencedKindAndField() started.
◇ Suite ModernDocumentTests started.
◇ Test writingSessionEmptyTextExtensionsSurviveAuthoringAndUndo() started.
◇ Test collectionToggleCreationUndoRedoRetainsRemoteDescendants() started.
◇ Test schemaPeerListStyleSurvivesWrapperUndoAsMetadataAndRedoUsesPeerStyle() started.
◇ Test receivePreparationOnlyRunsForValidatedStateChanges() started.
◇ Test clipboardMixedCopyUsesVisibleOrderAfterRemoteMove() started.
◇ Test sequentialSpliceBeforeFirstImportedMemberMustPrecedeWholeEarlierGroup() started.
◇ Test v5SpliceOnExposedPeerParagraphPreservesRoleAcrossWrapperUndoAndReopen(wrapperActor:) started.
◇ Test collectionInsertAfterMiddleExitKeepsRoleAnchorAcrossRemoteUndo() started.
◇ Suite ModernProjectionTests started.
◇ Test hierarchicalPasteKeepsOriginalCollectionsAndWholeImportedMetadata(actor:reversed:) started.
◇ Test reservedSeedReferencesRejectAtomically(version:) started.
◇ Test nestedListIndentOutdentAndTableCollectionsUseSharedCommands() started.
◇ Test writingSessionUnicodeReferenceAndUnknownPayloadSurviveSplitReopen() started.
◇ Test writingSessionNestedSplitKeepsContainerIDsReferencesAndUndo() started.
◇ Test case passing 1 argument deferredParent → false to impossibleSameChangeNodePathsAndInitialAnchorsRejectAtomically(deferredParent:) started.
◇ Test case passing 1 argument deferredParent → true to impossibleSameChangeNodePathsAndInitialAnchorsRejectAtomically(deferredParent:) started.
◇ Test writingSessionStoppedAuthorReorderedUndoRedoRestoresWinningHistory() started.
◇ Test schemaInactiveConversionAllowsEitherAuthorToRepairPriorSortedMetadataConflict(repairConversion:) started.
◇ Test hierarchicalPasteForeignMovedImportRetainsPeerWorkThroughAuthorUndo(actor:acrossContainer:) started.
◇ Test schemaRoleDeltaBeforeDependenciesRetainsRecoveryAndReopens() started.
◇ Test writingSessionConcurrentSameCutRetainsBothBreaksAndUndo() started.
◇ Test schemaV4CannotEnterV3SessionAndRestrictionsRemainAtomic() started.
◇ Test case passing 1 argument key → "style" to schemaConversionRejectsReservedUnknownFieldCollisionsWithoutMutation(key:) started.
◇ Test impossiblePriorCreationPathsRejectAtomically(delivery:) started.
◇ Test retainedPasteSequentialReuseKeepsOneStepHistory(actor:) started.
◇ Test reusedChildIDsRemainIndependentlyEditable() started.
◇ Test sameTransactionCreationSeedsRemainValid(version:) started.
◇ Test pasteSpliceExplicitGroupKeepsConcurrentCutsInBoundaryOrder(pasteActor:pasteCut:) started.
◇ Test externalNormalizationResultPolicyArraysHaveDeterministicWireOrder() started.
◇ Test schemaRetirementBeforePeerBirthCannotForgeExposure() started.
◇ Suite ModernStructureTests started.
◇ Test retainedPasteEndpointRoleKeepsOpaqueIdentityThroughHistory(actor:) started.
◇ Test case passing 1 argument key → "code" to schemaConversionRejectsReservedUnknownFieldCollisionsWithoutMutation(key:) started.
◇ Test simultaneousRepairsConvergeAndUndoKeepsTheOtherRepair() started.
◇ Test v4ConcurrentCutsKeepEachObservedPrefixPartition(actor:) started.
◇ Test independentTextAcceptanceRestoredAuthorUndoPreservesRemoteMarksAndReference(version:) started.
◇ Test case passing 1 argument type → "list" to schemaConvertedMergeDestinationPreservesTypeIdentityAndBothAuthorUndo(type:) started.
◇ Test case passing 1 argument metadataType → "host-metadata" to createdListDescendantsRetainOpaqueTypeMetadata(metadataType:) started.
◇ Test case passing 1 argument key → "items" to schemaConversionRejectsReservedUnknownFieldCollisionsWithoutMutation(key:) started.
◇ Test case passing 1 argument metadataType → "math" to createdListDescendantsRetainOpaqueTypeMetadata(metadataType:) started.
◇ Test case passing 1 argument type → "code" to schemaConvertedMergeDestinationPreservesTypeIdentityAndBothAuthorUndo(type:) started.
◇ Test case passing 1 argument metadataType → "toggle" to createdListDescendantsRetainOpaqueTypeMetadata(metadataType:) started.
◇ Test schemaProjectedPeerParagraphSupportsEnterMoveUndoAndReopen(baseline:) started.
◇ Test case passing 2 arguments actor → "a", concurrentCut → false to retainedPasteDifferentLaterSourceKeepsEarlierImportedMember(actor:concurrentCut:) started.
◇ Test heldProtocolFailureDoesNotStopLaterNestedChangesOrAcknowledgeTheFailure() started.
◇ Test structuralPasteAtFieldStartMustRetainCompleteFirstNodeAndAvoidIncidentalBlankPrefix() started.
◇ Test mixedPasteConcurrentCutsOrderCompleteGroupsAndFollowBoundaryPrefix(actor:cut:) started.
◇ Test writingDepthBoundaryKeepsOriginsAndPeerAtomsThroughExplicitRecovery(version:scenario:) started.
◇ Test retainedPasteRichReferenceCannotFlattenThroughConcurrentCode(actor:) started.
◇ Test collectionNestedChecklistMovesPreserveReferencesCheckedAndScopedLabels() started.
◇ Test case passing 2 arguments actor → "a", concurrentCut → true to retainedPasteDifferentLaterSourceKeepsEarlierImportedMember(actor:concurrentCut:) started.
◇ Test hierarchicalPasteNestedImportsAndParentEnterKeepIndependentCollections(actor:reversedDelivery:) started.
◇ Test writingBatchDuplicateSkipsLabelsRetainedAcrossEpochReset() started.
◇ Test schemaRichCodeRejectionAndRemoteRichUnionPreserveAcceptedState() started.
◇ Test case passing 2 arguments actor → "a", reversed → false to crossPasteInlineUsesOneAuthorJoinAndPreservesPeerAtoms(actor:reversed:) started.
◇ Test v4TextRepairCompletesRequiredUndoAndPreservesAdditionalPeerMetadata(actor:) started.
◇ Test case passing 2 arguments actor → "z", concurrentCut → false to retainedPasteDifferentLaterSourceKeepsEarlierImportedMember(actor:concurrentCut:) started.
◇ Test writingMathThresholdUnionAt10000PreservesBothAuthorsAndUndo(version:actor:) started.
◇ Test schemaEmptyExitRejectsVisibleAndRetainedRootLabelCollisionAtomically(retired:) started.
◇ Test seedAnchorsPreserveUnicodeReferencesAndTombstones(version:) started.
◇ Test schemaMalformedRetainedRoleDoesNotChangeAcceptedSaveOrReachV3(fault:) started.
◇ Test sharedBridgeFixture() started.
◇ Test v4CausalSplitPinsEarlierDestinationAndJoinedPrefix(joinFirst:) started.
◇ Test crossPasteMixedRetainsWholeImportsAndObservedSuffixOneUndo(actor:reversed:) started.
◇ Test v4EmptySplitHeadPositionFollowsNestedRetiredBirthsWithoutChangingEndSentinels() started.
◇ Test v4EmptySplitHeadPositionFollowsRetainedBoundaryAcrossPeerEditsUndoReopenAndRedo(list:actor:) started.
◇ Test writingPrototypeEmptyMergedFieldKeepsItsVirtualBoundaryAcrossUndo() started.
◇ Test emptyLastRootItemExitsAndUndoRetainsConcurrentRemoteInput() started.
◇ Test case passing 2 arguments actor → "z", concurrentCut → true to retainedPasteDifferentLaterSourceKeepsEarlierImportedMember(actor:concurrentCut:) started.
◇ Test pasteBlocksPublicCommandRetainsWholeMetadataAndConcurrentCutGroups(actor:cut:) started.
◇ Test retainedPasteCannotRankFromGloballyKnownButUnobservedSourceAnchor() started.
◇ Test schemaConversionAndOldOriginEditConvergeUnderReversedActorAndDeliveryOrder(converter:) started.
◇ Test schemaConversionUndoProjectsPeerItemWithSameIdentityAndSuffix() started.
◇ Test generatedStructuralCollectionsOfflineEditsAndHistoryConverge(seed:kind:) started.
◇ Test hierarchicalPasteOldEpochAndIncompatibleKindRejectAtomically() started.
◇ Test case passing 1 argument version → 1 to legacyStoppedAuthorReorderedUndoRedoKeepsWinningAvailability(version:) started.
◇ Test inactiveMovesStillRejectKnownAnchorsFromAnotherCollection(editedAnchor:) started.
◇ Test v4PendingReceiveBlocksHistoryEvenWhenNeitherStackHasAnEntry() started.
◇ Test mixedPasteRejectsPolicyAndOldEpochBeforeAnyAcceptedMutation() started.
◇ Test writingSessionReplacementAndSoftBreakAreAtomicAndCompositionGuarded() started.
◇ Test v4SoftBreakAfterInsertedRunSurvivesTransferredAndJoinedHistory(splitFirst:) started.
◇ Test retainedPasteOverlappingEndpointExportsAndEitherAuthorRepairs(actor:repairPeer:) started.
◇ Test case passing 2 arguments actor → "a", reversed → true to crossPasteInlineUsesOneAuthorJoinAndPreservesPeerAtoms(actor:reversed:) started.
◇ Test mixedPasteZeroReplacementRetainsSuffixOriginWithConcurrentSplit(actor:upper:) started.
◇ Test nestedReceiveHoldsPreserveCompositionAnchorsAndPreparationCallbacks() started.
◇ Test schemaRetainedPeerSupportsConversionShortcutAndMerge(command:) started.
◇ Test case passing 1 argument version → 2 to legacyStoppedAuthorReorderedUndoRedoKeepsWinningAvailability(version:) started.
◇ Test retainedPasteAfterOrdinarySourceMoveUsesLiveOrderNotRgaAfterAncestry(actor:) started.
◇ Test v5RequiredUndoExportsRestartsAndRepairsWithoutLosingPeerMetadata() started.
◇ Test v4RequiredUndoPersistsAndExplicitRedoRetainsEveryHistory(actor:) started.
◇ Test schemaFirstExitKeepsInsertedOwnerAndFollowingInsertedRootOrdinal() started.
◇ Test concurrentFormattingPreservesRemoteInsertionAndIndependentMarks() started.
◇ Test schemaListConversionKeepsRootIdentityRichAtomsMetadataAndRemoteUndo(style:) started.
◇ Test writingPrototypeAtomicReferencesMoveWithoutReplacement() started.
◇ Test undoOfMissingEditRemainsValidUntilItsCausalTargetArrives(version:) started.
◇ Test v4ConcurrentCutPreservesUnobservedInsertedPrefixInEarlierTail(actor:) started.
◇ Test v4ObservedRichPrefixSelectionReplacementRetainsReferencesFormattingAndPeerUndo(list:actor:) started.
◇ Test concurrentCyclesAndCollidingMovesFallBackWithoutChangingIDs() started.
◇ Test schemaOverlappingOwnerRepairRoutesBothHistoricalHeadsAndOriginalAtomOrigin(actor:repairOther:) started.
◇ Test sharedRecoveryBridgeFixture() started.
◇ Test clipboardRichPastePreservesReferencePayloadAndPeerUndoAcrossReopen() started.
◇ Test knownUndoTargetsMustBeEdits(version:) started.
◇ Test bridgeReportsErrorsAndReleasesSessions() started.
◇ Test textPositionsFollowRemoteEditsDeletionUndoAndRestore() started.
◇ Test schemaInactiveRoleRestoresExactItemAndSupportsLaterListCommands() started.
◇ Test v5InheritsV4ObservedUnicodeAuthorUndoAndRestart() started.
◇ Test knownCreationSeedsValidateWhileTheirParentIsMissing() started.
◇ Test case passing 2 arguments actor → "z", reversed → false to crossPasteInlineUsesOneAuthorJoinAndPreservesPeerAtoms(actor:reversed:) started.
◇ Test inlineReconciliationKeepsFormattingOperationsSeparateFromText() started.
◇ Test mixedPasteAtZeroKeepsOriginalSuffixOwnerWithoutAnIncidentalBlankHead() started.
◇ Test pasteBlocksAtZeroPreservesOriginalSuffixIdentityAndOpaqueBoundaryMetadata() started.
◇ Test schemaConcurrentFirstAndLastExitsConvergeAndKeepSourceOrdinal(actor:inserted:) started.
◇ Test markdownDialectAndUnknownProtocol() started.
◇ Test clipboardPoliciesRejectUnsafeOrRestrictedImportsWithoutChangingHistory() started.
◇ Test unicodeRangesAndRoundTrip() started.
◇ Test writingBatchRetainedRangeFollowsRemoteSplitAndPreservesItOnUndo() started.
◇ Test retainedPasteCannotClaimGloballyKnownButUnobservedEndpointAtom() started.
◇ Test pasteSpliceRejectsDuplicateOwnershipEvenWhenAuthorUndoRetainsMalformedEdit(inactive:) started.
◇ Test v4SplitKeepsObservedInsertedPrefixAndPeerUndo(list:) started.
◇ Test schemaEmptyRootItemExitPreservesBothIdentitiesAndRemoteHistory(index:actor:) started.
◇ Test externalNormalizationDoesNotCommitOrReleaseComposition() started.
◇ Test writingSessionRejectsOldEpochProtocolAndMalformedBirthWithoutAcknowledging() started.
◇ Test writingBatchMoveKeepsNestedOriginsAndRemoteAuthorWork() started.
◇ Test nestedMovesRetainScopedIdentityTextMarksReferencesAndSelections() started.
◇ Test writingSessionReferenceInteriorSelectionFollowsSplitAndDeletion() started.
◇ Test v4InsertionAfterReferenceNeighborRetainsAtomicPayloadAndMarks() started.
◇ Test writingSessionNewLinksRejectUnsafeSchemesWithoutChangingLegacyBaseline() started.
◇ Test nestedPositionsRespectAtomicReferencesAndDoNotChangeSavedState() started.
◇ Test v4InlineEnterPreservesSourceAttributesRichSuffixAndAuthorUndo(type:) started.
◇ Test writingSessionMergeKeepsEmptySourceRemoteInputAndRestoresOrigins() started.
◇ Test v4RetiredSplitHeadTraversesLongValidatedBirthChainWithoutRecursion() started.
◇ Test documentMigrationCorpusRetainsEveryFieldAndRejectsInvalidKnownShapes() started.
◇ Test crossPasteMetadataEndpointRejectsWithoutAcceptedMutation() started.
◇ Test independentTextAcceptanceUndoDoesNotResurrectAnotherAuthorsDeletion(version:) started.
◇ Test writingSessionDeletionCannotCollapseDifferentCutRanks(swap:) started.
◇ Test case passing 2 arguments actor → "z", reversed → true to crossPasteInlineUsesOneAuthorJoinAndPreservesPeerAtoms(actor:reversed:) started.
◇ Test mixedPasteAdjacentInlineFieldsKeepTheirExplicitBreak(actor:emptyLeading:) started.
◇ Test duplicateRecursivelyRespectsAuthoringPolicyWithoutChangingAcceptedHistory() started.
◇ Test pasteBlocksSequentialSameBoundaryKeepsCapturedBeforeImportedGroup() started.
◇ Test schemaSoleEmptyItemExitRetainsChildrenAndReorderedPeerChildEdits(existing:actor:) started.
◇ Test writingSessionConcurrentDifferentCutsPreserveSegmentOrder(swap:) started.
◇ Test writingSessionCompositionDefersReceiptsCapturesSelectionAndReleasesOnce() started.
◇ Test invalidNestedOperationsRejectAtomicallyAndDoNotRewriteIDs() started.
◇ Test schemaConvertedMergeSourceRetainsUnionForEitherAuthorRepair(type:repairConversion:) started.
◇ Test insertedDescendantInitialPlacementsAndCausalReorderingRemainValid() started.
◇ Test schemaUndoKeepsPeerSubtreeIdentityMarksReferencesAndOpaqueChildren() started.
◇ Test bridgeRoutesExplicitV5AndRejectsUnknownCreateAndRestoreVersions() started.
◇ Test receivePreparationCannotOverwriteReentrantLocalChanges() started.
◇ Test nestedReceiveHoldsKeepReceiptsPendingAndDrainAfterInvalidBatch() started.
◇ Test retainedPasteLaterEndpointMoveStaysAuthoritativeThroughOwnUndo(actor:acrossContainer:) started.
◇ Test preservesUnknownFieldsAndNestedContent() started.
◇ Test writingPrototypeMergeRetainsBothNamespacesAndRemoteTextThroughUndo() started.
◇ Test undoInsertionPreservesRemoteContentAndConcurrentDescendantsSurviveDelete() started.
◇ Test schemaConcurrentPartitionsThatExhaustAnOwnerRetainRecoveryAndEitherAuthorCanRepair(actor:repairOther:) started.
◇ Test siblingInsertionConflictDoesNotAcknowledgeOrPersistRemoteChanges() started.
◇ Test sameChangePlacementCyclesAreRejectedWithoutAcknowledgmentOrContentLoss() started.
◇ Test writingSessionObserverSeesFinalUndoAndRedoHistory() started.
◇ Test collectionInsertAfterProjectedPeerRetainsRoleProofAndUndo(baseline:) started.
◇ Test schemaMalformedRoleAnchorAndHiddenFirstItemRejectAtomically(fault:) started.
◇ Test concurrentDestinationConversionAndParagraphMergePreserveIdentityAndAuthorUndo() started.
◇ Test emptyNestedListItemOutdentsWithoutChangingIdentity() started.
◇ Test writingSessionEmptyCodeHasNoSyntheticInlineRecord() started.
◇ Test retainedPasteInsideObservedInsertedToggleKeepsNestedInitialProofs(actor:) started.
◇ Test recoveryTextEditsRetainUnicodeMarksAndAtomicReferences() started.
◇ Test formattingAndStructureRedoPreserveUnrelatedRemoteChanges() started.
◇ Test rejectedRepairsAndMalformedPayloadsLeaveThePendingUnionAndReceiptsIntact() started.
◇ Test writingBatchRejectsOverlapAndCompositionWithoutMutation() started.
◇ Test spliceDuplicateDescriptorMustRemainMalformedWhenAuthorUndone(inactive:) started.
◇ Test retainedPasteConcurrentHeadingPreservesEndpointSchemaAndUndo(actor:) started.
◇ Test writingSessionRecoveryRepairUndoPreservesRemoteCutAndFailureProposal() started.
◇ Test schemaListTextSemanticsCannotBeSpoofedIntoV3BatchOrRestore(exit:) started.
◇ Test writingPrototypeSplitRetainsConcurrentTypingFormattingAndAtomOrigins() started.
◇ Test writingSessionSequentialCutsKeepObservedSiblingOrder(offset:) started.
◇ Test receiveHoldBoundsQueuedMessagesWithoutAcknowledgingThem() started.
◇ Test externalNormalizationFreshensSchemaLabelsWithoutChangingOpaqueReferenceData() started.
◇ Test legacySeedNamespaceFollowsTheTextActuallyInitialized(initialized:) started.
◇ Test schemaBaselineItemMoveUndoAndRedoKeepIdentityAndSubtree() started.
◇ Test retainedPasteAcceptsObservedRoleSourceAndRejectsErasedRoleCohort(actor:) started.
◇ Test externalNormalizationPreservesRichReferenceAndPeerUndo(version:) started.
◇ Test clipboardPlainTextNormalizesLineEndingsInOneUndoAction() started.
◇ Test v5SplicePreservesForeignMovedImportedContainerAndUnseenChildThroughAuthorUndoAndReopen() started.
◇ Test v4RepairGuardsPreserveAcceptedAndPendingHistories() started.
◇ Test externalNormalizationFallbackKeepsVisibleNestedOrderAndAllowedRichNodes() started.
◇ Test actual32MBUnionRetainsRejectedHistoryAndPeerMetadata(version:excess:) started.
◇ Test cachedWritingOrderMatchesCanonicalIdentityOrder() started.
◇ Test v4SequentialInsertionKeepsObservedRunOrderAndPeerUndo(list:actor:) started.
◇ Test invalidKnownShapesAreRejectedWithoutChangingTheDocument() started.
◇ Test retainedPasteNewWireCannotBeSpoofedIntoFiveOrMissingCohortAdmitted() started.
◇ Test recoveryAccumulatesReorderedAdditionalEditsWithoutAcknowledgingThem() started.
◇ Test externalNormalizationRequiresExplicitSafeAssetMetadata() started.
◇ Test schemaRetainedRoleAnchorsKeepMultiplePeerParagraphOrderAndWrapperRedo() started.
◇ Test duplicateAndReorderedDelivery() started.
◇ Test case passing 1 argument wrapperActor → "a" to v5SpliceOnExposedPeerParagraphPreservesRoleAcrossWrapperUndoAndReopen(wrapperActor:) started.
◇ Test incrementalLocalEditsMatchFullReplayAfterEveryAction() started.
◇ Test externalUnknownWholeNodeFallbackKeepsRecognizedVisibleFieldsOnly() started.
◇ Test case passing 1 argument wrapperActor → "z" to v5SpliceOnExposedPeerParagraphPreservesRoleAcrossWrapperUndoAndReopen(wrapperActor:) started.
◇ Test crossPasteConcurrentBoundarySplitsPreserveCutOwners(actor:scenario:) started.
◇ Test writingBatchCrossCollectionRangeKeepsBoundaryAncestorsAndUnselectedChildren() started.
◇ Test v3NewBlockCommandsLeaveAcceptedStateUntouched() started.
◇ Test hierarchicalPasteSingleInlineKeepsBothOpaqueBoundaries(actor:) started.
◇ Test generatedRecoveryCollisionsRetainAllCollectionKinds(seed:kind:) started.
◇ Test concurrentTypingAndAuthorUndo() started.
◇ Test retainedPasteSupersededEndpointContainerDoesNotClaimOldSourceGroup(actor:) started.
◇ Test undoKeepsRemoteDescendants() started.
◇ Test case passing 2 arguments actor → "a", reversed → false to hierarchicalPasteKeepsOriginalCollectionsAndWholeImportedMetadata(actor:reversed:) started.
◇ Test case passing 2 arguments actor → "a", reversed → true to hierarchicalPasteKeepsOriginalCollectionsAndWholeImportedMetadata(actor:reversed:) started.
◇ Test case passing 2 arguments actor → "z", reversed → false to hierarchicalPasteKeepsOriginalCollectionsAndWholeImportedMetadata(actor:reversed:) started.
◇ Test case passing 1 argument version → 1 to reservedSeedReferencesRejectAtomically(version:) started.
◇ Test case passing 2 arguments actor → "z", reversed → true to hierarchicalPasteKeepsOriginalCollectionsAndWholeImportedMetadata(actor:reversed:) started.
◇ Test case passing 1 argument version → 2 to reservedSeedReferencesRejectAtomically(version:) started.
◇ Test writingBatchRetainedFieldEndFollowsRemoteSuffix(range:) started.
◇ Test retainedPasteDoesNotUpgradeOrAdmitMixedEpochs() started.
◇ Test writingSharedBridgeFixture(name:) started.
◇ Test concurrentJoinedSourceConversionRetainsUnionForAuthorReconciliation(reverseActors:repairMerge:) started.
◇ Test retainedPasteConcurrentSplitsOrderRetainedEndpointGroup(actor:scenario:) started.
◇ Test writingSessionConcurrentMergeSplitFollowsBoundary(swap:side:) started.
◇ Test writingMathThresholdUnionAt10001RetainsProposalAndRepairsWithoutLosingPeerAtoms(version:actor:) started.
◇ Test schemaInlineConversionDoesNotOverwriteUnknownReservedMetadata(version:key:) started.
◇ Test sameChangeTextAnchorsCannotNamePlacementsOrAnotherField(version:) started.
◇ Test schemaSoleEmptyListExitKeepsRootIdentityAndRemoteReopenedUndo() started.
◇ Test case passing 1 argument repairConversion → false to schemaInactiveConversionAllowsEitherAuthorToRepairPriorSortedMetadataConflict(repairConversion:) started.
◇ Test case passing 1 argument repairConversion → true to schemaInactiveConversionAllowsEitherAuthorToRepairPriorSortedMetadataConflict(repairConversion:) started.
◇ Test schemaMalformedV4ObservedFrontierLeavesAcceptedSaveUnchanged(fault:) started.
◇ Test case passing 2 arguments actor → "a", acrossContainer → false to hierarchicalPasteForeignMovedImportRetainsPeerWorkThroughAuthorUndo(actor:acrossContainer:) started.
◇ Test case passing 2 arguments actor → "a", acrossContainer → true to hierarchicalPasteForeignMovedImportRetainsPeerWorkThroughAuthorUndo(actor:acrossContainer:) started.
◇ Test schemaEmptyNestedOutdentKeepsChildrenAndUndo() started.
◇ Test case passing 2 arguments actor → "z", acrossContainer → false to hierarchicalPasteForeignMovedImportRetainsPeerWorkThroughAuthorUndo(actor:acrossContainer:) started.
◇ Test case passing 2 arguments actor → "z", acrossContainer → true to hierarchicalPasteForeignMovedImportRetainsPeerWorkThroughAuthorUndo(actor:acrossContainer:) started.
◇ Test schemaOverlappingMovedItemConversionOriginsNeverDependOnDictionaryOrder() started.
◇ Test case passing 1 argument delivery → 0 to impossiblePriorCreationPathsRejectAtomically(delivery:) started.
◇ Test case passing 1 argument actor → "a" to retainedPasteSequentialReuseKeepsOneStepHistory(actor:) started.
◇ Test case passing 1 argument delivery → 1 to impossiblePriorCreationPathsRejectAtomically(delivery:) started.
◇ Test case passing 1 argument actor → "z" to retainedPasteSequentialReuseKeepsOneStepHistory(actor:) started.
◇ Test concurrentFormattingAndDeletion() started.
◇ Test exitRolesWithRankedAndFallbackOriginsKeepOneStableOrder() started.
◇ Test case passing 1 argument delivery → 2 to impossiblePriorCreationPathsRejectAtomically(delivery:) started.
◇ Test retainedPasteBaselineRoleRequiresObservedRetirement(actor:) started.
◇ Test schemaConversionAndOldParagraphSplitUseRetainedOriginWithAuthorUndo(type:reverseActors:) started.
◇ Test v5RejectsMixedVersionsAndUnknownVersionsWithoutAdmission() started.
◇ Test sameChangeMovesCannotHideExistingContentInAnAnchorCycle(version:) started.
◇ Test requiredContentRepairAdmitsFailedAuthorUndoWithoutDroppingRemoteMetadata() started.
◇ Test collectionCreationRejectsInvalidScopePolicyCompositionAndLegacyAtomically() started.
◇ Test hierarchicalPasteConcurrentImportsUseRetainedRankInSameChildCollection(actor:reversedDelivery:) started.
◇ Test hierarchicalPasteBoundaryAncestorKeepsChildrenAndForeignDescendants(actor:) started.
◇ Test clipboardCollectionFreshensOnlySchemaIDsAndUndoesOnceWithRemoteChildren() started.
◇ Test case passing 1 argument version → 1 to sameTransactionCreationSeedsRemainValid(version:) started.
◇ Test dependentPlacementChainsPreserveExistingContentUntilTheirAnchorArrives(nested:) started.
◇ Test retainedPasteCanReuseObservedOrdinarySplitTail(actor:) started.
◇ Test concurrentConversionAndParagraphSplitConvergeWithRemotePreservingUndo() started.
◇ Test allDeliveryPermutationsConverge() started.
◇ Test textPositionsWaitForMissingCausalAnchorsAndRejectOtherDocuments() started.
◇ Test retainedPasteAtZeroUsesOriginalEndpointAndNoBlankPrefix(actor:) started.
◇ Test case passing 1 argument version → 2 to sameTransactionCreationSeedsRemainValid(version:) started.
◇ Test retainedPasteCannotRankFromUnobservedSourcePinEvenWithBaselineEdge() started.
◇ Test mixedPasteAbsorbsOnlyExplicitInlineBoundariesAndFreshensWholeSchemaNodes(actor:) started.
◇ Test v4ScalarMetadataIsAtomicAndCannotReplaceSchemaRichTextOrConversionAttributes() started.
◇ Test codeUsesCharacterMergingToo() started.
◇ Test case passing 2 arguments pasteActor → "a", pasteCut → 1 to pasteSpliceExplicitGroupKeepsConcurrentCutsInBoundaryOrder(pasteActor:pasteCut:) started.
◇ Test aMoveIntoAnUnanchoredCausalOwnerKeepsItsPreviousPlacement() started.
◇ Test invalidBatchIsAtomic() started.
◇ Test writingSessionReentrantCompositionQueueRetainsNewPacketsDuringDrain() started.
◇ Test concurrentMovesAndDeletesConverge() started.
◇ Test rootCountLimitUnionRepairsIntoAnExistingContainerWithoutDroppingBlocks() started.
◇ Test blockConversionKeepsIdentityRichContentAndAuthorUndoAfterReopen() started.
◇ Test case passing 2 arguments pasteActor → "a", pasteCut → 2 to pasteSpliceExplicitGroupKeepsConcurrentCutsInBoundaryOrder(pasteActor:pasteCut:) started.
◇ Test pasteSpliceRejectsUnobservedSameEditOuterNeighborWhenActiveOrUndone(inactive:) started.
◇ Test schemaRetiredListStyleStillRejectsMalformedWireAttribute() started.
◇ Test v4ConcurrentTextRepairsRetainBothAuthorsAndRecoverAfterBothUndos(actor:) started.
◇ Test schemaConcurrentListConversionsKeepRecoverableUnionAndEitherAuthorCanRepair(reverseActors:repairFirst:) started.
◇ Test depthLimitUnionCanBeRepairedWithoutChangingExistingIDsOrContent(levels:) started.
◇ Test writingSessionCausalGapRecoveryPersistsSeparatelyAndReplaysOnRejoin() started.
◇ Test hierarchicalPasteDeletesOnlyObservedIntermediateSubtrees(actor:) started.
◇ Test case passing 2 arguments pasteActor → "z", pasteCut → 1 to pasteSpliceExplicitGroupKeepsConcurrentCutsInBoundaryOrder(pasteActor:pasteCut:) started.
◇ Test externalNormalizationRejectsVersionDepthAndUnknownKindWithoutMutatingSource() started.
◇ Test markdownHeadingConsumesPrefixInOneUndoAndRespectsPolicyAndComposition() started.
◇ Test v2StructuralReplayPreservesTheMigrationCorpus() started.
◇ Test writingSessionRepairReconcilesRetainedOwnUndoBeforeSaveRestore() started.
◇ Test schemaRoleCohortExcludesUnobservedConcurrentRedo(redoActor:) started.
◇ Test recoveryRepairPreservesBothAuthorsAndSurvivesRestartAndRemoteUndo() started.
◇ Test writingPrototypeCyclesAndIncompleteHistoriesFailExplicitly() started.
◇ Test undoNodeInsertionRemovesItsTextButRetainsRemoteAtoms() started.
◇ Test case passing 2 arguments pasteActor → "z", pasteCut → 2 to pasteSpliceExplicitGroupKeepsConcurrentCutsInBoundaryOrder(pasteActor:pasteCut:) started.
◇ Test writingSessionUndoEmptySplitRetainsIndependentRemoteParagraph() started.
◇ Test authoringRestrictionsDoNotDestroySavedBlocks() started.
◇ Test crossPastePreservesUnseenIntermediateChildAndBoundaryText(actor:) started.
◇ Test generatedOfflineTextAndFormattingConverge(seed:) started.
◇ Test oversizedDocumentAndCapacityErrorsKeepEveryUnappliedChangeRecoverable() started.
◇ Test retainedPasteKeepsBothOpaqueOwnersAndOneAuthorUndo(actor:reversed:) started.
◇ Test schemaConcurrentUnobservedPeerAndRetirementCanRetainRole(undoActor:) started.
◇ Test v4ScalarMetadataPreservesOpaqueCompositeValuesAndRejectsActiveComposition() started.
◇ Test writingBatchDuplicateCopiesRichDescendantsWithFreshOrigins() started.
◇ Test heldPacketsExportRestoreAndReleaseWithoutPrematureReceipts() started.
◇ Test writingBatchMixedDeletionPreservesRemoteTextAndReopenUndo() started.
◇ Test capturedFormattingPreservesDirectionAndLeavesUnobservedPeerAtomsUnformatted() started.
◇ Test explicitModernEndpointsReturnCheckedTransactionsFocusAndSavedAuthorHistory() started.
◇ Test legacyEntryPointsHandleCollisionsAndMalformedModernRequestsDoNotPromoteOrMutate() started.
◇ Test localPolicyAndCompositionReturnUnchangedUnavailableAndPreservePeerRichContent() started.
◇ Test capturedBackwardReplacementPreservesPeerInsertionThroughTheBridge() started.
◇ Test case passing 1 argument actor → "a" to retainedPasteEndpointRoleKeepsOpaqueIdentityThroughHistory(actor:) started.
◇ Test case passing 1 argument actor → "z" to retainedPasteEndpointRoleKeepsOpaqueIdentityThroughHistory(actor:) started.
◇ Test case passing 1 argument actor → "a" to v4ConcurrentCutsKeepEachObservedPrefixPartition(actor:) started.
◇ Test case passing 1 argument actor → "z" to v4ConcurrentCutsKeepEachObservedPrefixPartition(actor:) started.
◇ Test case passing 1 argument version → 1 to independentTextAcceptanceRestoredAuthorUndoPreservesRemoteMarksAndReference(version:) started.
◇ Test case passing 1 argument version → 2 to independentTextAcceptanceRestoredAuthorUndoPreservesRemoteMarksAndReference(version:) started.
✔ Test partialReferenceEditBecomesPlainText() passed after 0.341 seconds.
✔ Test writingPrototypeBoundaryAffinityFollowsTheAdjacentContent() passed after 0.341 seconds.
✔ Test schemaConversionRejectsReservedUnknownFieldCollisionsWithoutMutation(key:) with 3 test cases passed after 0.341 seconds.
◇ Test case passing 1 argument baseline → false to schemaProjectedPeerParagraphSupportsEnterMoveUndoAndReopen(baseline:) started.
◇ Test case passing 1 argument baseline → true to schemaProjectedPeerParagraphSupportsEnterMoveUndoAndReopen(baseline:) started.
✔ Test impossibleSameChangeNodePathsAndInitialAnchorsRejectAtomically(deferredParent:) with 2 test cases passed after 0.352 seconds.
✔ Test externalNormalizationDoesNotRelaxLiveHostPolicy() passed after 0.352 seconds.
✔ Test pasteBlocksRejectsUnsupportedPolicyCompositionAndOldEpochWithoutAcceptedMutation() passed after 0.373 seconds.
◇ Test case passing 2 arguments actor → "a", cut → 1 to mixedPasteConcurrentCutsOrderCompleteGroupsAndFollowBoundaryPrefix(actor:cut:) started.
◇ Test case passing 2 arguments actor → "a", cut → 2 to mixedPasteConcurrentCutsOrderCompleteGroupsAndFollowBoundaryPrefix(actor:cut:) started.
◇ Test case passing 2 arguments actor → "z", cut → 1 to mixedPasteConcurrentCutsOrderCompleteGroupsAndFollowBoundaryPrefix(actor:cut:) started.
◇ Test case passing 2 arguments actor → "z", cut → 2 to mixedPasteConcurrentCutsOrderCompleteGroupsAndFollowBoundaryPrefix(actor:cut:) started.
◇ Test case passing 2 arguments version → 4, scenario → ("a", 15) to writingDepthBoundaryKeepsOriginsAndPeerAtomsThroughExplicitRecovery(version:scenario:) started.
◇ Test case passing 2 arguments version → 4, scenario → ("a", 16) to writingDepthBoundaryKeepsOriginsAndPeerAtomsThroughExplicitRecovery(version:scenario:) started.
◇ Test case passing 2 arguments version → 4, scenario → ("z", 15) to writingDepthBoundaryKeepsOriginsAndPeerAtomsThroughExplicitRecovery(version:scenario:) started.
◇ Test case passing 2 arguments version → 4, scenario → ("z", 16) to writingDepthBoundaryKeepsOriginsAndPeerAtomsThroughExplicitRecovery(version:scenario:) started.
◇ Test case passing 2 arguments version → 5, scenario → ("a", 15) to writingDepthBoundaryKeepsOriginsAndPeerAtomsThroughExplicitRecovery(version:scenario:) started.
◇ Test case passing 2 arguments version → 5, scenario → ("a", 16) to writingDepthBoundaryKeepsOriginsAndPeerAtomsThroughExplicitRecovery(version:scenario:) started.
◇ Test case passing 2 arguments version → 5, scenario → ("z", 15) to writingDepthBoundaryKeepsOriginsAndPeerAtomsThroughExplicitRecovery(version:scenario:) started.
◇ Test case passing 2 arguments version → 5, scenario → ("z", 16) to writingDepthBoundaryKeepsOriginsAndPeerAtomsThroughExplicitRecovery(version:scenario:) started.
✔ Test writingSessionSplitFollowsRemoteTextMarksSelectionsAndOneUndo() passed after 0.446 seconds.
◇ Test case passing 1 argument actor → "a" to retainedPasteRichReferenceCannotFlattenThroughConcurrentCode(actor:) started.
◇ Test case passing 1 argument actor → "z" to retainedPasteRichReferenceCannotFlattenThroughConcurrentCode(actor:) started.
✔ Test createdListDescendantsRetainOpaqueTypeMetadata(metadataType:) with 3 test cases passed after 0.464 seconds.
◇ Test malformedOperationWithMissingDependencyRejectsInsteadOfCreatingRecovery() started.
◇ Test bodyFieldsInsideColumnsRemainDistinctAndLiteralAtomsRejectRichMarks() started.
◇ Test packetCountRawBytesAndHeldBytesUseIndependentLimitsWithoutReceipt() started.
◇ Test independentTitleAppearanceFixturesPassSharedSessionPeerUndoRedoAndReopen() started.
◇ Test case passing 2 arguments actor → "a", reversedDelivery → false to hierarchicalPasteNestedImportsAndParentEnterKeepIndependentCollections(actor:reversedDelivery:) started.
◇ Test case passing 2 arguments actor → "a", reversedDelivery → true to hierarchicalPasteNestedImportsAndParentEnterKeepIndependentCollections(actor:reversedDelivery:) started.
◇ Test case passing 2 arguments actor → "z", reversedDelivery → false to hierarchicalPasteNestedImportsAndParentEnterKeepIndependentCollections(actor:reversedDelivery:) started.
◇ Test case passing 2 arguments actor → "z", reversedDelivery → true to hierarchicalPasteNestedImportsAndParentEnterKeepIndependentCollections(actor:reversedDelivery:) started.
◇ Test malformedPlainTitleAndInactiveTransactionsNeverAcknowledge(_:) started.
✔ Test observerSeesCommittedHistory() passed after 0.581 seconds.
◇ Test invalidDeferredPacketRemainsExportableAndQueueLimitDoesNotAcknowledge() started.
◇ Test schemaUnionRecoveryRetainsBothAuthorsAndRepairDisablesOnlyOwnEdit() started.
◇ Test independentAppearanceRegistersAndSameFieldWinsConvergeAcrossOrder(_:) started.
◇ Test case passing 1 argument actor → "a" to v4TextRepairCompletesRequiredUndoAndPreservesAdditionalPeerMetadata(actor:) started.
◇ Test case passing 1 argument actor → "z" to v4TextRepairCompletesRequiredUndoAndPreservesAdditionalPeerMetadata(actor:) started.
✔ Test writingSessionCutoverPreservesDocumentIDRequiresReconciliationAndArchivesUndo() passed after 0.674 seconds.
◇ Test case passing 2 arguments version → 4, actor → "a" to writingMathThresholdUnionAt10000PreservesBothAuthorsAndUndo(version:actor:) started.
◇ Test case passing 2 arguments version → 4, actor → "z" to writingMathThresholdUnionAt10000PreservesBothAuthorsAndUndo(version:actor:) started.
◇ Test case passing 2 arguments version → 5, actor → "a" to writingMathThresholdUnionAt10000PreservesBothAuthorsAndUndo(version:actor:) started.
◇ Test case passing 2 arguments version → 5, actor → "z" to writingMathThresholdUnionAt10000PreservesBothAuthorsAndUndo(version:actor:) started.
◇ Test case passing 1 argument retired → false to schemaEmptyExitRejectsVisibleAndRetainedRootLabelCollisionAtomically(retired:) started.
◇ Test case passing 1 argument retired → true to schemaEmptyExitRejectsVisibleAndRetainedRootLabelCollisionAtomically(retired:) started.
◇ Test compositionHoldPreservesLocalDraftBoundaryQueuesNoReceiptAndReleasesOnce() started.
◇ Test case passing 1 argument version → 1 to seedAnchorsPreserveUnicodeReferencesAndTombstones(version:) started.
◇ Test case passing 1 argument version → 2 to seedAnchorsPreserveUnicodeReferencesAndTombstones(version:) started.
◇ Test noopsAndFailedCommandsPreserveAcceptedHistoryAndCompositionEndsTypingGroup() started.
◇ Test anchoredBackwardRangeRetainsUnobservedPeerTextAndUnicodeCaret() started.
◇ Test case passing 1 argument fault → "retirement" to schemaMalformedRetainedRoleDoesNotChangeAcceptedSaveOrReachV3(fault:) started.
◇ Test case passing 1 argument fault → "owner" to schemaMalformedRetainedRoleDoesNotChangeAcceptedSaveOrReachV3(fault:) started.
◇ Test case passing 1 argument fault → "anchor" to schemaMalformedRetainedRoleDoesNotChangeAcceptedSaveOrReachV3(fault:) started.
◇ Test missingCausalPacketIsSeparatelyRecoverableWithoutReceiptThenAcceptsUnion() started.
◇ Test case passing 1 argument joinFirst → false to v4CausalSplitPinsEarlierDestinationAndJoinedPrefix(joinFirst:) started.
◇ Test case passing 1 argument joinFirst → true to v4CausalSplitPinsEarlierDestinationAndJoinedPrefix(joinFirst:) started.
◇ Test typingGroupUndoRetainsPeerAtomsAndHistoryOrderAcrossReopen() started.
◇ Test case passing 2 arguments actor → "a", reversed → false to crossPasteMixedRetainsWholeImportsAndObservedSuffixOneUndo(actor:reversed:) started.
◇ Test case passing 2 arguments actor → "a", reversed → true to crossPasteMixedRetainsWholeImportsAndObservedSuffixOneUndo(actor:reversed:) started.
◇ Test case passing 2 arguments actor → "z", reversed → false to crossPasteMixedRetainsWholeImportsAndObservedSuffixOneUndo(actor:reversed:) started.
◇ Test case passing 2 arguments actor → "z", reversed → true to crossPasteMixedRetainsWholeImportsAndObservedSuffixOneUndo(actor:reversed:) started.
◇ Test mismatchedScopeUnsupportedFormatDuplicateKeysAndLossyNumbersRejectUnchanged() started.
✔ Test schemaConvertedMergeDestinationPreservesTypeIdentityAndBothAuthorUndo(type:) with 2 test cases passed after 1.218 seconds.
◇ Test case passing 2 arguments list → false, actor → "a" to v4EmptySplitHeadPositionFollowsRetainedBoundaryAcrossPeerEditsUndoReopenAndRedo(list:actor:) started.
◇ Test case passing 2 arguments list → false, actor → "z" to v4EmptySplitHeadPositionFollowsRetainedBoundaryAcrossPeerEditsUndoReopenAndRedo(list:actor:) started.
◇ Test case passing 2 arguments list → true, actor → "a" to v4EmptySplitHeadPositionFollowsRetainedBoundaryAcrossPeerEditsUndoReopenAndRedo(list:actor:) started.
◇ Test case passing 2 arguments list → true, actor → "z" to v4EmptySplitHeadPositionFollowsRetainedBoundaryAcrossPeerEditsUndoReopenAndRedo(list:actor:) started.
✔ Test schemaOrdinaryConversionCannotBeSpoofedIntoV3BatchOrRestore() passed after 1.389 seconds.
◇ Test unknownWireFieldsAndMalformedSavedHistoryRejectRatherThanDisappear() started.
◇ Test case passing 2 arguments actor → "a", cut → 1 to pasteBlocksPublicCommandRetainsWholeMetadataAndConcurrentCutGroups(actor:cut:) started.
◇ Test case passing 2 arguments actor → "a", cut → 2 to pasteBlocksPublicCommandRetainsWholeMetadataAndConcurrentCutGroups(actor:cut:) started.
◇ Test case passing 2 arguments actor → "z", cut → 1 to pasteBlocksPublicCommandRetainsWholeMetadataAndConcurrentCutGroups(actor:cut:) started.
◇ Test case passing 2 arguments actor → "z", cut → 2 to pasteBlocksPublicCommandRetainsWholeMetadataAndConcurrentCutGroups(actor:cut:) started.
◇ Test unobservedReferencesDuplicateBirthsCrossFieldRoutesAndForeignUndoReject() started.
◇ Test callbacksObserveFinalHistoryAndCannotReenterPublication() started.
◇ Test case passing 1 argument converter → "a" to schemaConversionAndOldOriginEditConvergeUnderReversedActorAndDeliveryOrder(converter:) started.
◇ Test case passing 1 argument converter → "z" to schemaConversionAndOldOriginEditConvergeUnderReversedActorAndDeliveryOrder(converter:) started.
◇ Test case passing 2 arguments seed → 1, kind → .root to generatedStructuralCollectionsOfflineEditsAndHistoryConverge(seed:kind:) started.
◇ Test case passing 2 arguments seed → 1, kind → .toggleChildren to generatedStructuralCollectionsOfflineEditsAndHistoryConverge(seed:kind:) started.
◇ Test case passing 2 arguments seed → 1, kind → .listItems to generatedStructuralCollectionsOfflineEditsAndHistoryConverge(seed:kind:) started.
◇ Test case passing 2 arguments seed → 1, kind → .tableRows to generatedStructuralCollectionsOfflineEditsAndHistoryConverge(seed:kind:) started.
◇ Test case passing 2 arguments seed → 1, kind → .tableCells to generatedStructuralCollectionsOfflineEditsAndHistoryConverge(seed:kind:) started.
◇ Test case passing 2 arguments seed → 7, kind → .root to generatedStructuralCollectionsOfflineEditsAndHistoryConverge(seed:kind:) started.
◇ Test case passing 2 arguments seed → 7, kind → .toggleChildren to generatedStructuralCollectionsOfflineEditsAndHistoryConverge(seed:kind:) started.
◇ Test case passing 2 arguments seed → 7, kind → .listItems to generatedStructuralCollectionsOfflineEditsAndHistoryConverge(seed:kind:) started.
◇ Test case passing 2 arguments seed → 7, kind → .tableRows to generatedStructuralCollectionsOfflineEditsAndHistoryConverge(seed:kind:) started.
◇ Test case passing 2 arguments seed → 7, kind → .tableCells to generatedStructuralCollectionsOfflineEditsAndHistoryConverge(seed:kind:) started.
◇ Test case passing 2 arguments seed → 42, kind → .root to generatedStructuralCollectionsOfflineEditsAndHistoryConverge(seed:kind:) started.
◇ Test case passing 2 arguments seed → 42, kind → .toggleChildren to generatedStructuralCollectionsOfflineEditsAndHistoryConverge(seed:kind:) started.
◇ Test case passing 2 arguments seed → 42, kind → .listItems to generatedStructuralCollectionsOfflineEditsAndHistoryConverge(seed:kind:) started.
◇ Test case passing 2 arguments seed → 42, kind → .tableRows to generatedStructuralCollectionsOfflineEditsAndHistoryConverge(seed:kind:) started.
◇ Test case passing 2 arguments seed → 42, kind → .tableCells to generatedStructuralCollectionsOfflineEditsAndHistoryConverge(seed:kind:) started.
◇ Test case passing 2 arguments seed → 255, kind → .root to generatedStructuralCollectionsOfflineEditsAndHistoryConverge(seed:kind:) started.
◇ Test case passing 2 arguments seed → 255, kind → .toggleChildren to generatedStructuralCollectionsOfflineEditsAndHistoryConverge(seed:kind:) started.
◇ Test case passing 2 arguments seed → 255, kind → .listItems to generatedStructuralCollectionsOfflineEditsAndHistoryConverge(seed:kind:) started.
◇ Test case passing 2 arguments seed → 255, kind → .tableRows to generatedStructuralCollectionsOfflineEditsAndHistoryConverge(seed:kind:) started.
◇ Test case passing 2 arguments seed → 255, kind → .tableCells to generatedStructuralCollectionsOfflineEditsAndHistoryConverge(seed:kind:) started.
◇ Test case passing 2 arguments seed → 65537, kind → .root to generatedStructuralCollectionsOfflineEditsAndHistoryConverge(seed:kind:) started.
◇ Test case passing 2 arguments seed → 65537, kind → .toggleChildren to generatedStructuralCollectionsOfflineEditsAndHistoryConverge(seed:kind:) started.
◇ Test case passing 2 arguments seed → 65537, kind → .listItems to generatedStructuralCollectionsOfflineEditsAndHistoryConverge(seed:kind:) started.
◇ Test case passing 2 arguments seed → 65537, kind → .tableRows to generatedStructuralCollectionsOfflineEditsAndHistoryConverge(seed:kind:) started.
✔ Test schemaCodeShortcutAndEncodingRoundTripRetainIdentityAndBothOrigins() passed after 20.410 seconds.
◇ Test case passing 2 arguments seed → 65537, kind → .tableCells to generatedStructuralCollectionsOfflineEditsAndHistoryConverge(seed:kind:) started.
◇ Test case passing 2 arguments seed → 20260930, kind → .root to generatedStructuralCollectionsOfflineEditsAndHistoryConverge(seed:kind:) started.
◇ Test case passing 2 arguments seed → 20260930, kind → .toggleChildren to generatedStructuralCollectionsOfflineEditsAndHistoryConverge(seed:kind:) started.
◇ Test case passing 2 arguments seed → 20260930, kind → .listItems to generatedStructuralCollectionsOfflineEditsAndHistoryConverge(seed:kind:) started.
◇ Test case passing 2 arguments seed → 20260930, kind → .tableRows to generatedStructuralCollectionsOfflineEditsAndHistoryConverge(seed:kind:) started.
◇ Test case passing 2 arguments seed → 20260930, kind → .tableCells to generatedStructuralCollectionsOfflineEditsAndHistoryConverge(seed:kind:) started.
◇ Test case passing 2 arguments seed → 999983, kind → .root to generatedStructuralCollectionsOfflineEditsAndHistoryConverge(seed:kind:) started.
◇ Test case passing 2 arguments seed → 999983, kind → .toggleChildren to generatedStructuralCollectionsOfflineEditsAndHistoryConverge(seed:kind:) started.
◇ Test case passing 2 arguments seed → 999983, kind → .listItems to generatedStructuralCollectionsOfflineEditsAndHistoryConverge(seed:kind:) started.
◇ Test case passing 2 arguments seed → 999983, kind → .tableRows to generatedStructuralCollectionsOfflineEditsAndHistoryConverge(seed:kind:) started.
◇ Test case passing 2 arguments seed → 999983, kind → .tableCells to generatedStructuralCollectionsOfflineEditsAndHistoryConverge(seed:kind:) started.
◇ Test case passing 2 arguments seed → 4294967295, kind → .root to generatedStructuralCollectionsOfflineEditsAndHistoryConverge(seed:kind:) started.
◇ Test case passing 2 arguments seed → 4294967295, kind → .toggleChildren to generatedStructuralCollectionsOfflineEditsAndHistoryConverge(seed:kind:) started.
◇ Test case passing 2 arguments seed → 4294967295, kind → .listItems to generatedStructuralCollectionsOfflineEditsAndHistoryConverge(seed:kind:) started.
◇ Test case passing 2 arguments seed → 4294967295, kind → .tableRows to generatedStructuralCollectionsOfflineEditsAndHistoryConverge(seed:kind:) started.
◇ Test case passing 2 arguments seed → 4294967295, kind → .tableCells to generatedStructuralCollectionsOfflineEditsAndHistoryConverge(seed:kind:) started.
✔ Test protocolCutoverPreservesDocumentAndRejectsMixedVersionsAtomically() passed after 39.724 seconds.
◇ Test case passing 1 argument editedAnchor → false to inactiveMovesStillRejectKnownAnchorsFromAnotherCollection(editedAnchor:) started.
◇ Test case passing 1 argument editedAnchor → true to inactiveMovesStillRejectKnownAnchorsFromAnotherCollection(editedAnchor:) started.
◇ Test case passing 1 argument splitFirst → false to v4SoftBreakAfterInsertedRunSurvivesTransferredAndJoinedHistory(splitFirst:) started.
◇ Test case passing 1 argument splitFirst → true to v4SoftBreakAfterInsertedRunSurvivesTransferredAndJoinedHistory(splitFirst:) started.
◇ Test case passing 2 arguments actor → "a", repairPeer → false to retainedPasteOverlappingEndpointExportsAndEitherAuthorRepairs(actor:repairPeer:) started.
◇ Test case passing 2 arguments actor → "a", repairPeer → true to retainedPasteOverlappingEndpointExportsAndEitherAuthorRepairs(actor:repairPeer:) started.
◇ Test case passing 2 arguments actor → "z", repairPeer → false to retainedPasteOverlappingEndpointExportsAndEitherAuthorRepairs(actor:repairPeer:) started.
◇ Test case passing 2 arguments actor → "z", repairPeer → true to retainedPasteOverlappingEndpointExportsAndEitherAuthorRepairs(actor:repairPeer:) started.
✔ Test legacyStoppedAuthorReorderedUndoRedoKeepsWinningAvailability(version:) with 2 test cases passed after 41.565 seconds.
◇ Test case passing 2 arguments actor → "a", upper → 2 to mixedPasteZeroReplacementRetainsSuffixOriginWithConcurrentSplit(actor:upper:) started.
◇ Test case passing 2 arguments actor → "a", upper → 4 to mixedPasteZeroReplacementRetainsSuffixOriginWithConcurrentSplit(actor:upper:) started.
◇ Test case passing 2 arguments actor → "z", upper → 2 to mixedPasteZeroReplacementRetainsSuffixOriginWithConcurrentSplit(actor:upper:) started.
◇ Test case passing 2 arguments actor → "z", upper → 4 to mixedPasteZeroReplacementRetainsSuffixOriginWithConcurrentSplit(actor:upper:) started.
◇ Test case passing 1 argument command → "heading" to schemaRetainedPeerSupportsConversionShortcutAndMerge(command:) started.
◇ Test case passing 1 argument command → "code" to schemaRetainedPeerSupportsConversionShortcutAndMerge(command:) started.
◇ Test case passing 1 argument command → "list" to schemaRetainedPeerSupportsConversionShortcutAndMerge(command:) started.
◇ Test case passing 1 argument command → "shortcut" to schemaRetainedPeerSupportsConversionShortcutAndMerge(command:) started.
◇ Test case passing 1 argument command → "mergeLeft" to schemaRetainedPeerSupportsConversionShortcutAndMerge(command:) started.
◇ Test case passing 1 argument command → "mergeRight" to schemaRetainedPeerSupportsConversionShortcutAndMerge(command:) started.
✔ Test retiredSplitHeadPositionPreservesV3AndRejectsUnrelatedDeletion() passed after 42.105 seconds.
◇ Test case passing 1 argument actor → "a" to retainedPasteAfterOrdinarySourceMoveUsesLiveOrderNotRgaAfterAncestry(actor:) started.
◇ Test case passing 1 argument actor → "z" to retainedPasteAfterOrdinarySourceMoveUsesLiveOrderNotRgaAfterAncestry(actor:) started.
◇ Test case passing 1 argument actor → "a" to v4RequiredUndoPersistsAndExplicitRedoRetainsEveryHistory(actor:) started.
◇ Test case passing 1 argument actor → "z" to v4RequiredUndoPersistsAndExplicitRedoRetainsEveryHistory(actor:) started.
◇ Test case passing 1 argument style → "ordered" to schemaListConversionKeepsRootIdentityRichAtomsMetadataAndRemoteUndo(style:) started.
◇ Test case passing 1 argument style → "unordered" to schemaListConversionKeepsRootIdentityRichAtomsMetadataAndRemoteUndo(style:) started.
◇ Test case passing 1 argument style → "todo" to schemaListConversionKeepsRootIdentityRichAtomsMetadataAndRemoteUndo(style:) started.
◇ Test case passing 1 argument version → 1 to undoOfMissingEditRemainsValidUntilItsCausalTargetArrives(version:) started.
◇ Test case passing 1 argument version → 2 to undoOfMissingEditRemainsValidUntilItsCausalTargetArrives(version:) started.
◇ Test case passing 1 argument actor → "a" to v4ConcurrentCutPreservesUnobservedInsertedPrefixInEarlierTail(actor:) started.
◇ Test case passing 1 argument actor → "z" to v4ConcurrentCutPreservesUnobservedInsertedPrefixInEarlierTail(actor:) started.
◇ Test case passing 2 arguments list → false, actor → "a" to v4ObservedRichPrefixSelectionReplacementRetainsReferencesFormattingAndPeerUndo(list:actor:) started.
◇ Test case passing 2 arguments list → false, actor → "z" to v4ObservedRichPrefixSelectionReplacementRetainsReferencesFormattingAndPeerUndo(list:actor:) started.
◇ Test case passing 2 arguments list → true, actor → "a" to v4ObservedRichPrefixSelectionReplacementRetainsReferencesFormattingAndPeerUndo(list:actor:) started.
◇ Test case passing 2 arguments list → true, actor → "z" to v4ObservedRichPrefixSelectionReplacementRetainsReferencesFormattingAndPeerUndo(list:actor:) started.
◇ Test case passing 2 arguments actor → "a", repairOther → false to schemaOverlappingOwnerRepairRoutesBothHistoricalHeadsAndOriginalAtomOrigin(actor:repairOther:) started.
◇ Test case passing 2 arguments actor → "a", repairOther → true to schemaOverlappingOwnerRepairRoutesBothHistoricalHeadsAndOriginalAtomOrigin(actor:repairOther:) started.
◇ Test case passing 2 arguments actor → "z", repairOther → false to schemaOverlappingOwnerRepairRoutesBothHistoricalHeadsAndOriginalAtomOrigin(actor:repairOther:) started.
◇ Test case passing 2 arguments actor → "z", repairOther → true to schemaOverlappingOwnerRepairRoutesBothHistoricalHeadsAndOriginalAtomOrigin(actor:repairOther:) started.
◇ Test case passing 1 argument version → 1 to knownUndoTargetsMustBeEdits(version:) started.
◇ Test case passing 1 argument version → 2 to knownUndoTargetsMustBeEdits(version:) started.
✔ Test localHistorySurvivesRestartWithoutRevertingRemoteWork() passed after 43.693 seconds.
◇ Test case passing 2 arguments actor → "a", inserted → false to schemaConcurrentFirstAndLastExitsConvergeAndKeepSourceOrdinal(actor:inserted:) started.
◇ Test case passing 2 arguments actor → "a", inserted → true to schemaConcurrentFirstAndLastExitsConvergeAndKeepSourceOrdinal(actor:inserted:) started.
◇ Test case passing 2 arguments actor → "z", inserted → false to schemaConcurrentFirstAndLastExitsConvergeAndKeepSourceOrdinal(actor:inserted:) started.
◇ Test case passing 2 arguments actor → "z", inserted → true to schemaConcurrentFirstAndLastExitsConvergeAndKeepSourceOrdinal(actor:inserted:) started.
◇ Test case passing 1 argument inactive → false to pasteSpliceRejectsDuplicateOwnershipEvenWhenAuthorUndoRetainsMalformedEdit(inactive:) started.
◇ Test case passing 1 argument inactive → true to pasteSpliceRejectsDuplicateOwnershipEvenWhenAuthorUndoRetainsMalformedEdit(inactive:) started.
◇ Test case passing 1 argument list → false to v4SplitKeepsObservedInsertedPrefixAndPeerUndo(list:) started.
◇ Test case passing 1 argument list → true to v4SplitKeepsObservedInsertedPrefixAndPeerUndo(list:) started.
◇ Test case passing 2 arguments index → 0, actor → "a" to schemaEmptyRootItemExitPreservesBothIdentitiesAndRemoteHistory(index:actor:) started.
◇ Test case passing 2 arguments index → 0, actor → "z" to schemaEmptyRootItemExitPreservesBothIdentitiesAndRemoteHistory(index:actor:) started.
◇ Test case passing 2 arguments index → 1, actor → "a" to schemaEmptyRootItemExitPreservesBothIdentitiesAndRemoteHistory(index:actor:) started.
◇ Test case passing 2 arguments index → 1, actor → "z" to schemaEmptyRootItemExitPreservesBothIdentitiesAndRemoteHistory(index:actor:) started.
◇ Test case passing 2 arguments index → 2, actor → "a" to schemaEmptyRootItemExitPreservesBothIdentitiesAndRemoteHistory(index:actor:) started.
◇ Test case passing 2 arguments index → 2, actor → "z" to schemaEmptyRootItemExitPreservesBothIdentitiesAndRemoteHistory(index:actor:) started.
◇ Test case passing 1 argument type → "heading" to v4InlineEnterPreservesSourceAttributesRichSuffixAndAuthorUndo(type:) started.
◇ Test case passing 1 argument type → "quote" to v4InlineEnterPreservesSourceAttributesRichSuffixAndAuthorUndo(type:) started.
◇ Test case passing 1 argument type → "callout" to v4InlineEnterPreservesSourceAttributesRichSuffixAndAuthorUndo(type:) started.
◇ Test case passing 1 argument version → 1 to independentTextAcceptanceUndoDoesNotResurrectAnotherAuthorsDeletion(version:) started.
◇ Test case passing 1 argument version → 2 to independentTextAcceptanceUndoDoesNotResurrectAnotherAuthorsDeletion(version:) started.
◇ Test case passing 1 argument swap → false to writingSessionDeletionCannotCollapseDifferentCutRanks(swap:) started.
◇ Test case passing 1 argument swap → true to writingSessionDeletionCannotCollapseDifferentCutRanks(swap:) started.
✔ Test listContinuationKeepsMarksReferencesChildrenAndRemoteSuffix() passed after 44.103 seconds.
◇ Test case passing 2 arguments actor → "a", emptyLeading → false to mixedPasteAdjacentInlineFieldsKeepTheirExplicitBreak(actor:emptyLeading:) started.
◇ Test case passing 2 arguments actor → "a", emptyLeading → true to mixedPasteAdjacentInlineFieldsKeepTheirExplicitBreak(actor:emptyLeading:) started.
◇ Test case passing 2 arguments actor → "z", emptyLeading → false to mixedPasteAdjacentInlineFieldsKeepTheirExplicitBreak(actor:emptyLeading:) started.
◇ Test case passing 2 arguments actor → "z", emptyLeading → true to mixedPasteAdjacentInlineFieldsKeepTheirExplicitBreak(actor:emptyLeading:) started.
✔ Test clipboardMarkdownDividerRoundTripsWithFreshIdentityAndPolicy() passed after 44.178 seconds.
◇ Test case passing 2 arguments existing → false, actor → "a" to schemaSoleEmptyItemExitRetainsChildrenAndReorderedPeerChildEdits(existing:actor:) started.
◇ Test case passing 2 arguments existing → false, actor → "z" to schemaSoleEmptyItemExitRetainsChildrenAndReorderedPeerChildEdits(existing:actor:) started.
◇ Test case passing 2 arguments existing → true, actor → "a" to schemaSoleEmptyItemExitRetainsChildrenAndReorderedPeerChildEdits(existing:actor:) started.
◇ Test case passing 2 arguments existing → true, actor → "z" to schemaSoleEmptyItemExitRetainsChildrenAndReorderedPeerChildEdits(existing:actor:) started.
◇ Test case passing 1 argument swap → false to writingSessionConcurrentDifferentCutsPreserveSegmentOrder(swap:) started.
◇ Test case passing 1 argument swap → true to writingSessionConcurrentDifferentCutsPreserveSegmentOrder(swap:) started.
◇ Test case passing 2 arguments type → "list", repairConversion → false to schemaConvertedMergeSourceRetainsUnionForEitherAuthorRepair(type:repairConversion:) started.
◇ Test case passing 2 arguments type → "list", repairConversion → true to schemaConvertedMergeSourceRetainsUnionForEitherAuthorRepair(type:repairConversion:) started.
◇ Test case passing 2 arguments type → "code", repairConversion → false to schemaConvertedMergeSourceRetainsUnionForEitherAuthorRepair(type:repairConversion:) started.
◇ Test case passing 2 arguments type → "code", repairConversion → true to schemaConvertedMergeSourceRetainsUnionForEitherAuthorRepair(type:repairConversion:) started.
◇ Test case passing 2 arguments actor → "a", acrossContainer → false to retainedPasteLaterEndpointMoveStaysAuthoritativeThroughOwnUndo(actor:acrossContainer:) started.
◇ Test case passing 2 arguments actor → "a", acrossContainer → true to retainedPasteLaterEndpointMoveStaysAuthoritativeThroughOwnUndo(actor:acrossContainer:) started.
◇ Test case passing 2 arguments actor → "z", acrossContainer → false to retainedPasteLaterEndpointMoveStaysAuthoritativeThroughOwnUndo(actor:acrossContainer:) started.
◇ Test case passing 2 arguments actor → "z", acrossContainer → true to retainedPasteLaterEndpointMoveStaysAuthoritativeThroughOwnUndo(actor:acrossContainer:) started.
◇ Test case passing 2 arguments actor → "a", repairOther → false to schemaConcurrentPartitionsThatExhaustAnOwnerRetainRecoveryAndEitherAuthorCanRepair(actor:repairOther:) started.
◇ Test case passing 2 arguments actor → "a", repairOther → true to schemaConcurrentPartitionsThatExhaustAnOwnerRetainRecoveryAndEitherAuthorCanRepair(actor:repairOther:) started.
◇ Test case passing 2 arguments actor → "z", repairOther → false to schemaConcurrentPartitionsThatExhaustAnOwnerRetainRecoveryAndEitherAuthorCanRepair(actor:repairOther:) started.
◇ Test case passing 2 arguments actor → "z", repairOther → true to schemaConcurrentPartitionsThatExhaustAnOwnerRetainRecoveryAndEitherAuthorCanRepair(actor:repairOther:) started.
◇ Test appearanceAndPaletteRejectUnrecognizedPresetsAndRoles() started.
◇ Test duplicateRawKeysIncludingEscapedKeysRejectBeforeSemanticAdmission() started.
◇ Test nestedColumnsRejectEvenThroughToggleDescendantsButIndependentLayoutsRemainValid() started.
◇ Test opaqueNumbersCannotSilentlyRoundDuringAdmission(_:) started.
◇ Test exactNumericRoundTripsAllowCanonicalDecimalSpelling(_:) started.
◇ Test splitRejectsInvalidBoundsAndNonintegerValues(_:) started.
◇ Test titleRejectsLineBreaksWithoutConsumingBody(_:) started.
◇ Test modernSnapshotDoesNotBroadenLegacyMarkOrSessionAdmission() started.
◇ Test independentSnapshotsRetainEveryAdmittedFieldAndCanonicalRoundTrip() started.
◇ Test exactTwoContainersAndScopedIdentitiesAreRequired() started.
◇ Test explicitNewDocumentDefaultsDoNotSilentlyUpgradeMissingWireFields() started.
◇ Test existingLimitsAndOpaqueMetadataArePreserved() started.
◇ Test case passing 1 argument baseline → false to collectionInsertAfterProjectedPeerRetainsRoleProofAndUndo(baseline:) started.
◇ Test case passing 1 argument baseline → true to collectionInsertAfterProjectedPeerRetainsRoleProofAndUndo(baseline:) started.
✔ Test ordinarySplitBeforeFirstImportedMemberMustPrecedeWholeExistingGroup() passed after 44.611 seconds.
◇ Test case passing 1 argument fault → "negative" to schemaMalformedRoleAnchorAndHiddenFirstItemRejectAtomically(fault:) started.
◇ Test case passing 1 argument fault → "zero" to schemaMalformedRoleAnchorAndHiddenFirstItemRejectAtomically(fault:) started.
◇ Test case passing 1 argument fault → "future" to schemaMalformedRoleAnchorAndHiddenFirstItemRejectAtomically(fault:) started.
◇ Test case passing 1 argument fault → "actor" to schemaMalformedRoleAnchorAndHiddenFirstItemRejectAtomically(fault:) started.
◇ Test case passing 1 argument fault → "firstItem" to schemaMalformedRoleAnchorAndHiddenFirstItemRejectAtomically(fault:) started.
◇ Test case passing 1 argument actor → "a" to retainedPasteInsideObservedInsertedToggleKeepsNestedInitialProofs(actor:) started.
◇ Test case passing 1 argument actor → "z" to retainedPasteInsideObservedInsertedToggleKeepsNestedInitialProofs(actor:) started.
✔ Test writingSessionEmptyTextExtensionsSurviveAuthoringAndUndo() passed after 44.827 seconds.
◇ Test case passing 1 argument inactive → false to spliceDuplicateDescriptorMustRemainMalformedWhenAuthorUndone(inactive:) started.
◇ Test case passing 1 argument inactive → true to spliceDuplicateDescriptorMustRemainMalformedWhenAuthorUndone(inactive:) started.
◇ Test case passing 1 argument actor → "a" to retainedPasteConcurrentHeadingPreservesEndpointSchemaAndUndo(actor:) started.
◇ Test case passing 1 argument actor → "z" to retainedPasteConcurrentHeadingPreservesEndpointSchemaAndUndo(actor:) started.
◇ Test case passing 1 argument exit → false to schemaListTextSemanticsCannotBeSpoofedIntoV3BatchOrRestore(exit:) started.
◇ Test case passing 1 argument exit → true to schemaListTextSemanticsCannotBeSpoofedIntoV3BatchOrRestore(exit:) started.
◇ Test case passing 1 argument offset → 0 to writingSessionSequentialCutsKeepObservedSiblingOrder(offset:) started.
◇ Test case passing 1 argument offset → 1 to writingSessionSequentialCutsKeepObservedSiblingOrder(offset:) started.
◇ Test case passing 1 argument initialized → false to legacySeedNamespaceFollowsTheTextActuallyInitialized(initialized:) started.
◇ Test case passing 1 argument initialized → true to legacySeedNamespaceFollowsTheTextActuallyInitialized(initialized:) started.
✔ Test writingBatchCapturesBackwardRootAndNestedRanges() passed after 44.952 seconds.
◇ Test case passing 1 argument actor → "a" to retainedPasteAcceptsObservedRoleSourceAndRejectsErasedRoleCohort(actor:) started.
◇ Test case passing 1 argument actor → "z" to retainedPasteAcceptsObservedRoleSourceAndRejectsErasedRoleCohort(actor:) started.
◇ Test case passing 1 argument version → 4 to externalNormalizationPreservesRichReferenceAndPeerUndo(version:) started.
◇ Test case passing 1 argument version → 5 to externalNormalizationPreservesRichReferenceAndPeerUndo(version:) started.
✔ Test crossPasteInlineUsesOneAuthorJoinAndPreservesPeerAtoms(actor:reversed:) with 4 test cases passed after 45.131 seconds.
✔ Test receivePreparationOnlyRunsForValidatedStateChanges() passed after 45.152 seconds.
◇ Test case passing 2 arguments version → 4, excess → 0 to actual32MBUnionRetainsRejectedHistoryAndPeerMetadata(version:excess:) started.
✔ Test schemaPeerListStyleSurvivesWrapperUndoAsMetadataAndRedoUsesPeerStyle() passed after 45.232 seconds.
◇ Test case passing 2 arguments list → false, actor → "a" to v4SequentialInsertionKeepsObservedRunOrderAndPeerUndo(list:actor:) started.
◇ Test case passing 2 arguments list → false, actor → "z" to v4SequentialInsertionKeepsObservedRunOrderAndPeerUndo(list:actor:) started.
◇ Test case passing 2 arguments list → true, actor → "a" to v4SequentialInsertionKeepsObservedRunOrderAndPeerUndo(list:actor:) started.
◇ Test case passing 2 arguments list → true, actor → "z" to v4SequentialInsertionKeepsObservedRunOrderAndPeerUndo(list:actor:) started.
✔ Test clipboardMixedCopyUsesVisibleOrderAfterRemoteMove() passed after 45.532 seconds.
◇ Test documentTitleHasAnExplicitOriginOutsideBodyAndConsumerIDs() started.
✔ Test collectionToggleCreationUndoRedoRetainsRemoteDescendants() passed after 45.712 seconds.
◇ Test allIndependentModernSnapshotsKeepExactJSONThroughSharedProjection() started.
◇ Test titleReplayAndAuthorDeactivationKeepPeerTextAndBodyIndependent() started.
◇ Test legacyWritingProtocolsRejectDocumentOriginsWithoutAcknowledging(_:) started.
◇ Test legacyStructuralProtocolRejectsDocumentOriginMutationAtomically() started.
✔ Test knownPriorElementsMustHaveTheReferencedKindAndField() passed after 45.973 seconds.
◇ Test case passing 2 arguments actor → "a", scenario → "source-before" to crossPasteConcurrentBoundarySplitsPreserveCutOwners(actor:scenario:) started.
◇ Test case passing 2 arguments actor → "a", scenario → "source-after" to crossPasteConcurrentBoundarySplitsPreserveCutOwners(actor:scenario:) started.
◇ Test case passing 2 arguments actor → "a", scenario → "endpoint-before" to crossPasteConcurrentBoundarySplitsPreserveCutOwners(actor:scenario:) started.
◇ Test case passing 2 arguments actor → "a", scenario → "endpoint-after" to crossPasteConcurrentBoundarySplitsPreserveCutOwners(actor:scenario:) started.
◇ Test case passing 2 arguments actor → "z", scenario → "source-before" to crossPasteConcurrentBoundarySplitsPreserveCutOwners(actor:scenario:) started.
◇ Test case passing 2 arguments actor → "z", scenario → "source-after" to crossPasteConcurrentBoundarySplitsPreserveCutOwners(actor:scenario:) started.
◇ Test case passing 2 arguments actor → "z", scenario → "endpoint-before" to crossPasteConcurrentBoundarySplitsPreserveCutOwners(actor:scenario:) started.
◇ Test case passing 2 arguments actor → "z", scenario → "endpoint-after" to crossPasteConcurrentBoundarySplitsPreserveCutOwners(actor:scenario:) started.
◇ Test twoColumnsKeepScopedChildOriginsAndLogicalAddressOrder() started.
◇ Test case passing 1 argument actor → "a" to hierarchicalPasteSingleInlineKeepsBothOpaqueBoundaries(actor:) started.
◇ Test case passing 1 argument actor → "z" to hierarchicalPasteSingleInlineKeepsBothOpaqueBoundaries(actor:) started.
◇ Test case passing 2 arguments seed → 1, kind → .root to generatedRecoveryCollisionsRetainAllCollectionKinds(seed:kind:) started.
◇ Test case passing 2 arguments seed → 1, kind → .toggleChildren to generatedRecoveryCollisionsRetainAllCollectionKinds(seed:kind:) started.
◇ Test case passing 2 arguments seed → 1, kind → .listItems to generatedRecoveryCollisionsRetainAllCollectionKinds(seed:kind:) started.
◇ Test case passing 2 arguments seed → 1, kind → .tableRows to generatedRecoveryCollisionsRetainAllCollectionKinds(seed:kind:) started.
◇ Test case passing 2 arguments seed → 1, kind → .tableCells to generatedRecoveryCollisionsRetainAllCollectionKinds(seed:kind:) started.
◇ Test case passing 2 arguments seed → 7, kind → .root to generatedRecoveryCollisionsRetainAllCollectionKinds(seed:kind:) started.
◇ Test case passing 2 arguments seed → 7, kind → .toggleChildren to generatedRecoveryCollisionsRetainAllCollectionKinds(seed:kind:) started.
◇ Test case passing 2 arguments seed → 7, kind → .listItems to generatedRecoveryCollisionsRetainAllCollectionKinds(seed:kind:) started.
◇ Test case passing 2 arguments seed → 7, kind → .tableRows to generatedRecoveryCollisionsRetainAllCollectionKinds(seed:kind:) started.
◇ Test case passing 2 arguments seed → 7, kind → .tableCells to generatedRecoveryCollisionsRetainAllCollectionKinds(seed:kind:) started.
◇ Test case passing 2 arguments seed → 42, kind → .root to generatedRecoveryCollisionsRetainAllCollectionKinds(seed:kind:) started.
◇ Test case passing 2 arguments seed → 42, kind → .toggleChildren to generatedRecoveryCollisionsRetainAllCollectionKinds(seed:kind:) started.
◇ Test case passing 2 arguments seed → 42, kind → .listItems to generatedRecoveryCollisionsRetainAllCollectionKinds(seed:kind:) started.
◇ Test case passing 2 arguments seed → 42, kind → .tableRows to generatedRecoveryCollisionsRetainAllCollectionKinds(seed:kind:) started.
◇ Test case passing 2 arguments seed → 42, kind → .tableCells to generatedRecoveryCollisionsRetainAllCollectionKinds(seed:kind:) started.
◇ Test case passing 2 arguments seed → 255, kind → .root to generatedRecoveryCollisionsRetainAllCollectionKinds(seed:kind:) started.
◇ Test case passing 2 arguments seed → 255, kind → .toggleChildren to generatedRecoveryCollisionsRetainAllCollectionKinds(seed:kind:) started.
◇ Test case passing 2 arguments seed → 255, kind → .listItems to generatedRecoveryCollisionsRetainAllCollectionKinds(seed:kind:) started.
◇ Test case passing 2 arguments seed → 255, kind → .tableRows to generatedRecoveryCollisionsRetainAllCollectionKinds(seed:kind:) started.
◇ Test case passing 2 arguments seed → 255, kind → .tableCells to generatedRecoveryCollisionsRetainAllCollectionKinds(seed:kind:) started.
◇ Test case passing 1 argument actor → "a" to retainedPasteSupersededEndpointContainerDoesNotClaimOldSourceGroup(actor:) started.
◇ Test case passing 1 argument actor → "z" to retainedPasteSupersededEndpointContainerDoesNotClaimOldSourceGroup(actor:) started.
✔ Test reservedSeedReferencesRejectAtomically(version:) with 2 test cases passed after 47.300 seconds.
✔ Test sequentialSpliceBeforeFirstImportedMemberMustPrecedeWholeEarlierGroup() passed after 47.300 seconds.
✔ Test collectionTableConcurrentRowsCellsReorderRemoveAndReopenedUndo() passed after 47.301 seconds.
✔ Test nestedListIndentOutdentAndTableCollectionsUseSharedCommands() passed after 47.300 seconds.
◇ Test case passing 1 argument range → 0 ..< 4 to writingBatchRetainedFieldEndFollowsRemoteSuffix(range:) started.
◇ Test case passing 1 argument range → 1 ..< 4 to writingBatchRetainedFieldEndFollowsRemoteSuffix(range:) started.
◇ Test case passing 1 argument range → 4 ..< 4 to writingBatchRetainedFieldEndFollowsRemoteSuffix(range:) started.
◇ Test case passing 1 argument name → "writing" to writingSharedBridgeFixture(name:) started.
◇ Test case passing 1 argument name → "blockCommands" to writingSharedBridgeFixture(name:) started.
◇ Test case passing 1 argument name → "schemaCommands" to writingSharedBridgeFixture(name:) started.
◇ Test case passing 1 argument name → "roleCommands" to writingSharedBridgeFixture(name:) started.
◇ Test case passing 1 argument name → "collectionCommands" to writingSharedBridgeFixture(name:) started.
◇ Test case passing 1 argument name → "exitCommands" to writingSharedBridgeFixture(name:) started.
◇ Test case passing 1 argument name → "pinCommands" to writingSharedBridgeFixture(name:) started.
◇ Test case passing 1 argument name → "boundaryCommands" to writingSharedBridgeFixture(name:) started.
◇ Test case passing 1 argument name → "undoRecoveryCommands" to writingSharedBridgeFixture(name:) started.
◇ Test case passing 1 argument name → "clipboardCommands" to writingSharedBridgeFixture(name:) started.
◇ Test case passing 1 argument name → "spliceCommands" to writingSharedBridgeFixture(name:) started.
◇ Test case passing 1 argument name → "thresholdCommands" to writingSharedBridgeFixture(name:) started.
◇ Test case passing 1 argument name → "depthCommands" to writingSharedBridgeFixture(name:) started.
◇ Test case passing 1 argument name → "importCommands" to writingSharedBridgeFixture(name:) started.
◇ Test case passing 1 argument name → "paste6Commands" to writingSharedBridgeFixture(name:) started.
◇ Test case passing 2 arguments reverseActors → false, repairMerge → false to concurrentJoinedSourceConversionRetainsUnionForAuthorReconciliation(reverseActors:repairMerge:) started.
◇ Test case passing 2 arguments reverseActors → false, repairMerge → true to concurrentJoinedSourceConversionRetainsUnionForAuthorReconciliation(reverseActors:repairMerge:) started.
◇ Test case passing 2 arguments reverseActors → true, repairMerge → false to concurrentJoinedSourceConversionRetainsUnionForAuthorReconciliation(reverseActors:repairMerge:) started.
◇ Test case passing 2 arguments reverseActors → true, repairMerge → true to concurrentJoinedSourceConversionRetainsUnionForAuthorReconciliation(reverseActors:repairMerge:) started.
◇ Test case passing 2 arguments actor → "a", scenario → "source-before" to retainedPasteConcurrentSplitsOrderRetainedEndpointGroup(actor:scenario:) started.
◇ Test case passing 2 arguments actor → "a", scenario → "source-after" to retainedPasteConcurrentSplitsOrderRetainedEndpointGroup(actor:scenario:) started.
◇ Test case passing 2 arguments actor → "a", scenario → "endpoint-before" to retainedPasteConcurrentSplitsOrderRetainedEndpointGroup(actor:scenario:) started.
◇ Test case passing 2 arguments actor → "a", scenario → "endpoint-after" to retainedPasteConcurrentSplitsOrderRetainedEndpointGroup(actor:scenario:) started.
◇ Test case passing 2 arguments actor → "z", scenario → "source-before" to retainedPasteConcurrentSplitsOrderRetainedEndpointGroup(actor:scenario:) started.
◇ Test case passing 2 arguments actor → "z", scenario → "source-after" to retainedPasteConcurrentSplitsOrderRetainedEndpointGroup(actor:scenario:) started.
◇ Test case passing 2 arguments actor → "z", scenario → "endpoint-before" to retainedPasteConcurrentSplitsOrderRetainedEndpointGroup(actor:scenario:) started.
◇ Test case passing 2 arguments actor → "z", scenario → "endpoint-after" to retainedPasteConcurrentSplitsOrderRetainedEndpointGroup(actor:scenario:) started.
◇ Test case passing 2 arguments swap → false, side → "left" to writingSessionConcurrentMergeSplitFollowsBoundary(swap:side:) started.
◇ Test case passing 2 arguments swap → false, side → "right" to writingSessionConcurrentMergeSplitFollowsBoundary(swap:side:) started.
◇ Test case passing 2 arguments swap → true, side → "left" to writingSessionConcurrentMergeSplitFollowsBoundary(swap:side:) started.
◇ Test case passing 2 arguments swap → true, side → "right" to writingSessionConcurrentMergeSplitFollowsBoundary(swap:side:) started.
✔ Test writingSessionNestedSplitKeepsContainerIDsReferencesAndUndo() passed after 49.757 seconds.
◇ Test case passing 2 arguments version → 4, actor → "a" to writingMathThresholdUnionAt10001RetainsProposalAndRepairsWithoutLosingPeerAtoms(version:actor:) started.
◇ Test case passing 2 arguments version → 4, actor → "z" to writingMathThresholdUnionAt10001RetainsProposalAndRepairsWithoutLosingPeerAtoms(version:actor:) started.
◇ Test case passing 2 arguments version → 5, actor → "a" to writingMathThresholdUnionAt10001RetainsProposalAndRepairsWithoutLosingPeerAtoms(version:actor:) started.
◇ Test case passing 2 arguments version → 5, actor → "z" to writingMathThresholdUnionAt10001RetainsProposalAndRepairsWithoutLosingPeerAtoms(version:actor:) started.
◇ Test case passing 2 arguments version → 3, key → "level" to schemaInlineConversionDoesNotOverwriteUnknownReservedMetadata(version:key:) started.
◇ Test case passing 2 arguments version → 3, key → "variant" to schemaInlineConversionDoesNotOverwriteUnknownReservedMetadata(version:key:) started.
◇ Test case passing 2 arguments version → 4, key → "level" to schemaInlineConversionDoesNotOverwriteUnknownReservedMetadata(version:key:) started.
◇ Test case passing 2 arguments version → 4, key → "variant" to schemaInlineConversionDoesNotOverwriteUnknownReservedMetadata(version:key:) started.
✔ Test collectionInsertAfterMiddleExitKeepsRoleAnchorAcrossRemoteUndo() passed after 50.253 seconds.
◇ Test case passing 1 argument version → 1 to sameChangeTextAnchorsCannotNamePlacementsOrAnotherField(version:) started.
◇ Test case passing 1 argument version → 2 to sameChangeTextAnchorsCannotNamePlacementsOrAnotherField(version:) started.
✔ Test writingSessionUnicodeReferenceAndUnknownPayloadSurviveSplitReopen() passed after 50.267 seconds.
✔ Test schemaInactiveConversionAllowsEitherAuthorToRepairPriorSortedMetadataConflict(repairConversion:) with 2 test cases passed after 50.267 seconds.
✔ Test writingSessionStoppedAuthorReorderedUndoRedoRestoresWinningHistory() passed after 50.267 seconds.
◇ Test case passing 1 argument fault → "absent" to schemaMalformedV4ObservedFrontierLeavesAcceptedSaveUnchanged(fault:) started.
◇ Test case passing 1 argument fault → "duplicateActor" to schemaMalformedV4ObservedFrontierLeavesAcceptedSaveUnchanged(fault:) started.
◇ Test case passing 1 argument fault → "unsorted" to schemaMalformedV4ObservedFrontierLeavesAcceptedSaveUnchanged(fault:) started.
◇ Test case passing 1 argument fault → "future" to schemaMalformedV4ObservedFrontierLeavesAcceptedSaveUnchanged(fault:) started.
◇ Test case passing 1 argument fault → "zero" to schemaMalformedV4ObservedFrontierLeavesAcceptedSaveUnchanged(fault:) started.
✔ Test v5SpliceOnExposedPeerParagraphPreservesRoleAcrossWrapperUndoAndReopen(wrapperActor:) with 2 test cases passed after 50.376 seconds.
✔ Test writingSessionConcurrentSameCutRetainsBothBreaksAndUndo() passed after 50.401 seconds.
✔ Test retainedPasteDifferentLaterSourceKeepsEarlierImportedMember(actor:concurrentCut:) with 4 test cases passed after 50.401 seconds.
✔ Test schemaRoleDeltaBeforeDependenciesRetainsRecoveryAndReopens() passed after 50.401 seconds.
✔ Test schemaV4CannotEnterV3SessionAndRestrictionsRemainAtomic() passed after 50.415 seconds.
✔ Test impossiblePriorCreationPathsRejectAtomically(delivery:) with 3 test cases passed after 50.415 seconds.
◇ Test case passing 1 argument actor → "a" to retainedPasteBaselineRoleRequiresObservedRetirement(actor:) started.
◇ Test case passing 1 argument actor → "z" to retainedPasteBaselineRoleRequiresObservedRetirement(actor:) started.
◇ Test case passing 2 arguments type → "list", reverseActors → false to schemaConversionAndOldParagraphSplitUseRetainedOriginWithAuthorUndo(type:reverseActors:) started.
◇ Test case passing 2 arguments type → "list", reverseActors → true to schemaConversionAndOldParagraphSplitUseRetainedOriginWithAuthorUndo(type:reverseActors:) started.
◇ Test case passing 2 arguments type → "code", reverseActors → false to schemaConversionAndOldParagraphSplitUseRetainedOriginWithAuthorUndo(type:reverseActors:) started.
◇ Test case passing 2 arguments type → "code", reverseActors → true to schemaConversionAndOldParagraphSplitUseRetainedOriginWithAuthorUndo(type:reverseActors:) started.
◇ Test case passing 1 argument version → 1 to sameChangeMovesCannotHideExistingContentInAnAnchorCycle(version:) started.
◇ Test case passing 1 argument version → 2 to sameChangeMovesCannotHideExistingContentInAnAnchorCycle(version:) started.
◇ Test case passing 2 arguments actor → "a", reversedDelivery → false to hierarchicalPasteConcurrentImportsUseRetainedRankInSameChildCollection(actor:reversedDelivery:) started.
◇ Test case passing 2 arguments actor → "a", reversedDelivery → true to hierarchicalPasteConcurrentImportsUseRetainedRankInSameChildCollection(actor:reversedDelivery:) started.
◇ Test case passing 2 arguments actor → "z", reversedDelivery → false to hierarchicalPasteConcurrentImportsUseRetainedRankInSameChildCollection(actor:reversedDelivery:) started.
◇ Test case passing 2 arguments actor → "z", reversedDelivery → true to hierarchicalPasteConcurrentImportsUseRetainedRankInSameChildCollection(actor:reversedDelivery:) started.
◇ Test case passing 1 argument actor → "a" to hierarchicalPasteBoundaryAncestorKeepsChildrenAndForeignDescendants(actor:) started.
◇ Test case passing 1 argument actor → "z" to hierarchicalPasteBoundaryAncestorKeepsChildrenAndForeignDescendants(actor:) started.
✔ Test externalNormalizationResultPolicyArraysHaveDeterministicWireOrder() passed after 50.822 seconds.
✔ Test sameTransactionCreationSeedsRemainValid(version:) with 2 test cases passed after 50.834 seconds.
◇ Test case passing 1 argument nested → false to dependentPlacementChainsPreserveExistingContentUntilTheirAnchorArrives(nested:) started.
◇ Test case passing 1 argument nested → true to dependentPlacementChainsPreserveExistingContentUntilTheirAnchorArrives(nested:) started.
◇ Test case passing 1 argument actor → "a" to retainedPasteCanReuseObservedOrdinarySplitTail(actor:) started.
◇ Test case passing 1 argument actor → "z" to retainedPasteCanReuseObservedOrdinarySplitTail(actor:) started.
◇ Test case passing 1 argument actor → "a" to retainedPasteAtZeroUsesOriginalEndpointAndNoBlankPrefix(actor:) started.
◇ Test case passing 1 argument actor → "z" to retainedPasteAtZeroUsesOriginalEndpointAndNoBlankPrefix(actor:) started.
◇ Test case passing 1 argument actor → "a" to mixedPasteAbsorbsOnlyExplicitInlineBoundariesAndFreshensWholeSchemaNodes(actor:) started.
◇ Test case passing 1 argument actor → "z" to mixedPasteAbsorbsOnlyExplicitInlineBoundariesAndFreshensWholeSchemaNodes(actor:) started.
✔ Test hierarchicalPasteKeepsOriginalCollectionsAndWholeImportedMetadata(actor:reversed:) with 4 test cases passed after 51.081 seconds.
◇ Test case passing 1 argument inactive → false to pasteSpliceRejectsUnobservedSameEditOuterNeighborWhenActiveOrUndone(inactive:) started.
◇ Test case passing 1 argument inactive → true to pasteSpliceRejectsUnobservedSameEditOuterNeighborWhenActiveOrUndone(inactive:) started.
◇ Test forgedStructuralAndUnobservedInsertedTextPacketsNeverAcknowledge() started.
◇ Test invalidStructuralCommandsAreAtomicAndPolicyDoesNotStripPeerContent() started.
◇ Test independentInsertionsAndMovesConvergeInEitherReceiveOrder() started.
◇ Test insertionUndoWithoutPeerWorkHidesBirthButDoesNotReuseOrigin() started.
◇ Test case passing 1 argument actor → "a" to v4ConcurrentTextRepairsRetainBothAuthorsAndRecoverAfterBothUndos(actor:) started.
◇ Test case passing 1 argument actor → "z" to v4ConcurrentTextRepairsRetainBothAuthorsAndRecoverAfterBothUndos(actor:) started.
◇ Test case passing 2 arguments reverseActors → false, repairFirst → false to schemaConcurrentListConversionsKeepRecoverableUnionAndEitherAuthorCanRepair(reverseActors:repairFirst:) started.
◇ Test case passing 2 arguments reverseActors → false, repairFirst → true to schemaConcurrentListConversionsKeepRecoverableUnionAndEitherAuthorCanRepair(reverseActors:repairFirst:) started.
◇ Test case passing 2 arguments reverseActors → true, repairFirst → false to schemaConcurrentListConversionsKeepRecoverableUnionAndEitherAuthorCanRepair(reverseActors:repairFirst:) started.
◇ Test case passing 2 arguments reverseActors → true, repairFirst → true to schemaConcurrentListConversionsKeepRecoverableUnionAndEitherAuthorCanRepair(reverseActors:repairFirst:) started.
◇ Test deletionRetainsPeerHistoryAndStaleTargetsCannotHitReusedLabels() started.
◇ Test case passing 1 argument levels → 17 to depthLimitUnionCanBeRepairedWithoutChangingExistingIDsOrContent(levels:) started.
◇ Test case passing 1 argument levels → 20 to depthLimitUnionCanBeRepairedWithoutChangingExistingIDsOrContent(levels:) started.
◇ Test case passing 1 argument levels → 24 to depthLimitUnionCanBeRepairedWithoutChangingExistingIDsOrContent(levels:) started.
◇ Test columnMovesKeepScopedOriginsCaretPeerTextAndOneAuthorUndo() started.
◇ Test incrementalInsertedFieldPacketBeforeBirthRetainsRecoveryThenConverges() started.
◇ Test insertedBodyFieldsShareTitleHistoryPeerUndoAndReopen() started.
◇ Test case passing 1 argument actor → "a" to hierarchicalPasteDeletesOnlyObservedIntermediateSubtrees(actor:) started.
◇ Test case passing 1 argument actor → "z" to hierarchicalPasteDeletesOnlyObservedIntermediateSubtrees(actor:) started.
✔ Test reusedChildIDsRemainIndependentlyEditable() passed after 51.732 seconds.
◇ Test case passing 1 argument redoActor → "a" to schemaRoleCohortExcludesUnobservedConcurrentRedo(redoActor:) started.
◇ Test case passing 1 argument redoActor → "z" to schemaRoleCohortExcludesUnobservedConcurrentRedo(redoActor:) started.
◇ Test case passing 1 argument actor → "a" to crossPastePreservesUnseenIntermediateChildAndBoundaryText(actor:) started.
◇ Test case passing 1 argument actor → "z" to crossPastePreservesUnseenIntermediateChildAndBoundaryText(actor:) started.
◇ Test case passing 1 argument seed → 1 to generatedOfflineTextAndFormattingConverge(seed:) started.
◇ Test case passing 1 argument seed → 7 to generatedOfflineTextAndFormattingConverge(seed:) started.
◇ Test case passing 1 argument seed → 42 to generatedOfflineTextAndFormattingConverge(seed:) started.
◇ Test case passing 1 argument seed → 255 to generatedOfflineTextAndFormattingConverge(seed:) started.
◇ Test case passing 1 argument seed → 65537 to generatedOfflineTextAndFormattingConverge(seed:) started.
◇ Test case passing 1 argument seed → 20260930 to generatedOfflineTextAndFormattingConverge(seed:) started.
◇ Test case passing 1 argument seed → 999983 to generatedOfflineTextAndFormattingConverge(seed:) started.
◇ Test case passing 1 argument seed → 4294967295 to generatedOfflineTextAndFormattingConverge(seed:) started.
◇ Test case passing 2 arguments actor → "a", reversed → false to retainedPasteKeepsBothOpaqueOwnersAndOneAuthorUndo(actor:reversed:) started.
◇ Test case passing 2 arguments actor → "a", reversed → true to retainedPasteKeepsBothOpaqueOwnersAndOneAuthorUndo(actor:reversed:) started.
◇ Test case passing 2 arguments actor → "z", reversed → false to retainedPasteKeepsBothOpaqueOwnersAndOneAuthorUndo(actor:reversed:) started.
◇ Test case passing 2 arguments actor → "z", reversed → true to retainedPasteKeepsBothOpaqueOwnersAndOneAuthorUndo(actor:reversed:) started.
◇ Test case passing 1 argument undoActor → "a" to schemaConcurrentUnobservedPeerAndRetirementCanRetainRole(undoActor:) started.
◇ Test case passing 1 argument undoActor → "z" to schemaConcurrentUnobservedPeerAndRetirementCanRetainRole(undoActor:) started.
✔ Test schemaRetirementBeforePeerBirthCannotForgeExposure() passed after 58.039 seconds.
✔ Test simultaneousRepairsConvergeAndUndoKeepsTheOtherRepair() passed after 58.039 seconds.
✔ Test v4ConcurrentCutsKeepEachObservedPrefixPartition(actor:) with 2 test cases passed after 58.039 seconds.
✔ Test retainedPasteSequentialReuseKeepsOneStepHistory(actor:) with 2 test cases passed after 58.040 seconds.
✔ Test independentTextAcceptanceRestoredAuthorUndoPreservesRemoteMarksAndReference(version:) with 2 test cases passed after 58.039 seconds.
✔ Test retainedPasteEndpointRoleKeepsOpaqueIdentityThroughHistory(actor:) with 2 test cases passed after 58.039 seconds.
✔ Test heldProtocolFailureDoesNotStopLaterNestedChangesOrAcknowledgeTheFailure() passed after 58.032 seconds.
✔ Test pasteSpliceExplicitGroupKeepsConcurrentCutsInBoundaryOrder(pasteActor:pasteCut:) with 4 test cases passed after 58.040 seconds.
✔ Test structuralPasteAtFieldStartMustRetainCompleteFirstNodeAndAvoidIncidentalBlankPrefix() passed after 58.032 seconds.
✔ Test schemaProjectedPeerParagraphSupportsEnterMoveUndoAndReopen(baseline:) with 2 test cases passed after 58.037 seconds.
✔ Test hierarchicalPasteForeignMovedImportRetainsPeerWorkThroughAuthorUndo(actor:acrossContainer:) with 4 test cases passed after 58.040 seconds.
✔ Test mixedPasteConcurrentCutsOrderCompleteGroupsAndFollowBoundaryPrefix(actor:cut:) with 4 test cases passed after 58.028 seconds.
✔ Test collectionNestedChecklistMovesPreserveReferencesCheckedAndScopedLabels() passed after 58.078 seconds.
✔ Test hierarchicalPasteNestedImportsAndParentEnterKeepIndependentCollections(actor:reversedDelivery:) with 4 test cases passed after 58.076 seconds.
◇ Test case passing 1 argument inactive → false to malformedPlainTitleAndInactiveTransactionsNeverAcknowledge(_:) started.
◇ Test case passing 1 argument inactive → true to malformedPlainTitleAndInactiveTransactionsNeverAcknowledge(_:) started.
✔ Test writingBatchDuplicateSkipsLabelsRetainedAcrossEpochReset() passed after 58.123 seconds.
✔ Test schemaRichCodeRejectionAndRemoteRichUnionPreserveAcceptedState() passed after 58.153 seconds.
◇ Test case passing 1 argument reverse → false to independentAppearanceRegistersAndSameFieldWinsConvergeAcrossOrder(_:) started.
◇ Test case passing 1 argument reverse → true to independentAppearanceRegistersAndSameFieldWinsConvergeAcrossOrder(_:) started.
✔ Test retainedPasteRichReferenceCannotFlattenThroughConcurrentCode(actor:) with 2 test cases passed after 58.165 seconds.
✔ Test v4TextRepairCompletesRequiredUndoAndPreservesAdditionalPeerMetadata(actor:) with 2 test cases passed after 58.162 seconds.
✔ Test schemaEmptyExitRejectsVisibleAndRetainedRootLabelCollisionAtomically(retired:) with 2 test cases passed after 58.160 seconds.
✔ Test seedAnchorsPreserveUnicodeReferencesAndTombstones(version:) with 2 test cases passed after 58.194 seconds.
✔ Test schemaMalformedRetainedRoleDoesNotChangeAcceptedSaveOrReachV3(fault:) with 3 test cases passed after 58.208 seconds.
✔ Test sharedBridgeFixture() passed after 58.212 seconds.
✔ Test v4CausalSplitPinsEarlierDestinationAndJoinedPrefix(joinFirst:) with 2 test cases passed after 58.212 seconds.
✔ Test crossPasteMixedRetainsWholeImportsAndObservedSuffixOneUndo(actor:reversed:) with 4 test cases passed after 58.233 seconds.
✔ Test v4EmptySplitHeadPositionFollowsNestedRetiredBirthsWithoutChangingEndSentinels() passed after 58.235 seconds.
✔ Test v4EmptySplitHeadPositionFollowsRetainedBoundaryAcrossPeerEditsUndoReopenAndRedo(list:actor:) with 4 test cases passed after 58.235 seconds.
✔ Test writingPrototypeEmptyMergedFieldKeepsItsVirtualBoundaryAcrossUndo() passed after 58.233 seconds.
✔ Test emptyLastRootItemExitsAndUndoRetainsConcurrentRemoteInput() passed after 58.233 seconds.
✔ Test pasteBlocksPublicCommandRetainsWholeMetadataAndConcurrentCutGroups(actor:cut:) with 4 test cases passed after 58.243 seconds.
✔ Test retainedPasteCannotRankFromGloballyKnownButUnobservedSourceAnchor() passed after 58.261 seconds.
✔ Test schemaConversionAndOldOriginEditConvergeUnderReversedActorAndDeliveryOrder(converter:) with 2 test cases passed after 58.266 seconds.
✔ Test schemaConversionUndoProjectsPeerItemWithSameIdentityAndSuffix() passed after 58.266 seconds.
✔ Test writingDepthBoundaryKeepsOriginsAndPeerAtomsThroughExplicitRecovery(version:scenario:) with 8 test cases passed after 58.275 seconds.
✔ Test writingMathThresholdUnionAt10000PreservesBothAuthorsAndUndo(version:actor:) with 4 test cases passed after 58.271 seconds.
✔ Test generatedStructuralCollectionsOfflineEditsAndHistoryConverge(seed:kind:) with 40 test cases passed after 58.266 seconds.
✔ Test hierarchicalPasteOldEpochAndIncompatibleKindRejectAtomically() passed after 58.265 seconds.
✔ Test sharedStructureBridgeFixture() passed after 58.288 seconds.
✔ Test inactiveMovesStillRejectKnownAnchorsFromAnotherCollection(editedAnchor:) with 2 test cases passed after 58.263 seconds.
✔ Test v4PendingReceiveBlocksHistoryEvenWhenNeitherStackHasAnEntry() passed after 58.263 seconds.
✔ Test mixedPasteRejectsPolicyAndOldEpochBeforeAnyAcceptedMutation() passed after 58.263 seconds.
✔ Test writingSessionReplacementAndSoftBreakAreAtomicAndCompositionGuarded() passed after 58.263 seconds.
✔ Test v4SoftBreakAfterInsertedRunSurvivesTransferredAndJoinedHistory(splitFirst:) with 2 test cases passed after 58.263 seconds.
✔ Test retainedPasteOverlappingEndpointExportsAndEitherAuthorRepairs(actor:repairPeer:) with 4 test cases passed after 58.263 seconds.
✔ Test mixedPasteZeroReplacementRetainsSuffixOriginWithConcurrentSplit(actor:upper:) with 4 test cases passed after 58.258 seconds.
✔ Test nestedReceiveHoldsPreserveCompositionAnchorsAndPreparationCallbacks() passed after 58.258 seconds.
✔ Test schemaRetainedPeerSupportsConversionShortcutAndMerge(command:) with 6 test cases passed after 58.258 seconds.
✔ Test retainedPasteAfterOrdinarySourceMoveUsesLiveOrderNotRgaAfterAncestry(actor:) with 2 test cases passed after 58.257 seconds.
✔ Test v5RequiredUndoExportsRestartsAndRepairsWithoutLosingPeerMetadata() passed after 58.257 seconds.
✔ Test v4RequiredUndoPersistsAndExplicitRedoRetainsEveryHistory(actor:) with 2 test cases passed after 58.257 seconds.
✔ Test schemaFirstExitKeepsInsertedOwnerAndFollowingInsertedRootOrdinal() passed after 58.257 seconds.
✔ Test concurrentFormattingPreservesRemoteInsertionAndIndependentMarks() passed after 58.257 seconds.
✔ Test schemaListConversionKeepsRootIdentityRichAtomsMetadataAndRemoteUndo(style:) with 3 test cases passed after 58.257 seconds.
✔ Test writingPrototypeAtomicReferencesMoveWithoutReplacement() passed after 58.257 seconds.
✔ Test undoOfMissingEditRemainsValidUntilItsCausalTargetArrives(version:) with 2 test cases passed after 58.257 seconds.
✔ Test v4ConcurrentCutPreservesUnobservedInsertedPrefixInEarlierTail(actor:) with 2 test cases passed after 58.257 seconds.
✔ Test v4ObservedRichPrefixSelectionReplacementRetainsReferencesFormattingAndPeerUndo(list:actor:) with 4 test cases passed after 58.257 seconds.
✔ Test concurrentCyclesAndCollidingMovesFallBackWithoutChangingIDs() passed after 58.257 seconds.
✔ Test schemaOverlappingOwnerRepairRoutesBothHistoricalHeadsAndOriginalAtomOrigin(actor:repairOther:) with 4 test cases passed after 58.257 seconds.
✔ Test clipboardRichPastePreservesReferencePayloadAndPeerUndoAcrossReopen() passed after 58.257 seconds.
✔ Test knownUndoTargetsMustBeEdits(version:) with 2 test cases passed after 58.257 seconds.
✔ Test bridgeReportsErrorsAndReleasesSessions() passed after 58.257 seconds.
✔ Test textPositionsFollowRemoteEditsDeletionUndoAndRestore() passed after 58.257 seconds.
✔ Test schemaInactiveRoleRestoresExactItemAndSupportsLaterListCommands() passed after 58.257 seconds.
✔ Test knownCreationSeedsValidateWhileTheirParentIsMissing() passed after 58.257 seconds.
✔ Test inlineReconciliationKeepsFormattingOperationsSeparateFromText() passed after 58.245 seconds.
✔ Test mixedPasteAtZeroKeepsOriginalSuffixOwnerWithoutAnIncidentalBlankHead() passed after 58.245 seconds.
✔ Test pasteBlocksAtZeroPreservesOriginalSuffixIdentityAndOpaqueBoundaryMetadata() passed after 58.245 seconds.
✔ Test v5InheritsV4ObservedUnicodeAuthorUndoAndRestart() passed after 58.257 seconds.
✔ Test schemaConcurrentFirstAndLastExitsConvergeAndKeepSourceOrdinal(actor:inserted:) with 4 test cases passed after 58.245 seconds.
✔ Test markdownDialectAndUnknownProtocol() passed after 58.245 seconds.
✔ Test clipboardPoliciesRejectUnsafeOrRestrictedImportsWithoutChangingHistory() passed after 58.245 seconds.
✔ Test unicodeRangesAndRoundTrip() passed after 58.245 seconds.
✔ Test writingBatchRetainedRangeFollowsRemoteSplitAndPreservesItOnUndo() passed after 58.245 seconds.
✔ Test pasteSpliceRejectsDuplicateOwnershipEvenWhenAuthorUndoRetainsMalformedEdit(inactive:) with 2 test cases passed after 58.245 seconds.
✔ Test retainedPasteCannotClaimGloballyKnownButUnobservedEndpointAtom() passed after 58.245 seconds.
✔ Test v4SplitKeepsObservedInsertedPrefixAndPeerUndo(list:) with 2 test cases passed after 58.245 seconds.
✔ Test schemaEmptyRootItemExitPreservesBothIdentitiesAndRemoteHistory(index:actor:) with 6 test cases passed after 58.245 seconds.
✔ Test externalNormalizationDoesNotCommitOrReleaseComposition() passed after 58.244 seconds.
✔ Test writingSessionRejectsOldEpochProtocolAndMalformedBirthWithoutAcknowledging() passed after 58.244 seconds.
✔ Test writingBatchMoveKeepsNestedOriginsAndRemoteAuthorWork() passed after 58.244 seconds.
✔ Test writingSessionReferenceInteriorSelectionFollowsSplitAndDeletion() passed after 58.244 seconds.
✔ Test v4InsertionAfterReferenceNeighborRetainsAtomicPayloadAndMarks() passed after 58.244 seconds.
✔ Test writingSessionNewLinksRejectUnsafeSchemesWithoutChangingLegacyBaseline() passed after 58.244 seconds.
✔ Test nestedPositionsRespectAtomicReferencesAndDoNotChangeSavedState() passed after 58.244 seconds.
✔ Test nestedMovesRetainScopedIdentityTextMarksReferencesAndSelections() passed after 58.244 seconds.
✔ Test v4InlineEnterPreservesSourceAttributesRichSuffixAndAuthorUndo(type:) with 3 test cases passed after 58.244 seconds.
✔ Test writingSessionMergeKeepsEmptySourceRemoteInputAndRestoresOrigins() passed after 58.244 seconds.
✔ Test crossPasteMetadataEndpointRejectsWithoutAcceptedMutation() passed after 58.244 seconds.
✔ Test independentTextAcceptanceUndoDoesNotResurrectAnotherAuthorsDeletion(version:) with 2 test cases passed after 58.244 seconds.
✔ Test writingSessionDeletionCannotCollapseDifferentCutRanks(swap:) with 2 test cases passed after 58.244 seconds.
✔ Test documentMigrationCorpusRetainsEveryFieldAndRejectsInvalidKnownShapes() passed after 58.244 seconds.
✔ Test mixedPasteAdjacentInlineFieldsKeepTheirExplicitBreak(actor:emptyLeading:) with 4 test cases passed after 58.243 seconds.
✔ Test duplicateRecursivelyRespectsAuthoringPolicyWithoutChangingAcceptedHistory() passed after 58.243 seconds.
✔ Test schemaSoleEmptyItemExitRetainsChildrenAndReorderedPeerChildEdits(existing:actor:) with 4 test cases passed after 58.235 seconds.
✔ Test pasteBlocksSequentialSameBoundaryKeepsCapturedBeforeImportedGroup() passed after 58.243 seconds.
✔ Test writingSessionConcurrentDifferentCutsPreserveSegmentOrder(swap:) with 2 test cases passed after 58.235 seconds.
✔ Test writingSessionCompositionDefersReceiptsCapturesSelectionAndReleasesOnce() passed after 58.235 seconds.
✔ Test invalidNestedOperationsRejectAtomicallyAndDoNotRewriteIDs() passed after 58.235 seconds.
✔ Test schemaConvertedMergeSourceRetainsUnionForEitherAuthorRepair(type:repairConversion:) with 4 test cases passed after 58.235 seconds.
✔ Test insertedDescendantInitialPlacementsAndCausalReorderingRemainValid() passed after 58.235 seconds.
✔ Test bridgeRoutesExplicitV5AndRejectsUnknownCreateAndRestoreVersions() passed after 58.235 seconds.
✔ Test receivePreparationCannotOverwriteReentrantLocalChanges() passed after 58.235 seconds.
✔ Test nestedReceiveHoldsKeepReceiptsPendingAndDrainAfterInvalidBatch() passed after 58.235 seconds.
✔ Test schemaUndoKeepsPeerSubtreeIdentityMarksReferencesAndOpaqueChildren() passed after 58.235 seconds.
✔ Test retainedPasteLaterEndpointMoveStaysAuthoritativeThroughOwnUndo(actor:acrossContainer:) with 4 test cases passed after 58.235 seconds.
✔ Test preservesUnknownFieldsAndNestedContent() passed after 58.234 seconds.
✔ Test writingPrototypeMergeRetainsBothNamespacesAndRemoteTextThroughUndo() passed after 58.234 seconds.
✔ Test undoInsertionPreservesRemoteContentAndConcurrentDescendantsSurviveDelete() passed after 58.234 seconds.
✔ Test schemaConcurrentPartitionsThatExhaustAnOwnerRetainRecoveryAndEitherAuthorCanRepair(actor:repairOther:) with 4 test cases passed after 58.234 seconds.
✔ Test siblingInsertionConflictDoesNotAcknowledgeOrPersistRemoteChanges() passed after 58.235 seconds.
✔ Test sameChangePlacementCyclesAreRejectedWithoutAcknowledgmentOrContentLoss() passed after 58.235 seconds.
✔ Test writingSessionObserverSeesFinalUndoAndRedoHistory() passed after 58.235 seconds.
◇ Test case passing 1 argument literal → "9007199254740993" to opaqueNumbersCannotSilentlyRoundDuringAdmission(_:) started.
◇ Test case passing 1 argument literal → "1.000000000000000000001" to opaqueNumbersCannotSilentlyRoundDuringAdmission(_:) started.
◇ Test case passing 1 argument literal → "1e-400" to opaqueNumbersCannotSilentlyRoundDuringAdmission(_:) started.
◇ Test case passing 1 argument literal → "9007199254740992" to exactNumericRoundTripsAllowCanonicalDecimalSpelling(_:) started.
◇ Test case passing 1 argument literal → "0.1" to exactNumericRoundTripsAllowCanonicalDecimalSpelling(_:) started.
◇ Test case passing 1 argument literal → "100e-2" to exactNumericRoundTripsAllowCanonicalDecimalSpelling(_:) started.
◇ Test case passing 1 argument literal → "1.00" to exactNumericRoundTripsAllowCanonicalDecimalSpelling(_:) started.
◇ Test case passing 1 argument literal → "-0.0" to exactNumericRoundTripsAllowCanonicalDecimalSpelling(_:) started.
◇ Test case passing 1 argument split → 999.0 to splitRejectsInvalidBoundsAndNonintegerValues(_:) started.
◇ Test case passing 1 argument split → 9001.0 to splitRejectsInvalidBoundsAndNonintegerValues(_:) started.
◇ Test case passing 1 argument split → 5000.5 to splitRejectsInvalidBoundsAndNonintegerValues(_:) started.
◇ Test case passing 1 argument split → inf to splitRejectsInvalidBoundsAndNonintegerValues(_:) started.
◇ Test case passing 1 argument split → nan to splitRejectsInvalidBoundsAndNonintegerValues(_:) started.
◇ Test case passing 1 argument title → "a
b" to titleRejectsLineBreaksWithoutConsumingBody(_:) started.
◇ Test case passing 1 argument title → "ab" to titleRejectsLineBreaksWithoutConsumingBody(_:) started.
◇ Test case passing 1 argument title → "a
b" to titleRejectsLineBreaksWithoutConsumingBody(_:) started.
◇ Test case passing 1 argument title → "a b" to titleRejectsLineBreaksWithoutConsumingBody(_:) started.
◇ Test case passing 1 argument title → "a b" to titleRejectsLineBreaksWithoutConsumingBody(_:) started.
✔ Test collectionInsertAfterProjectedPeerRetainsRoleProofAndUndo(baseline:) with 2 test cases passed after 58.409 seconds.
✔ Test schemaMalformedRoleAnchorAndHiddenFirstItemRejectAtomically(fault:) with 5 test cases passed after 58.409 seconds.
✔ Test concurrentDestinationConversionAndParagraphMergePreserveIdentityAndAuthorUndo() passed after 58.409 seconds.
✔ Test emptyNestedListItemOutdentsWithoutChangingIdentity() passed after 58.409 seconds.
✔ Test writingSessionEmptyCodeHasNoSyntheticInlineRecord() passed after 58.409 seconds.
✔ Test retainedPasteInsideObservedInsertedToggleKeepsNestedInitialProofs(actor:) with 2 test cases passed after 58.409 seconds.
✔ Test formattingAndStructureRedoPreserveUnrelatedRemoteChanges() passed after 58.409 seconds.
✔ Test rejectedRepairsAndMalformedPayloadsLeaveThePendingUnionAndReceiptsIntact() passed after 58.409 seconds.
✔ Test recoveryTextEditsRetainUnicodeMarksAndAtomicReferences() passed after 58.409 seconds.
✔ Test writingBatchRejectsOverlapAndCompositionWithoutMutation() passed after 58.409 seconds.
✔ Test spliceDuplicateDescriptorMustRemainMalformedWhenAuthorUndone(inactive:) with 2 test cases passed after 58.407 seconds.
✔ Test retainedPasteConcurrentHeadingPreservesEndpointSchemaAndUndo(actor:) with 2 test cases passed after 58.407 seconds.
✔ Test schemaListTextSemanticsCannotBeSpoofedIntoV3BatchOrRestore(exit:) with 2 test cases passed after 58.407 seconds.
✔ Test writingPrototypeSplitRetainsConcurrentTypingFormattingAndAtomOrigins() passed after 58.407 seconds.
✔ Test writingSessionRecoveryRepairUndoPreservesRemoteCutAndFailureProposal() passed after 58.407 seconds.
✔ Test writingSessionSequentialCutsKeepObservedSiblingOrder(offset:) with 2 test cases passed after 58.407 seconds.
✔ Test externalNormalizationFreshensSchemaLabelsWithoutChangingOpaqueReferenceData() passed after 58.407 seconds.
✔ Test receiveHoldBoundsQueuedMessagesWithoutAcknowledgingThem() passed after 58.407 seconds.
✔ Test legacySeedNamespaceFollowsTheTextActuallyInitialized(initialized:) with 2 test cases passed after 58.407 seconds.
✔ Test schemaBaselineItemMoveUndoAndRedoKeepIdentityAndSubtree() passed after 58.407 seconds.
✔ Test retainedPasteAcceptsObservedRoleSourceAndRejectsErasedRoleCohort(actor:) with 2 test cases passed after 58.406 seconds.
✔ Test externalNormalizationPreservesRichReferenceAndPeerUndo(version:) with 2 test cases passed after 58.406 seconds.
✔ Test clipboardPlainTextNormalizesLineEndingsInOneUndoAction() passed after 58.406 seconds.
✔ Test v4RepairGuardsPreserveAcceptedAndPendingHistories() passed after 58.400 seconds.
✔ Test externalNormalizationFallbackKeepsVisibleNestedOrderAndAllowedRichNodes() passed after 58.400 seconds.
✔ Test v5SplicePreservesForeignMovedImportedContainerAndUnseenChildThroughAuthorUndoAndReopen() passed after 58.400 seconds.
✔ Test cachedWritingOrderMatchesCanonicalIdentityOrder() passed after 58.394 seconds.
✔ Test v4SequentialInsertionKeepsObservedRunOrderAndPeerUndo(list:actor:) with 4 test cases passed after 58.394 seconds.
✔ Test invalidKnownShapesAreRejectedWithoutChangingTheDocument() passed after 58.390 seconds.
✔ Test retainedPasteNewWireCannotBeSpoofedIntoFiveOrMissingCohortAdmitted() passed after 58.390 seconds.
✔ Test recoveryAccumulatesReorderedAdditionalEditsWithoutAcknowledgingThem() passed after 58.390 seconds.
✔ Test externalNormalizationRequiresExplicitSafeAssetMetadata() passed after 58.390 seconds.
✔ Test schemaRetainedRoleAnchorsKeepMultiplePeerParagraphOrderAndWrapperRedo() passed after 58.390 seconds.
✔ Test duplicateAndReorderedDelivery() passed after 58.390 seconds.
◇ Test case passing 1 argument version → 3 to legacyWritingProtocolsRejectDocumentOriginsWithoutAcknowledging(_:) started.
◇ Test case passing 1 argument version → 4 to legacyWritingProtocolsRejectDocumentOriginsWithoutAcknowledging(_:) started.
◇ Test case passing 1 argument version → 5 to legacyWritingProtocolsRejectDocumentOriginsWithoutAcknowledging(_:) started.
◇ Test case passing 1 argument version → 6 to legacyWritingProtocolsRejectDocumentOriginsWithoutAcknowledging(_:) started.
✔ Test externalUnknownWholeNodeFallbackKeepsRecognizedVisibleFieldsOnly() passed after 58.711 seconds.
✔ Test crossPasteConcurrentBoundarySplitsPreserveCutOwners(actor:scenario:) with 8 test cases passed after 58.709 seconds.
✔ Test writingBatchCrossCollectionRangeKeepsBoundaryAncestorsAndUnselectedChildren() passed after 58.709 seconds.
✔ Test v3NewBlockCommandsLeaveAcceptedStateUntouched() passed after 58.712 seconds.
✔ Test hierarchicalPasteSingleInlineKeepsBothOpaqueBoundaries(actor:) with 2 test cases passed after 58.712 seconds.
✔ Test generatedRecoveryCollisionsRetainAllCollectionKinds(seed:kind:) with 20 test cases passed after 58.712 seconds.
✔ Test concurrentTypingAndAuthorUndo() passed after 58.711 seconds.
✔ Test retainedPasteSupersededEndpointContainerDoesNotClaimOldSourceGroup(actor:) with 2 test cases passed after 58.711 seconds.
✔ Test undoKeepsRemoteDescendants() passed after 58.711 seconds.
✔ Test writingBatchRetainedFieldEndFollowsRemoteSuffix(range:) with 3 test cases passed after 58.657 seconds.
✔ Test retainedPasteDoesNotUpgradeOrAdmitMixedEpochs() passed after 58.657 seconds.
✔ Test concurrentJoinedSourceConversionRetainsUnionForAuthorReconciliation(reverseActors:repairMerge:) with 4 test cases passed after 58.657 seconds.
✔ Test retainedPasteConcurrentSplitsOrderRetainedEndpointGroup(actor:scenario:) with 8 test cases passed after 58.657 seconds.
✔ Test writingSessionConcurrentMergeSplitFollowsBoundary(swap:side:) with 4 test cases passed after 58.657 seconds.
✔ Test schemaInlineConversionDoesNotOverwriteUnknownReservedMetadata(version:key:) with 4 test cases passed after 58.652 seconds.
✔ Test sameChangeTextAnchorsCannotNamePlacementsOrAnotherField(version:) with 2 test cases passed after 58.650 seconds.
✔ Test schemaSoleEmptyListExitKeepsRootIdentityAndRemoteReopenedUndo() passed after 58.650 seconds.
✔ Test schemaMalformedV4ObservedFrontierLeavesAcceptedSaveUnchanged(fault:) with 5 test cases passed after 58.635 seconds.
✔ Test schemaEmptyNestedOutdentKeepsChildrenAndUndo() passed after 58.629 seconds.
✔ Test schemaOverlappingMovedItemConversionOriginsNeverDependOnDictionaryOrder() passed after 58.613 seconds.
✔ Test concurrentFormattingAndDeletion() passed after 58.570 seconds.
✔ Test exitRolesWithRankedAndFallbackOriginsKeepOneStableOrder() passed after 58.570 seconds.
✔ Test retainedPasteBaselineRoleRequiresObservedRetirement(actor:) with 2 test cases passed after 58.568 seconds.
✔ Test schemaConversionAndOldParagraphSplitUseRetainedOriginWithAuthorUndo(type:reverseActors:) with 4 test cases passed after 58.568 seconds.
✔ Test sameChangeMovesCannotHideExistingContentInAnAnchorCycle(version:) with 2 test cases passed after 58.568 seconds.
✔ Test requiredContentRepairAdmitsFailedAuthorUndoWithoutDroppingRemoteMetadata() passed after 58.568 seconds.
✔ Test collectionCreationRejectsInvalidScopePolicyCompositionAndLegacyAtomically() passed after 58.568 seconds.
✔ Test v5RejectsMixedVersionsAndUnknownVersionsWithoutAdmission() passed after 58.568 seconds.
✔ Test hierarchicalPasteConcurrentImportsUseRetainedRankInSameChildCollection(actor:reversedDelivery:) with 4 test cases passed after 58.568 seconds.
✔ Test hierarchicalPasteBoundaryAncestorKeepsChildrenAndForeignDescendants(actor:) with 2 test cases passed after 58.568 seconds.
✔ Test clipboardCollectionFreshensOnlySchemaIDsAndUndoesOnceWithRemoteChildren() passed after 58.568 seconds.
✔ Test dependentPlacementChainsPreserveExistingContentUntilTheirAnchorArrives(nested:) with 2 test cases passed after 58.567 seconds.
✔ Test retainedPasteCanReuseObservedOrdinarySplitTail(actor:) with 2 test cases passed after 58.567 seconds.
✔ Test concurrentConversionAndParagraphSplitConvergeWithRemotePreservingUndo() passed after 58.567 seconds.
✔ Test allDeliveryPermutationsConverge() passed after 58.567 seconds.
✔ Test textPositionsWaitForMissingCausalAnchorsAndRejectOtherDocuments() passed after 58.567 seconds.
✔ Test retainedPasteAtZeroUsesOriginalEndpointAndNoBlankPrefix(actor:) with 2 test cases passed after 58.567 seconds.
✔ Test retainedPasteCannotRankFromUnobservedSourcePinEvenWithBaselineEdge() passed after 58.567 seconds.
✔ Test v4ScalarMetadataIsAtomicAndCannotReplaceSchemaRichTextOrConversionAttributes() passed after 58.567 seconds.
✔ Test codeUsesCharacterMergingToo() passed after 58.567 seconds.
✔ Test aMoveIntoAnUnanchoredCausalOwnerKeepsItsPreviousPlacement() passed after 58.549 seconds.
✔ Test invalidBatchIsAtomic() passed after 58.549 seconds.
✔ Test writingSessionReentrantCompositionQueueRetainsNewPacketsDuringDrain() passed after 58.549 seconds.
✔ Test concurrentMovesAndDeletesConverge() passed after 58.549 seconds.
✔ Test mixedPasteAbsorbsOnlyExplicitInlineBoundariesAndFreshensWholeSchemaNodes(actor:) with 2 test cases passed after 58.567 seconds.
✔ Test pasteSpliceRejectsUnobservedSameEditOuterNeighborWhenActiveOrUndone(inactive:) with 2 test cases passed after 58.543 seconds.
✔ Test blockConversionKeepsIdentityRichContentAndAuthorUndoAfterReopen() passed after 58.549 seconds.
✔ Test schemaRetiredListStyleStillRejectsMalformedWireAttribute() passed after 58.557 seconds.
✔ Test schemaConcurrentListConversionsKeepRecoverableUnionAndEitherAuthorCanRepair(reverseActors:repairFirst:) with 4 test cases passed after 58.557 seconds.
✔ Test v4ConcurrentTextRepairsRetainBothAuthorsAndRecoverAfterBothUndos(actor:) with 2 test cases passed after 58.558 seconds.
✔ Test depthLimitUnionCanBeRepairedWithoutChangingExistingIDsOrContent(levels:) with 3 test cases passed after 58.558 seconds.
✔ Test writingSessionCausalGapRecoveryPersistsSeparatelyAndReplaysOnRejoin() passed after 58.594 seconds.
✔ Test hierarchicalPasteDeletesOnlyObservedIntermediateSubtrees(actor:) with 2 test cases passed after 58.594 seconds.
✔ Test externalNormalizationRejectsVersionDepthAndUnknownKindWithoutMutatingSource() passed after 58.593 seconds.
✔ Test markdownHeadingConsumesPrefixInOneUndoAndRespectsPolicyAndComposition() passed after 58.593 seconds.
✔ Test v2StructuralReplayPreservesTheMigrationCorpus() passed after 58.593 seconds.
✔ Test writingSessionRepairReconcilesRetainedOwnUndoBeforeSaveRestore() passed after 58.593 seconds.
✔ Test schemaRoleCohortExcludesUnobservedConcurrentRedo(redoActor:) with 2 test cases passed after 58.593 seconds.
✔ Test writingPrototypeCyclesAndIncompleteHistoriesFailExplicitly() passed after 58.593 seconds.
✔ Test undoNodeInsertionRemovesItsTextButRetainsRemoteAtoms() passed after 58.593 seconds.
✔ Test writingSessionUndoEmptySplitRetainsIndependentRemoteParagraph() passed after 58.592 seconds.
✔ Test authoringRestrictionsDoNotDestroySavedBlocks() passed after 58.592 seconds.
✔ Test recoveryRepairPreservesBothAuthorsAndSurvivesRestartAndRemoteUndo() passed after 58.593 seconds.
✔ Test crossPastePreservesUnseenIntermediateChildAndBoundaryText(actor:) with 2 test cases passed after 58.592 seconds.
✔ Test generatedOfflineTextAndFormattingConverge(seed:) with 8 test cases passed after 58.592 seconds.
✔ Test v4RetiredSplitHeadTraversesLongValidatedBirthChainWithoutRecursion() passed after 58.798 seconds.
✔ Test retainedPasteKeepsBothOpaqueOwnersAndOneAuthorUndo(actor:reversed:) with 4 test cases passed after 58.592 seconds.
✔ Test schemaConcurrentUnobservedPeerAndRetirementCanRetainRole(undoActor:) with 2 test cases passed after 58.592 seconds.
✔ Test v4ScalarMetadataPreservesOpaqueCompositeValuesAndRejectsActiveComposition() passed after 58.592 seconds.
✔ Test writingBatchDuplicateCopiesRichDescendantsWithFreshOrigins() passed after 58.592 seconds.
✔ Test writingBatchMixedDeletionPreservesRemoteTextAndReopenUndo() passed after 58.592 seconds.
✔ Test heldPacketsExportRestoreAndReleaseWithoutPrematureReceipts() passed after 58.592 seconds.
✔ Test capturedFormattingPreservesDirectionAndLeavesUnobservedPeerAtomsUnformatted() passed after 58.592 seconds.
✔ Test legacyEntryPointsHandleCollisionsAndMalformedModernRequestsDoNotPromoteOrMutate() passed after 58.592 seconds.
✔ Test localPolicyAndCompositionReturnUnchangedUnavailableAndPreservePeerRichContent() passed after 58.592 seconds.
✔ Test malformedOperationWithMissingDependencyRejectsInsteadOfCreatingRecovery() passed after 58.378 seconds.
✔ Test explicitModernEndpointsReturnCheckedTransactionsFocusAndSavedAuthorHistory() passed after 58.592 seconds.
✔ Test capturedBackwardReplacementPreservesPeerInsertionThroughTheBridge() passed after 58.592 seconds.
✔ Test malformedPlainTitleAndInactiveTransactionsNeverAcknowledge(_:) with 2 test cases passed after 58.261 seconds.
✔ Test invalidDeferredPacketRemainsExportableAndQueueLimitDoesNotAcknowledge() passed after 58.261 seconds.
✔ Test schemaUnionRecoveryRetainsBothAuthorsAndRepairDisablesOnlyOwnEdit() passed after 58.257 seconds.
✔ Test independentAppearanceRegistersAndSameFieldWinsConvergeAcrossOrder(_:) with 2 test cases passed after 58.252 seconds.
✔ Test compositionHoldPreservesLocalDraftBoundaryQueuesNoReceiptAndReleasesOnce() passed after 58.119 seconds.
✔ Test noopsAndFailedCommandsPreserveAcceptedHistoryAndCompositionEndsTypingGroup() passed after 58.112 seconds.
✔ Test independentTitleAppearanceFixturesPassSharedSessionPeerUndoRedoAndReopen() passed after 58.378 seconds.
✔ Test anchoredBackwardRangeRetainsUnobservedPeerTextAndUnicodeCaret() passed after 58.112 seconds.
✔ Test missingCausalPacketIsSeparatelyRecoverableWithoutReceiptThenAcceptsUnion() passed after 58.022 seconds.
✔ Test mismatchedScopeUnsupportedFormatDuplicateKeysAndLossyNumbersRejectUnchanged() passed after 57.625 seconds.
✔ Test unknownWireFieldsAndMalformedSavedHistoryRejectRatherThanDisappear() passed after 57.441 seconds.
✔ Test unobservedReferencesDuplicateBirthsCrossFieldRoutesAndForeignUndoReject() passed after 57.273 seconds.
✔ Test callbacksObserveFinalHistoryAndCannotReenterPublication() passed after 57.250 seconds.
✔ Test typingGroupUndoRetainsPeerAtomsAndHistoryOrderAcrossReopen() passed after 57.970 seconds.
✔ Test duplicateRawKeysIncludingEscapedKeysRejectBeforeSemanticAdmission() passed after 14.268 seconds.
✔ Test appearanceAndPaletteRejectUnrecognizedPresetsAndRoles() passed after 14.294 seconds.
✔ Test opaqueNumbersCannotSilentlyRoundDuringAdmission(_:) with 3 test cases passed after 14.268 seconds.
✔ Test exactNumericRoundTripsAllowCanonicalDecimalSpelling(_:) with 5 test cases passed after 14.268 seconds.
✔ Test splitRejectsInvalidBoundsAndNonintegerValues(_:) with 5 test cases passed after 14.268 seconds.
✔ Test nestedColumnsRejectEvenThroughToggleDescendantsButIndependentLayoutsRemainValid() passed after 14.268 seconds.
✔ Test titleRejectsLineBreaksWithoutConsumingBody(_:) with 5 test cases passed after 14.268 seconds.
✔ Test modernSnapshotDoesNotBroadenLegacyMarkOrSessionAdmission() passed after 14.268 seconds.
✔ Test exactTwoContainersAndScopedIdentitiesAreRequired() passed after 14.268 seconds.
✔ Test explicitNewDocumentDefaultsDoNotSilentlyUpgradeMissingWireFields() passed after 14.268 seconds.
✔ Test sharedRecoveryBridgeFixture() passed after 58.812 seconds.
✔ Test documentTitleHasAnExplicitOriginOutsideBodyAndConsumerIDs() passed after 13.131 seconds.
✔ Test packetCountRawBytesAndHeldBytesUseIndependentLimitsWithoutReceipt() passed after 58.378 seconds.
✔ Test titleReplayAndAuthorDeactivationKeepPeerTextAndBodyIndependent() passed after 13.131 seconds.
✔ Test legacyWritingProtocolsRejectDocumentOriginsWithoutAcknowledging(_:) with 4 test cases passed after 12.870 seconds.
✔ Test legacyStructuralProtocolRejectsDocumentOriginMutationAtomically() passed after 12.870 seconds.
◇ Test case passing 2 arguments version → 4, excess → 1 to actual32MBUnionRetainsRejectedHistoryAndPeerMetadata(version:excess:) started.
✔ Test twoColumnsKeepScopedChildOriginsAndLogicalAddressOrder() passed after 12.184 seconds.
✔ Test forgedStructuralAndUnobservedInsertedTextPacketsNeverAcknowledge() passed after 7.749 seconds.
✔ Test invalidStructuralCommandsAreAtomicAndPolicyDoesNotStripPeerContent() passed after 7.749 seconds.
✔ Test insertionUndoWithoutPeerWorkHidesBirthButDoesNotReuseOrigin() passed after 7.749 seconds.
✔ Test deletionRetainsPeerHistoryAndStaleTargetsCannotHitReusedLabels() passed after 7.640 seconds.
✔ Test independentInsertionsAndMovesConvergeInEitherReceiveOrder() passed after 7.749 seconds.
✔ Test incrementalInsertedFieldPacketBeforeBirthRetainsRecoveryThenConverges() passed after 7.389 seconds.
✔ Test columnMovesKeepScopedOriginsCaretPeerTextAndOneAuthorUndo() passed after 7.389 seconds.
✔ Suite ModernBridgeTests passed after 58.867 seconds.
✔ Test insertedBodyFieldsShareTitleHistoryPeerUndoAndReopen() passed after 7.419 seconds.
✔ Suite ModernStructureTests passed after 58.897 seconds.
✔ Test writingMathThresholdUnionAt10001RetainsProposalAndRepairsWithoutLosingPeerAtoms(version:actor:) with 4 test cases passed after 58.780 seconds.
✔ Test existingLimitsAndOpaqueMetadataArePreserved() passed after 14.416 seconds.
✔ Test oversizedDocumentAndCapacityErrorsKeepEveryUnappliedChangeRecoverable() passed after 59.021 seconds.
✔ Test bodyFieldsInsideColumnsRemainDistinctAndLiteralAtomsRejectRichMarks() passed after 59.231 seconds.
✔ Suite ModernSessionTests passed after 59.696 seconds.
✔ Test independentSnapshotsRetainEveryAdmittedFieldAndCanonicalRoundTrip() passed after 15.361 seconds.
✔ Suite ModernDocumentTests passed after 59.935 seconds.
✔ Test rootCountLimitUnionRepairsIntoAnExistingContainerWithoutDroppingBlocks() passed after 68.287 seconds.
✔ Test allIndependentModernSnapshotsKeepExactJSONThroughSharedProjection() passed after 23.673 seconds.
✔ Suite ModernProjectionTests passed after 69.385 seconds.
✔ Test incrementalLocalEditsMatchFullReplayAfterEveryAction() passed after 75.795 seconds.
◇ Test case passing 2 arguments version → 5, excess → 0 to actual32MBUnionRetainsRejectedHistoryAndPeerMetadata(version:excess:) started.
◇ Test case passing 2 arguments version → 5, excess → 1 to actual32MBUnionRetainsRejectedHistoryAndPeerMetadata(version:excess:) started.
✔ Test writingSharedBridgeFixture(name:) with 15 test cases passed after 85.830 seconds.
✔ Test actual32MBUnionRetainsRejectedHistoryAndPeerMetadata(version:excess:) with 4 test cases passed after 96.707 seconds.
◇ Test actual64MBRetainedBudgetPreservesCallerOwnedRejectedPacket(version:) started.
◇ Test case passing 1 argument version → 4 to actual64MBRetainedBudgetPreservesCallerOwnedRejectedPacket(version:) started.
◇ Test case passing 1 argument version → 5 to actual64MBRetainedBudgetPreservesCallerOwnedRejectedPacket(version:) started.
✔ Test actual64MBRetainedBudgetPreservesCallerOwnedRejectedPacket(version:) with 2 test cases passed after 6.250 seconds.
◇ Test actual10000RootUnionCountsRootsAndRetainsPeerDescendants(version:roots:) started.
◇ Test case passing 2 arguments version → 4, roots → 9998 to actual10000RootUnionCountsRootsAndRetainsPeerDescendants(version:roots:) started.
◇ Test case passing 2 arguments version → 4, roots → 9999 to actual10000RootUnionCountsRootsAndRetainsPeerDescendants(version:roots:) started.
◇ Test case passing 2 arguments version → 5, roots → 9998 to actual10000RootUnionCountsRootsAndRetainsPeerDescendants(version:roots:) started.
◇ Test case passing 2 arguments version → 5, roots → 9999 to actual10000RootUnionCountsRootsAndRetainsPeerDescendants(version:roots:) started.
✔ Test actual10000RootUnionCountsRootsAndRetainsPeerDescendants(version:roots:) with 4 test cases passed after 289.641 seconds.
✔ Suite WritingByteRootBoundaryTests passed after 392.663 seconds.
✔ Test run with 322 tests in 6 suites passed after 392.663 seconds.
◇ Test run started.
↳ Testing Library Version: 2084
↳ Target Platform: arm64e-apple-macos14.0
◇ Test writingPendingTargetMarkedInputCommitsBeforeAnotherEnterAndRetainsPeerUndo(list:emptyTail:) started.
◇ Test writingNativeFormattingTogglesAndPreservesUpstreamSelectionAffinity() started.
◇ Test failedCompositionCommitStopsLocalCommandWithoutDroppingRemoteHold() started.
◇ Test writingRenderedMovementRechecksBoundsAfterHeldPeerDrain(version:) started.
◇ Test writingListInsertionRejectsReparentingAfterCompositionWithoutMutatingCollections(version:) started.
◇ Test writingNativeStructuralMarkdownUsesSharedNodesAndHostFallbackWithoutAssets(version:) started.
◇ Test writingEmptyTailUndoAndRedoRetainsNativeHeadPositionProvenance() started.
◇ Test writingFocusedFormattingRetainsNativeRangeAndUpstreamAffinityAfterScheduledFocusWork() started.
◇ Test writingSplitTailUndoKeepsEmptyOrAtomicReferenceBoundary(empty:) started.
◇ Test writingNativeMarkdownFailureAndRetiredCallbacksPreserveAcceptedHistory(version:) started.
◇ Test platformCommandCommitsEntryBeforeUndoAndRemoteReplay() started.
◇ Test writingDetachedNativeSourceCannotUseRetainedKeyCallbackBeforeDisposal() started.
◇ Test writingOrdinaryTypingBeforePendingTailLayoutUsesTheSharedDestination() started.
◇ Test appleSelectionMapsRemoteEditsAndDisposalReleasesComposition() started.
◇ Test writingCompositionMenuUsesCapturedOriginAfterQueuedReparentAndLabelReuse() started.
◇ Test writingAppKitCompositionCommitsBeforeEnterAndKeepsPeerUndo() started.
◇ Test writingImmediateRepeatedEnterUsesThePendingDestinationIdentityAndCaret() started.
◇ Test writingNativeTypingAppliesSharedMarkdownAndRespectsDisabledTypes() started.
◇ Test fullEditorViewRebindsAReusedLabelToItsNewOrigin() started.
◇ Test writingListInsertionPreflightKeepsMarkedDraftAndHeldPeersOnDisabledOrRetiredActions(version:) started.
◇ Test writingFailedCompositionClosePreservesRecoverableDraftAndQueuedRemoteInput() started.
◇ Test nativeFormattingShortcutTogglesMarksAndIgnoresCompositionAndDisposal() started.
◇ Test writingListInsertionRetainsFailedCompositionAndUsesCurrentDrainedStyle(version:) started.
◇ Test nativeActionFollowsMovedIdentityWhenOldLabelIsReused() started.
◇ Test writingFailedLocalCommandExpiresCaptureBeforeIntentionalBlurAndRemoteReparent() started.
◇ Test writingNativeClipboardKeepsExplicitProtocolAndEpoch(version:) started.
◇ Test writingPendingCaretExpiresAfterSynchronousFocusAwayAndBackBeforeLayout() started.
◇ Test writingRenderedDisposedAndReadOnlyControlsPreserveFullHistory(version:) started.
◇ Test writingFocusTransfersOpaqueOriginAndUpstreamSelectionAfterReplay(rapidReceive:) started.
◇ Test compositionCommitsBeforeRemoteChangesAndPreservesAuthorUndo() started.
◇ Test nativeFormattingMapsQueuedRemoteInsertionBeforeCommand() started.
◇ Test writingRetainedNativeCallbacksRespectCurrentPermissionAndCloseLease() started.
◇ Test writingPendingTargetSelectionFormatsItsRenderedRichFieldBeforeLayout() started.
◇ Test writingTextOnlyReplayExpiresFocusCaptureBeforeIntentionalBlurAndLaterMove() started.
◇ Test focusHandoffDoesNotOverrideAnotherNativeResponder() started.
◇ Test writingNativePasteUsesPendingTailAfterMarkedCommitBeforeLayout(version:emptyTail:) started.
◇ Test nativeInsertionsRespectPolicyAndPreserveExistingContent() started.
◇ Test writingNativeMarkdownFinalizesMarkedInputBeforePasteAndPreservesPeerRichUndo(version:) started.
◇ Test appleCompositionPreservesMarksAndAtomicReferences() started.
◇ Test committedPlatformInputPreservesMarksAndReferences() started.
◇ Test appKitUnmarkAndDisposalReleaseRemoteChanges() started.
◇ Test writingAppKitSoftBreakAndBoundaryBackspaceUseSharedTransactions() started.
◇ Test writingEditorRejectsImplicitLegacyEpochAndClosedInputMutation() started.
◇ Test writingListAddItemFinalizesAndDrainsBeforeFreshCaretAndUndo(version:) started.
◇ Test appKitCompositionCommitsUnicodeBeforeRemoteReplay() started.
◇ Test appKitToolbarUndoCommitsCompositionBeforeUndoAndRemoteReplay() started.
◇ Test fullEditorViewPreservesFocusedOriginAfterRemoteReparentAndLabelReuse(scenario:) started.
◇ Test fullEditorFocusHandoffWaitsForCompositionCommit() started.
◇ Test writingLocalUndoRebasesFocusedTailToOriginalFieldDuringNativeLayout(selectionLength:remoteEdit:) started.
◇ Test legacyNestedActionsCannotDeleteTheirContainingRoot() started.
◇ Test unchangedReplayDoesNotLeaveFocusCaptureForALaterReparent() started.
◇ Test appKitDisabledHostKeepsAcceptedTextSelectable() started.
◇ Test writingNativeCopyRoundTripRetainsRichReferenceWithoutAuthorMutation(version:) started.
◇ Test writingPendingCaretDoesNotRouteAnotherFocusedInputOrRevokedSourceCallback() started.
◇ Test writingRenderedCallbacksCannotReauthorizeAfterMoveAndReturn(version:) started.
◇ Test platformEntryDisposalCommitsDraftAndReleasesRemoteHold() started.
◇ Test nativeFormattingCombinesCodeBoldAndItalic() started.
◇ Test writingImpossibleMovementDoesNotFinalizeMarkedDraftOrDrainPeer(version:) started.
◇ Test writingRetainedChecklistSetterKeepsOriginAfterMoveAndRejectsDeletedReuse() started.
◇ Test writingPlatformCommittedDictationAndDuplicateFinish() started.
◇ Test writingAppKitMinimalDraftPreservesMarksReferenceAndRejectsPartialReference() started.
◇ Test writingPlatformSubmitEchoPreservesDeferredPeerAndAuthorUndo(version:) started.
◇ Test writingNativeMarkdownIsExplicitAndKeepsOrdinaryPasteLiteral(version:) started.
◇ Test nativeCompositionFollowsMovedNodeWhenItsOldPathIsReused() started.
◇ Test checklistCommandFollowsOriginAfterCompositionReleasesMoveAndLabelReuse() started.
◇ Test writingListAddNestedItemExplicitlyCreatesAbsentCollectionAndUndoesExactly(version:) started.
◇ Test writingNativePasteRespectsRetiredLeaseAndHostRestrictions(version:) started.
◇ Test writingNativeStructuredPasteFinalizesMarkedDraftAndKeepsPeerAuthorHistory(version:) started.
◇ Test writingCleanDisabledInputAllowsAnotherNativeCommandButMarkedDraftBlocksIt() started.
◇ Test nativeRootOrderingAndUndoUseSharedCommands() started.
◇ Test writingNativePlainPasteUsesExistingSharedInlineCommand(version:replacingSelection:) started.
◇ Test platformEntryCommitsBeforeApplyingQueuedRemoteText() started.
◇ Test case passing 2 arguments list → false, emptyTail → false to writingPendingTargetMarkedInputCommitsBeforeAnotherEnterAndRetainsPeerUndo(list:emptyTail:) started.
◇ Test writingRemoteSplitOfUnfocusedFieldDoesNotStealAnotherFieldsFocus() started.
◇ Test case passing 2 arguments list → true, emptyTail → false to writingPendingTargetMarkedInputCommitsBeforeAnotherEnterAndRetainsPeerUndo(list:emptyTail:) started.
◇ Test writingRenderedListConvertRetainsBothOwnerAndTargetLease(version:) started.
◇ Test appKitSelectionAndUnicodeInsertionFollowRemoteText() started.
◇ Test case passing 2 arguments list → false, emptyTail → true to writingPendingTargetMarkedInputCommitsBeforeAnotherEnterAndRetainsPeerUndo(list:emptyTail:) started.
◇ Test case passing 1 argument version → 6 to writingRenderedMovementRechecksBoundsAfterHeldPeerDrain(version:) started.
◇ Test case passing 1 argument version → 4 to writingRenderedMovementRechecksBoundsAfterHeldPeerDrain(version:) started.
◇ Test case passing 2 arguments list → true, emptyTail → true to writingPendingTargetMarkedInputCommitsBeforeAnotherEnterAndRetainsPeerUndo(list:emptyTail:) started.
◇ Test case passing 1 argument version → 4 to writingListInsertionRejectsReparentingAfterCompositionWithoutMutatingCollections(version:) started.
◇ Test case passing 1 argument version → 5 to writingNativeMarkdownFailureAndRetiredCallbacksPreserveAcceptedHistory(version:) started.
◇ Test case passing 1 argument version → 6 to writingNativeMarkdownFailureAndRetiredCallbacksPreserveAcceptedHistory(version:) started.
◇ Test case passing 1 argument version → 4 to writingNativeMarkdownFailureAndRetiredCallbacksPreserveAcceptedHistory(version:) started.
◇ Test case passing 1 argument version → 5 to writingListInsertionRejectsReparentingAfterCompositionWithoutMutatingCollections(version:) started.
◇ Test case passing 1 argument empty → true to writingSplitTailUndoKeepsEmptyOrAtomicReferenceBoundary(empty:) started.
◇ Test case passing 1 argument version → 5 to writingRenderedMovementRechecksBoundsAfterHeldPeerDrain(version:) started.
◇ Test case passing 1 argument version → 6 to writingListInsertionPreflightKeepsMarkedDraftAndHeldPeersOnDisabledOrRetiredActions(version:) started.
◇ Test case passing 1 argument version → 4 to writingListInsertionRetainsFailedCompositionAndUsesCurrentDrainedStyle(version:) started.
◇ Test case passing 1 argument version → 5 to writingListInsertionRetainsFailedCompositionAndUsesCurrentDrainedStyle(version:) started.
◇ Test case passing 1 argument version → 5 to writingNativeStructuralMarkdownUsesSharedNodesAndHostFallbackWithoutAssets(version:) started.
◇ Test case passing 1 argument version → 6 to writingNativeStructuralMarkdownUsesSharedNodesAndHostFallbackWithoutAssets(version:) started.
◇ Test case passing 1 argument version → 5 to writingNativeClipboardKeepsExplicitProtocolAndEpoch(version:) started.
◇ Test case passing 1 argument version → 5 to writingListInsertionPreflightKeepsMarkedDraftAndHeldPeersOnDisabledOrRetiredActions(version:) started.
◇ Test case passing 1 argument version → 4 to writingNativeClipboardKeepsExplicitProtocolAndEpoch(version:) started.
◇ Test case passing 1 argument version → 6 to writingListInsertionRetainsFailedCompositionAndUsesCurrentDrainedStyle(version:) started.
◇ Test case passing 1 argument rapidReceive → true to writingFocusTransfersOpaqueOriginAndUpstreamSelectionAfterReplay(rapidReceive:) started.
◇ Test case passing 1 argument version → 5 to writingRenderedDisposedAndReadOnlyControlsPreserveFullHistory(version:) started.
◇ Test case passing 1 argument version → 6 to writingRenderedDisposedAndReadOnlyControlsPreserveFullHistory(version:) started.
◇ Test case passing 1 argument version → 4 to writingNativeMarkdownFinalizesMarkedInputBeforePasteAndPreservesPeerRichUndo(version:) started.
◇ Test case passing 1 argument version → 5 to writingNativeMarkdownFinalizesMarkedInputBeforePasteAndPreservesPeerRichUndo(version:) started.
◇ Test case passing 2 arguments version → 4, emptyTail → false to writingNativePasteUsesPendingTailAfterMarkedCommitBeforeLayout(version:emptyTail:) started.
◇ Test case passing 1 argument version → 6 to writingNativeClipboardKeepsExplicitProtocolAndEpoch(version:) started.
◇ Test case passing 1 argument empty → false to writingSplitTailUndoKeepsEmptyOrAtomicReferenceBoundary(empty:) started.
◇ Test case passing 2 arguments version → 5, emptyTail → false to writingNativePasteUsesPendingTailAfterMarkedCommitBeforeLayout(version:emptyTail:) started.
◇ Test case passing 1 argument rapidReceive → false to writingFocusTransfersOpaqueOriginAndUpstreamSelectionAfterReplay(rapidReceive:) started.
◇ Test case passing 2 arguments version → 6, emptyTail → false to writingNativePasteUsesPendingTailAfterMarkedCommitBeforeLayout(version:emptyTail:) started.
◇ Test case passing 2 arguments version → 6, emptyTail → true to writingNativePasteUsesPendingTailAfterMarkedCommitBeforeLayout(version:emptyTail:) started.
◇ Test case passing 1 argument version → 4 to writingListInsertionPreflightKeepsMarkedDraftAndHeldPeersOnDisabledOrRetiredActions(version:) started.
◇ Test case passing 1 argument version → 6 to writingListAddItemFinalizesAndDrainsBeforeFreshCaretAndUndo(version:) started.
◇ Test case passing 1 argument version → 4 to writingListAddItemFinalizesAndDrainsBeforeFreshCaretAndUndo(version:) started.
◇ Test case passing 1 argument version → 4 to writingRenderedDisposedAndReadOnlyControlsPreserveFullHistory(version:) started.
◇ Test case passing 2 arguments version → 5, emptyTail → true to writingNativePasteUsesPendingTailAfterMarkedCommitBeforeLayout(version:emptyTail:) started.
◇ Test case passing 1 argument version → 5 to writingListAddItemFinalizesAndDrainsBeforeFreshCaretAndUndo(version:) started.
◇ Test case passing 2 arguments version → 4, emptyTail → true to writingNativePasteUsesPendingTailAfterMarkedCommitBeforeLayout(version:emptyTail:) started.
◇ Test case passing 1 argument version → 6 to writingNativeMarkdownFinalizesMarkedInputBeforePasteAndPreservesPeerRichUndo(version:) started.
◇ Test case passing 2 arguments selectionLength → 0, remoteEdit → false to writingLocalUndoRebasesFocusedTailToOriginalFieldDuringNativeLayout(selectionLength:remoteEdit:) started.
◇ Test case passing 1 argument scenario → .consecutiveReceives to fullEditorViewPreservesFocusedOriginAfterRemoteReparentAndLabelReuse(scenario:) started.
◇ Test case passing 1 argument scenario → .reparent to fullEditorViewPreservesFocusedOriginAfterRemoteReparentAndLabelReuse(scenario:) started.
◇ Test case passing 1 argument scenario → .selectionRebase to fullEditorViewPreservesFocusedOriginAfterRemoteReparentAndLabelReuse(scenario:) started.
◇ Test case passing 1 argument version → 5 to writingRenderedCallbacksCannotReauthorizeAfterMoveAndReturn(version:) started.
◇ Test case passing 1 argument version → 4 to writingRenderedCallbacksCannotReauthorizeAfterMoveAndReturn(version:) started.
◇ Test case passing 2 arguments selectionLength → 3, remoteEdit → false to writingLocalUndoRebasesFocusedTailToOriginalFieldDuringNativeLayout(selectionLength:remoteEdit:) started.
◇ Test case passing 2 arguments selectionLength → 3, remoteEdit → true to writingLocalUndoRebasesFocusedTailToOriginalFieldDuringNativeLayout(selectionLength:remoteEdit:) started.
◇ Test case passing 2 arguments selectionLength → 0, remoteEdit → true to writingLocalUndoRebasesFocusedTailToOriginalFieldDuringNativeLayout(selectionLength:remoteEdit:) started.
◇ Test case passing 1 argument version → 6 to writingNativeCopyRoundTripRetainsRichReferenceWithoutAuthorMutation(version:) started.
◇ Test case passing 1 argument version → 4 to writingImpossibleMovementDoesNotFinalizeMarkedDraftOrDrainPeer(version:) started.
◇ Test case passing 1 argument version → 5 to writingImpossibleMovementDoesNotFinalizeMarkedDraftOrDrainPeer(version:) started.
◇ Test case passing 1 argument version → 6 to writingImpossibleMovementDoesNotFinalizeMarkedDraftOrDrainPeer(version:) started.
◇ Test case passing 1 argument version → 4 to writingNativeCopyRoundTripRetainsRichReferenceWithoutAuthorMutation(version:) started.
◇ Test case passing 1 argument version → 6 to writingNativeMarkdownIsExplicitAndKeepsOrdinaryPasteLiteral(version:) started.
◇ Test case passing 1 argument version → 4 to writingListAddNestedItemExplicitlyCreatesAbsentCollectionAndUndoesExactly(version:) started.
◇ Test case passing 1 argument version → 4 to writingNativePasteRespectsRetiredLeaseAndHostRestrictions(version:) started.
◇ Test case passing 1 argument version → 6 to writingListInsertionRejectsReparentingAfterCompositionWithoutMutatingCollections(version:) started.
◇ Test case passing 1 argument version → 6 to writingRenderedCallbacksCannotReauthorizeAfterMoveAndReturn(version:) started.
◇ Test case passing 1 argument version → 5 to writingNativePasteRespectsRetiredLeaseAndHostRestrictions(version:) started.
◇ Test case passing 1 argument version → 6 to writingNativePasteRespectsRetiredLeaseAndHostRestrictions(version:) started.
◇ Test case passing 1 argument version → 6 to writingListAddNestedItemExplicitlyCreatesAbsentCollectionAndUndoesExactly(version:) started.
◇ Test case passing 1 argument version → 4 to writingNativeStructuredPasteFinalizesMarkedDraftAndKeepsPeerAuthorHistory(version:) started.
◇ Test case passing 1 argument version → 5 to writingNativeCopyRoundTripRetainsRichReferenceWithoutAuthorMutation(version:) started.
◇ Test case passing 1 argument version → 4 to writingNativeMarkdownIsExplicitAndKeepsOrdinaryPasteLiteral(version:) started.
◇ Test case passing 1 argument version → 5 to writingNativeMarkdownIsExplicitAndKeepsOrdinaryPasteLiteral(version:) started.
◇ Test case passing 1 argument version → 6 to writingNativeStructuredPasteFinalizesMarkedDraftAndKeepsPeerAuthorHistory(version:) started.
◇ Test case passing 1 argument version → 4 to writingPlatformSubmitEchoPreservesDeferredPeerAndAuthorUndo(version:) started.
◇ Test case passing 1 argument version → 5 to writingListAddNestedItemExplicitlyCreatesAbsentCollectionAndUndoesExactly(version:) started.
◇ Test case passing 1 argument version → 5 to writingNativeStructuredPasteFinalizesMarkedDraftAndKeepsPeerAuthorHistory(version:) started.
◇ Test case passing 2 arguments version → 5, replacingSelection → false to writingNativePlainPasteUsesExistingSharedInlineCommand(version:replacingSelection:) started.
◇ Test case passing 1 argument version → 6 to writingRenderedListConvertRetainsBothOwnerAndTargetLease(version:) started.
◇ Test case passing 2 arguments version → 4, replacingSelection → true to writingNativePlainPasteUsesExistingSharedInlineCommand(version:replacingSelection:) started.
◇ Test case passing 1 argument version → 4 to writingRenderedListConvertRetainsBothOwnerAndTargetLease(version:) started.
◇ Test case passing 2 arguments version → 6, replacingSelection → false to writingNativePlainPasteUsesExistingSharedInlineCommand(version:replacingSelection:) started.
◇ Test case passing 2 arguments version → 5, replacingSelection → true to writingNativePlainPasteUsesExistingSharedInlineCommand(version:replacingSelection:) started.
◇ Test case passing 2 arguments version → 6, replacingSelection → true to writingNativePlainPasteUsesExistingSharedInlineCommand(version:replacingSelection:) started.
◇ Test case passing 1 argument version → 5 to writingPlatformSubmitEchoPreservesDeferredPeerAndAuthorUndo(version:) started.
◇ Test case passing 1 argument version → 5 to writingRenderedListConvertRetainsBothOwnerAndTargetLease(version:) started.
◇ Test case passing 2 arguments version → 4, replacingSelection → false to writingNativePlainPasteUsesExistingSharedInlineCommand(version:replacingSelection:) started.
◇ Test writingRenderedListConvertRejectsTargetReparentingDuringDrain(version:) started.
◇ Test case passing 1 argument version → 6 to writingPlatformSubmitEchoPreservesDeferredPeerAndAuthorUndo(version:) started.
◇ Test case passing 1 argument version → 4 to writingRenderedListConvertRejectsTargetReparentingDuringDrain(version:) started.
◇ Test case passing 1 argument version → 5 to writingRenderedListConvertRejectsTargetReparentingDuringDrain(version:) started.
◇ Test case passing 1 argument version → 6 to writingRenderedListConvertRejectsTargetReparentingDuringDrain(version:) started.
✔ Test writingNativeFormattingTogglesAndPreservesUpstreamSelectionAffinity() passed after 0.078 seconds.
✔ Test writingPendingTargetMarkedInputCommitsBeforeAnotherEnterAndRetainsPeerUndo(list:emptyTail:) with 4 test cases passed after 0.227 seconds.
✔ Test failedCompositionCommitStopsLocalCommandWithoutDroppingRemoteHold() passed after 0.248 seconds.
✔ Test platformCommandCommitsEntryBeforeUndoAndRemoteReplay() passed after 0.275 seconds.
✔ Test writingCompositionMenuUsesCapturedOriginAfterQueuedReparentAndLabelReuse() passed after 0.292 seconds.
✔ Test writingDetachedNativeSourceCannotUseRetainedKeyCallbackBeforeDisposal() passed after 0.295 seconds.
✔ Test writingNativeMarkdownFailureAndRetiredCallbacksPreserveAcceptedHistory(version:) with 3 test cases passed after 0.306 seconds.
✔ Test writingOrdinaryTypingBeforePendingTailLayoutUsesTheSharedDestination() passed after 0.332 seconds.
✔ Test writingFailedCompositionClosePreservesRecoverableDraftAndQueuedRemoteInput() passed after 0.335 seconds.
✔ Test writingRenderedMovementRechecksBoundsAfterHeldPeerDrain(version:) with 3 test cases passed after 0.351 seconds.
✔ Test nativeFormattingShortcutTogglesMarksAndIgnoresCompositionAndDisposal() passed after 0.353 seconds.
✔ Test writingAppKitCompositionCommitsBeforeEnterAndKeepsPeerUndo() passed after 0.368 seconds.
✔ Test nativeActionFollowsMovedIdentityWhenOldLabelIsReused() passed after 0.396 seconds.
✔ Test writingPendingCaretExpiresAfterSynchronousFocusAwayAndBackBeforeLayout() passed after 0.498 seconds.
✔ Test writingNativeStructuralMarkdownUsesSharedNodesAndHostFallbackWithoutAssets(version:) with 2 test cases passed after 0.574 seconds.
✔ Test fullEditorViewRebindsAReusedLabelToItsNewOrigin() passed after 0.634 seconds.
✔ Test nativeFormattingMapsQueuedRemoteInsertionBeforeCommand() passed after 0.637 seconds.
✔ Test writingListInsertionRetainsFailedCompositionAndUsesCurrentDrainedStyle(version:) with 3 test cases passed after 0.654 seconds.
✔ Test writingPendingTargetSelectionFormatsItsRenderedRichFieldBeforeLayout() passed after 0.680 seconds.
✔ Test writingNativeTypingAppliesSharedMarkdownAndRespectsDisabledTypes() passed after 0.687 seconds.
✔ Test nativeInsertionsRespectPolicyAndPreserveExistingContent() passed after 0.708 seconds.
✔ Test writingRetainedNativeCallbacksRespectCurrentPermissionAndCloseLease() passed after 0.745 seconds.
✔ Test writingNativeClipboardKeepsExplicitProtocolAndEpoch(version:) with 3 test cases passed after 0.773 seconds.
✔ Test committedPlatformInputPreservesMarksAndReferences() passed after 0.778 seconds.
✔ Test appKitUnmarkAndDisposalReleaseRemoteChanges() passed after 0.785 seconds.
✔ Test compositionCommitsBeforeRemoteChangesAndPreservesAuthorUndo() passed after 0.786 seconds.
✔ Test writingEditorRejectsImplicitLegacyEpochAndClosedInputMutation() passed after 0.821 seconds.
✔ Test writingListInsertionPreflightKeepsMarkedDraftAndHeldPeersOnDisabledOrRetiredActions(version:) with 3 test cases passed after 0.883 seconds.
✔ Test writingRenderedDisposedAndReadOnlyControlsPreserveFullHistory(version:) with 3 test cases passed after 0.888 seconds.
✔ Test appKitToolbarUndoCommitsCompositionBeforeUndoAndRemoteReplay() passed after 1.003 seconds.
✔ Test writingAppKitSoftBreakAndBoundaryBackspaceUseSharedTransactions() passed after 1.012 seconds.
✔ Test legacyNestedActionsCannotDeleteTheirContainingRoot() passed after 1.012 seconds.
✔ Test writingNativeMarkdownFinalizesMarkedInputBeforePasteAndPreservesPeerRichUndo(version:) with 3 test cases passed after 1.031 seconds.
✔ Test writingNativePasteUsesPendingTailAfterMarkedCommitBeforeLayout(version:emptyTail:) with 6 test cases passed after 1.056 seconds.
✔ Test appKitCompositionCommitsUnicodeBeforeRemoteReplay() passed after 1.089 seconds.
✔ Test appKitDisabledHostKeepsAcceptedTextSelectable() passed after 1.239 seconds.
✔ Test nativeFormattingCombinesCodeBoldAndItalic() passed after 1.241 seconds.
✔ Test writingRetainedChecklistSetterKeepsOriginAfterMoveAndRejectsDeletedReuse() passed after 1.307 seconds.
✔ Test writingImpossibleMovementDoesNotFinalizeMarkedDraftOrDrainPeer(version:) with 3 test cases passed after 1.323 seconds.
✔ Test writingAppKitMinimalDraftPreservesMarksReferenceAndRejectsPartialReference() passed after 1.327 seconds.
✔ Test nativeCompositionFollowsMovedNodeWhenItsOldPathIsReused() passed after 1.334 seconds.
✔ Test writingPlatformCommittedDictationAndDuplicateFinish() passed after 1.345 seconds.
✔ Test appleCompositionPreservesMarksAndAtomicReferences() passed after 1.349 seconds.
✔ Test writingCleanDisabledInputAllowsAnotherNativeCommandButMarkedDraftBlocksIt() passed after 1.356 seconds.
✔ Test writingListInsertionRejectsReparentingAfterCompositionWithoutMutatingCollections(version:) with 3 test cases passed after 1.381 seconds.
✔ Test writingRenderedCallbacksCannotReauthorizeAfterMoveAndReturn(version:) with 3 test cases passed after 1.393 seconds.
✔ Test writingNativePasteRespectsRetiredLeaseAndHostRestrictions(version:) with 3 test cases passed after 1.397 seconds.
✔ Test platformEntryDisposalCommitsDraftAndReleasesRemoteHold() passed after 1.412 seconds.
✔ Test writingNativeCopyRoundTripRetainsRichReferenceWithoutAuthorMutation(version:) with 3 test cases passed after 1.413 seconds.
✔ Test writingNativeMarkdownIsExplicitAndKeepsOrdinaryPasteLiteral(version:) with 3 test cases passed after 1.417 seconds.
✔ Test platformEntryCommitsBeforeApplyingQueuedRemoteText() passed after 1.449 seconds.
✔ Test writingListAddNestedItemExplicitlyCreatesAbsentCollectionAndUndoesExactly(version:) with 3 test cases passed after 1.458 seconds.
✔ Test checklistCommandFollowsOriginAfterCompositionReleasesMoveAndLabelReuse() passed after 1.467 seconds.
✔ Test appKitSelectionAndUnicodeInsertionFollowRemoteText() passed after 1.520 seconds.
✔ Test appleSelectionMapsRemoteEditsAndDisposalReleasesComposition() passed after 1.547 seconds.
✔ Test writingRenderedListConvertRetainsBothOwnerAndTargetLease(version:) with 3 test cases passed after 1.569 seconds.
✔ Test writingImmediateRepeatedEnterUsesThePendingDestinationIdentityAndCaret() passed after 1.579 seconds.
✔ Test nativeRootOrderingAndUndoUseSharedCommands() passed after 1.580 seconds.
✔ Test writingPlatformSubmitEchoPreservesDeferredPeerAndAuthorUndo(version:) with 3 test cases passed after 1.596 seconds.
✔ Test writingRenderedListConvertRejectsTargetReparentingDuringDrain(version:) with 3 test cases passed after 1.636 seconds.
✔ Test writingFailedLocalCommandExpiresCaptureBeforeIntentionalBlurAndRemoteReparent() passed after 1.724 seconds.
✔ Test writingTextOnlyReplayExpiresFocusCaptureBeforeIntentionalBlurAndLaterMove() passed after 1.729 seconds.
✔ Test writingFocusTransfersOpaqueOriginAndUpstreamSelectionAfterReplay(rapidReceive:) with 2 test cases passed after 1.730 seconds.
✔ Test fullEditorFocusHandoffWaitsForCompositionCommit() passed after 1.760 seconds.
✔ Test writingListAddItemFinalizesAndDrainsBeforeFreshCaretAndUndo(version:) with 3 test cases passed after 1.772 seconds.
✔ Test fullEditorViewPreservesFocusedOriginAfterRemoteReparentAndLabelReuse(scenario:) with 3 test cases passed after 1.813 seconds.
✔ Test writingPendingCaretDoesNotRouteAnotherFocusedInputOrRevokedSourceCallback() passed after 1.835 seconds.
✔ Test writingRemoteSplitOfUnfocusedFieldDoesNotStealAnotherFieldsFocus() passed after 1.855 seconds.
✔ Test writingNativeStructuredPasteFinalizesMarkedDraftAndKeepsPeerAuthorHistory(version:) with 3 test cases passed after 1.865 seconds.
✔ Test writingNativePlainPasteUsesExistingSharedInlineCommand(version:replacingSelection:) with 6 test cases passed after 1.915 seconds.
✔ Test focusHandoffDoesNotOverrideAnotherNativeResponder() passed after 1.944 seconds.
✔ Test writingFocusedFormattingRetainsNativeRangeAndUpstreamAffinityAfterScheduledFocusWork() passed after 1.946 seconds.
✔ Test writingSplitTailUndoKeepsEmptyOrAtomicReferenceBoundary(empty:) with 2 test cases passed after 1.947 seconds.
✔ Test unchangedReplayDoesNotLeaveFocusCaptureForALaterReparent() passed after 1.948 seconds.
✔ Test writingEmptyTailUndoAndRedoRetainsNativeHeadPositionProvenance() passed after 1.977 seconds.
✔ Test writingLocalUndoRebasesFocusedTailToOriginalFieldDuringNativeLayout(selectionLength:remoteEdit:) with 4 test cases passed after 1.992 seconds.
✔ Test run with 76 tests in 0 suites passed after 1.993 seconds.
