Command line invocation:
    /Applications/Xcode.app/Contents/Developer/usr/bin/xcodebuild -project Examples/AppleDemo/EditorLab.xcodeproj -scheme EditorLab-iOS -destination "generic/platform=iOS Simulator" -derivedDataPath /private/tmp/block-editor-modern-native-input-ios CODE_SIGNING_ALLOWED=NO build

Build settings from command line:
    CODE_SIGNING_ALLOWED = NO

Resolve Package Graph


Resolved source packages:
  BlockEditor: /Users/luca/Developer/block-editor

ComputePackagePrebuildTargetDependencyGraph

Prepare packages

CreateBuildRequest

SendProjectDescription

CreateBuildOperation

ComputeTargetDependencyGraph
note: Building targets in dependency order
note: Target dependency graph (6 targets)
    Target 'EditorLab-iOS' in project 'EditorLab'
        ➜ Explicit dependency on target 'BlockEditorDemoApple-product' in project 'BlockEditor'
    Target 'BlockEditorDemoApple-product' in project 'BlockEditor'
        ➜ Explicit dependency on target 'BlockEditorDemoApple' in project 'BlockEditor'
        ➜ Explicit dependency on target 'BlockEditorCore' in project 'BlockEditor'
        ➜ Explicit dependency on target 'BlockEditorApple' in project 'BlockEditor'
        ➜ Explicit dependency on target 'BlockEditorLocalDemo' in project 'BlockEditor'
    Target 'BlockEditorDemoApple' in project 'BlockEditor'
        ➜ Explicit dependency on target 'BlockEditorCore' in project 'BlockEditor'
        ➜ Explicit dependency on target 'BlockEditorApple' in project 'BlockEditor'
        ➜ Explicit dependency on target 'BlockEditorLocalDemo' in project 'BlockEditor'
    Target 'BlockEditorLocalDemo' in project 'BlockEditor'
        ➜ Explicit dependency on target 'BlockEditorCore' in project 'BlockEditor'
    Target 'BlockEditorApple' in project 'BlockEditor'
        ➜ Explicit dependency on target 'BlockEditorCore' in project 'BlockEditor'
    Target 'BlockEditorCore' in project 'BlockEditor' (no dependencies)

GatherProvisioningInputs

CreateBuildDescription

ExecuteExternalTool /Applications/Xcode.app/Contents/Developer/Toolchains/XcodeDefault.xctoolchain/usr/bin/swiftc --version

ExecuteExternalTool /Applications/Xcode.app/Contents/Developer/Toolchains/XcodeDefault.xctoolchain/usr/bin/clang -v -E -dM -isysroot /Applications/Xcode.app/Contents/Developer/Platforms/iPhoneSimulator.platform/Developer/SDKs/iPhoneSimulator27.0.sdk -x c -c /dev/null

ExecuteExternalTool /Applications/Xcode.app/Contents/Developer/Toolchains/XcodeDefault.xctoolchain/usr/bin/ld -version_details

Build description signature: 9df3d457e7dd11dad75b3902bba3c75b
Build description path: /tmp/block-editor-modern-native-input-ios/Build/Intermediates.noindex/XCBuildData/9df3d457e7dd11dad75b3902bba3c75b.xcbuilddata
ClangStatCache /Applications/Xcode.app/Contents/Developer/Toolchains/XcodeDefault.xctoolchain/usr/bin/clang-stat-cache /Applications/Xcode.app/Contents/Developer/Platforms/iPhoneSimulator.platform/Developer/SDKs/iPhoneSimulator27.0.sdk /tmp/block-editor-modern-native-input-ios/SDKStatCaches.noindex/iphonesimulator27.0-24A430-e829b21a6f8c9b70876ba0858053c0448dc58220667be655e1bcc261a7455254.sdkstatcache
    cd /Users/luca/Developer/block-editor/Examples/AppleDemo/EditorLab.xcodeproj
    /Applications/Xcode.app/Contents/Developer/Toolchains/XcodeDefault.xctoolchain/usr/bin/clang-stat-cache /Applications/Xcode.app/Contents/Developer/Platforms/iPhoneSimulator.platform/Developer/SDKs/iPhoneSimulator27.0.sdk -o /tmp/block-editor-modern-native-input-ios/SDKStatCaches.noindex/iphonesimulator27.0-24A430-e829b21a6f8c9b70876ba0858053c0448dc58220667be655e1bcc261a7455254.sdkstatcache

WriteAuxiliaryFile /tmp/block-editor-modern-native-input-ios/Build/Intermediates.noindex/BlockEditor.build/Debug-iphonesimulator/BlockEditorApple-t.build/Objects-normal/x86_64/BlockEditorApple.SwiftFileList (in target 'BlockEditorApple' from project 'BlockEditor')
    cd /Users/luca/Developer/block-editor
    write-file /tmp/block-editor-modern-native-input-ios/Build/Intermediates.noindex/BlockEditor.build/Debug-iphonesimulator/BlockEditorApple-t.build/Objects-normal/x86_64/BlockEditorApple.SwiftFileList

WriteAuxiliaryFile /tmp/block-editor-modern-native-input-ios/Build/Intermediates.noindex/BlockEditor.build/Debug-iphonesimulator/BlockEditorApple-t.build/Objects-normal/x86_64/BlockEditorApple.LinkFileList (in target 'BlockEditorApple' from project 'BlockEditor')
    cd /Users/luca/Developer/block-editor
    write-file /tmp/block-editor-modern-native-input-ios/Build/Intermediates.noindex/BlockEditor.build/Debug-iphonesimulator/BlockEditorApple-t.build/Objects-normal/x86_64/BlockEditorApple.LinkFileList

WriteAuxiliaryFile /tmp/block-editor-modern-native-input-ios/Build/Intermediates.noindex/BlockEditor.build/Debug-iphonesimulator/BlockEditorApple-t.build/Objects-normal/x86_64/BlockEditorApple.SwiftConstValuesFileList (in target 'BlockEditorApple' from project 'BlockEditor')
    cd /Users/luca/Developer/block-editor
    write-file /tmp/block-editor-modern-native-input-ios/Build/Intermediates.noindex/BlockEditor.build/Debug-iphonesimulator/BlockEditorApple-t.build/Objects-normal/x86_64/BlockEditorApple.SwiftConstValuesFileList

WriteAuxiliaryFile /tmp/block-editor-modern-native-input-ios/Build/Intermediates.noindex/BlockEditor.build/Debug-iphonesimulator/BlockEditorApple-t.build/Objects-normal/arm64/BlockEditorApple.SwiftFileList (in target 'BlockEditorApple' from project 'BlockEditor')
    cd /Users/luca/Developer/block-editor
    write-file /tmp/block-editor-modern-native-input-ios/Build/Intermediates.noindex/BlockEditor.build/Debug-iphonesimulator/BlockEditorApple-t.build/Objects-normal/arm64/BlockEditorApple.SwiftFileList

WriteAuxiliaryFile /tmp/block-editor-modern-native-input-ios/Build/Intermediates.noindex/BlockEditor.build/Debug-iphonesimulator/BlockEditorApple-t.build/Objects-normal/x86_64/BlockEditorApple-OutputFileMap.json (in target 'BlockEditorApple' from project 'BlockEditor')
    cd /Users/luca/Developer/block-editor
    write-file /tmp/block-editor-modern-native-input-ios/Build/Intermediates.noindex/BlockEditor.build/Debug-iphonesimulator/BlockEditorApple-t.build/Objects-normal/x86_64/BlockEditorApple-OutputFileMap.json

WriteAuxiliaryFile /tmp/block-editor-modern-native-input-ios/Build/Intermediates.noindex/BlockEditor.build/Debug-iphonesimulator/BlockEditorApple-t.build/Objects-normal/arm64/BlockEditorApple.SwiftConstValuesFileList (in target 'BlockEditorApple' from project 'BlockEditor')
    cd /Users/luca/Developer/block-editor
    write-file /tmp/block-editor-modern-native-input-ios/Build/Intermediates.noindex/BlockEditor.build/Debug-iphonesimulator/BlockEditorApple-t.build/Objects-normal/arm64/BlockEditorApple.SwiftConstValuesFileList

WriteAuxiliaryFile /tmp/block-editor-modern-native-input-ios/Build/Intermediates.noindex/BlockEditor.build/Debug-iphonesimulator/BlockEditorApple-t.build/Objects-normal/arm64/BlockEditorApple.LinkFileList (in target 'BlockEditorApple' from project 'BlockEditor')
    cd /Users/luca/Developer/block-editor
    write-file /tmp/block-editor-modern-native-input-ios/Build/Intermediates.noindex/BlockEditor.build/Debug-iphonesimulator/BlockEditorApple-t.build/Objects-normal/arm64/BlockEditorApple.LinkFileList

WriteAuxiliaryFile /tmp/block-editor-modern-native-input-ios/Build/Intermediates.noindex/BlockEditor.build/Debug-iphonesimulator/BlockEditorApple-t.build/Objects-normal/arm64/BlockEditorApple-OutputFileMap.json (in target 'BlockEditorApple' from project 'BlockEditor')
    cd /Users/luca/Developer/block-editor
    write-file /tmp/block-editor-modern-native-input-ios/Build/Intermediates.noindex/BlockEditor.build/Debug-iphonesimulator/BlockEditorApple-t.build/Objects-normal/arm64/BlockEditorApple-OutputFileMap.json

SwiftDriver BlockEditorApple normal arm64 com.apple.xcode.tools.swift.compiler (in target 'BlockEditorApple' from project 'BlockEditor')
    cd /Users/luca/Developer/block-editor/Examples/AppleDemo/EditorLab.xcodeproj
    builtin-SwiftDriver -- /Applications/Xcode.app/Contents/Developer/Toolchains/XcodeDefault.xctoolchain/usr/bin/swiftc -parse-as-library -module-name BlockEditorApple -Onone @/tmp/block-editor-modern-native-input-ios/Build/Intermediates.noindex/BlockEditor.build/Debug-iphonesimulator/BlockEditorApple-t.build/Objects-normal/arm64/BlockEditorApple.SwiftFileList -DSWIFT_PACKAGE -DDEBUG -DSWIFT_MODULE_RESOURCE_BUNDLE_UNAVAILABLE -DXcode -plugin-path /Applications/Xcode.app/Contents/Developer/Toolchains/XcodeDefault.xctoolchain/usr/lib/swift/host/plugins/testing -enable-experimental-feature DebugDescriptionMacro -sdk /Applications/Xcode.app/Contents/Developer/Platforms/iPhoneSimulator.platform/Developer/SDKs/iPhoneSimulator27.0.sdk -target arm64-apple-ios26.0-simulator -g -module-cache-path /tmp/block-editor-modern-native-input-ios/ModuleCache.noindex -Xfrontend -serialize-debugging-options -enable-testing -index-store-path /tmp/block-editor-modern-native-input-ios/Index.noindex/DataStore -Xcc -D_LIBCPP_HARDENING_MODE\=_LIBCPP_HARDENING_MODE_DEBUG -swift-version 6 -I /tmp/block-editor-modern-native-input-ios/Build/Products/Debug-iphonesimulator -Isystem /Applications/Xcode.app/Contents/Developer/Platforms/iPhoneSimulator.platform/Developer/usr/lib -F /tmp/block-editor-modern-native-input-ios/Build/Products/Debug-iphonesimulator/PackageFrameworks -F /tmp/block-editor-modern-native-input-ios/Build/Products/Debug-iphonesimulator -F /Applications/Xcode.app/Contents/Developer/Platforms/iPhoneSimulator.platform/Developer/Library/Frameworks -F /Applications/Xcode.app/Contents/Developer/Platforms/iPhoneSimulator.platform/Developer/SDKs/iPhoneSimulator27.0.sdk/Developer/Library/Frameworks -c -j14 -enable-batch-mode -incremental -Xcc -ivfsstatcache -Xcc /tmp/block-editor-modern-native-input-ios/SDKStatCaches.noindex/iphonesimulator27.0-24A430-e829b21a6f8c9b70876ba0858053c0448dc58220667be655e1bcc261a7455254.sdkstatcache -output-file-map /tmp/block-editor-modern-native-input-ios/Build/Intermediates.noindex/BlockEditor.build/Debug-iphonesimulator/BlockEditorApple-t.build/Objects-normal/arm64/BlockEditorApple-OutputFileMap.json -save-temps -no-color-diagnostics -explicit-module-build -module-cache-path /tmp/block-editor-modern-native-input-ios/Build/Intermediates.noindex/SwiftExplicitPrecompiledModules -clang-scanner-module-cache-path /tmp/block-editor-modern-native-input-ios/ModuleCache.noindex -sdk-module-cache-path /tmp/block-editor-modern-native-input-ios/SDKExplicitPrecompiledModules -emit-dependencies -emit-module -emit-module-path /tmp/block-editor-modern-native-input-ios/Build/Intermediates.noindex/BlockEditor.build/Debug-iphonesimulator/BlockEditorApple-t.build/Objects-normal/arm64/BlockEditorApple.swiftmodule -serialize-diagnostics -dependency-scan-serialize-diagnostics-path /tmp/block-editor-modern-native-input-ios/Build/Intermediates.noindex/BlockEditor.build/Debug-iphonesimulator/BlockEditorApple-t.build/Objects-normal/arm64/BlockEditorApple-dependency-scan.dia -validate-clang-modules-once -clang-build-session-file /tmp/block-editor-modern-native-input-ios/ModuleCache.noindex/Session.modulevalidation -Xcc -fmodules-prune-interval\=86400 -Xcc -fmodules-prune-after\=345600 -package-name block_editor -emit-const-values -const-gather-protocols-list /tmp/block-editor-modern-native-input-ios/Build/Intermediates.noindex/BlockEditor.build/Debug-iphonesimulator/BlockEditorApple-t.build/Objects-normal/arm64/BlockEditorApple_const_extract_protocols.json -Xcc -I/tmp/block-editor-modern-native-input-ios/Build/Products/Debug-iphonesimulator/include -Xcc -I/tmp/block-editor-modern-native-input-ios/Build/Intermediates.noindex/BlockEditor.build/Debug-iphonesimulator/BlockEditorApple-t.build/DerivedSources-normal/arm64 -Xcc -I/tmp/block-editor-modern-native-input-ios/Build/Intermediates.noindex/BlockEditor.build/Debug-iphonesimulator/BlockEditorApple-t.build/DerivedSources/arm64 -Xcc -I/tmp/block-editor-modern-native-input-ios/Build/Intermediates.noindex/BlockEditor.build/Debug-iphonesimulator/BlockEditorApple-t.build/DerivedSources -Xcc -DSWIFT_PACKAGE -Xcc -DDEBUG\=1 -emit-objc-header -emit-objc-header-path /tmp/block-editor-modern-native-input-ios/Build/Intermediates.noindex/BlockEditor.build/Debug-iphonesimulator/BlockEditorApple-t.build/Objects-normal/arm64/BlockEditorApple-Swift.h -working-directory /Users/luca/Developer/block-editor/Examples/AppleDemo/EditorLab.xcodeproj -experimental-emit-module-separately -disable-cmo

SwiftDriver BlockEditorApple normal x86_64 com.apple.xcode.tools.swift.compiler (in target 'BlockEditorApple' from project 'BlockEditor')
    cd /Users/luca/Developer/block-editor/Examples/AppleDemo/EditorLab.xcodeproj
    builtin-SwiftDriver -- /Applications/Xcode.app/Contents/Developer/Toolchains/XcodeDefault.xctoolchain/usr/bin/swiftc -parse-as-library -module-name BlockEditorApple -Onone @/tmp/block-editor-modern-native-input-ios/Build/Intermediates.noindex/BlockEditor.build/Debug-iphonesimulator/BlockEditorApple-t.build/Objects-normal/x86_64/BlockEditorApple.SwiftFileList -DSWIFT_PACKAGE -DDEBUG -DSWIFT_MODULE_RESOURCE_BUNDLE_UNAVAILABLE -DXcode -plugin-path /Applications/Xcode.app/Contents/Developer/Toolchains/XcodeDefault.xctoolchain/usr/lib/swift/host/plugins/testing -enable-experimental-feature DebugDescriptionMacro -sdk /Applications/Xcode.app/Contents/Developer/Platforms/iPhoneSimulator.platform/Developer/SDKs/iPhoneSimulator27.0.sdk -target x86_64-apple-ios26.0-simulator -g -module-cache-path /tmp/block-editor-modern-native-input-ios/ModuleCache.noindex -Xfrontend -serialize-debugging-options -enable-testing -index-store-path /tmp/block-editor-modern-native-input-ios/Index.noindex/DataStore -Xcc -D_LIBCPP_HARDENING_MODE\=_LIBCPP_HARDENING_MODE_DEBUG -swift-version 6 -I /tmp/block-editor-modern-native-input-ios/Build/Products/Debug-iphonesimulator -Isystem /Applications/Xcode.app/Contents/Developer/Platforms/iPhoneSimulator.platform/Developer/usr/lib -F /tmp/block-editor-modern-native-input-ios/Build/Products/Debug-iphonesimulator/PackageFrameworks -F /tmp/block-editor-modern-native-input-ios/Build/Products/Debug-iphonesimulator -F /Applications/Xcode.app/Contents/Developer/Platforms/iPhoneSimulator.platform/Developer/Library/Frameworks -F /Applications/Xcode.app/Contents/Developer/Platforms/iPhoneSimulator.platform/Developer/SDKs/iPhoneSimulator27.0.sdk/Developer/Library/Frameworks -c -j14 -enable-batch-mode -incremental -Xcc -ivfsstatcache -Xcc /tmp/block-editor-modern-native-input-ios/SDKStatCaches.noindex/iphonesimulator27.0-24A430-e829b21a6f8c9b70876ba0858053c0448dc58220667be655e1bcc261a7455254.sdkstatcache -output-file-map /tmp/block-editor-modern-native-input-ios/Build/Intermediates.noindex/BlockEditor.build/Debug-iphonesimulator/BlockEditorApple-t.build/Objects-normal/x86_64/BlockEditorApple-OutputFileMap.json -save-temps -no-color-diagnostics -explicit-module-build -module-cache-path /tmp/block-editor-modern-native-input-ios/Build/Intermediates.noindex/SwiftExplicitPrecompiledModules -clang-scanner-module-cache-path /tmp/block-editor-modern-native-input-ios/ModuleCache.noindex -sdk-module-cache-path /tmp/block-editor-modern-native-input-ios/SDKExplicitPrecompiledModules -emit-dependencies -emit-module -emit-module-path /tmp/block-editor-modern-native-input-ios/Build/Intermediates.noindex/BlockEditor.build/Debug-iphonesimulator/BlockEditorApple-t.build/Objects-normal/x86_64/BlockEditorApple.swiftmodule -serialize-diagnostics -dependency-scan-serialize-diagnostics-path /tmp/block-editor-modern-native-input-ios/Build/Intermediates.noindex/BlockEditor.build/Debug-iphonesimulator/BlockEditorApple-t.build/Objects-normal/x86_64/BlockEditorApple-dependency-scan.dia -validate-clang-modules-once -clang-build-session-file /tmp/block-editor-modern-native-input-ios/ModuleCache.noindex/Session.modulevalidation -Xcc -fmodules-prune-interval\=86400 -Xcc -fmodules-prune-after\=345600 -package-name block_editor -emit-const-values -const-gather-protocols-list /tmp/block-editor-modern-native-input-ios/Build/Intermediates.noindex/BlockEditor.build/Debug-iphonesimulator/BlockEditorApple-t.build/Objects-normal/x86_64/BlockEditorApple_const_extract_protocols.json -Xcc -I/tmp/block-editor-modern-native-input-ios/Build/Products/Debug-iphonesimulator/include -Xcc -I/tmp/block-editor-modern-native-input-ios/Build/Intermediates.noindex/BlockEditor.build/Debug-iphonesimulator/BlockEditorApple-t.build/DerivedSources-normal/x86_64 -Xcc -I/tmp/block-editor-modern-native-input-ios/Build/Intermediates.noindex/BlockEditor.build/Debug-iphonesimulator/BlockEditorApple-t.build/DerivedSources/x86_64 -Xcc -I/tmp/block-editor-modern-native-input-ios/Build/Intermediates.noindex/BlockEditor.build/Debug-iphonesimulator/BlockEditorApple-t.build/DerivedSources -Xcc -DSWIFT_PACKAGE -Xcc -DDEBUG\=1 -emit-objc-header -emit-objc-header-path /tmp/block-editor-modern-native-input-ios/Build/Intermediates.noindex/BlockEditor.build/Debug-iphonesimulator/BlockEditorApple-t.build/Objects-normal/x86_64/BlockEditorApple-Swift.h -working-directory /Users/luca/Developer/block-editor/Examples/AppleDemo/EditorLab.xcodeproj -experimental-emit-module-separately -disable-cmo

SwiftCompile normal x86_64 Compiling\ ModernHostStore.swift /Users/luca/Developer/block-editor/Sources/BlockEditorApple/ModernHostStore.swift (in target 'BlockEditorApple' from project 'BlockEditor')

SwiftCompile normal x86_64 /Users/luca/Developer/block-editor/Sources/BlockEditorApple/ModernHostStore.swift (in target 'BlockEditorApple' from project 'BlockEditor')
    cd /Users/luca/Developer/block-editor/Examples/AppleDemo/EditorLab.xcodeproj
    builtin-SwiftPerFileCompile ModernHostStore.swift

SwiftCompile normal arm64 Compiling\ ModernEditorModel.swift /Users/luca/Developer/block-editor/Sources/BlockEditorApple/ModernEditorModel.swift (in target 'BlockEditorApple' from project 'BlockEditor')

SwiftCompile normal arm64 /Users/luca/Developer/block-editor/Sources/BlockEditorApple/ModernEditorModel.swift (in target 'BlockEditorApple' from project 'BlockEditor')
    cd /Users/luca/Developer/block-editor/Examples/AppleDemo/EditorLab.xcodeproj
    builtin-SwiftPerFileCompile ModernEditorModel.swift

SwiftEmitModule normal x86_64 Emitting\ module\ for\ BlockEditorApple (in target 'BlockEditorApple' from project 'BlockEditor')

SwiftCompile normal x86_64 (in target 'BlockEditorApple' from project 'BlockEditor')
    cd /Users/luca/Developer/block-editor/Examples/AppleDemo/EditorLab.xcodeproj
    

SwiftCompile normal arm64 Compiling\ ModernHostStore.swift /Users/luca/Developer/block-editor/Sources/BlockEditorApple/ModernHostStore.swift (in target 'BlockEditorApple' from project 'BlockEditor')

SwiftCompile normal arm64 /Users/luca/Developer/block-editor/Sources/BlockEditorApple/ModernHostStore.swift (in target 'BlockEditorApple' from project 'BlockEditor')
    cd /Users/luca/Developer/block-editor/Examples/AppleDemo/EditorLab.xcodeproj
    builtin-SwiftPerFileCompile ModernHostStore.swift

SwiftEmitModule normal arm64 Emitting\ module\ for\ BlockEditorApple (in target 'BlockEditorApple' from project 'BlockEditor')

SwiftCompile normal arm64 (in target 'BlockEditorApple' from project 'BlockEditor')
    cd /Users/luca/Developer/block-editor/Examples/AppleDemo/EditorLab.xcodeproj
    

SwiftCompile normal arm64 Compiling\ ModernTextInput.swift /Users/luca/Developer/block-editor/Sources/BlockEditorApple/ModernTextInput.swift (in target 'BlockEditorApple' from project 'BlockEditor')

SwiftCompile normal arm64 /Users/luca/Developer/block-editor/Sources/BlockEditorApple/ModernTextInput.swift (in target 'BlockEditorApple' from project 'BlockEditor')
    cd /Users/luca/Developer/block-editor/Examples/AppleDemo/EditorLab.xcodeproj
    builtin-SwiftPerFileCompile ModernTextInput.swift

/Users/luca/Developer/block-editor/Sources/BlockEditorApple/ModernTextInput.swift:176:25: warning: main actor-isolated property 'isFirstResponder' can not be referenced from a nonisolated context
174 |             #else
175 |             func responder(_ root: UIView) -> UIView? {
176 |                 if root.isFirstResponder { return root }
    |                         `- warning: main actor-isolated property 'isFirstResponder' can not be referenced from a nonisolated context
177 |                 for child in root.subviews { if let value = responder(child) { return value } }; return nil
178 |             }

/Applications/Xcode.app/Contents/Developer/Platforms/iPhoneSimulator.platform/Developer/SDKs/iPhoneSimulator27.0.sdk/System/Library/Frameworks/UIKit.framework/Headers/UIResponder.h:92:37: note: property declared here
 90 | - (BOOL)resignFirstResponder;
 91 | 
 92 | @property(nonatomic, readonly) BOOL isFirstResponder;
    |                                     `- note: property declared here
 93 | 
 94 | // Generally, all responders which do custom touch handling should override all four of these methods.

/Users/luca/Developer/block-editor/Sources/BlockEditorApple/ModernTextInput.swift:177:35: warning: main actor-isolated property 'subviews' can not be referenced from a nonisolated context
175 |             func responder(_ root: UIView) -> UIView? {
176 |                 if root.isFirstResponder { return root }
177 |                 for child in root.subviews { if let value = responder(child) { return value } }; return nil
    |                                   `- warning: main actor-isolated property 'subviews' can not be referenced from a nonisolated context
178 |             }
179 |             let current = responder(window); return current == nil || current === view

/Applications/Xcode.app/Contents/Developer/Platforms/iPhoneSimulator.platform/Developer/SDKs/iPhoneSimulator27.0.sdk/System/Library/Frameworks/UIKit.framework/Headers/UIView.h:230:64: note: property declared here
228 | 
229 | @property(nullable, nonatomic,readonly) UIView       *superview;
230 | @property(nonatomic,readonly,copy) NSArray<__kindof UIView *> *subviews;
    |                                                                `- note: property declared here
231 | @property(nullable, nonatomic,readonly) UIWindow     *window;
232 | 
SwiftCompile normal x86_64 Compiling\ ModernEditorModel.swift /Users/luca/Developer/block-editor/Sources/BlockEditorApple/ModernEditorModel.swift (in target 'BlockEditorApple' from project 'BlockEditor')

SwiftCompile normal x86_64 /Users/luca/Developer/block-editor/Sources/BlockEditorApple/ModernEditorModel.swift (in target 'BlockEditorApple' from project 'BlockEditor')
    cd /Users/luca/Developer/block-editor/Examples/AppleDemo/EditorLab.xcodeproj
    builtin-SwiftPerFileCompile ModernEditorModel.swift

SwiftCompile normal x86_64 Compiling\ ModernNativeClipboard.swift /Users/luca/Developer/block-editor/Sources/BlockEditorApple/ModernNativeClipboard.swift (in target 'BlockEditorApple' from project 'BlockEditor')

SwiftCompile normal x86_64 /Users/luca/Developer/block-editor/Sources/BlockEditorApple/ModernNativeClipboard.swift (in target 'BlockEditorApple' from project 'BlockEditor')
    cd /Users/luca/Developer/block-editor/Examples/AppleDemo/EditorLab.xcodeproj
    builtin-SwiftPerFileCompile ModernNativeClipboard.swift

SwiftCompile normal arm64 Compiling\ ModernNativeClipboard.swift /Users/luca/Developer/block-editor/Sources/BlockEditorApple/ModernNativeClipboard.swift (in target 'BlockEditorApple' from project 'BlockEditor')

SwiftCompile normal arm64 /Users/luca/Developer/block-editor/Sources/BlockEditorApple/ModernNativeClipboard.swift (in target 'BlockEditorApple' from project 'BlockEditor')
    cd /Users/luca/Developer/block-editor/Examples/AppleDemo/EditorLab.xcodeproj
    builtin-SwiftPerFileCompile ModernNativeClipboard.swift

SwiftCompile normal arm64 Compiling\ ModernInputController.swift /Users/luca/Developer/block-editor/Sources/BlockEditorApple/ModernInputController.swift (in target 'BlockEditorApple' from project 'BlockEditor')

SwiftCompile normal arm64 /Users/luca/Developer/block-editor/Sources/BlockEditorApple/ModernInputController.swift (in target 'BlockEditorApple' from project 'BlockEditor')
    cd /Users/luca/Developer/block-editor/Examples/AppleDemo/EditorLab.xcodeproj
    builtin-SwiftPerFileCompile ModernInputController.swift

SwiftCompile normal x86_64 Compiling\ ModernInputController.swift /Users/luca/Developer/block-editor/Sources/BlockEditorApple/ModernInputController.swift (in target 'BlockEditorApple' from project 'BlockEditor')

SwiftCompile normal x86_64 /Users/luca/Developer/block-editor/Sources/BlockEditorApple/ModernInputController.swift (in target 'BlockEditorApple' from project 'BlockEditor')
    cd /Users/luca/Developer/block-editor/Examples/AppleDemo/EditorLab.xcodeproj
    builtin-SwiftPerFileCompile ModernInputController.swift

SwiftCompile normal x86_64 Compiling\ ModernTextInput.swift /Users/luca/Developer/block-editor/Sources/BlockEditorApple/ModernTextInput.swift (in target 'BlockEditorApple' from project 'BlockEditor')

SwiftCompile normal x86_64 /Users/luca/Developer/block-editor/Sources/BlockEditorApple/ModernTextInput.swift (in target 'BlockEditorApple' from project 'BlockEditor')
    cd /Users/luca/Developer/block-editor/Examples/AppleDemo/EditorLab.xcodeproj
    builtin-SwiftPerFileCompile ModernTextInput.swift

/Users/luca/Developer/block-editor/Sources/BlockEditorApple/ModernTextInput.swift:176:25: warning: main actor-isolated property 'isFirstResponder' can not be referenced from a nonisolated context
174 |             #else
175 |             func responder(_ root: UIView) -> UIView? {
176 |                 if root.isFirstResponder { return root }
    |                         `- warning: main actor-isolated property 'isFirstResponder' can not be referenced from a nonisolated context
177 |                 for child in root.subviews { if let value = responder(child) { return value } }; return nil
178 |             }

/Applications/Xcode.app/Contents/Developer/Platforms/iPhoneSimulator.platform/Developer/SDKs/iPhoneSimulator27.0.sdk/System/Library/Frameworks/UIKit.framework/Headers/UIResponder.h:92:37: note: property declared here
 90 | - (BOOL)resignFirstResponder;
 91 | 
 92 | @property(nonatomic, readonly) BOOL isFirstResponder;
    |                                     `- note: property declared here
 93 | 
 94 | // Generally, all responders which do custom touch handling should override all four of these methods.

/Users/luca/Developer/block-editor/Sources/BlockEditorApple/ModernTextInput.swift:177:35: warning: main actor-isolated property 'subviews' can not be referenced from a nonisolated context
175 |             func responder(_ root: UIView) -> UIView? {
176 |                 if root.isFirstResponder { return root }
177 |                 for child in root.subviews { if let value = responder(child) { return value } }; return nil
    |                                   `- warning: main actor-isolated property 'subviews' can not be referenced from a nonisolated context
178 |             }
179 |             let current = responder(window); return current == nil || current === view

/Applications/Xcode.app/Contents/Developer/Platforms/iPhoneSimulator.platform/Developer/SDKs/iPhoneSimulator27.0.sdk/System/Library/Frameworks/UIKit.framework/Headers/UIView.h:230:64: note: property declared here
228 | 
229 | @property(nullable, nonatomic,readonly) UIView       *superview;
230 | @property(nonatomic,readonly,copy) NSArray<__kindof UIView *> *subviews;
    |                                                                `- note: property declared here
231 | @property(nullable, nonatomic,readonly) UIWindow     *window;
232 | 
SwiftDriverJobDiscovery normal arm64 Compiling ModernHostStore.swift (in target 'BlockEditorApple' from project 'BlockEditor')

SwiftDriverJobDiscovery normal arm64 Compiling ModernEditorModel.swift (in target 'BlockEditorApple' from project 'BlockEditor')

SwiftDriverJobDiscovery normal arm64 Compiling ModernInputController.swift (in target 'BlockEditorApple' from project 'BlockEditor')

SwiftDriverJobDiscovery normal x86_64 Compiling ModernInputController.swift (in target 'BlockEditorApple' from project 'BlockEditor')

SwiftDriverJobDiscovery normal x86_64 Compiling ModernEditorModel.swift (in target 'BlockEditorApple' from project 'BlockEditor')

SwiftDriverJobDiscovery normal x86_64 Compiling ModernHostStore.swift (in target 'BlockEditorApple' from project 'BlockEditor')

SwiftDriverJobDiscovery normal x86_64 Compiling ModernNativeClipboard.swift (in target 'BlockEditorApple' from project 'BlockEditor')

SwiftDriverJobDiscovery normal arm64 Compiling ModernNativeClipboard.swift (in target 'BlockEditorApple' from project 'BlockEditor')

SwiftDriverJobDiscovery normal arm64 Emitting module for BlockEditorApple (in target 'BlockEditorApple' from project 'BlockEditor')

SwiftDriver\ Compilation\ Requirements BlockEditorApple normal arm64 com.apple.xcode.tools.swift.compiler (in target 'BlockEditorApple' from project 'BlockEditor')
    cd /Users/luca/Developer/block-editor/Examples/AppleDemo/EditorLab.xcodeproj
    builtin-Swift-Compilation-Requirements -- /Applications/Xcode.app/Contents/Developer/Toolchains/XcodeDefault.xctoolchain/usr/bin/swiftc -parse-as-library -module-name BlockEditorApple -Onone @/tmp/block-editor-modern-native-input-ios/Build/Intermediates.noindex/BlockEditor.build/Debug-iphonesimulator/BlockEditorApple-t.build/Objects-normal/arm64/BlockEditorApple.SwiftFileList -DSWIFT_PACKAGE -DDEBUG -DSWIFT_MODULE_RESOURCE_BUNDLE_UNAVAILABLE -DXcode -plugin-path /Applications/Xcode.app/Contents/Developer/Toolchains/XcodeDefault.xctoolchain/usr/lib/swift/host/plugins/testing -enable-experimental-feature DebugDescriptionMacro -sdk /Applications/Xcode.app/Contents/Developer/Platforms/iPhoneSimulator.platform/Developer/SDKs/iPhoneSimulator27.0.sdk -target arm64-apple-ios26.0-simulator -g -module-cache-path /tmp/block-editor-modern-native-input-ios/ModuleCache.noindex -Xfrontend -serialize-debugging-options -enable-testing -index-store-path /tmp/block-editor-modern-native-input-ios/Index.noindex/DataStore -Xcc -D_LIBCPP_HARDENING_MODE\=_LIBCPP_HARDENING_MODE_DEBUG -swift-version 6 -I /tmp/block-editor-modern-native-input-ios/Build/Products/Debug-iphonesimulator -Isystem /Applications/Xcode.app/Contents/Developer/Platforms/iPhoneSimulator.platform/Developer/usr/lib -F /tmp/block-editor-modern-native-input-ios/Build/Products/Debug-iphonesimulator/PackageFrameworks -F /tmp/block-editor-modern-native-input-ios/Build/Products/Debug-iphonesimulator -F /Applications/Xcode.app/Contents/Developer/Platforms/iPhoneSimulator.platform/Developer/Library/Frameworks -F /Applications/Xcode.app/Contents/Developer/Platforms/iPhoneSimulator.platform/Developer/SDKs/iPhoneSimulator27.0.sdk/Developer/Library/Frameworks -c -j14 -enable-batch-mode -incremental -Xcc -ivfsstatcache -Xcc /tmp/block-editor-modern-native-input-ios/SDKStatCaches.noindex/iphonesimulator27.0-24A430-e829b21a6f8c9b70876ba0858053c0448dc58220667be655e1bcc261a7455254.sdkstatcache -output-file-map /tmp/block-editor-modern-native-input-ios/Build/Intermediates.noindex/BlockEditor.build/Debug-iphonesimulator/BlockEditorApple-t.build/Objects-normal/arm64/BlockEditorApple-OutputFileMap.json -save-temps -no-color-diagnostics -explicit-module-build -module-cache-path /tmp/block-editor-modern-native-input-ios/Build/Intermediates.noindex/SwiftExplicitPrecompiledModules -clang-scanner-module-cache-path /tmp/block-editor-modern-native-input-ios/ModuleCache.noindex -sdk-module-cache-path /tmp/block-editor-modern-native-input-ios/SDKExplicitPrecompiledModules -emit-dependencies -emit-module -emit-module-path /tmp/block-editor-modern-native-input-ios/Build/Intermediates.noindex/BlockEditor.build/Debug-iphonesimulator/BlockEditorApple-t.build/Objects-normal/arm64/BlockEditorApple.swiftmodule -serialize-diagnostics -dependency-scan-serialize-diagnostics-path /tmp/block-editor-modern-native-input-ios/Build/Intermediates.noindex/BlockEditor.build/Debug-iphonesimulator/BlockEditorApple-t.build/Objects-normal/arm64/BlockEditorApple-dependency-scan.dia -validate-clang-modules-once -clang-build-session-file /tmp/block-editor-modern-native-input-ios/ModuleCache.noindex/Session.modulevalidation -Xcc -fmodules-prune-interval\=86400 -Xcc -fmodules-prune-after\=345600 -package-name block_editor -emit-const-values -const-gather-protocols-list /tmp/block-editor-modern-native-input-ios/Build/Intermediates.noindex/BlockEditor.build/Debug-iphonesimulator/BlockEditorApple-t.build/Objects-normal/arm64/BlockEditorApple_const_extract_protocols.json -Xcc -I/tmp/block-editor-modern-native-input-ios/Build/Products/Debug-iphonesimulator/include -Xcc -I/tmp/block-editor-modern-native-input-ios/Build/Intermediates.noindex/BlockEditor.build/Debug-iphonesimulator/BlockEditorApple-t.build/DerivedSources-normal/arm64 -Xcc -I/tmp/block-editor-modern-native-input-ios/Build/Intermediates.noindex/BlockEditor.build/Debug-iphonesimulator/BlockEditorApple-t.build/DerivedSources/arm64 -Xcc -I/tmp/block-editor-modern-native-input-ios/Build/Intermediates.noindex/BlockEditor.build/Debug-iphonesimulator/BlockEditorApple-t.build/DerivedSources -Xcc -DSWIFT_PACKAGE -Xcc -DDEBUG\=1 -emit-objc-header -emit-objc-header-path /tmp/block-editor-modern-native-input-ios/Build/Intermediates.noindex/BlockEditor.build/Debug-iphonesimulator/BlockEditorApple-t.build/Objects-normal/arm64/BlockEditorApple-Swift.h -working-directory /Users/luca/Developer/block-editor/Examples/AppleDemo/EditorLab.xcodeproj -experimental-emit-module-separately -disable-cmo

Copy /tmp/block-editor-modern-native-input-ios/Build/Products/Debug-iphonesimulator/BlockEditorApple.swiftmodule/arm64-apple-ios-simulator.swiftdoc /tmp/block-editor-modern-native-input-ios/Build/Intermediates.noindex/BlockEditor.build/Debug-iphonesimulator/BlockEditorApple-t.build/Objects-normal/arm64/BlockEditorApple.swiftdoc (in target 'BlockEditorApple' from project 'BlockEditor')
    cd /Users/luca/Developer/block-editor
    builtin-copy -exclude .DS_Store -exclude CVS -exclude .svn -exclude .git -exclude .hg -resolve-src-symlinks -rename /tmp/block-editor-modern-native-input-ios/Build/Intermediates.noindex/BlockEditor.build/Debug-iphonesimulator/BlockEditorApple-t.build/Objects-normal/arm64/BlockEditorApple.swiftdoc /tmp/block-editor-modern-native-input-ios/Build/Products/Debug-iphonesimulator/BlockEditorApple.swiftmodule/arm64-apple-ios-simulator.swiftdoc

Copy /tmp/block-editor-modern-native-input-ios/Build/Products/Debug-iphonesimulator/BlockEditorApple.swiftmodule/arm64-apple-ios-simulator.swiftmodule /tmp/block-editor-modern-native-input-ios/Build/Intermediates.noindex/BlockEditor.build/Debug-iphonesimulator/BlockEditorApple-t.build/Objects-normal/arm64/BlockEditorApple.swiftmodule (in target 'BlockEditorApple' from project 'BlockEditor')
    cd /Users/luca/Developer/block-editor
    builtin-copy -exclude .DS_Store -exclude CVS -exclude .svn -exclude .git -exclude .hg -resolve-src-symlinks -rename /tmp/block-editor-modern-native-input-ios/Build/Intermediates.noindex/BlockEditor.build/Debug-iphonesimulator/BlockEditorApple-t.build/Objects-normal/arm64/BlockEditorApple.swiftmodule /tmp/block-editor-modern-native-input-ios/Build/Products/Debug-iphonesimulator/BlockEditorApple.swiftmodule/arm64-apple-ios-simulator.swiftmodule

Copy /tmp/block-editor-modern-native-input-ios/Build/Products/Debug-iphonesimulator/BlockEditorApple.swiftmodule/Project/arm64-apple-ios-simulator.swiftsourceinfo /tmp/block-editor-modern-native-input-ios/Build/Intermediates.noindex/BlockEditor.build/Debug-iphonesimulator/BlockEditorApple-t.build/Objects-normal/arm64/BlockEditorApple.swiftsourceinfo (in target 'BlockEditorApple' from project 'BlockEditor')
    cd /Users/luca/Developer/block-editor
    builtin-copy -exclude .DS_Store -exclude CVS -exclude .svn -exclude .git -exclude .hg -resolve-src-symlinks -rename /tmp/block-editor-modern-native-input-ios/Build/Intermediates.noindex/BlockEditor.build/Debug-iphonesimulator/BlockEditorApple-t.build/Objects-normal/arm64/BlockEditorApple.swiftsourceinfo /tmp/block-editor-modern-native-input-ios/Build/Products/Debug-iphonesimulator/BlockEditorApple.swiftmodule/Project/arm64-apple-ios-simulator.swiftsourceinfo

Copy /tmp/block-editor-modern-native-input-ios/Build/Products/Debug-iphonesimulator/BlockEditorApple.swiftmodule/arm64-apple-ios-simulator.abi.json /tmp/block-editor-modern-native-input-ios/Build/Intermediates.noindex/BlockEditor.build/Debug-iphonesimulator/BlockEditorApple-t.build/Objects-normal/arm64/BlockEditorApple.abi.json (in target 'BlockEditorApple' from project 'BlockEditor')
    cd /Users/luca/Developer/block-editor
    builtin-copy -exclude .DS_Store -exclude CVS -exclude .svn -exclude .git -exclude .hg -resolve-src-symlinks -rename /tmp/block-editor-modern-native-input-ios/Build/Intermediates.noindex/BlockEditor.build/Debug-iphonesimulator/BlockEditorApple-t.build/Objects-normal/arm64/BlockEditorApple.abi.json /tmp/block-editor-modern-native-input-ios/Build/Products/Debug-iphonesimulator/BlockEditorApple.swiftmodule/arm64-apple-ios-simulator.abi.json

SwiftDriverJobDiscovery normal x86_64 Emitting module for BlockEditorApple (in target 'BlockEditorApple' from project 'BlockEditor')

SwiftDriver\ Compilation\ Requirements BlockEditorApple normal x86_64 com.apple.xcode.tools.swift.compiler (in target 'BlockEditorApple' from project 'BlockEditor')
    cd /Users/luca/Developer/block-editor/Examples/AppleDemo/EditorLab.xcodeproj
    builtin-Swift-Compilation-Requirements -- /Applications/Xcode.app/Contents/Developer/Toolchains/XcodeDefault.xctoolchain/usr/bin/swiftc -parse-as-library -module-name BlockEditorApple -Onone @/tmp/block-editor-modern-native-input-ios/Build/Intermediates.noindex/BlockEditor.build/Debug-iphonesimulator/BlockEditorApple-t.build/Objects-normal/x86_64/BlockEditorApple.SwiftFileList -DSWIFT_PACKAGE -DDEBUG -DSWIFT_MODULE_RESOURCE_BUNDLE_UNAVAILABLE -DXcode -plugin-path /Applications/Xcode.app/Contents/Developer/Toolchains/XcodeDefault.xctoolchain/usr/lib/swift/host/plugins/testing -enable-experimental-feature DebugDescriptionMacro -sdk /Applications/Xcode.app/Contents/Developer/Platforms/iPhoneSimulator.platform/Developer/SDKs/iPhoneSimulator27.0.sdk -target x86_64-apple-ios26.0-simulator -g -module-cache-path /tmp/block-editor-modern-native-input-ios/ModuleCache.noindex -Xfrontend -serialize-debugging-options -enable-testing -index-store-path /tmp/block-editor-modern-native-input-ios/Index.noindex/DataStore -Xcc -D_LIBCPP_HARDENING_MODE\=_LIBCPP_HARDENING_MODE_DEBUG -swift-version 6 -I /tmp/block-editor-modern-native-input-ios/Build/Products/Debug-iphonesimulator -Isystem /Applications/Xcode.app/Contents/Developer/Platforms/iPhoneSimulator.platform/Developer/usr/lib -F /tmp/block-editor-modern-native-input-ios/Build/Products/Debug-iphonesimulator/PackageFrameworks -F /tmp/block-editor-modern-native-input-ios/Build/Products/Debug-iphonesimulator -F /Applications/Xcode.app/Contents/Developer/Platforms/iPhoneSimulator.platform/Developer/Library/Frameworks -F /Applications/Xcode.app/Contents/Developer/Platforms/iPhoneSimulator.platform/Developer/SDKs/iPhoneSimulator27.0.sdk/Developer/Library/Frameworks -c -j14 -enable-batch-mode -incremental -Xcc -ivfsstatcache -Xcc /tmp/block-editor-modern-native-input-ios/SDKStatCaches.noindex/iphonesimulator27.0-24A430-e829b21a6f8c9b70876ba0858053c0448dc58220667be655e1bcc261a7455254.sdkstatcache -output-file-map /tmp/block-editor-modern-native-input-ios/Build/Intermediates.noindex/BlockEditor.build/Debug-iphonesimulator/BlockEditorApple-t.build/Objects-normal/x86_64/BlockEditorApple-OutputFileMap.json -save-temps -no-color-diagnostics -explicit-module-build -module-cache-path /tmp/block-editor-modern-native-input-ios/Build/Intermediates.noindex/SwiftExplicitPrecompiledModules -clang-scanner-module-cache-path /tmp/block-editor-modern-native-input-ios/ModuleCache.noindex -sdk-module-cache-path /tmp/block-editor-modern-native-input-ios/SDKExplicitPrecompiledModules -emit-dependencies -emit-module -emit-module-path /tmp/block-editor-modern-native-input-ios/Build/Intermediates.noindex/BlockEditor.build/Debug-iphonesimulator/BlockEditorApple-t.build/Objects-normal/x86_64/BlockEditorApple.swiftmodule -serialize-diagnostics -dependency-scan-serialize-diagnostics-path /tmp/block-editor-modern-native-input-ios/Build/Intermediates.noindex/BlockEditor.build/Debug-iphonesimulator/BlockEditorApple-t.build/Objects-normal/x86_64/BlockEditorApple-dependency-scan.dia -validate-clang-modules-once -clang-build-session-file /tmp/block-editor-modern-native-input-ios/ModuleCache.noindex/Session.modulevalidation -Xcc -fmodules-prune-interval\=86400 -Xcc -fmodules-prune-after\=345600 -package-name block_editor -emit-const-values -const-gather-protocols-list /tmp/block-editor-modern-native-input-ios/Build/Intermediates.noindex/BlockEditor.build/Debug-iphonesimulator/BlockEditorApple-t.build/Objects-normal/x86_64/BlockEditorApple_const_extract_protocols.json -Xcc -I/tmp/block-editor-modern-native-input-ios/Build/Products/Debug-iphonesimulator/include -Xcc -I/tmp/block-editor-modern-native-input-ios/Build/Intermediates.noindex/BlockEditor.build/Debug-iphonesimulator/BlockEditorApple-t.build/DerivedSources-normal/x86_64 -Xcc -I/tmp/block-editor-modern-native-input-ios/Build/Intermediates.noindex/BlockEditor.build/Debug-iphonesimulator/BlockEditorApple-t.build/DerivedSources/x86_64 -Xcc -I/tmp/block-editor-modern-native-input-ios/Build/Intermediates.noindex/BlockEditor.build/Debug-iphonesimulator/BlockEditorApple-t.build/DerivedSources -Xcc -DSWIFT_PACKAGE -Xcc -DDEBUG\=1 -emit-objc-header -emit-objc-header-path /tmp/block-editor-modern-native-input-ios/Build/Intermediates.noindex/BlockEditor.build/Debug-iphonesimulator/BlockEditorApple-t.build/Objects-normal/x86_64/BlockEditorApple-Swift.h -working-directory /Users/luca/Developer/block-editor/Examples/AppleDemo/EditorLab.xcodeproj -experimental-emit-module-separately -disable-cmo

Copy /tmp/block-editor-modern-native-input-ios/Build/Products/Debug-iphonesimulator/BlockEditorApple.swiftmodule/x86_64-apple-ios-simulator.swiftmodule /tmp/block-editor-modern-native-input-ios/Build/Intermediates.noindex/BlockEditor.build/Debug-iphonesimulator/BlockEditorApple-t.build/Objects-normal/x86_64/BlockEditorApple.swiftmodule (in target 'BlockEditorApple' from project 'BlockEditor')
    cd /Users/luca/Developer/block-editor
    builtin-copy -exclude .DS_Store -exclude CVS -exclude .svn -exclude .git -exclude .hg -resolve-src-symlinks -rename /tmp/block-editor-modern-native-input-ios/Build/Intermediates.noindex/BlockEditor.build/Debug-iphonesimulator/BlockEditorApple-t.build/Objects-normal/x86_64/BlockEditorApple.swiftmodule /tmp/block-editor-modern-native-input-ios/Build/Products/Debug-iphonesimulator/BlockEditorApple.swiftmodule/x86_64-apple-ios-simulator.swiftmodule

Copy /tmp/block-editor-modern-native-input-ios/Build/Products/Debug-iphonesimulator/BlockEditorApple.swiftmodule/x86_64-apple-ios-simulator.swiftdoc /tmp/block-editor-modern-native-input-ios/Build/Intermediates.noindex/BlockEditor.build/Debug-iphonesimulator/BlockEditorApple-t.build/Objects-normal/x86_64/BlockEditorApple.swiftdoc (in target 'BlockEditorApple' from project 'BlockEditor')
    cd /Users/luca/Developer/block-editor
    builtin-copy -exclude .DS_Store -exclude CVS -exclude .svn -exclude .git -exclude .hg -resolve-src-symlinks -rename /tmp/block-editor-modern-native-input-ios/Build/Intermediates.noindex/BlockEditor.build/Debug-iphonesimulator/BlockEditorApple-t.build/Objects-normal/x86_64/BlockEditorApple.swiftdoc /tmp/block-editor-modern-native-input-ios/Build/Products/Debug-iphonesimulator/BlockEditorApple.swiftmodule/x86_64-apple-ios-simulator.swiftdoc

Copy /tmp/block-editor-modern-native-input-ios/Build/Products/Debug-iphonesimulator/BlockEditorApple.swiftmodule/Project/x86_64-apple-ios-simulator.swiftsourceinfo /tmp/block-editor-modern-native-input-ios/Build/Intermediates.noindex/BlockEditor.build/Debug-iphonesimulator/BlockEditorApple-t.build/Objects-normal/x86_64/BlockEditorApple.swiftsourceinfo (in target 'BlockEditorApple' from project 'BlockEditor')
    cd /Users/luca/Developer/block-editor
    builtin-copy -exclude .DS_Store -exclude CVS -exclude .svn -exclude .git -exclude .hg -resolve-src-symlinks -rename /tmp/block-editor-modern-native-input-ios/Build/Intermediates.noindex/BlockEditor.build/Debug-iphonesimulator/BlockEditorApple-t.build/Objects-normal/x86_64/BlockEditorApple.swiftsourceinfo /tmp/block-editor-modern-native-input-ios/Build/Products/Debug-iphonesimulator/BlockEditorApple.swiftmodule/Project/x86_64-apple-ios-simulator.swiftsourceinfo

Copy /tmp/block-editor-modern-native-input-ios/Build/Products/Debug-iphonesimulator/BlockEditorApple.swiftmodule/x86_64-apple-ios-simulator.abi.json /tmp/block-editor-modern-native-input-ios/Build/Intermediates.noindex/BlockEditor.build/Debug-iphonesimulator/BlockEditorApple-t.build/Objects-normal/x86_64/BlockEditorApple.abi.json (in target 'BlockEditorApple' from project 'BlockEditor')
    cd /Users/luca/Developer/block-editor
    builtin-copy -exclude .DS_Store -exclude CVS -exclude .svn -exclude .git -exclude .hg -resolve-src-symlinks -rename /tmp/block-editor-modern-native-input-ios/Build/Intermediates.noindex/BlockEditor.build/Debug-iphonesimulator/BlockEditorApple-t.build/Objects-normal/x86_64/BlockEditorApple.abi.json /tmp/block-editor-modern-native-input-ios/Build/Products/Debug-iphonesimulator/BlockEditorApple.swiftmodule/x86_64-apple-ios-simulator.abi.json

SwiftDriverJobDiscovery normal arm64 Compiling ModernTextInput.swift (in target 'BlockEditorApple' from project 'BlockEditor')

SwiftDriverJobDiscovery normal x86_64 Compiling ModernTextInput.swift (in target 'BlockEditorApple' from project 'BlockEditor')

SwiftDriver\ Compilation BlockEditorApple normal arm64 com.apple.xcode.tools.swift.compiler (in target 'BlockEditorApple' from project 'BlockEditor')
    cd /Users/luca/Developer/block-editor/Examples/AppleDemo/EditorLab.xcodeproj
    builtin-Swift-Compilation -- /Applications/Xcode.app/Contents/Developer/Toolchains/XcodeDefault.xctoolchain/usr/bin/swiftc -parse-as-library -module-name BlockEditorApple -Onone @/tmp/block-editor-modern-native-input-ios/Build/Intermediates.noindex/BlockEditor.build/Debug-iphonesimulator/BlockEditorApple-t.build/Objects-normal/arm64/BlockEditorApple.SwiftFileList -DSWIFT_PACKAGE -DDEBUG -DSWIFT_MODULE_RESOURCE_BUNDLE_UNAVAILABLE -DXcode -plugin-path /Applications/Xcode.app/Contents/Developer/Toolchains/XcodeDefault.xctoolchain/usr/lib/swift/host/plugins/testing -enable-experimental-feature DebugDescriptionMacro -sdk /Applications/Xcode.app/Contents/Developer/Platforms/iPhoneSimulator.platform/Developer/SDKs/iPhoneSimulator27.0.sdk -target arm64-apple-ios26.0-simulator -g -module-cache-path /tmp/block-editor-modern-native-input-ios/ModuleCache.noindex -Xfrontend -serialize-debugging-options -enable-testing -index-store-path /tmp/block-editor-modern-native-input-ios/Index.noindex/DataStore -Xcc -D_LIBCPP_HARDENING_MODE\=_LIBCPP_HARDENING_MODE_DEBUG -swift-version 6 -I /tmp/block-editor-modern-native-input-ios/Build/Products/Debug-iphonesimulator -Isystem /Applications/Xcode.app/Contents/Developer/Platforms/iPhoneSimulator.platform/Developer/usr/lib -F /tmp/block-editor-modern-native-input-ios/Build/Products/Debug-iphonesimulator/PackageFrameworks -F /tmp/block-editor-modern-native-input-ios/Build/Products/Debug-iphonesimulator -F /Applications/Xcode.app/Contents/Developer/Platforms/iPhoneSimulator.platform/Developer/Library/Frameworks -F /Applications/Xcode.app/Contents/Developer/Platforms/iPhoneSimulator.platform/Developer/SDKs/iPhoneSimulator27.0.sdk/Developer/Library/Frameworks -c -j14 -enable-batch-mode -incremental -Xcc -ivfsstatcache -Xcc /tmp/block-editor-modern-native-input-ios/SDKStatCaches.noindex/iphonesimulator27.0-24A430-e829b21a6f8c9b70876ba0858053c0448dc58220667be655e1bcc261a7455254.sdkstatcache -output-file-map /tmp/block-editor-modern-native-input-ios/Build/Intermediates.noindex/BlockEditor.build/Debug-iphonesimulator/BlockEditorApple-t.build/Objects-normal/arm64/BlockEditorApple-OutputFileMap.json -save-temps -no-color-diagnostics -explicit-module-build -module-cache-path /tmp/block-editor-modern-native-input-ios/Build/Intermediates.noindex/SwiftExplicitPrecompiledModules -clang-scanner-module-cache-path /tmp/block-editor-modern-native-input-ios/ModuleCache.noindex -sdk-module-cache-path /tmp/block-editor-modern-native-input-ios/SDKExplicitPrecompiledModules -emit-dependencies -emit-module -emit-module-path /tmp/block-editor-modern-native-input-ios/Build/Intermediates.noindex/BlockEditor.build/Debug-iphonesimulator/BlockEditorApple-t.build/Objects-normal/arm64/BlockEditorApple.swiftmodule -serialize-diagnostics -dependency-scan-serialize-diagnostics-path /tmp/block-editor-modern-native-input-ios/Build/Intermediates.noindex/BlockEditor.build/Debug-iphonesimulator/BlockEditorApple-t.build/Objects-normal/arm64/BlockEditorApple-dependency-scan.dia -validate-clang-modules-once -clang-build-session-file /tmp/block-editor-modern-native-input-ios/ModuleCache.noindex/Session.modulevalidation -Xcc -fmodules-prune-interval\=86400 -Xcc -fmodules-prune-after\=345600 -package-name block_editor -emit-const-values -const-gather-protocols-list /tmp/block-editor-modern-native-input-ios/Build/Intermediates.noindex/BlockEditor.build/Debug-iphonesimulator/BlockEditorApple-t.build/Objects-normal/arm64/BlockEditorApple_const_extract_protocols.json -Xcc -I/tmp/block-editor-modern-native-input-ios/Build/Products/Debug-iphonesimulator/include -Xcc -I/tmp/block-editor-modern-native-input-ios/Build/Intermediates.noindex/BlockEditor.build/Debug-iphonesimulator/BlockEditorApple-t.build/DerivedSources-normal/arm64 -Xcc -I/tmp/block-editor-modern-native-input-ios/Build/Intermediates.noindex/BlockEditor.build/Debug-iphonesimulator/BlockEditorApple-t.build/DerivedSources/arm64 -Xcc -I/tmp/block-editor-modern-native-input-ios/Build/Intermediates.noindex/BlockEditor.build/Debug-iphonesimulator/BlockEditorApple-t.build/DerivedSources -Xcc -DSWIFT_PACKAGE -Xcc -DDEBUG\=1 -emit-objc-header -emit-objc-header-path /tmp/block-editor-modern-native-input-ios/Build/Intermediates.noindex/BlockEditor.build/Debug-iphonesimulator/BlockEditorApple-t.build/Objects-normal/arm64/BlockEditorApple-Swift.h -working-directory /Users/luca/Developer/block-editor/Examples/AppleDemo/EditorLab.xcodeproj -experimental-emit-module-separately -disable-cmo

SwiftDriver\ Compilation BlockEditorApple normal x86_64 com.apple.xcode.tools.swift.compiler (in target 'BlockEditorApple' from project 'BlockEditor')
    cd /Users/luca/Developer/block-editor/Examples/AppleDemo/EditorLab.xcodeproj
    builtin-Swift-Compilation -- /Applications/Xcode.app/Contents/Developer/Toolchains/XcodeDefault.xctoolchain/usr/bin/swiftc -parse-as-library -module-name BlockEditorApple -Onone @/tmp/block-editor-modern-native-input-ios/Build/Intermediates.noindex/BlockEditor.build/Debug-iphonesimulator/BlockEditorApple-t.build/Objects-normal/x86_64/BlockEditorApple.SwiftFileList -DSWIFT_PACKAGE -DDEBUG -DSWIFT_MODULE_RESOURCE_BUNDLE_UNAVAILABLE -DXcode -plugin-path /Applications/Xcode.app/Contents/Developer/Toolchains/XcodeDefault.xctoolchain/usr/lib/swift/host/plugins/testing -enable-experimental-feature DebugDescriptionMacro -sdk /Applications/Xcode.app/Contents/Developer/Platforms/iPhoneSimulator.platform/Developer/SDKs/iPhoneSimulator27.0.sdk -target x86_64-apple-ios26.0-simulator -g -module-cache-path /tmp/block-editor-modern-native-input-ios/ModuleCache.noindex -Xfrontend -serialize-debugging-options -enable-testing -index-store-path /tmp/block-editor-modern-native-input-ios/Index.noindex/DataStore -Xcc -D_LIBCPP_HARDENING_MODE\=_LIBCPP_HARDENING_MODE_DEBUG -swift-version 6 -I /tmp/block-editor-modern-native-input-ios/Build/Products/Debug-iphonesimulator -Isystem /Applications/Xcode.app/Contents/Developer/Platforms/iPhoneSimulator.platform/Developer/usr/lib -F /tmp/block-editor-modern-native-input-ios/Build/Products/Debug-iphonesimulator/PackageFrameworks -F /tmp/block-editor-modern-native-input-ios/Build/Products/Debug-iphonesimulator -F /Applications/Xcode.app/Contents/Developer/Platforms/iPhoneSimulator.platform/Developer/Library/Frameworks -F /Applications/Xcode.app/Contents/Developer/Platforms/iPhoneSimulator.platform/Developer/SDKs/iPhoneSimulator27.0.sdk/Developer/Library/Frameworks -c -j14 -enable-batch-mode -incremental -Xcc -ivfsstatcache -Xcc /tmp/block-editor-modern-native-input-ios/SDKStatCaches.noindex/iphonesimulator27.0-24A430-e829b21a6f8c9b70876ba0858053c0448dc58220667be655e1bcc261a7455254.sdkstatcache -output-file-map /tmp/block-editor-modern-native-input-ios/Build/Intermediates.noindex/BlockEditor.build/Debug-iphonesimulator/BlockEditorApple-t.build/Objects-normal/x86_64/BlockEditorApple-OutputFileMap.json -save-temps -no-color-diagnostics -explicit-module-build -module-cache-path /tmp/block-editor-modern-native-input-ios/Build/Intermediates.noindex/SwiftExplicitPrecompiledModules -clang-scanner-module-cache-path /tmp/block-editor-modern-native-input-ios/ModuleCache.noindex -sdk-module-cache-path /tmp/block-editor-modern-native-input-ios/SDKExplicitPrecompiledModules -emit-dependencies -emit-module -emit-module-path /tmp/block-editor-modern-native-input-ios/Build/Intermediates.noindex/BlockEditor.build/Debug-iphonesimulator/BlockEditorApple-t.build/Objects-normal/x86_64/BlockEditorApple.swiftmodule -serialize-diagnostics -dependency-scan-serialize-diagnostics-path /tmp/block-editor-modern-native-input-ios/Build/Intermediates.noindex/BlockEditor.build/Debug-iphonesimulator/BlockEditorApple-t.build/Objects-normal/x86_64/BlockEditorApple-dependency-scan.dia -validate-clang-modules-once -clang-build-session-file /tmp/block-editor-modern-native-input-ios/ModuleCache.noindex/Session.modulevalidation -Xcc -fmodules-prune-interval\=86400 -Xcc -fmodules-prune-after\=345600 -package-name block_editor -emit-const-values -const-gather-protocols-list /tmp/block-editor-modern-native-input-ios/Build/Intermediates.noindex/BlockEditor.build/Debug-iphonesimulator/BlockEditorApple-t.build/Objects-normal/x86_64/BlockEditorApple_const_extract_protocols.json -Xcc -I/tmp/block-editor-modern-native-input-ios/Build/Products/Debug-iphonesimulator/include -Xcc -I/tmp/block-editor-modern-native-input-ios/Build/Intermediates.noindex/BlockEditor.build/Debug-iphonesimulator/BlockEditorApple-t.build/DerivedSources-normal/x86_64 -Xcc -I/tmp/block-editor-modern-native-input-ios/Build/Intermediates.noindex/BlockEditor.build/Debug-iphonesimulator/BlockEditorApple-t.build/DerivedSources/x86_64 -Xcc -I/tmp/block-editor-modern-native-input-ios/Build/Intermediates.noindex/BlockEditor.build/Debug-iphonesimulator/BlockEditorApple-t.build/DerivedSources -Xcc -DSWIFT_PACKAGE -Xcc -DDEBUG\=1 -emit-objc-header -emit-objc-header-path /tmp/block-editor-modern-native-input-ios/Build/Intermediates.noindex/BlockEditor.build/Debug-iphonesimulator/BlockEditorApple-t.build/Objects-normal/x86_64/BlockEditorApple-Swift.h -working-directory /Users/luca/Developer/block-editor/Examples/AppleDemo/EditorLab.xcodeproj -experimental-emit-module-separately -disable-cmo

Ld /tmp/block-editor-modern-native-input-ios/Build/Intermediates.noindex/BlockEditor.build/Debug-iphonesimulator/BlockEditorApple-t.build/Objects-normal/arm64/Binary/BlockEditorApple.o normal arm64 (in target 'BlockEditorApple' from project 'BlockEditor')
    cd /Users/luca/Developer/block-editor
    /Applications/Xcode.app/Contents/Developer/Toolchains/XcodeDefault.xctoolchain/usr/bin/clang -Xlinker -reproducible -target arm64-apple-ios26.0-simulator -r -isysroot /Applications/Xcode.app/Contents/Developer/Platforms/iPhoneSimulator.platform/Developer/SDKs/iPhoneSimulator27.0.sdk -O0 -Xlinker -no_warn_duplicate_libraries -F/tmp/block-editor-modern-native-input-ios/Build/Intermediates.noindex/EagerLinkingTBDs/Debug-iphonesimulator -F/tmp/block-editor-modern-native-input-ios/Build/Products/Debug-iphonesimulator/PackageFrameworks -F/tmp/block-editor-modern-native-input-ios/Build/Products/Debug-iphonesimulator -iframework /Applications/Xcode.app/Contents/Developer/Platforms/iPhoneSimulator.platform/Developer/Library/Frameworks -iframework /Applications/Xcode.app/Contents/Developer/Platforms/iPhoneSimulator.platform/Developer/SDKs/iPhoneSimulator27.0.sdk/Developer/Library/Frameworks -filelist /tmp/block-editor-modern-native-input-ios/Build/Intermediates.noindex/BlockEditor.build/Debug-iphonesimulator/BlockEditorApple-t.build/Objects-normal/arm64/BlockEditorApple.LinkFileList -nostdlib -Xlinker -object_path_lto -Xlinker /tmp/block-editor-modern-native-input-ios/Build/Intermediates.noindex/BlockEditor.build/Debug-iphonesimulator/BlockEditorApple-t.build/Objects-normal/arm64/BlockEditorApple_lto.o -Xlinker -no_deduplicate -Xlinker -objc_abi_version -Xlinker 2 -Xlinker -dependency_info -Xlinker /tmp/block-editor-modern-native-input-ios/Build/Intermediates.noindex/BlockEditor.build/Debug-iphonesimulator/BlockEditorApple-t.build/Objects-normal/arm64/BlockEditorApple_dependency_info.dat -fobjc-link-runtime -L/Applications/Xcode.app/Contents/Developer/Toolchains/XcodeDefault.xctoolchain/usr/lib/swift/iphonesimulator -L/usr/lib/swift -Xlinker -add_ast_path -Xlinker /tmp/block-editor-modern-native-input-ios/Build/Intermediates.noindex/BlockEditor.build/Debug-iphonesimulator/BlockEditorApple-t.build/Objects-normal/arm64/BlockEditorApple.swiftmodule -o /tmp/block-editor-modern-native-input-ios/Build/Intermediates.noindex/BlockEditor.build/Debug-iphonesimulator/BlockEditorApple-t.build/Objects-normal/arm64/Binary/BlockEditorApple.o

Ld /tmp/block-editor-modern-native-input-ios/Build/Intermediates.noindex/BlockEditor.build/Debug-iphonesimulator/BlockEditorApple-t.build/Objects-normal/x86_64/Binary/BlockEditorApple.o normal x86_64 (in target 'BlockEditorApple' from project 'BlockEditor')
    cd /Users/luca/Developer/block-editor
    /Applications/Xcode.app/Contents/Developer/Toolchains/XcodeDefault.xctoolchain/usr/bin/clang -Xlinker -reproducible -target x86_64-apple-ios26.0-simulator -r -isysroot /Applications/Xcode.app/Contents/Developer/Platforms/iPhoneSimulator.platform/Developer/SDKs/iPhoneSimulator27.0.sdk -O0 -Xlinker -no_warn_duplicate_libraries -F/tmp/block-editor-modern-native-input-ios/Build/Intermediates.noindex/EagerLinkingTBDs/Debug-iphonesimulator -F/tmp/block-editor-modern-native-input-ios/Build/Products/Debug-iphonesimulator/PackageFrameworks -F/tmp/block-editor-modern-native-input-ios/Build/Products/Debug-iphonesimulator -iframework /Applications/Xcode.app/Contents/Developer/Platforms/iPhoneSimulator.platform/Developer/Library/Frameworks -iframework /Applications/Xcode.app/Contents/Developer/Platforms/iPhoneSimulator.platform/Developer/SDKs/iPhoneSimulator27.0.sdk/Developer/Library/Frameworks -filelist /tmp/block-editor-modern-native-input-ios/Build/Intermediates.noindex/BlockEditor.build/Debug-iphonesimulator/BlockEditorApple-t.build/Objects-normal/x86_64/BlockEditorApple.LinkFileList -nostdlib -Xlinker -object_path_lto -Xlinker /tmp/block-editor-modern-native-input-ios/Build/Intermediates.noindex/BlockEditor.build/Debug-iphonesimulator/BlockEditorApple-t.build/Objects-normal/x86_64/BlockEditorApple_lto.o -Xlinker -no_deduplicate -Xlinker -objc_abi_version -Xlinker 2 -Xlinker -dependency_info -Xlinker /tmp/block-editor-modern-native-input-ios/Build/Intermediates.noindex/BlockEditor.build/Debug-iphonesimulator/BlockEditorApple-t.build/Objects-normal/x86_64/BlockEditorApple_dependency_info.dat -fobjc-link-runtime -L/Applications/Xcode.app/Contents/Developer/Toolchains/XcodeDefault.xctoolchain/usr/lib/swift/iphonesimulator -L/usr/lib/swift -Xlinker -add_ast_path -Xlinker /tmp/block-editor-modern-native-input-ios/Build/Intermediates.noindex/BlockEditor.build/Debug-iphonesimulator/BlockEditorApple-t.build/Objects-normal/x86_64/BlockEditorApple.swiftmodule -o /tmp/block-editor-modern-native-input-ios/Build/Intermediates.noindex/BlockEditor.build/Debug-iphonesimulator/BlockEditorApple-t.build/Objects-normal/x86_64/Binary/BlockEditorApple.o

CreateUniversalBinary /tmp/block-editor-modern-native-input-ios/Build/Products/Debug-iphonesimulator/BlockEditorApple.o normal arm64\ x86_64 (in target 'BlockEditorApple' from project 'BlockEditor')
    cd /Users/luca/Developer/block-editor
    /Applications/Xcode.app/Contents/Developer/Toolchains/XcodeDefault.xctoolchain/usr/bin/lipo -create /tmp/block-editor-modern-native-input-ios/Build/Intermediates.noindex/BlockEditor.build/Debug-iphonesimulator/BlockEditorApple-t.build/Objects-normal/arm64/Binary/BlockEditorApple.o /tmp/block-editor-modern-native-input-ios/Build/Intermediates.noindex/BlockEditor.build/Debug-iphonesimulator/BlockEditorApple-t.build/Objects-normal/x86_64/Binary/BlockEditorApple.o -output /tmp/block-editor-modern-native-input-ios/Build/Products/Debug-iphonesimulator/BlockEditorApple.o

ExtractAppIntentsMetadata (in target 'BlockEditorApple' from project 'BlockEditor')
    cd /Users/luca/Developer/block-editor
    /Applications/Xcode.app/Contents/Developer/Toolchains/XcodeDefault.xctoolchain/usr/bin/appintentsmetadataprocessor --toolchain-dir /var/run/com.apple.security.cryptexd/mnt/com.apple.MobileAsset.MetalToolchain-v27.1.266.1.aQZs6I/Metal.xctoolchain --module-name BlockEditorApple --sdk-root /Applications/Xcode.app/Contents/Developer/Platforms/iPhoneSimulator.platform/Developer/SDKs/iPhoneSimulator27.0.sdk --xcode-version 27A266a --platform-family iOS --deployment-target 26.0 --bundle-identifier block-editor.BlockEditorApple --output /tmp/block-editor-modern-native-input-ios/Build/Products/Debug-iphonesimulator/BlockEditorApple.appintents --target-triple arm64-apple-ios26.0-simulator --target-triple x86_64-apple-ios26.0-simulator --binary-file /tmp/block-editor-modern-native-input-ios/Build/Products/Debug-iphonesimulator/BlockEditorApple.o --dependency-file /tmp/block-editor-modern-native-input-ios/Build/Intermediates.noindex/BlockEditor.build/Debug-iphonesimulator/BlockEditorApple-t.build/Objects-normal/arm64/BlockEditorApple_dependency_info.dat --dependency-file /tmp/block-editor-modern-native-input-ios/Build/Intermediates.noindex/BlockEditor.build/Debug-iphonesimulator/BlockEditorApple-t.build/Objects-normal/x86_64/BlockEditorApple_dependency_info.dat --stringsdata-file /tmp/block-editor-modern-native-input-ios/Build/Intermediates.noindex/BlockEditor.build/Debug-iphonesimulator/BlockEditorApple-t.build/Objects-normal/arm64/ExtractedAppShortcutsMetadata.stringsdata --stringsdata-file /tmp/block-editor-modern-native-input-ios/Build/Intermediates.noindex/BlockEditor.build/Debug-iphonesimulator/BlockEditorApple-t.build/Objects-normal/x86_64/ExtractedAppShortcutsMetadata.stringsdata --source-file-list /tmp/block-editor-modern-native-input-ios/Build/Intermediates.noindex/BlockEditor.build/Debug-iphonesimulator/BlockEditorApple-t.build/Objects-normal/arm64/BlockEditorApple.SwiftFileList --source-file-list /tmp/block-editor-modern-native-input-ios/Build/Intermediates.noindex/BlockEditor.build/Debug-iphonesimulator/BlockEditorApple-t.build/Objects-normal/x86_64/BlockEditorApple.SwiftFileList --metadata-file-list /tmp/block-editor-modern-native-input-ios/Build/Intermediates.noindex/BlockEditor.build/Debug-iphonesimulator/BlockEditorApple-t.build/BlockEditorApple.DependencyMetadataFileList --static-metadata-file-list /tmp/block-editor-modern-native-input-ios/Build/Intermediates.noindex/BlockEditor.build/Debug-iphonesimulator/BlockEditorApple-t.build/BlockEditorApple.DependencyStaticMetadataFileList --swift-const-vals-list /tmp/block-editor-modern-native-input-ios/Build/Intermediates.noindex/BlockEditor.build/Debug-iphonesimulator/BlockEditorApple-t.build/Objects-normal/arm64/BlockEditorApple.SwiftConstValuesFileList --swift-const-vals-list /tmp/block-editor-modern-native-input-ios/Build/Intermediates.noindex/BlockEditor.build/Debug-iphonesimulator/BlockEditorApple-t.build/Objects-normal/x86_64/BlockEditorApple.SwiftConstValuesFileList --force --compile-time-extraction --deployment-aware-processing --no-app-shortcuts-localization
2026-10-05 23:44:07.969 appintentsmetadataprocessor[39937:18156209] Starting appintentsmetadataprocessor export
2026-10-05 23:44:08.007 appintentsmetadataprocessor[39937:18156209] Extracted no relevant App Intents symbols, skipping writing output

SwiftDriver BlockEditorDemoApple normal arm64 com.apple.xcode.tools.swift.compiler (in target 'BlockEditorDemoApple' from project 'BlockEditor')
    cd /Users/luca/Developer/block-editor/Examples/AppleDemo/EditorLab.xcodeproj
    builtin-SwiftDriver -- /Applications/Xcode.app/Contents/Developer/Toolchains/XcodeDefault.xctoolchain/usr/bin/swiftc -parse-as-library -module-name BlockEditorDemoApple -Onone @/tmp/block-editor-modern-native-input-ios/Build/Intermediates.noindex/BlockEditor.build/Debug-iphonesimulator/BlockEditorDemoApple-t.build/Objects-normal/arm64/BlockEditorDemoApple.SwiftFileList -DSWIFT_PACKAGE -DDEBUG -DSWIFT_MODULE_RESOURCE_BUNDLE_UNAVAILABLE -DXcode -plugin-path /Applications/Xcode.app/Contents/Developer/Toolchains/XcodeDefault.xctoolchain/usr/lib/swift/host/plugins/testing -enable-experimental-feature DebugDescriptionMacro -sdk /Applications/Xcode.app/Contents/Developer/Platforms/iPhoneSimulator.platform/Developer/SDKs/iPhoneSimulator27.0.sdk -target arm64-apple-ios26.0-simulator -g -module-cache-path /tmp/block-editor-modern-native-input-ios/ModuleCache.noindex -Xfrontend -serialize-debugging-options -enable-testing -index-store-path /tmp/block-editor-modern-native-input-ios/Index.noindex/DataStore -Xcc -D_LIBCPP_HARDENING_MODE\=_LIBCPP_HARDENING_MODE_DEBUG -swift-version 6 -I /tmp/block-editor-modern-native-input-ios/Build/Products/Debug-iphonesimulator -Isystem /Applications/Xcode.app/Contents/Developer/Platforms/iPhoneSimulator.platform/Developer/usr/lib -F /tmp/block-editor-modern-native-input-ios/Build/Products/Debug-iphonesimulator/PackageFrameworks -F /tmp/block-editor-modern-native-input-ios/Build/Products/Debug-iphonesimulator -F /Applications/Xcode.app/Contents/Developer/Platforms/iPhoneSimulator.platform/Developer/Library/Frameworks -F /Applications/Xcode.app/Contents/Developer/Platforms/iPhoneSimulator.platform/Developer/SDKs/iPhoneSimulator27.0.sdk/Developer/Library/Frameworks -c -j14 -enable-batch-mode -incremental -Xcc -ivfsstatcache -Xcc /tmp/block-editor-modern-native-input-ios/SDKStatCaches.noindex/iphonesimulator27.0-24A430-e829b21a6f8c9b70876ba0858053c0448dc58220667be655e1bcc261a7455254.sdkstatcache -output-file-map /tmp/block-editor-modern-native-input-ios/Build/Intermediates.noindex/BlockEditor.build/Debug-iphonesimulator/BlockEditorDemoApple-t.build/Objects-normal/arm64/BlockEditorDemoApple-OutputFileMap.json -save-temps -no-color-diagnostics -explicit-module-build -module-cache-path /tmp/block-editor-modern-native-input-ios/Build/Intermediates.noindex/SwiftExplicitPrecompiledModules -clang-scanner-module-cache-path /tmp/block-editor-modern-native-input-ios/ModuleCache.noindex -sdk-module-cache-path /tmp/block-editor-modern-native-input-ios/SDKExplicitPrecompiledModules -emit-dependencies -emit-module -emit-module-path /tmp/block-editor-modern-native-input-ios/Build/Intermediates.noindex/BlockEditor.build/Debug-iphonesimulator/BlockEditorDemoApple-t.build/Objects-normal/arm64/BlockEditorDemoApple.swiftmodule -serialize-diagnostics -dependency-scan-serialize-diagnostics-path /tmp/block-editor-modern-native-input-ios/Build/Intermediates.noindex/BlockEditor.build/Debug-iphonesimulator/BlockEditorDemoApple-t.build/Objects-normal/arm64/BlockEditorDemoApple-dependency-scan.dia -validate-clang-modules-once -clang-build-session-file /tmp/block-editor-modern-native-input-ios/ModuleCache.noindex/Session.modulevalidation -Xcc -fmodules-prune-interval\=86400 -Xcc -fmodules-prune-after\=345600 -package-name block_editor -emit-const-values -const-gather-protocols-list /tmp/block-editor-modern-native-input-ios/Build/Intermediates.noindex/BlockEditor.build/Debug-iphonesimulator/BlockEditorDemoApple-t.build/Objects-normal/arm64/BlockEditorDemoApple_const_extract_protocols.json -Xcc -I/tmp/block-editor-modern-native-input-ios/Build/Products/Debug-iphonesimulator/include -Xcc -I/tmp/block-editor-modern-native-input-ios/Build/Intermediates.noindex/BlockEditor.build/Debug-iphonesimulator/BlockEditorDemoApple-t.build/DerivedSources-normal/arm64 -Xcc -I/tmp/block-editor-modern-native-input-ios/Build/Intermediates.noindex/BlockEditor.build/Debug-iphonesimulator/BlockEditorDemoApple-t.build/DerivedSources/arm64 -Xcc -I/tmp/block-editor-modern-native-input-ios/Build/Intermediates.noindex/BlockEditor.build/Debug-iphonesimulator/BlockEditorDemoApple-t.build/DerivedSources -Xcc -DSWIFT_PACKAGE -Xcc -DDEBUG\=1 -emit-objc-header -emit-objc-header-path /tmp/block-editor-modern-native-input-ios/Build/Intermediates.noindex/BlockEditor.build/Debug-iphonesimulator/BlockEditorDemoApple-t.build/Objects-normal/arm64/BlockEditorDemoApple-Swift.h -working-directory /Users/luca/Developer/block-editor/Examples/AppleDemo/EditorLab.xcodeproj -experimental-emit-module-separately -disable-cmo

SwiftEmitModule normal arm64 Emitting\ module\ for\ BlockEditorDemoApple (in target 'BlockEditorDemoApple' from project 'BlockEditor')

SwiftCompile normal arm64 (in target 'BlockEditorDemoApple' from project 'BlockEditor')
    cd /Users/luca/Developer/block-editor/Examples/AppleDemo/EditorLab.xcodeproj
    

SwiftCompile normal arm64 Compiling\ MergeRecoveryView.swift /Users/luca/Developer/block-editor/Sources/BlockEditorDemoApple/MergeRecoveryView.swift (in target 'BlockEditorDemoApple' from project 'BlockEditor')

SwiftCompile normal arm64 /Users/luca/Developer/block-editor/Sources/BlockEditorDemoApple/MergeRecoveryView.swift (in target 'BlockEditorDemoApple' from project 'BlockEditor')
    cd /Users/luca/Developer/block-editor/Examples/AppleDemo/EditorLab.xcodeproj
    builtin-SwiftPerFileCompile MergeRecoveryView.swift

SwiftCompile normal arm64 Compiling\ LocalRelayDemoView.swift /Users/luca/Developer/block-editor/Sources/BlockEditorDemoApple/LocalRelayDemoView.swift (in target 'BlockEditorDemoApple' from project 'BlockEditor')

SwiftCompile normal arm64 /Users/luca/Developer/block-editor/Sources/BlockEditorDemoApple/LocalRelayDemoView.swift (in target 'BlockEditorDemoApple' from project 'BlockEditor')
    cd /Users/luca/Developer/block-editor/Examples/AppleDemo/EditorLab.xcodeproj
    builtin-SwiftPerFileCompile LocalRelayDemoView.swift

SwiftCompile normal arm64 Compiling\ LocalEditorDemoView.swift /Users/luca/Developer/block-editor/Sources/BlockEditorDemoApple/LocalEditorDemoView.swift (in target 'BlockEditorDemoApple' from project 'BlockEditor')

SwiftCompile normal arm64 /Users/luca/Developer/block-editor/Sources/BlockEditorDemoApple/LocalEditorDemoView.swift (in target 'BlockEditorDemoApple' from project 'BlockEditor')
    cd /Users/luca/Developer/block-editor/Examples/AppleDemo/EditorLab.xcodeproj
    builtin-SwiftPerFileCompile LocalEditorDemoView.swift

SwiftDriverJobDiscovery normal arm64 Compiling MergeRecoveryView.swift (in target 'BlockEditorDemoApple' from project 'BlockEditor')

SwiftDriverJobDiscovery normal arm64 Emitting module for BlockEditorDemoApple (in target 'BlockEditorDemoApple' from project 'BlockEditor')

SwiftDriver\ Compilation\ Requirements BlockEditorDemoApple normal arm64 com.apple.xcode.tools.swift.compiler (in target 'BlockEditorDemoApple' from project 'BlockEditor')
    cd /Users/luca/Developer/block-editor/Examples/AppleDemo/EditorLab.xcodeproj
    builtin-Swift-Compilation-Requirements -- /Applications/Xcode.app/Contents/Developer/Toolchains/XcodeDefault.xctoolchain/usr/bin/swiftc -parse-as-library -module-name BlockEditorDemoApple -Onone @/tmp/block-editor-modern-native-input-ios/Build/Intermediates.noindex/BlockEditor.build/Debug-iphonesimulator/BlockEditorDemoApple-t.build/Objects-normal/arm64/BlockEditorDemoApple.SwiftFileList -DSWIFT_PACKAGE -DDEBUG -DSWIFT_MODULE_RESOURCE_BUNDLE_UNAVAILABLE -DXcode -plugin-path /Applications/Xcode.app/Contents/Developer/Toolchains/XcodeDefault.xctoolchain/usr/lib/swift/host/plugins/testing -enable-experimental-feature DebugDescriptionMacro -sdk /Applications/Xcode.app/Contents/Developer/Platforms/iPhoneSimulator.platform/Developer/SDKs/iPhoneSimulator27.0.sdk -target arm64-apple-ios26.0-simulator -g -module-cache-path /tmp/block-editor-modern-native-input-ios/ModuleCache.noindex -Xfrontend -serialize-debugging-options -enable-testing -index-store-path /tmp/block-editor-modern-native-input-ios/Index.noindex/DataStore -Xcc -D_LIBCPP_HARDENING_MODE\=_LIBCPP_HARDENING_MODE_DEBUG -swift-version 6 -I /tmp/block-editor-modern-native-input-ios/Build/Products/Debug-iphonesimulator -Isystem /Applications/Xcode.app/Contents/Developer/Platforms/iPhoneSimulator.platform/Developer/usr/lib -F /tmp/block-editor-modern-native-input-ios/Build/Products/Debug-iphonesimulator/PackageFrameworks -F /tmp/block-editor-modern-native-input-ios/Build/Products/Debug-iphonesimulator -F /Applications/Xcode.app/Contents/Developer/Platforms/iPhoneSimulator.platform/Developer/Library/Frameworks -F /Applications/Xcode.app/Contents/Developer/Platforms/iPhoneSimulator.platform/Developer/SDKs/iPhoneSimulator27.0.sdk/Developer/Library/Frameworks -c -j14 -enable-batch-mode -incremental -Xcc -ivfsstatcache -Xcc /tmp/block-editor-modern-native-input-ios/SDKStatCaches.noindex/iphonesimulator27.0-24A430-e829b21a6f8c9b70876ba0858053c0448dc58220667be655e1bcc261a7455254.sdkstatcache -output-file-map /tmp/block-editor-modern-native-input-ios/Build/Intermediates.noindex/BlockEditor.build/Debug-iphonesimulator/BlockEditorDemoApple-t.build/Objects-normal/arm64/BlockEditorDemoApple-OutputFileMap.json -save-temps -no-color-diagnostics -explicit-module-build -module-cache-path /tmp/block-editor-modern-native-input-ios/Build/Intermediates.noindex/SwiftExplicitPrecompiledModules -clang-scanner-module-cache-path /tmp/block-editor-modern-native-input-ios/ModuleCache.noindex -sdk-module-cache-path /tmp/block-editor-modern-native-input-ios/SDKExplicitPrecompiledModules -emit-dependencies -emit-module -emit-module-path /tmp/block-editor-modern-native-input-ios/Build/Intermediates.noindex/BlockEditor.build/Debug-iphonesimulator/BlockEditorDemoApple-t.build/Objects-normal/arm64/BlockEditorDemoApple.swiftmodule -serialize-diagnostics -dependency-scan-serialize-diagnostics-path /tmp/block-editor-modern-native-input-ios/Build/Intermediates.noindex/BlockEditor.build/Debug-iphonesimulator/BlockEditorDemoApple-t.build/Objects-normal/arm64/BlockEditorDemoApple-dependency-scan.dia -validate-clang-modules-once -clang-build-session-file /tmp/block-editor-modern-native-input-ios/ModuleCache.noindex/Session.modulevalidation -Xcc -fmodules-prune-interval\=86400 -Xcc -fmodules-prune-after\=345600 -package-name block_editor -emit-const-values -const-gather-protocols-list /tmp/block-editor-modern-native-input-ios/Build/Intermediates.noindex/BlockEditor.build/Debug-iphonesimulator/BlockEditorDemoApple-t.build/Objects-normal/arm64/BlockEditorDemoApple_const_extract_protocols.json -Xcc -I/tmp/block-editor-modern-native-input-ios/Build/Products/Debug-iphonesimulator/include -Xcc -I/tmp/block-editor-modern-native-input-ios/Build/Intermediates.noindex/BlockEditor.build/Debug-iphonesimulator/BlockEditorDemoApple-t.build/DerivedSources-normal/arm64 -Xcc -I/tmp/block-editor-modern-native-input-ios/Build/Intermediates.noindex/BlockEditor.build/Debug-iphonesimulator/BlockEditorDemoApple-t.build/DerivedSources/arm64 -Xcc -I/tmp/block-editor-modern-native-input-ios/Build/Intermediates.noindex/BlockEditor.build/Debug-iphonesimulator/BlockEditorDemoApple-t.build/DerivedSources -Xcc -DSWIFT_PACKAGE -Xcc -DDEBUG\=1 -emit-objc-header -emit-objc-header-path /tmp/block-editor-modern-native-input-ios/Build/Intermediates.noindex/BlockEditor.build/Debug-iphonesimulator/BlockEditorDemoApple-t.build/Objects-normal/arm64/BlockEditorDemoApple-Swift.h -working-directory /Users/luca/Developer/block-editor/Examples/AppleDemo/EditorLab.xcodeproj -experimental-emit-module-separately -disable-cmo

SwiftDriver BlockEditorDemoApple normal x86_64 com.apple.xcode.tools.swift.compiler (in target 'BlockEditorDemoApple' from project 'BlockEditor')
    cd /Users/luca/Developer/block-editor/Examples/AppleDemo/EditorLab.xcodeproj
    builtin-SwiftDriver -- /Applications/Xcode.app/Contents/Developer/Toolchains/XcodeDefault.xctoolchain/usr/bin/swiftc -parse-as-library -module-name BlockEditorDemoApple -Onone @/tmp/block-editor-modern-native-input-ios/Build/Intermediates.noindex/BlockEditor.build/Debug-iphonesimulator/BlockEditorDemoApple-t.build/Objects-normal/x86_64/BlockEditorDemoApple.SwiftFileList -DSWIFT_PACKAGE -DDEBUG -DSWIFT_MODULE_RESOURCE_BUNDLE_UNAVAILABLE -DXcode -plugin-path /Applications/Xcode.app/Contents/Developer/Toolchains/XcodeDefault.xctoolchain/usr/lib/swift/host/plugins/testing -enable-experimental-feature DebugDescriptionMacro -sdk /Applications/Xcode.app/Contents/Developer/Platforms/iPhoneSimulator.platform/Developer/SDKs/iPhoneSimulator27.0.sdk -target x86_64-apple-ios26.0-simulator -g -module-cache-path /tmp/block-editor-modern-native-input-ios/ModuleCache.noindex -Xfrontend -serialize-debugging-options -enable-testing -index-store-path /tmp/block-editor-modern-native-input-ios/Index.noindex/DataStore -Xcc -D_LIBCPP_HARDENING_MODE\=_LIBCPP_HARDENING_MODE_DEBUG -swift-version 6 -I /tmp/block-editor-modern-native-input-ios/Build/Products/Debug-iphonesimulator -Isystem /Applications/Xcode.app/Contents/Developer/Platforms/iPhoneSimulator.platform/Developer/usr/lib -F /tmp/block-editor-modern-native-input-ios/Build/Products/Debug-iphonesimulator/PackageFrameworks -F /tmp/block-editor-modern-native-input-ios/Build/Products/Debug-iphonesimulator -F /Applications/Xcode.app/Contents/Developer/Platforms/iPhoneSimulator.platform/Developer/Library/Frameworks -F /Applications/Xcode.app/Contents/Developer/Platforms/iPhoneSimulator.platform/Developer/SDKs/iPhoneSimulator27.0.sdk/Developer/Library/Frameworks -c -j14 -enable-batch-mode -incremental -Xcc -ivfsstatcache -Xcc /tmp/block-editor-modern-native-input-ios/SDKStatCaches.noindex/iphonesimulator27.0-24A430-e829b21a6f8c9b70876ba0858053c0448dc58220667be655e1bcc261a7455254.sdkstatcache -output-file-map /tmp/block-editor-modern-native-input-ios/Build/Intermediates.noindex/BlockEditor.build/Debug-iphonesimulator/BlockEditorDemoApple-t.build/Objects-normal/x86_64/BlockEditorDemoApple-OutputFileMap.json -save-temps -no-color-diagnostics -explicit-module-build -module-cache-path /tmp/block-editor-modern-native-input-ios/Build/Intermediates.noindex/SwiftExplicitPrecompiledModules -clang-scanner-module-cache-path /tmp/block-editor-modern-native-input-ios/ModuleCache.noindex -sdk-module-cache-path /tmp/block-editor-modern-native-input-ios/SDKExplicitPrecompiledModules -emit-dependencies -emit-module -emit-module-path /tmp/block-editor-modern-native-input-ios/Build/Intermediates.noindex/BlockEditor.build/Debug-iphonesimulator/BlockEditorDemoApple-t.build/Objects-normal/x86_64/BlockEditorDemoApple.swiftmodule -serialize-diagnostics -dependency-scan-serialize-diagnostics-path /tmp/block-editor-modern-native-input-ios/Build/Intermediates.noindex/BlockEditor.build/Debug-iphonesimulator/BlockEditorDemoApple-t.build/Objects-normal/x86_64/BlockEditorDemoApple-dependency-scan.dia -validate-clang-modules-once -clang-build-session-file /tmp/block-editor-modern-native-input-ios/ModuleCache.noindex/Session.modulevalidation -Xcc -fmodules-prune-interval\=86400 -Xcc -fmodules-prune-after\=345600 -package-name block_editor -emit-const-values -const-gather-protocols-list /tmp/block-editor-modern-native-input-ios/Build/Intermediates.noindex/BlockEditor.build/Debug-iphonesimulator/BlockEditorDemoApple-t.build/Objects-normal/x86_64/BlockEditorDemoApple_const_extract_protocols.json -Xcc -I/tmp/block-editor-modern-native-input-ios/Build/Products/Debug-iphonesimulator/include -Xcc -I/tmp/block-editor-modern-native-input-ios/Build/Intermediates.noindex/BlockEditor.build/Debug-iphonesimulator/BlockEditorDemoApple-t.build/DerivedSources-normal/x86_64 -Xcc -I/tmp/block-editor-modern-native-input-ios/Build/Intermediates.noindex/BlockEditor.build/Debug-iphonesimulator/BlockEditorDemoApple-t.build/DerivedSources/x86_64 -Xcc -I/tmp/block-editor-modern-native-input-ios/Build/Intermediates.noindex/BlockEditor.build/Debug-iphonesimulator/BlockEditorDemoApple-t.build/DerivedSources -Xcc -DSWIFT_PACKAGE -Xcc -DDEBUG\=1 -emit-objc-header -emit-objc-header-path /tmp/block-editor-modern-native-input-ios/Build/Intermediates.noindex/BlockEditor.build/Debug-iphonesimulator/BlockEditorDemoApple-t.build/Objects-normal/x86_64/BlockEditorDemoApple-Swift.h -working-directory /Users/luca/Developer/block-editor/Examples/AppleDemo/EditorLab.xcodeproj -experimental-emit-module-separately -disable-cmo

SwiftDriverJobDiscovery normal arm64 Compiling LocalEditorDemoView.swift (in target 'BlockEditorDemoApple' from project 'BlockEditor')

SwiftEmitModule normal x86_64 Emitting\ module\ for\ BlockEditorDemoApple (in target 'BlockEditorDemoApple' from project 'BlockEditor')

SwiftCompile normal x86_64 (in target 'BlockEditorDemoApple' from project 'BlockEditor')
    cd /Users/luca/Developer/block-editor/Examples/AppleDemo/EditorLab.xcodeproj
    

SwiftDriverJobDiscovery normal arm64 Compiling LocalRelayDemoView.swift (in target 'BlockEditorDemoApple' from project 'BlockEditor')

SwiftDriver\ Compilation BlockEditorDemoApple normal arm64 com.apple.xcode.tools.swift.compiler (in target 'BlockEditorDemoApple' from project 'BlockEditor')
    cd /Users/luca/Developer/block-editor/Examples/AppleDemo/EditorLab.xcodeproj
    builtin-Swift-Compilation -- /Applications/Xcode.app/Contents/Developer/Toolchains/XcodeDefault.xctoolchain/usr/bin/swiftc -parse-as-library -module-name BlockEditorDemoApple -Onone @/tmp/block-editor-modern-native-input-ios/Build/Intermediates.noindex/BlockEditor.build/Debug-iphonesimulator/BlockEditorDemoApple-t.build/Objects-normal/arm64/BlockEditorDemoApple.SwiftFileList -DSWIFT_PACKAGE -DDEBUG -DSWIFT_MODULE_RESOURCE_BUNDLE_UNAVAILABLE -DXcode -plugin-path /Applications/Xcode.app/Contents/Developer/Toolchains/XcodeDefault.xctoolchain/usr/lib/swift/host/plugins/testing -enable-experimental-feature DebugDescriptionMacro -sdk /Applications/Xcode.app/Contents/Developer/Platforms/iPhoneSimulator.platform/Developer/SDKs/iPhoneSimulator27.0.sdk -target arm64-apple-ios26.0-simulator -g -module-cache-path /tmp/block-editor-modern-native-input-ios/ModuleCache.noindex -Xfrontend -serialize-debugging-options -enable-testing -index-store-path /tmp/block-editor-modern-native-input-ios/Index.noindex/DataStore -Xcc -D_LIBCPP_HARDENING_MODE\=_LIBCPP_HARDENING_MODE_DEBUG -swift-version 6 -I /tmp/block-editor-modern-native-input-ios/Build/Products/Debug-iphonesimulator -Isystem /Applications/Xcode.app/Contents/Developer/Platforms/iPhoneSimulator.platform/Developer/usr/lib -F /tmp/block-editor-modern-native-input-ios/Build/Products/Debug-iphonesimulator/PackageFrameworks -F /tmp/block-editor-modern-native-input-ios/Build/Products/Debug-iphonesimulator -F /Applications/Xcode.app/Contents/Developer/Platforms/iPhoneSimulator.platform/Developer/Library/Frameworks -F /Applications/Xcode.app/Contents/Developer/Platforms/iPhoneSimulator.platform/Developer/SDKs/iPhoneSimulator27.0.sdk/Developer/Library/Frameworks -c -j14 -enable-batch-mode -incremental -Xcc -ivfsstatcache -Xcc /tmp/block-editor-modern-native-input-ios/SDKStatCaches.noindex/iphonesimulator27.0-24A430-e829b21a6f8c9b70876ba0858053c0448dc58220667be655e1bcc261a7455254.sdkstatcache -output-file-map /tmp/block-editor-modern-native-input-ios/Build/Intermediates.noindex/BlockEditor.build/Debug-iphonesimulator/BlockEditorDemoApple-t.build/Objects-normal/arm64/BlockEditorDemoApple-OutputFileMap.json -save-temps -no-color-diagnostics -explicit-module-build -module-cache-path /tmp/block-editor-modern-native-input-ios/Build/Intermediates.noindex/SwiftExplicitPrecompiledModules -clang-scanner-module-cache-path /tmp/block-editor-modern-native-input-ios/ModuleCache.noindex -sdk-module-cache-path /tmp/block-editor-modern-native-input-ios/SDKExplicitPrecompiledModules -emit-dependencies -emit-module -emit-module-path /tmp/block-editor-modern-native-input-ios/Build/Intermediates.noindex/BlockEditor.build/Debug-iphonesimulator/BlockEditorDemoApple-t.build/Objects-normal/arm64/BlockEditorDemoApple.swiftmodule -serialize-diagnostics -dependency-scan-serialize-diagnostics-path /tmp/block-editor-modern-native-input-ios/Build/Intermediates.noindex/BlockEditor.build/Debug-iphonesimulator/BlockEditorDemoApple-t.build/Objects-normal/arm64/BlockEditorDemoApple-dependency-scan.dia -validate-clang-modules-once -clang-build-session-file /tmp/block-editor-modern-native-input-ios/ModuleCache.noindex/Session.modulevalidation -Xcc -fmodules-prune-interval\=86400 -Xcc -fmodules-prune-after\=345600 -package-name block_editor -emit-const-values -const-gather-protocols-list /tmp/block-editor-modern-native-input-ios/Build/Intermediates.noindex/BlockEditor.build/Debug-iphonesimulator/BlockEditorDemoApple-t.build/Objects-normal/arm64/BlockEditorDemoApple_const_extract_protocols.json -Xcc -I/tmp/block-editor-modern-native-input-ios/Build/Products/Debug-iphonesimulator/include -Xcc -I/tmp/block-editor-modern-native-input-ios/Build/Intermediates.noindex/BlockEditor.build/Debug-iphonesimulator/BlockEditorDemoApple-t.build/DerivedSources-normal/arm64 -Xcc -I/tmp/block-editor-modern-native-input-ios/Build/Intermediates.noindex/BlockEditor.build/Debug-iphonesimulator/BlockEditorDemoApple-t.build/DerivedSources/arm64 -Xcc -I/tmp/block-editor-modern-native-input-ios/Build/Intermediates.noindex/BlockEditor.build/Debug-iphonesimulator/BlockEditorDemoApple-t.build/DerivedSources -Xcc -DSWIFT_PACKAGE -Xcc -DDEBUG\=1 -emit-objc-header -emit-objc-header-path /tmp/block-editor-modern-native-input-ios/Build/Intermediates.noindex/BlockEditor.build/Debug-iphonesimulator/BlockEditorDemoApple-t.build/Objects-normal/arm64/BlockEditorDemoApple-Swift.h -working-directory /Users/luca/Developer/block-editor/Examples/AppleDemo/EditorLab.xcodeproj -experimental-emit-module-separately -disable-cmo

SwiftDriverJobDiscovery normal x86_64 Emitting module for BlockEditorDemoApple (in target 'BlockEditorDemoApple' from project 'BlockEditor')

SwiftDriver\ Compilation\ Requirements BlockEditorDemoApple normal x86_64 com.apple.xcode.tools.swift.compiler (in target 'BlockEditorDemoApple' from project 'BlockEditor')
    cd /Users/luca/Developer/block-editor/Examples/AppleDemo/EditorLab.xcodeproj
    builtin-Swift-Compilation-Requirements -- /Applications/Xcode.app/Contents/Developer/Toolchains/XcodeDefault.xctoolchain/usr/bin/swiftc -parse-as-library -module-name BlockEditorDemoApple -Onone @/tmp/block-editor-modern-native-input-ios/Build/Intermediates.noindex/BlockEditor.build/Debug-iphonesimulator/BlockEditorDemoApple-t.build/Objects-normal/x86_64/BlockEditorDemoApple.SwiftFileList -DSWIFT_PACKAGE -DDEBUG -DSWIFT_MODULE_RESOURCE_BUNDLE_UNAVAILABLE -DXcode -plugin-path /Applications/Xcode.app/Contents/Developer/Toolchains/XcodeDefault.xctoolchain/usr/lib/swift/host/plugins/testing -enable-experimental-feature DebugDescriptionMacro -sdk /Applications/Xcode.app/Contents/Developer/Platforms/iPhoneSimulator.platform/Developer/SDKs/iPhoneSimulator27.0.sdk -target x86_64-apple-ios26.0-simulator -g -module-cache-path /tmp/block-editor-modern-native-input-ios/ModuleCache.noindex -Xfrontend -serialize-debugging-options -enable-testing -index-store-path /tmp/block-editor-modern-native-input-ios/Index.noindex/DataStore -Xcc -D_LIBCPP_HARDENING_MODE\=_LIBCPP_HARDENING_MODE_DEBUG -swift-version 6 -I /tmp/block-editor-modern-native-input-ios/Build/Products/Debug-iphonesimulator -Isystem /Applications/Xcode.app/Contents/Developer/Platforms/iPhoneSimulator.platform/Developer/usr/lib -F /tmp/block-editor-modern-native-input-ios/Build/Products/Debug-iphonesimulator/PackageFrameworks -F /tmp/block-editor-modern-native-input-ios/Build/Products/Debug-iphonesimulator -F /Applications/Xcode.app/Contents/Developer/Platforms/iPhoneSimulator.platform/Developer/Library/Frameworks -F /Applications/Xcode.app/Contents/Developer/Platforms/iPhoneSimulator.platform/Developer/SDKs/iPhoneSimulator27.0.sdk/Developer/Library/Frameworks -c -j14 -enable-batch-mode -incremental -Xcc -ivfsstatcache -Xcc /tmp/block-editor-modern-native-input-ios/SDKStatCaches.noindex/iphonesimulator27.0-24A430-e829b21a6f8c9b70876ba0858053c0448dc58220667be655e1bcc261a7455254.sdkstatcache -output-file-map /tmp/block-editor-modern-native-input-ios/Build/Intermediates.noindex/BlockEditor.build/Debug-iphonesimulator/BlockEditorDemoApple-t.build/Objects-normal/x86_64/BlockEditorDemoApple-OutputFileMap.json -save-temps -no-color-diagnostics -explicit-module-build -module-cache-path /tmp/block-editor-modern-native-input-ios/Build/Intermediates.noindex/SwiftExplicitPrecompiledModules -clang-scanner-module-cache-path /tmp/block-editor-modern-native-input-ios/ModuleCache.noindex -sdk-module-cache-path /tmp/block-editor-modern-native-input-ios/SDKExplicitPrecompiledModules -emit-dependencies -emit-module -emit-module-path /tmp/block-editor-modern-native-input-ios/Build/Intermediates.noindex/BlockEditor.build/Debug-iphonesimulator/BlockEditorDemoApple-t.build/Objects-normal/x86_64/BlockEditorDemoApple.swiftmodule -serialize-diagnostics -dependency-scan-serialize-diagnostics-path /tmp/block-editor-modern-native-input-ios/Build/Intermediates.noindex/BlockEditor.build/Debug-iphonesimulator/BlockEditorDemoApple-t.build/Objects-normal/x86_64/BlockEditorDemoApple-dependency-scan.dia -validate-clang-modules-once -clang-build-session-file /tmp/block-editor-modern-native-input-ios/ModuleCache.noindex/Session.modulevalidation -Xcc -fmodules-prune-interval\=86400 -Xcc -fmodules-prune-after\=345600 -package-name block_editor -emit-const-values -const-gather-protocols-list /tmp/block-editor-modern-native-input-ios/Build/Intermediates.noindex/BlockEditor.build/Debug-iphonesimulator/BlockEditorDemoApple-t.build/Objects-normal/x86_64/BlockEditorDemoApple_const_extract_protocols.json -Xcc -I/tmp/block-editor-modern-native-input-ios/Build/Products/Debug-iphonesimulator/include -Xcc -I/tmp/block-editor-modern-native-input-ios/Build/Intermediates.noindex/BlockEditor.build/Debug-iphonesimulator/BlockEditorDemoApple-t.build/DerivedSources-normal/x86_64 -Xcc -I/tmp/block-editor-modern-native-input-ios/Build/Intermediates.noindex/BlockEditor.build/Debug-iphonesimulator/BlockEditorDemoApple-t.build/DerivedSources/x86_64 -Xcc -I/tmp/block-editor-modern-native-input-ios/Build/Intermediates.noindex/BlockEditor.build/Debug-iphonesimulator/BlockEditorDemoApple-t.build/DerivedSources -Xcc -DSWIFT_PACKAGE -Xcc -DDEBUG\=1 -emit-objc-header -emit-objc-header-path /tmp/block-editor-modern-native-input-ios/Build/Intermediates.noindex/BlockEditor.build/Debug-iphonesimulator/BlockEditorDemoApple-t.build/Objects-normal/x86_64/BlockEditorDemoApple-Swift.h -working-directory /Users/luca/Developer/block-editor/Examples/AppleDemo/EditorLab.xcodeproj -experimental-emit-module-separately -disable-cmo

Copy /tmp/block-editor-modern-native-input-ios/Build/Products/Debug-iphonesimulator/BlockEditorDemoApple.swiftmodule/arm64-apple-ios-simulator.abi.json /tmp/block-editor-modern-native-input-ios/Build/Intermediates.noindex/BlockEditor.build/Debug-iphonesimulator/BlockEditorDemoApple-t.build/Objects-normal/arm64/BlockEditorDemoApple.abi.json (in target 'BlockEditorDemoApple' from project 'BlockEditor')
    cd /Users/luca/Developer/block-editor
    builtin-copy -exclude .DS_Store -exclude CVS -exclude .svn -exclude .git -exclude .hg -resolve-src-symlinks -rename /tmp/block-editor-modern-native-input-ios/Build/Intermediates.noindex/BlockEditor.build/Debug-iphonesimulator/BlockEditorDemoApple-t.build/Objects-normal/arm64/BlockEditorDemoApple.abi.json /tmp/block-editor-modern-native-input-ios/Build/Products/Debug-iphonesimulator/BlockEditorDemoApple.swiftmodule/arm64-apple-ios-simulator.abi.json

SwiftCompile normal x86_64 Compiling\ LocalEditorDemoView.swift /Users/luca/Developer/block-editor/Sources/BlockEditorDemoApple/LocalEditorDemoView.swift (in target 'BlockEditorDemoApple' from project 'BlockEditor')

SwiftCompile normal x86_64 /Users/luca/Developer/block-editor/Sources/BlockEditorDemoApple/LocalEditorDemoView.swift (in target 'BlockEditorDemoApple' from project 'BlockEditor')
    cd /Users/luca/Developer/block-editor/Examples/AppleDemo/EditorLab.xcodeproj
    builtin-SwiftPerFileCompile LocalEditorDemoView.swift

SwiftCompile normal x86_64 Compiling\ LocalRelayDemoView.swift /Users/luca/Developer/block-editor/Sources/BlockEditorDemoApple/LocalRelayDemoView.swift (in target 'BlockEditorDemoApple' from project 'BlockEditor')

SwiftCompile normal x86_64 /Users/luca/Developer/block-editor/Sources/BlockEditorDemoApple/LocalRelayDemoView.swift (in target 'BlockEditorDemoApple' from project 'BlockEditor')
    cd /Users/luca/Developer/block-editor/Examples/AppleDemo/EditorLab.xcodeproj
    builtin-SwiftPerFileCompile LocalRelayDemoView.swift

SwiftCompile normal x86_64 Compiling\ MergeRecoveryView.swift /Users/luca/Developer/block-editor/Sources/BlockEditorDemoApple/MergeRecoveryView.swift (in target 'BlockEditorDemoApple' from project 'BlockEditor')

SwiftCompile normal x86_64 /Users/luca/Developer/block-editor/Sources/BlockEditorDemoApple/MergeRecoveryView.swift (in target 'BlockEditorDemoApple' from project 'BlockEditor')
    cd /Users/luca/Developer/block-editor/Examples/AppleDemo/EditorLab.xcodeproj
    builtin-SwiftPerFileCompile MergeRecoveryView.swift

Copy /tmp/block-editor-modern-native-input-ios/Build/Products/Debug-iphonesimulator/BlockEditorDemoApple.swiftmodule/x86_64-apple-ios-simulator.abi.json /tmp/block-editor-modern-native-input-ios/Build/Intermediates.noindex/BlockEditor.build/Debug-iphonesimulator/BlockEditorDemoApple-t.build/Objects-normal/x86_64/BlockEditorDemoApple.abi.json (in target 'BlockEditorDemoApple' from project 'BlockEditor')
    cd /Users/luca/Developer/block-editor
    builtin-copy -exclude .DS_Store -exclude CVS -exclude .svn -exclude .git -exclude .hg -resolve-src-symlinks -rename /tmp/block-editor-modern-native-input-ios/Build/Intermediates.noindex/BlockEditor.build/Debug-iphonesimulator/BlockEditorDemoApple-t.build/Objects-normal/x86_64/BlockEditorDemoApple.abi.json /tmp/block-editor-modern-native-input-ios/Build/Products/Debug-iphonesimulator/BlockEditorDemoApple.swiftmodule/x86_64-apple-ios-simulator.abi.json

SwiftDriver EditorLab-iOS normal arm64 com.apple.xcode.tools.swift.compiler (in target 'EditorLab-iOS' from project 'EditorLab')
    cd /Users/luca/Developer/block-editor/Examples/AppleDemo
    builtin-SwiftDriver -- /Applications/Xcode.app/Contents/Developer/Toolchains/XcodeDefault.xctoolchain/usr/bin/swiftc -module-name EditorLab_iOS -Onone @/tmp/block-editor-modern-native-input-ios/Build/Intermediates.noindex/EditorLab.build/Debug-iphonesimulator/EditorLab-iOS.build/Objects-normal/arm64/EditorLab-iOS.SwiftFileList -DDEBUG -enable-experimental-feature DebugDescriptionMacro -sdk /Applications/Xcode.app/Contents/Developer/Platforms/iPhoneSimulator.platform/Developer/SDKs/iPhoneSimulator27.0.sdk -target arm64-apple-ios26.0-simulator -g -module-cache-path /tmp/block-editor-modern-native-input-ios/ModuleCache.noindex -Xfrontend -serialize-debugging-options -enable-testing -index-store-path /tmp/block-editor-modern-native-input-ios/Index.noindex/DataStore -Xcc -D_LIBCPP_HARDENING_MODE\=_LIBCPP_HARDENING_MODE_DEBUG -swift-version 6 -I /tmp/block-editor-modern-native-input-ios/Build/Products/Debug-iphonesimulator -F /tmp/block-editor-modern-native-input-ios/Build/Products/Debug-iphonesimulator/PackageFrameworks -F /tmp/block-editor-modern-native-input-ios/Build/Products/Debug-iphonesimulator -parse-as-library -c -j14 -enable-batch-mode -incremental -Xcc -ivfsstatcache -Xcc /tmp/block-editor-modern-native-input-ios/SDKStatCaches.noindex/iphonesimulator27.0-24A430-e829b21a6f8c9b70876ba0858053c0448dc58220667be655e1bcc261a7455254.sdkstatcache -output-file-map /tmp/block-editor-modern-native-input-ios/Build/Intermediates.noindex/EditorLab.build/Debug-iphonesimulator/EditorLab-iOS.build/Objects-normal/arm64/EditorLab-iOS-OutputFileMap.json -save-temps -no-color-diagnostics -explicit-module-build -module-cache-path /tmp/block-editor-modern-native-input-ios/Build/Intermediates.noindex/SwiftExplicitPrecompiledModules -clang-scanner-module-cache-path /tmp/block-editor-modern-native-input-ios/ModuleCache.noindex -sdk-module-cache-path /tmp/block-editor-modern-native-input-ios/SDKExplicitPrecompiledModules -emit-dependencies -emit-module -emit-module-path /tmp/block-editor-modern-native-input-ios/Build/Intermediates.noindex/EditorLab.build/Debug-iphonesimulator/EditorLab-iOS.build/Objects-normal/arm64/EditorLab_iOS.swiftmodule -serialize-diagnostics -dependency-scan-serialize-diagnostics-path /tmp/block-editor-modern-native-input-ios/Build/Intermediates.noindex/EditorLab.build/Debug-iphonesimulator/EditorLab-iOS.build/Objects-normal/arm64/EditorLab_iOS-dependency-scan.dia -validate-clang-modules-once -clang-build-session-file /tmp/block-editor-modern-native-input-ios/ModuleCache.noindex/Session.modulevalidation -Xcc -fmodules-prune-interval\=86400 -Xcc -fmodules-prune-after\=345600 -emit-const-values -const-gather-protocols-list /tmp/block-editor-modern-native-input-ios/Build/Intermediates.noindex/EditorLab.build/Debug-iphonesimulator/EditorLab-iOS.build/Objects-normal/arm64/EditorLab-iOS_const_extract_protocols.json -Xcc -iquote -Xcc /tmp/block-editor-modern-native-input-ios/Build/Intermediates.noindex/EditorLab.build/Debug-iphonesimulator/EditorLab-iOS.build/EditorLab-iOS-generated-files.hmap -Xcc -I/tmp/block-editor-modern-native-input-ios/Build/Intermediates.noindex/EditorLab.build/Debug-iphonesimulator/EditorLab-iOS.build/EditorLab-iOS-own-target-headers.hmap -Xcc -I/tmp/block-editor-modern-native-input-ios/Build/Intermediates.noindex/EditorLab.build/Debug-iphonesimulator/EditorLab-iOS.build/EditorLab-iOS-all-non-framework-target-headers.hmap -Xcc -ivfsoverlay -Xcc /tmp/block-editor-modern-native-input-ios/Build/Intermediates.noindex/EditorLab.build/Debug-iphonesimulator/EditorLab-a611e6079eccfeee1f4fc093cde80951-VFS-iphonesimulator/all-product-headers.yaml -Xcc -iquote -Xcc /tmp/block-editor-modern-native-input-ios/Build/Intermediates.noindex/EditorLab.build/Debug-iphonesimulator/EditorLab-iOS.build/EditorLab-iOS-project-headers.hmap -Xcc -I/tmp/block-editor-modern-native-input-ios/Build/Products/Debug-iphonesimulator/include -Xcc -I/tmp/block-editor-modern-native-input-ios/Build/Intermediates.noindex/EditorLab.build/Debug-iphonesimulator/EditorLab-iOS.build/DerivedSources-normal/arm64 -Xcc -I/tmp/block-editor-modern-native-input-ios/Build/Intermediates.noindex/EditorLab.build/Debug-iphonesimulator/EditorLab-iOS.build/DerivedSources/arm64 -Xcc -I/tmp/block-editor-modern-native-input-ios/Build/Intermediates.noindex/EditorLab.build/Debug-iphonesimulator/EditorLab-iOS.build/DerivedSources -Xcc -DDEBUG\=1 -emit-objc-header -emit-objc-header-path /tmp/block-editor-modern-native-input-ios/Build/Intermediates.noindex/EditorLab.build/Debug-iphonesimulator/EditorLab-iOS.build/Objects-normal/arm64/EditorLab_iOS-Swift.h -working-directory /Users/luca/Developer/block-editor/Examples/AppleDemo -experimental-emit-module-separately -disable-cmo

SwiftEmitModule normal arm64 Emitting\ module\ for\ EditorLab_iOS (in target 'EditorLab-iOS' from project 'EditorLab')

SwiftCompile normal arm64 (in target 'EditorLab-iOS' from project 'EditorLab')
    cd /Users/luca/Developer/block-editor/Examples/AppleDemo
    

SwiftCompile normal arm64 Compiling\ EditorLabApp.swift /Users/luca/Developer/block-editor/Examples/AppleDemo/EditorLabApp.swift (in target 'EditorLab-iOS' from project 'EditorLab')

SwiftCompile normal arm64 /Users/luca/Developer/block-editor/Examples/AppleDemo/EditorLabApp.swift (in target 'EditorLab-iOS' from project 'EditorLab')
    cd /Users/luca/Developer/block-editor/Examples/AppleDemo
    builtin-SwiftPerFileCompile EditorLabApp.swift

SwiftDriverJobDiscovery normal x86_64 Compiling MergeRecoveryView.swift (in target 'BlockEditorDemoApple' from project 'BlockEditor')

SwiftDriverJobDiscovery normal arm64 Emitting module for EditorLab_iOS (in target 'EditorLab-iOS' from project 'EditorLab')

SwiftDriver\ Compilation\ Requirements EditorLab-iOS normal arm64 com.apple.xcode.tools.swift.compiler (in target 'EditorLab-iOS' from project 'EditorLab')
    cd /Users/luca/Developer/block-editor/Examples/AppleDemo
    builtin-Swift-Compilation-Requirements -- /Applications/Xcode.app/Contents/Developer/Toolchains/XcodeDefault.xctoolchain/usr/bin/swiftc -module-name EditorLab_iOS -Onone @/tmp/block-editor-modern-native-input-ios/Build/Intermediates.noindex/EditorLab.build/Debug-iphonesimulator/EditorLab-iOS.build/Objects-normal/arm64/EditorLab-iOS.SwiftFileList -DDEBUG -enable-experimental-feature DebugDescriptionMacro -sdk /Applications/Xcode.app/Contents/Developer/Platforms/iPhoneSimulator.platform/Developer/SDKs/iPhoneSimulator27.0.sdk -target arm64-apple-ios26.0-simulator -g -module-cache-path /tmp/block-editor-modern-native-input-ios/ModuleCache.noindex -Xfrontend -serialize-debugging-options -enable-testing -index-store-path /tmp/block-editor-modern-native-input-ios/Index.noindex/DataStore -Xcc -D_LIBCPP_HARDENING_MODE\=_LIBCPP_HARDENING_MODE_DEBUG -swift-version 6 -I /tmp/block-editor-modern-native-input-ios/Build/Products/Debug-iphonesimulator -F /tmp/block-editor-modern-native-input-ios/Build/Products/Debug-iphonesimulator/PackageFrameworks -F /tmp/block-editor-modern-native-input-ios/Build/Products/Debug-iphonesimulator -parse-as-library -c -j14 -enable-batch-mode -incremental -Xcc -ivfsstatcache -Xcc /tmp/block-editor-modern-native-input-ios/SDKStatCaches.noindex/iphonesimulator27.0-24A430-e829b21a6f8c9b70876ba0858053c0448dc58220667be655e1bcc261a7455254.sdkstatcache -output-file-map /tmp/block-editor-modern-native-input-ios/Build/Intermediates.noindex/EditorLab.build/Debug-iphonesimulator/EditorLab-iOS.build/Objects-normal/arm64/EditorLab-iOS-OutputFileMap.json -save-temps -no-color-diagnostics -explicit-module-build -module-cache-path /tmp/block-editor-modern-native-input-ios/Build/Intermediates.noindex/SwiftExplicitPrecompiledModules -clang-scanner-module-cache-path /tmp/block-editor-modern-native-input-ios/ModuleCache.noindex -sdk-module-cache-path /tmp/block-editor-modern-native-input-ios/SDKExplicitPrecompiledModules -emit-dependencies -emit-module -emit-module-path /tmp/block-editor-modern-native-input-ios/Build/Intermediates.noindex/EditorLab.build/Debug-iphonesimulator/EditorLab-iOS.build/Objects-normal/arm64/EditorLab_iOS.swiftmodule -serialize-diagnostics -dependency-scan-serialize-diagnostics-path /tmp/block-editor-modern-native-input-ios/Build/Intermediates.noindex/EditorLab.build/Debug-iphonesimulator/EditorLab-iOS.build/Objects-normal/arm64/EditorLab_iOS-dependency-scan.dia -validate-clang-modules-once -clang-build-session-file /tmp/block-editor-modern-native-input-ios/ModuleCache.noindex/Session.modulevalidation -Xcc -fmodules-prune-interval\=86400 -Xcc -fmodules-prune-after\=345600 -emit-const-values -const-gather-protocols-list /tmp/block-editor-modern-native-input-ios/Build/Intermediates.noindex/EditorLab.build/Debug-iphonesimulator/EditorLab-iOS.build/Objects-normal/arm64/EditorLab-iOS_const_extract_protocols.json -Xcc -iquote -Xcc /tmp/block-editor-modern-native-input-ios/Build/Intermediates.noindex/EditorLab.build/Debug-iphonesimulator/EditorLab-iOS.build/EditorLab-iOS-generated-files.hmap -Xcc -I/tmp/block-editor-modern-native-input-ios/Build/Intermediates.noindex/EditorLab.build/Debug-iphonesimulator/EditorLab-iOS.build/EditorLab-iOS-own-target-headers.hmap -Xcc -I/tmp/block-editor-modern-native-input-ios/Build/Intermediates.noindex/EditorLab.build/Debug-iphonesimulator/EditorLab-iOS.build/EditorLab-iOS-all-non-framework-target-headers.hmap -Xcc -ivfsoverlay -Xcc /tmp/block-editor-modern-native-input-ios/Build/Intermediates.noindex/EditorLab.build/Debug-iphonesimulator/EditorLab-a611e6079eccfeee1f4fc093cde80951-VFS-iphonesimulator/all-product-headers.yaml -Xcc -iquote -Xcc /tmp/block-editor-modern-native-input-ios/Build/Intermediates.noindex/EditorLab.build/Debug-iphonesimulator/EditorLab-iOS.build/EditorLab-iOS-project-headers.hmap -Xcc -I/tmp/block-editor-modern-native-input-ios/Build/Products/Debug-iphonesimulator/include -Xcc -I/tmp/block-editor-modern-native-input-ios/Build/Intermediates.noindex/EditorLab.build/Debug-iphonesimulator/EditorLab-iOS.build/DerivedSources-normal/arm64 -Xcc -I/tmp/block-editor-modern-native-input-ios/Build/Intermediates.noindex/EditorLab.build/Debug-iphonesimulator/EditorLab-iOS.build/DerivedSources/arm64 -Xcc -I/tmp/block-editor-modern-native-input-ios/Build/Intermediates.noindex/EditorLab.build/Debug-iphonesimulator/EditorLab-iOS.build/DerivedSources -Xcc -DDEBUG\=1 -emit-objc-header -emit-objc-header-path /tmp/block-editor-modern-native-input-ios/Build/Intermediates.noindex/EditorLab.build/Debug-iphonesimulator/EditorLab-iOS.build/Objects-normal/arm64/EditorLab_iOS-Swift.h -working-directory /Users/luca/Developer/block-editor/Examples/AppleDemo -experimental-emit-module-separately -disable-cmo

SwiftDriver EditorLab-iOS normal x86_64 com.apple.xcode.tools.swift.compiler (in target 'EditorLab-iOS' from project 'EditorLab')
    cd /Users/luca/Developer/block-editor/Examples/AppleDemo
    builtin-SwiftDriver -- /Applications/Xcode.app/Contents/Developer/Toolchains/XcodeDefault.xctoolchain/usr/bin/swiftc -module-name EditorLab_iOS -Onone @/tmp/block-editor-modern-native-input-ios/Build/Intermediates.noindex/EditorLab.build/Debug-iphonesimulator/EditorLab-iOS.build/Objects-normal/x86_64/EditorLab-iOS.SwiftFileList -DDEBUG -enable-experimental-feature DebugDescriptionMacro -sdk /Applications/Xcode.app/Contents/Developer/Platforms/iPhoneSimulator.platform/Developer/SDKs/iPhoneSimulator27.0.sdk -target x86_64-apple-ios26.0-simulator -g -module-cache-path /tmp/block-editor-modern-native-input-ios/ModuleCache.noindex -Xfrontend -serialize-debugging-options -enable-testing -index-store-path /tmp/block-editor-modern-native-input-ios/Index.noindex/DataStore -Xcc -D_LIBCPP_HARDENING_MODE\=_LIBCPP_HARDENING_MODE_DEBUG -swift-version 6 -I /tmp/block-editor-modern-native-input-ios/Build/Products/Debug-iphonesimulator -F /tmp/block-editor-modern-native-input-ios/Build/Products/Debug-iphonesimulator/PackageFrameworks -F /tmp/block-editor-modern-native-input-ios/Build/Products/Debug-iphonesimulator -parse-as-library -c -j14 -enable-batch-mode -incremental -Xcc -ivfsstatcache -Xcc /tmp/block-editor-modern-native-input-ios/SDKStatCaches.noindex/iphonesimulator27.0-24A430-e829b21a6f8c9b70876ba0858053c0448dc58220667be655e1bcc261a7455254.sdkstatcache -output-file-map /tmp/block-editor-modern-native-input-ios/Build/Intermediates.noindex/EditorLab.build/Debug-iphonesimulator/EditorLab-iOS.build/Objects-normal/x86_64/EditorLab-iOS-OutputFileMap.json -save-temps -no-color-diagnostics -explicit-module-build -module-cache-path /tmp/block-editor-modern-native-input-ios/Build/Intermediates.noindex/SwiftExplicitPrecompiledModules -clang-scanner-module-cache-path /tmp/block-editor-modern-native-input-ios/ModuleCache.noindex -sdk-module-cache-path /tmp/block-editor-modern-native-input-ios/SDKExplicitPrecompiledModules -emit-dependencies -emit-module -emit-module-path /tmp/block-editor-modern-native-input-ios/Build/Intermediates.noindex/EditorLab.build/Debug-iphonesimulator/EditorLab-iOS.build/Objects-normal/x86_64/EditorLab_iOS.swiftmodule -serialize-diagnostics -dependency-scan-serialize-diagnostics-path /tmp/block-editor-modern-native-input-ios/Build/Intermediates.noindex/EditorLab.build/Debug-iphonesimulator/EditorLab-iOS.build/Objects-normal/x86_64/EditorLab_iOS-dependency-scan.dia -validate-clang-modules-once -clang-build-session-file /tmp/block-editor-modern-native-input-ios/ModuleCache.noindex/Session.modulevalidation -Xcc -fmodules-prune-interval\=86400 -Xcc -fmodules-prune-after\=345600 -emit-const-values -const-gather-protocols-list /tmp/block-editor-modern-native-input-ios/Build/Intermediates.noindex/EditorLab.build/Debug-iphonesimulator/EditorLab-iOS.build/Objects-normal/x86_64/EditorLab-iOS_const_extract_protocols.json -Xcc -iquote -Xcc /tmp/block-editor-modern-native-input-ios/Build/Intermediates.noindex/EditorLab.build/Debug-iphonesimulator/EditorLab-iOS.build/EditorLab-iOS-generated-files.hmap -Xcc -I/tmp/block-editor-modern-native-input-ios/Build/Intermediates.noindex/EditorLab.build/Debug-iphonesimulator/EditorLab-iOS.build/EditorLab-iOS-own-target-headers.hmap -Xcc -I/tmp/block-editor-modern-native-input-ios/Build/Intermediates.noindex/EditorLab.build/Debug-iphonesimulator/EditorLab-iOS.build/EditorLab-iOS-all-non-framework-target-headers.hmap -Xcc -ivfsoverlay -Xcc /tmp/block-editor-modern-native-input-ios/Build/Intermediates.noindex/EditorLab.build/Debug-iphonesimulator/EditorLab-a611e6079eccfeee1f4fc093cde80951-VFS-iphonesimulator/all-product-headers.yaml -Xcc -iquote -Xcc /tmp/block-editor-modern-native-input-ios/Build/Intermediates.noindex/EditorLab.build/Debug-iphonesimulator/EditorLab-iOS.build/EditorLab-iOS-project-headers.hmap -Xcc -I/tmp/block-editor-modern-native-input-ios/Build/Products/Debug-iphonesimulator/include -Xcc -I/tmp/block-editor-modern-native-input-ios/Build/Intermediates.noindex/EditorLab.build/Debug-iphonesimulator/EditorLab-iOS.build/DerivedSources-normal/x86_64 -Xcc -I/tmp/block-editor-modern-native-input-ios/Build/Intermediates.noindex/EditorLab.build/Debug-iphonesimulator/EditorLab-iOS.build/DerivedSources/x86_64 -Xcc -I/tmp/block-editor-modern-native-input-ios/Build/Intermediates.noindex/EditorLab.build/Debug-iphonesimulator/EditorLab-iOS.build/DerivedSources -Xcc -DDEBUG\=1 -emit-objc-header -emit-objc-header-path /tmp/block-editor-modern-native-input-ios/Build/Intermediates.noindex/EditorLab.build/Debug-iphonesimulator/EditorLab-iOS.build/Objects-normal/x86_64/EditorLab_iOS-Swift.h -working-directory /Users/luca/Developer/block-editor/Examples/AppleDemo -experimental-emit-module-separately -disable-cmo

SwiftDriverJobDiscovery normal x86_64 Compiling LocalEditorDemoView.swift (in target 'BlockEditorDemoApple' from project 'BlockEditor')

SwiftDriverJobDiscovery normal arm64 Compiling EditorLabApp.swift (in target 'EditorLab-iOS' from project 'EditorLab')

SwiftDriver\ Compilation EditorLab-iOS normal arm64 com.apple.xcode.tools.swift.compiler (in target 'EditorLab-iOS' from project 'EditorLab')
    cd /Users/luca/Developer/block-editor/Examples/AppleDemo
    builtin-Swift-Compilation -- /Applications/Xcode.app/Contents/Developer/Toolchains/XcodeDefault.xctoolchain/usr/bin/swiftc -module-name EditorLab_iOS -Onone @/tmp/block-editor-modern-native-input-ios/Build/Intermediates.noindex/EditorLab.build/Debug-iphonesimulator/EditorLab-iOS.build/Objects-normal/arm64/EditorLab-iOS.SwiftFileList -DDEBUG -enable-experimental-feature DebugDescriptionMacro -sdk /Applications/Xcode.app/Contents/Developer/Platforms/iPhoneSimulator.platform/Developer/SDKs/iPhoneSimulator27.0.sdk -target arm64-apple-ios26.0-simulator -g -module-cache-path /tmp/block-editor-modern-native-input-ios/ModuleCache.noindex -Xfrontend -serialize-debugging-options -enable-testing -index-store-path /tmp/block-editor-modern-native-input-ios/Index.noindex/DataStore -Xcc -D_LIBCPP_HARDENING_MODE\=_LIBCPP_HARDENING_MODE_DEBUG -swift-version 6 -I /tmp/block-editor-modern-native-input-ios/Build/Products/Debug-iphonesimulator -F /tmp/block-editor-modern-native-input-ios/Build/Products/Debug-iphonesimulator/PackageFrameworks -F /tmp/block-editor-modern-native-input-ios/Build/Products/Debug-iphonesimulator -parse-as-library -c -j14 -enable-batch-mode -incremental -Xcc -ivfsstatcache -Xcc /tmp/block-editor-modern-native-input-ios/SDKStatCaches.noindex/iphonesimulator27.0-24A430-e829b21a6f8c9b70876ba0858053c0448dc58220667be655e1bcc261a7455254.sdkstatcache -output-file-map /tmp/block-editor-modern-native-input-ios/Build/Intermediates.noindex/EditorLab.build/Debug-iphonesimulator/EditorLab-iOS.build/Objects-normal/arm64/EditorLab-iOS-OutputFileMap.json -save-temps -no-color-diagnostics -explicit-module-build -module-cache-path /tmp/block-editor-modern-native-input-ios/Build/Intermediates.noindex/SwiftExplicitPrecompiledModules -clang-scanner-module-cache-path /tmp/block-editor-modern-native-input-ios/ModuleCache.noindex -sdk-module-cache-path /tmp/block-editor-modern-native-input-ios/SDKExplicitPrecompiledModules -emit-dependencies -emit-module -emit-module-path /tmp/block-editor-modern-native-input-ios/Build/Intermediates.noindex/EditorLab.build/Debug-iphonesimulator/EditorLab-iOS.build/Objects-normal/arm64/EditorLab_iOS.swiftmodule -serialize-diagnostics -dependency-scan-serialize-diagnostics-path /tmp/block-editor-modern-native-input-ios/Build/Intermediates.noindex/EditorLab.build/Debug-iphonesimulator/EditorLab-iOS.build/Objects-normal/arm64/EditorLab_iOS-dependency-scan.dia -validate-clang-modules-once -clang-build-session-file /tmp/block-editor-modern-native-input-ios/ModuleCache.noindex/Session.modulevalidation -Xcc -fmodules-prune-interval\=86400 -Xcc -fmodules-prune-after\=345600 -emit-const-values -const-gather-protocols-list /tmp/block-editor-modern-native-input-ios/Build/Intermediates.noindex/EditorLab.build/Debug-iphonesimulator/EditorLab-iOS.build/Objects-normal/arm64/EditorLab-iOS_const_extract_protocols.json -Xcc -iquote -Xcc /tmp/block-editor-modern-native-input-ios/Build/Intermediates.noindex/EditorLab.build/Debug-iphonesimulator/EditorLab-iOS.build/EditorLab-iOS-generated-files.hmap -Xcc -I/tmp/block-editor-modern-native-input-ios/Build/Intermediates.noindex/EditorLab.build/Debug-iphonesimulator/EditorLab-iOS.build/EditorLab-iOS-own-target-headers.hmap -Xcc -I/tmp/block-editor-modern-native-input-ios/Build/Intermediates.noindex/EditorLab.build/Debug-iphonesimulator/EditorLab-iOS.build/EditorLab-iOS-all-non-framework-target-headers.hmap -Xcc -ivfsoverlay -Xcc /tmp/block-editor-modern-native-input-ios/Build/Intermediates.noindex/EditorLab.build/Debug-iphonesimulator/EditorLab-a611e6079eccfeee1f4fc093cde80951-VFS-iphonesimulator/all-product-headers.yaml -Xcc -iquote -Xcc /tmp/block-editor-modern-native-input-ios/Build/Intermediates.noindex/EditorLab.build/Debug-iphonesimulator/EditorLab-iOS.build/EditorLab-iOS-project-headers.hmap -Xcc -I/tmp/block-editor-modern-native-input-ios/Build/Products/Debug-iphonesimulator/include -Xcc -I/tmp/block-editor-modern-native-input-ios/Build/Intermediates.noindex/EditorLab.build/Debug-iphonesimulator/EditorLab-iOS.build/DerivedSources-normal/arm64 -Xcc -I/tmp/block-editor-modern-native-input-ios/Build/Intermediates.noindex/EditorLab.build/Debug-iphonesimulator/EditorLab-iOS.build/DerivedSources/arm64 -Xcc -I/tmp/block-editor-modern-native-input-ios/Build/Intermediates.noindex/EditorLab.build/Debug-iphonesimulator/EditorLab-iOS.build/DerivedSources -Xcc -DDEBUG\=1 -emit-objc-header -emit-objc-header-path /tmp/block-editor-modern-native-input-ios/Build/Intermediates.noindex/EditorLab.build/Debug-iphonesimulator/EditorLab-iOS.build/Objects-normal/arm64/EditorLab_iOS-Swift.h -working-directory /Users/luca/Developer/block-editor/Examples/AppleDemo -experimental-emit-module-separately -disable-cmo

SwiftEmitModule normal x86_64 Emitting\ module\ for\ EditorLab_iOS (in target 'EditorLab-iOS' from project 'EditorLab')

SwiftCompile normal x86_64 (in target 'EditorLab-iOS' from project 'EditorLab')
    cd /Users/luca/Developer/block-editor/Examples/AppleDemo
    

SwiftDriverJobDiscovery normal x86_64 Compiling LocalRelayDemoView.swift (in target 'BlockEditorDemoApple' from project 'BlockEditor')

SwiftDriver\ Compilation BlockEditorDemoApple normal x86_64 com.apple.xcode.tools.swift.compiler (in target 'BlockEditorDemoApple' from project 'BlockEditor')
    cd /Users/luca/Developer/block-editor/Examples/AppleDemo/EditorLab.xcodeproj
    builtin-Swift-Compilation -- /Applications/Xcode.app/Contents/Developer/Toolchains/XcodeDefault.xctoolchain/usr/bin/swiftc -parse-as-library -module-name BlockEditorDemoApple -Onone @/tmp/block-editor-modern-native-input-ios/Build/Intermediates.noindex/BlockEditor.build/Debug-iphonesimulator/BlockEditorDemoApple-t.build/Objects-normal/x86_64/BlockEditorDemoApple.SwiftFileList -DSWIFT_PACKAGE -DDEBUG -DSWIFT_MODULE_RESOURCE_BUNDLE_UNAVAILABLE -DXcode -plugin-path /Applications/Xcode.app/Contents/Developer/Toolchains/XcodeDefault.xctoolchain/usr/lib/swift/host/plugins/testing -enable-experimental-feature DebugDescriptionMacro -sdk /Applications/Xcode.app/Contents/Developer/Platforms/iPhoneSimulator.platform/Developer/SDKs/iPhoneSimulator27.0.sdk -target x86_64-apple-ios26.0-simulator -g -module-cache-path /tmp/block-editor-modern-native-input-ios/ModuleCache.noindex -Xfrontend -serialize-debugging-options -enable-testing -index-store-path /tmp/block-editor-modern-native-input-ios/Index.noindex/DataStore -Xcc -D_LIBCPP_HARDENING_MODE\=_LIBCPP_HARDENING_MODE_DEBUG -swift-version 6 -I /tmp/block-editor-modern-native-input-ios/Build/Products/Debug-iphonesimulator -Isystem /Applications/Xcode.app/Contents/Developer/Platforms/iPhoneSimulator.platform/Developer/usr/lib -F /tmp/block-editor-modern-native-input-ios/Build/Products/Debug-iphonesimulator/PackageFrameworks -F /tmp/block-editor-modern-native-input-ios/Build/Products/Debug-iphonesimulator -F /Applications/Xcode.app/Contents/Developer/Platforms/iPhoneSimulator.platform/Developer/Library/Frameworks -F /Applications/Xcode.app/Contents/Developer/Platforms/iPhoneSimulator.platform/Developer/SDKs/iPhoneSimulator27.0.sdk/Developer/Library/Frameworks -c -j14 -enable-batch-mode -incremental -Xcc -ivfsstatcache -Xcc /tmp/block-editor-modern-native-input-ios/SDKStatCaches.noindex/iphonesimulator27.0-24A430-e829b21a6f8c9b70876ba0858053c0448dc58220667be655e1bcc261a7455254.sdkstatcache -output-file-map /tmp/block-editor-modern-native-input-ios/Build/Intermediates.noindex/BlockEditor.build/Debug-iphonesimulator/BlockEditorDemoApple-t.build/Objects-normal/x86_64/BlockEditorDemoApple-OutputFileMap.json -save-temps -no-color-diagnostics -explicit-module-build -module-cache-path /tmp/block-editor-modern-native-input-ios/Build/Intermediates.noindex/SwiftExplicitPrecompiledModules -clang-scanner-module-cache-path /tmp/block-editor-modern-native-input-ios/ModuleCache.noindex -sdk-module-cache-path /tmp/block-editor-modern-native-input-ios/SDKExplicitPrecompiledModules -emit-dependencies -emit-module -emit-module-path /tmp/block-editor-modern-native-input-ios/Build/Intermediates.noindex/BlockEditor.build/Debug-iphonesimulator/BlockEditorDemoApple-t.build/Objects-normal/x86_64/BlockEditorDemoApple.swiftmodule -serialize-diagnostics -dependency-scan-serialize-diagnostics-path /tmp/block-editor-modern-native-input-ios/Build/Intermediates.noindex/BlockEditor.build/Debug-iphonesimulator/BlockEditorDemoApple-t.build/Objects-normal/x86_64/BlockEditorDemoApple-dependency-scan.dia -validate-clang-modules-once -clang-build-session-file /tmp/block-editor-modern-native-input-ios/ModuleCache.noindex/Session.modulevalidation -Xcc -fmodules-prune-interval\=86400 -Xcc -fmodules-prune-after\=345600 -package-name block_editor -emit-const-values -const-gather-protocols-list /tmp/block-editor-modern-native-input-ios/Build/Intermediates.noindex/BlockEditor.build/Debug-iphonesimulator/BlockEditorDemoApple-t.build/Objects-normal/x86_64/BlockEditorDemoApple_const_extract_protocols.json -Xcc -I/tmp/block-editor-modern-native-input-ios/Build/Products/Debug-iphonesimulator/include -Xcc -I/tmp/block-editor-modern-native-input-ios/Build/Intermediates.noindex/BlockEditor.build/Debug-iphonesimulator/BlockEditorDemoApple-t.build/DerivedSources-normal/x86_64 -Xcc -I/tmp/block-editor-modern-native-input-ios/Build/Intermediates.noindex/BlockEditor.build/Debug-iphonesimulator/BlockEditorDemoApple-t.build/DerivedSources/x86_64 -Xcc -I/tmp/block-editor-modern-native-input-ios/Build/Intermediates.noindex/BlockEditor.build/Debug-iphonesimulator/BlockEditorDemoApple-t.build/DerivedSources -Xcc -DSWIFT_PACKAGE -Xcc -DDEBUG\=1 -emit-objc-header -emit-objc-header-path /tmp/block-editor-modern-native-input-ios/Build/Intermediates.noindex/BlockEditor.build/Debug-iphonesimulator/BlockEditorDemoApple-t.build/Objects-normal/x86_64/BlockEditorDemoApple-Swift.h -working-directory /Users/luca/Developer/block-editor/Examples/AppleDemo/EditorLab.xcodeproj -experimental-emit-module-separately -disable-cmo

ProcessInfoPlistFile /tmp/block-editor-modern-native-input-ios/Build/Products/Debug-iphonesimulator/EditorLab-iOS.app/Info.plist /Users/luca/Developer/block-editor/Examples/AppleDemo/Generated/EditorLab-iOS-Info.plist (in target 'EditorLab-iOS' from project 'EditorLab')
    cd /Users/luca/Developer/block-editor/Examples/AppleDemo
    builtin-infoPlistUtility /Users/luca/Developer/block-editor/Examples/AppleDemo/Generated/EditorLab-iOS-Info.plist -producttype com.apple.product-type.application -genpkginfo /tmp/block-editor-modern-native-input-ios/Build/Products/Debug-iphonesimulator/EditorLab-iOS.app/PkgInfo -expandbuildsettings -format binary -platform iphonesimulator -o /tmp/block-editor-modern-native-input-ios/Build/Products/Debug-iphonesimulator/EditorLab-iOS.app/Info.plist

SwiftDriverJobDiscovery normal x86_64 Emitting module for EditorLab_iOS (in target 'EditorLab-iOS' from project 'EditorLab')

SwiftDriver\ Compilation\ Requirements EditorLab-iOS normal x86_64 com.apple.xcode.tools.swift.compiler (in target 'EditorLab-iOS' from project 'EditorLab')
    cd /Users/luca/Developer/block-editor/Examples/AppleDemo
    builtin-Swift-Compilation-Requirements -- /Applications/Xcode.app/Contents/Developer/Toolchains/XcodeDefault.xctoolchain/usr/bin/swiftc -module-name EditorLab_iOS -Onone @/tmp/block-editor-modern-native-input-ios/Build/Intermediates.noindex/EditorLab.build/Debug-iphonesimulator/EditorLab-iOS.build/Objects-normal/x86_64/EditorLab-iOS.SwiftFileList -DDEBUG -enable-experimental-feature DebugDescriptionMacro -sdk /Applications/Xcode.app/Contents/Developer/Platforms/iPhoneSimulator.platform/Developer/SDKs/iPhoneSimulator27.0.sdk -target x86_64-apple-ios26.0-simulator -g -module-cache-path /tmp/block-editor-modern-native-input-ios/ModuleCache.noindex -Xfrontend -serialize-debugging-options -enable-testing -index-store-path /tmp/block-editor-modern-native-input-ios/Index.noindex/DataStore -Xcc -D_LIBCPP_HARDENING_MODE\=_LIBCPP_HARDENING_MODE_DEBUG -swift-version 6 -I /tmp/block-editor-modern-native-input-ios/Build/Products/Debug-iphonesimulator -F /tmp/block-editor-modern-native-input-ios/Build/Products/Debug-iphonesimulator/PackageFrameworks -F /tmp/block-editor-modern-native-input-ios/Build/Products/Debug-iphonesimulator -parse-as-library -c -j14 -enable-batch-mode -incremental -Xcc -ivfsstatcache -Xcc /tmp/block-editor-modern-native-input-ios/SDKStatCaches.noindex/iphonesimulator27.0-24A430-e829b21a6f8c9b70876ba0858053c0448dc58220667be655e1bcc261a7455254.sdkstatcache -output-file-map /tmp/block-editor-modern-native-input-ios/Build/Intermediates.noindex/EditorLab.build/Debug-iphonesimulator/EditorLab-iOS.build/Objects-normal/x86_64/EditorLab-iOS-OutputFileMap.json -save-temps -no-color-diagnostics -explicit-module-build -module-cache-path /tmp/block-editor-modern-native-input-ios/Build/Intermediates.noindex/SwiftExplicitPrecompiledModules -clang-scanner-module-cache-path /tmp/block-editor-modern-native-input-ios/ModuleCache.noindex -sdk-module-cache-path /tmp/block-editor-modern-native-input-ios/SDKExplicitPrecompiledModules -emit-dependencies -emit-module -emit-module-path /tmp/block-editor-modern-native-input-ios/Build/Intermediates.noindex/EditorLab.build/Debug-iphonesimulator/EditorLab-iOS.build/Objects-normal/x86_64/EditorLab_iOS.swiftmodule -serialize-diagnostics -dependency-scan-serialize-diagnostics-path /tmp/block-editor-modern-native-input-ios/Build/Intermediates.noindex/EditorLab.build/Debug-iphonesimulator/EditorLab-iOS.build/Objects-normal/x86_64/EditorLab_iOS-dependency-scan.dia -validate-clang-modules-once -clang-build-session-file /tmp/block-editor-modern-native-input-ios/ModuleCache.noindex/Session.modulevalidation -Xcc -fmodules-prune-interval\=86400 -Xcc -fmodules-prune-after\=345600 -emit-const-values -const-gather-protocols-list /tmp/block-editor-modern-native-input-ios/Build/Intermediates.noindex/EditorLab.build/Debug-iphonesimulator/EditorLab-iOS.build/Objects-normal/x86_64/EditorLab-iOS_const_extract_protocols.json -Xcc -iquote -Xcc /tmp/block-editor-modern-native-input-ios/Build/Intermediates.noindex/EditorLab.build/Debug-iphonesimulator/EditorLab-iOS.build/EditorLab-iOS-generated-files.hmap -Xcc -I/tmp/block-editor-modern-native-input-ios/Build/Intermediates.noindex/EditorLab.build/Debug-iphonesimulator/EditorLab-iOS.build/EditorLab-iOS-own-target-headers.hmap -Xcc -I/tmp/block-editor-modern-native-input-ios/Build/Intermediates.noindex/EditorLab.build/Debug-iphonesimulator/EditorLab-iOS.build/EditorLab-iOS-all-non-framework-target-headers.hmap -Xcc -ivfsoverlay -Xcc /tmp/block-editor-modern-native-input-ios/Build/Intermediates.noindex/EditorLab.build/Debug-iphonesimulator/EditorLab-a611e6079eccfeee1f4fc093cde80951-VFS-iphonesimulator/all-product-headers.yaml -Xcc -iquote -Xcc /tmp/block-editor-modern-native-input-ios/Build/Intermediates.noindex/EditorLab.build/Debug-iphonesimulator/EditorLab-iOS.build/EditorLab-iOS-project-headers.hmap -Xcc -I/tmp/block-editor-modern-native-input-ios/Build/Products/Debug-iphonesimulator/include -Xcc -I/tmp/block-editor-modern-native-input-ios/Build/Intermediates.noindex/EditorLab.build/Debug-iphonesimulator/EditorLab-iOS.build/DerivedSources-normal/x86_64 -Xcc -I/tmp/block-editor-modern-native-input-ios/Build/Intermediates.noindex/EditorLab.build/Debug-iphonesimulator/EditorLab-iOS.build/DerivedSources/x86_64 -Xcc -I/tmp/block-editor-modern-native-input-ios/Build/Intermediates.noindex/EditorLab.build/Debug-iphonesimulator/EditorLab-iOS.build/DerivedSources -Xcc -DDEBUG\=1 -emit-objc-header -emit-objc-header-path /tmp/block-editor-modern-native-input-ios/Build/Intermediates.noindex/EditorLab.build/Debug-iphonesimulator/EditorLab-iOS.build/Objects-normal/x86_64/EditorLab_iOS-Swift.h -working-directory /Users/luca/Developer/block-editor/Examples/AppleDemo -experimental-emit-module-separately -disable-cmo

Copy /tmp/block-editor-modern-native-input-ios/Build/Products/Debug-iphonesimulator/EditorLab_iOS.swiftmodule/arm64-apple-ios-simulator.abi.json /tmp/block-editor-modern-native-input-ios/Build/Intermediates.noindex/EditorLab.build/Debug-iphonesimulator/EditorLab-iOS.build/Objects-normal/arm64/EditorLab_iOS.abi.json (in target 'EditorLab-iOS' from project 'EditorLab')
    cd /Users/luca/Developer/block-editor/Examples/AppleDemo
    builtin-copy -exclude .DS_Store -exclude CVS -exclude .svn -exclude .git -exclude .hg -resolve-src-symlinks -rename /tmp/block-editor-modern-native-input-ios/Build/Intermediates.noindex/EditorLab.build/Debug-iphonesimulator/EditorLab-iOS.build/Objects-normal/arm64/EditorLab_iOS.abi.json /tmp/block-editor-modern-native-input-ios/Build/Products/Debug-iphonesimulator/EditorLab_iOS.swiftmodule/arm64-apple-ios-simulator.abi.json

Ld /tmp/block-editor-modern-native-input-ios/Build/Intermediates.noindex/EditorLab.build/Debug-iphonesimulator/EditorLab-iOS.build/Objects-normal/arm64/Binary/EditorLab-iOS.debug.dylib normal arm64 (in target 'EditorLab-iOS' from project 'EditorLab')
    cd /Users/luca/Developer/block-editor/Examples/AppleDemo
    /Applications/Xcode.app/Contents/Developer/Toolchains/XcodeDefault.xctoolchain/usr/bin/clang -Xlinker -reproducible -target arm64-apple-ios26.0-simulator -dynamiclib -isysroot /Applications/Xcode.app/Contents/Developer/Platforms/iPhoneSimulator.platform/Developer/SDKs/iPhoneSimulator27.0.sdk -O0 -Xlinker -no_warn_duplicate_libraries -L/tmp/block-editor-modern-native-input-ios/Build/Intermediates.noindex/EagerLinkingTBDs/Debug-iphonesimulator -L/tmp/block-editor-modern-native-input-ios/Build/Products/Debug-iphonesimulator -F/tmp/block-editor-modern-native-input-ios/Build/Intermediates.noindex/EagerLinkingTBDs/Debug-iphonesimulator -F/tmp/block-editor-modern-native-input-ios/Build/Products/Debug-iphonesimulator/PackageFrameworks -F/tmp/block-editor-modern-native-input-ios/Build/Products/Debug-iphonesimulator -filelist /tmp/block-editor-modern-native-input-ios/Build/Intermediates.noindex/EditorLab.build/Debug-iphonesimulator/EditorLab-iOS.build/Objects-normal/arm64/EditorLab-iOS.LinkFileList -install_name @rpath/EditorLab-iOS.debug.dylib -Xlinker -rpath -Xlinker @loader_path -Xlinker -rpath -Xlinker /tmp/block-editor-modern-native-input-ios/Build/Products/Debug-iphonesimulator/PackageFrameworks -Xlinker -rpath -Xlinker @executable_path/Frameworks -Xlinker -dead_strip -Xlinker -object_path_lto -Xlinker /tmp/block-editor-modern-native-input-ios/Build/Intermediates.noindex/EditorLab.build/Debug-iphonesimulator/EditorLab-iOS.build/Objects-normal/arm64/EditorLab-iOS_lto.o -rdynamic -Xlinker -no_deduplicate -Xlinker -objc_abi_version -Xlinker 2 -Xlinker -dependency_info -Xlinker /tmp/block-editor-modern-native-input-ios/Build/Intermediates.noindex/EditorLab.build/Debug-iphonesimulator/EditorLab-iOS.build/Objects-normal/arm64/EditorLab-iOS_dependency_info.dat -fobjc-link-runtime -L/Applications/Xcode.app/Contents/Developer/Toolchains/XcodeDefault.xctoolchain/usr/lib/swift/iphonesimulator -L/usr/lib/swift -Xlinker -add_ast_path -Xlinker /tmp/block-editor-modern-native-input-ios/Build/Intermediates.noindex/EditorLab.build/Debug-iphonesimulator/EditorLab-iOS.build/Objects-normal/arm64/EditorLab_iOS.swiftmodule -Xlinker -alias -Xlinker _main -Xlinker ___debug_main_executable_dylib_entry_point -o /tmp/block-editor-modern-native-input-ios/Build/Intermediates.noindex/EditorLab.build/Debug-iphonesimulator/EditorLab-iOS.build/Objects-normal/arm64/Binary/EditorLab-iOS.debug.dylib

Copy /tmp/block-editor-modern-native-input-ios/Build/Products/Debug-iphonesimulator/EditorLab_iOS.swiftmodule/x86_64-apple-ios-simulator.abi.json /tmp/block-editor-modern-native-input-ios/Build/Intermediates.noindex/EditorLab.build/Debug-iphonesimulator/EditorLab-iOS.build/Objects-normal/x86_64/EditorLab_iOS.abi.json (in target 'EditorLab-iOS' from project 'EditorLab')
    cd /Users/luca/Developer/block-editor/Examples/AppleDemo
    builtin-copy -exclude .DS_Store -exclude CVS -exclude .svn -exclude .git -exclude .hg -resolve-src-symlinks -rename /tmp/block-editor-modern-native-input-ios/Build/Intermediates.noindex/EditorLab.build/Debug-iphonesimulator/EditorLab-iOS.build/Objects-normal/x86_64/EditorLab_iOS.abi.json /tmp/block-editor-modern-native-input-ios/Build/Products/Debug-iphonesimulator/EditorLab_iOS.swiftmodule/x86_64-apple-ios-simulator.abi.json

ConstructStubExecutorLinkFileList /tmp/block-editor-modern-native-input-ios/Build/Intermediates.noindex/EditorLab.build/Debug-iphonesimulator/EditorLab-iOS.build/EditorLab-iOS-ExecutorLinkFileList-normal-arm64.txt (in target 'EditorLab-iOS' from project 'EditorLab')
    cd /Users/luca/Developer/block-editor/Examples/AppleDemo
    construct-stub-executor-link-file-list /tmp/block-editor-modern-native-input-ios/Build/Intermediates.noindex/EditorLab.build/Debug-iphonesimulator/EditorLab-iOS.build/Objects-normal/arm64/Binary/EditorLab-iOS.debug.dylib /Applications/Xcode.app/Contents/Developer/Platforms/iPhoneSimulator.platform/Developer/usr/lib/libPreviewsJITStubExecutor_no_swift_entry_point.a /Applications/Xcode.app/Contents/Developer/Platforms/iPhoneSimulator.platform/Developer/usr/lib/libPreviewsJITStubExecutor.a --output /tmp/block-editor-modern-native-input-ios/Build/Intermediates.noindex/EditorLab.build/Debug-iphonesimulator/EditorLab-iOS.build/EditorLab-iOS-ExecutorLinkFileList-normal-arm64.txt
note: Using stub executor library with Swift entry point. (in target 'EditorLab-iOS' from project 'EditorLab')

SwiftCompile normal x86_64 Compiling\ EditorLabApp.swift /Users/luca/Developer/block-editor/Examples/AppleDemo/EditorLabApp.swift (in target 'EditorLab-iOS' from project 'EditorLab')

SwiftCompile normal x86_64 /Users/luca/Developer/block-editor/Examples/AppleDemo/EditorLabApp.swift (in target 'EditorLab-iOS' from project 'EditorLab')
    cd /Users/luca/Developer/block-editor/Examples/AppleDemo
    builtin-SwiftPerFileCompile EditorLabApp.swift

SwiftDriverJobDiscovery normal x86_64 Compiling EditorLabApp.swift (in target 'EditorLab-iOS' from project 'EditorLab')

SwiftDriver\ Compilation EditorLab-iOS normal x86_64 com.apple.xcode.tools.swift.compiler (in target 'EditorLab-iOS' from project 'EditorLab')
    cd /Users/luca/Developer/block-editor/Examples/AppleDemo
    builtin-Swift-Compilation -- /Applications/Xcode.app/Contents/Developer/Toolchains/XcodeDefault.xctoolchain/usr/bin/swiftc -module-name EditorLab_iOS -Onone @/tmp/block-editor-modern-native-input-ios/Build/Intermediates.noindex/EditorLab.build/Debug-iphonesimulator/EditorLab-iOS.build/Objects-normal/x86_64/EditorLab-iOS.SwiftFileList -DDEBUG -enable-experimental-feature DebugDescriptionMacro -sdk /Applications/Xcode.app/Contents/Developer/Platforms/iPhoneSimulator.platform/Developer/SDKs/iPhoneSimulator27.0.sdk -target x86_64-apple-ios26.0-simulator -g -module-cache-path /tmp/block-editor-modern-native-input-ios/ModuleCache.noindex -Xfrontend -serialize-debugging-options -enable-testing -index-store-path /tmp/block-editor-modern-native-input-ios/Index.noindex/DataStore -Xcc -D_LIBCPP_HARDENING_MODE\=_LIBCPP_HARDENING_MODE_DEBUG -swift-version 6 -I /tmp/block-editor-modern-native-input-ios/Build/Products/Debug-iphonesimulator -F /tmp/block-editor-modern-native-input-ios/Build/Products/Debug-iphonesimulator/PackageFrameworks -F /tmp/block-editor-modern-native-input-ios/Build/Products/Debug-iphonesimulator -parse-as-library -c -j14 -enable-batch-mode -incremental -Xcc -ivfsstatcache -Xcc /tmp/block-editor-modern-native-input-ios/SDKStatCaches.noindex/iphonesimulator27.0-24A430-e829b21a6f8c9b70876ba0858053c0448dc58220667be655e1bcc261a7455254.sdkstatcache -output-file-map /tmp/block-editor-modern-native-input-ios/Build/Intermediates.noindex/EditorLab.build/Debug-iphonesimulator/EditorLab-iOS.build/Objects-normal/x86_64/EditorLab-iOS-OutputFileMap.json -save-temps -no-color-diagnostics -explicit-module-build -module-cache-path /tmp/block-editor-modern-native-input-ios/Build/Intermediates.noindex/SwiftExplicitPrecompiledModules -clang-scanner-module-cache-path /tmp/block-editor-modern-native-input-ios/ModuleCache.noindex -sdk-module-cache-path /tmp/block-editor-modern-native-input-ios/SDKExplicitPrecompiledModules -emit-dependencies -emit-module -emit-module-path /tmp/block-editor-modern-native-input-ios/Build/Intermediates.noindex/EditorLab.build/Debug-iphonesimulator/EditorLab-iOS.build/Objects-normal/x86_64/EditorLab_iOS.swiftmodule -serialize-diagnostics -dependency-scan-serialize-diagnostics-path /tmp/block-editor-modern-native-input-ios/Build/Intermediates.noindex/EditorLab.build/Debug-iphonesimulator/EditorLab-iOS.build/Objects-normal/x86_64/EditorLab_iOS-dependency-scan.dia -validate-clang-modules-once -clang-build-session-file /tmp/block-editor-modern-native-input-ios/ModuleCache.noindex/Session.modulevalidation -Xcc -fmodules-prune-interval\=86400 -Xcc -fmodules-prune-after\=345600 -emit-const-values -const-gather-protocols-list /tmp/block-editor-modern-native-input-ios/Build/Intermediates.noindex/EditorLab.build/Debug-iphonesimulator/EditorLab-iOS.build/Objects-normal/x86_64/EditorLab-iOS_const_extract_protocols.json -Xcc -iquote -Xcc /tmp/block-editor-modern-native-input-ios/Build/Intermediates.noindex/EditorLab.build/Debug-iphonesimulator/EditorLab-iOS.build/EditorLab-iOS-generated-files.hmap -Xcc -I/tmp/block-editor-modern-native-input-ios/Build/Intermediates.noindex/EditorLab.build/Debug-iphonesimulator/EditorLab-iOS.build/EditorLab-iOS-own-target-headers.hmap -Xcc -I/tmp/block-editor-modern-native-input-ios/Build/Intermediates.noindex/EditorLab.build/Debug-iphonesimulator/EditorLab-iOS.build/EditorLab-iOS-all-non-framework-target-headers.hmap -Xcc -ivfsoverlay -Xcc /tmp/block-editor-modern-native-input-ios/Build/Intermediates.noindex/EditorLab.build/Debug-iphonesimulator/EditorLab-a611e6079eccfeee1f4fc093cde80951-VFS-iphonesimulator/all-product-headers.yaml -Xcc -iquote -Xcc /tmp/block-editor-modern-native-input-ios/Build/Intermediates.noindex/EditorLab.build/Debug-iphonesimulator/EditorLab-iOS.build/EditorLab-iOS-project-headers.hmap -Xcc -I/tmp/block-editor-modern-native-input-ios/Build/Products/Debug-iphonesimulator/include -Xcc -I/tmp/block-editor-modern-native-input-ios/Build/Intermediates.noindex/EditorLab.build/Debug-iphonesimulator/EditorLab-iOS.build/DerivedSources-normal/x86_64 -Xcc -I/tmp/block-editor-modern-native-input-ios/Build/Intermediates.noindex/EditorLab.build/Debug-iphonesimulator/EditorLab-iOS.build/DerivedSources/x86_64 -Xcc -I/tmp/block-editor-modern-native-input-ios/Build/Intermediates.noindex/EditorLab.build/Debug-iphonesimulator/EditorLab-iOS.build/DerivedSources -Xcc -DDEBUG\=1 -emit-objc-header -emit-objc-header-path /tmp/block-editor-modern-native-input-ios/Build/Intermediates.noindex/EditorLab.build/Debug-iphonesimulator/EditorLab-iOS.build/Objects-normal/x86_64/EditorLab_iOS-Swift.h -working-directory /Users/luca/Developer/block-editor/Examples/AppleDemo -experimental-emit-module-separately -disable-cmo

Ld /tmp/block-editor-modern-native-input-ios/Build/Intermediates.noindex/EditorLab.build/Debug-iphonesimulator/EditorLab-iOS.build/Objects-normal/x86_64/Binary/EditorLab-iOS.debug.dylib normal x86_64 (in target 'EditorLab-iOS' from project 'EditorLab')
    cd /Users/luca/Developer/block-editor/Examples/AppleDemo
    /Applications/Xcode.app/Contents/Developer/Toolchains/XcodeDefault.xctoolchain/usr/bin/clang -Xlinker -reproducible -target x86_64-apple-ios26.0-simulator -dynamiclib -isysroot /Applications/Xcode.app/Contents/Developer/Platforms/iPhoneSimulator.platform/Developer/SDKs/iPhoneSimulator27.0.sdk -O0 -Xlinker -no_warn_duplicate_libraries -L/tmp/block-editor-modern-native-input-ios/Build/Intermediates.noindex/EagerLinkingTBDs/Debug-iphonesimulator -L/tmp/block-editor-modern-native-input-ios/Build/Products/Debug-iphonesimulator -F/tmp/block-editor-modern-native-input-ios/Build/Intermediates.noindex/EagerLinkingTBDs/Debug-iphonesimulator -F/tmp/block-editor-modern-native-input-ios/Build/Products/Debug-iphonesimulator/PackageFrameworks -F/tmp/block-editor-modern-native-input-ios/Build/Products/Debug-iphonesimulator -filelist /tmp/block-editor-modern-native-input-ios/Build/Intermediates.noindex/EditorLab.build/Debug-iphonesimulator/EditorLab-iOS.build/Objects-normal/x86_64/EditorLab-iOS.LinkFileList -install_name @rpath/EditorLab-iOS.debug.dylib -Xlinker -rpath -Xlinker @loader_path -Xlinker -rpath -Xlinker /tmp/block-editor-modern-native-input-ios/Build/Products/Debug-iphonesimulator/PackageFrameworks -Xlinker -rpath -Xlinker @executable_path/Frameworks -Xlinker -dead_strip -Xlinker -object_path_lto -Xlinker /tmp/block-editor-modern-native-input-ios/Build/Intermediates.noindex/EditorLab.build/Debug-iphonesimulator/EditorLab-iOS.build/Objects-normal/x86_64/EditorLab-iOS_lto.o -rdynamic -Xlinker -no_deduplicate -Xlinker -objc_abi_version -Xlinker 2 -Xlinker -dependency_info -Xlinker /tmp/block-editor-modern-native-input-ios/Build/Intermediates.noindex/EditorLab.build/Debug-iphonesimulator/EditorLab-iOS.build/Objects-normal/x86_64/EditorLab-iOS_dependency_info.dat -fobjc-link-runtime -L/Applications/Xcode.app/Contents/Developer/Toolchains/XcodeDefault.xctoolchain/usr/lib/swift/iphonesimulator -L/usr/lib/swift -Xlinker -add_ast_path -Xlinker /tmp/block-editor-modern-native-input-ios/Build/Intermediates.noindex/EditorLab.build/Debug-iphonesimulator/EditorLab-iOS.build/Objects-normal/x86_64/EditorLab_iOS.swiftmodule -Xlinker -alias -Xlinker _main -Xlinker ___debug_main_executable_dylib_entry_point -o /tmp/block-editor-modern-native-input-ios/Build/Intermediates.noindex/EditorLab.build/Debug-iphonesimulator/EditorLab-iOS.build/Objects-normal/x86_64/Binary/EditorLab-iOS.debug.dylib

CreateUniversalBinary /tmp/block-editor-modern-native-input-ios/Build/Products/Debug-iphonesimulator/EditorLab-iOS.app/EditorLab-iOS.debug.dylib normal arm64\ x86_64 (in target 'EditorLab-iOS' from project 'EditorLab')
    cd /Users/luca/Developer/block-editor/Examples/AppleDemo
    /Applications/Xcode.app/Contents/Developer/Toolchains/XcodeDefault.xctoolchain/usr/bin/lipo -create /tmp/block-editor-modern-native-input-ios/Build/Intermediates.noindex/EditorLab.build/Debug-iphonesimulator/EditorLab-iOS.build/Objects-normal/arm64/Binary/EditorLab-iOS.debug.dylib /tmp/block-editor-modern-native-input-ios/Build/Intermediates.noindex/EditorLab.build/Debug-iphonesimulator/EditorLab-iOS.build/Objects-normal/x86_64/Binary/EditorLab-iOS.debug.dylib -output /tmp/block-editor-modern-native-input-ios/Build/Products/Debug-iphonesimulator/EditorLab-iOS.app/EditorLab-iOS.debug.dylib

ConstructStubExecutorLinkFileList /tmp/block-editor-modern-native-input-ios/Build/Intermediates.noindex/EditorLab.build/Debug-iphonesimulator/EditorLab-iOS.build/EditorLab-iOS-ExecutorLinkFileList-normal-x86_64.txt (in target 'EditorLab-iOS' from project 'EditorLab')
    cd /Users/luca/Developer/block-editor/Examples/AppleDemo
    construct-stub-executor-link-file-list /tmp/block-editor-modern-native-input-ios/Build/Intermediates.noindex/EditorLab.build/Debug-iphonesimulator/EditorLab-iOS.build/Objects-normal/x86_64/Binary/EditorLab-iOS.debug.dylib /Applications/Xcode.app/Contents/Developer/Platforms/iPhoneSimulator.platform/Developer/usr/lib/libPreviewsJITStubExecutor_no_swift_entry_point.a /Applications/Xcode.app/Contents/Developer/Platforms/iPhoneSimulator.platform/Developer/usr/lib/libPreviewsJITStubExecutor.a --output /tmp/block-editor-modern-native-input-ios/Build/Intermediates.noindex/EditorLab.build/Debug-iphonesimulator/EditorLab-iOS.build/EditorLab-iOS-ExecutorLinkFileList-normal-x86_64.txt
note: Using stub executor library with Swift entry point. (in target 'EditorLab-iOS' from project 'EditorLab')

Ld /tmp/block-editor-modern-native-input-ios/Build/Intermediates.noindex/EditorLab.build/Debug-iphonesimulator/EditorLab-iOS.build/Objects-normal/x86_64/Binary/EditorLab-iOS normal x86_64 (in target 'EditorLab-iOS' from project 'EditorLab')
    cd /Users/luca/Developer/block-editor/Examples/AppleDemo
    /Applications/Xcode.app/Contents/Developer/Toolchains/XcodeDefault.xctoolchain/usr/bin/clang -Xlinker -reproducible -target x86_64-apple-ios26.0-simulator -isysroot /Applications/Xcode.app/Contents/Developer/Platforms/iPhoneSimulator.platform/Developer/SDKs/iPhoneSimulator27.0.sdk -O0 -Xlinker -no_warn_duplicate_libraries -L/tmp/block-editor-modern-native-input-ios/Build/Products/Debug-iphonesimulator -F/tmp/block-editor-modern-native-input-ios/Build/Products/Debug-iphonesimulator/PackageFrameworks -F/tmp/block-editor-modern-native-input-ios/Build/Products/Debug-iphonesimulator -Xlinker -rpath -Xlinker @executable_path -Xlinker -rpath -Xlinker @loader_path -Xlinker -rpath -Xlinker /tmp/block-editor-modern-native-input-ios/Build/Products/Debug-iphonesimulator/PackageFrameworks -Xlinker -rpath -Xlinker @executable_path/Frameworks -rdynamic -Xlinker -no_deduplicate -Xlinker -objc_abi_version -Xlinker 2 -e ___debug_blank_executor_main -Xlinker -sectcreate -Xlinker __TEXT -Xlinker __debug_dylib -Xlinker /tmp/block-editor-modern-native-input-ios/Build/Intermediates.noindex/EditorLab.build/Debug-iphonesimulator/EditorLab-iOS.build/EditorLab-iOS-DebugDylibPath-normal-x86_64.txt -Xlinker -sectcreate -Xlinker __TEXT -Xlinker __debug_instlnm -Xlinker /tmp/block-editor-modern-native-input-ios/Build/Intermediates.noindex/EditorLab.build/Debug-iphonesimulator/EditorLab-iOS.build/EditorLab-iOS-DebugDylibInstallName-normal-x86_64.txt -Xlinker -filelist -Xlinker /tmp/block-editor-modern-native-input-ios/Build/Intermediates.noindex/EditorLab.build/Debug-iphonesimulator/EditorLab-iOS.build/EditorLab-iOS-ExecutorLinkFileList-normal-x86_64.txt /tmp/block-editor-modern-native-input-ios/Build/Intermediates.noindex/EditorLab.build/Debug-iphonesimulator/EditorLab-iOS.build/Objects-normal/x86_64/Binary/EditorLab-iOS.debug.dylib -o /tmp/block-editor-modern-native-input-ios/Build/Intermediates.noindex/EditorLab.build/Debug-iphonesimulator/EditorLab-iOS.build/Objects-normal/x86_64/Binary/EditorLab-iOS

Ld /tmp/block-editor-modern-native-input-ios/Build/Intermediates.noindex/EditorLab.build/Debug-iphonesimulator/EditorLab-iOS.build/Objects-normal/arm64/Binary/EditorLab-iOS normal arm64 (in target 'EditorLab-iOS' from project 'EditorLab')
    cd /Users/luca/Developer/block-editor/Examples/AppleDemo
    /Applications/Xcode.app/Contents/Developer/Toolchains/XcodeDefault.xctoolchain/usr/bin/clang -Xlinker -reproducible -target arm64-apple-ios26.0-simulator -isysroot /Applications/Xcode.app/Contents/Developer/Platforms/iPhoneSimulator.platform/Developer/SDKs/iPhoneSimulator27.0.sdk -O0 -Xlinker -no_warn_duplicate_libraries -L/tmp/block-editor-modern-native-input-ios/Build/Products/Debug-iphonesimulator -F/tmp/block-editor-modern-native-input-ios/Build/Products/Debug-iphonesimulator/PackageFrameworks -F/tmp/block-editor-modern-native-input-ios/Build/Products/Debug-iphonesimulator -Xlinker -rpath -Xlinker @executable_path -Xlinker -rpath -Xlinker @loader_path -Xlinker -rpath -Xlinker /tmp/block-editor-modern-native-input-ios/Build/Products/Debug-iphonesimulator/PackageFrameworks -Xlinker -rpath -Xlinker @executable_path/Frameworks -rdynamic -Xlinker -no_deduplicate -Xlinker -objc_abi_version -Xlinker 2 -e ___debug_blank_executor_main -Xlinker -sectcreate -Xlinker __TEXT -Xlinker __debug_dylib -Xlinker /tmp/block-editor-modern-native-input-ios/Build/Intermediates.noindex/EditorLab.build/Debug-iphonesimulator/EditorLab-iOS.build/EditorLab-iOS-DebugDylibPath-normal-arm64.txt -Xlinker -sectcreate -Xlinker __TEXT -Xlinker __debug_instlnm -Xlinker /tmp/block-editor-modern-native-input-ios/Build/Intermediates.noindex/EditorLab.build/Debug-iphonesimulator/EditorLab-iOS.build/EditorLab-iOS-DebugDylibInstallName-normal-arm64.txt -Xlinker -filelist -Xlinker /tmp/block-editor-modern-native-input-ios/Build/Intermediates.noindex/EditorLab.build/Debug-iphonesimulator/EditorLab-iOS.build/EditorLab-iOS-ExecutorLinkFileList-normal-arm64.txt /tmp/block-editor-modern-native-input-ios/Build/Intermediates.noindex/EditorLab.build/Debug-iphonesimulator/EditorLab-iOS.build/Objects-normal/arm64/Binary/EditorLab-iOS.debug.dylib -o /tmp/block-editor-modern-native-input-ios/Build/Intermediates.noindex/EditorLab.build/Debug-iphonesimulator/EditorLab-iOS.build/Objects-normal/arm64/Binary/EditorLab-iOS

CreateUniversalBinary /tmp/block-editor-modern-native-input-ios/Build/Products/Debug-iphonesimulator/EditorLab-iOS.app/EditorLab-iOS normal arm64\ x86_64 (in target 'EditorLab-iOS' from project 'EditorLab')
    cd /Users/luca/Developer/block-editor/Examples/AppleDemo
    /Applications/Xcode.app/Contents/Developer/Toolchains/XcodeDefault.xctoolchain/usr/bin/lipo -create /tmp/block-editor-modern-native-input-ios/Build/Intermediates.noindex/EditorLab.build/Debug-iphonesimulator/EditorLab-iOS.build/Objects-normal/arm64/Binary/EditorLab-iOS /tmp/block-editor-modern-native-input-ios/Build/Intermediates.noindex/EditorLab.build/Debug-iphonesimulator/EditorLab-iOS.build/Objects-normal/x86_64/Binary/EditorLab-iOS -output /tmp/block-editor-modern-native-input-ios/Build/Products/Debug-iphonesimulator/EditorLab-iOS.app/EditorLab-iOS

ExtractAppIntentsMetadata (in target 'EditorLab-iOS' from project 'EditorLab')
    cd /Users/luca/Developer/block-editor/Examples/AppleDemo
    /Applications/Xcode.app/Contents/Developer/Toolchains/XcodeDefault.xctoolchain/usr/bin/appintentsmetadataprocessor --toolchain-dir /var/run/com.apple.security.cryptexd/mnt/com.apple.MobileAsset.MetalToolchain-v27.1.266.1.aQZs6I/Metal.xctoolchain --module-name EditorLab_iOS --sdk-root /Applications/Xcode.app/Contents/Developer/Platforms/iPhoneSimulator.platform/Developer/SDKs/iPhoneSimulator27.0.sdk --xcode-version 27A266a --platform-family iOS --deployment-target 26.0 --bundle-identifier studio.seventwo.blockeditor.lab.EditorLab-iOS --output /tmp/block-editor-modern-native-input-ios/Build/Products/Debug-iphonesimulator/EditorLab-iOS.app --target-triple arm64-apple-ios26.0-simulator --target-triple x86_64-apple-ios26.0-simulator --binary-file /tmp/block-editor-modern-native-input-ios/Build/Products/Debug-iphonesimulator/EditorLab-iOS.app/EditorLab-iOS --dependency-file /tmp/block-editor-modern-native-input-ios/Build/Intermediates.noindex/EditorLab.build/Debug-iphonesimulator/EditorLab-iOS.build/Objects-normal/arm64/EditorLab-iOS_dependency_info.dat --dependency-file /tmp/block-editor-modern-native-input-ios/Build/Intermediates.noindex/EditorLab.build/Debug-iphonesimulator/EditorLab-iOS.build/Objects-normal/x86_64/EditorLab-iOS_dependency_info.dat --stringsdata-file /tmp/block-editor-modern-native-input-ios/Build/Intermediates.noindex/EditorLab.build/Debug-iphonesimulator/EditorLab-iOS.build/Objects-normal/arm64/ExtractedAppShortcutsMetadata.stringsdata --stringsdata-file /tmp/block-editor-modern-native-input-ios/Build/Intermediates.noindex/EditorLab.build/Debug-iphonesimulator/EditorLab-iOS.build/Objects-normal/x86_64/ExtractedAppShortcutsMetadata.stringsdata --source-file-list /tmp/block-editor-modern-native-input-ios/Build/Intermediates.noindex/EditorLab.build/Debug-iphonesimulator/EditorLab-iOS.build/Objects-normal/arm64/EditorLab-iOS.SwiftFileList --source-file-list /tmp/block-editor-modern-native-input-ios/Build/Intermediates.noindex/EditorLab.build/Debug-iphonesimulator/EditorLab-iOS.build/Objects-normal/x86_64/EditorLab-iOS.SwiftFileList --metadata-file-list /tmp/block-editor-modern-native-input-ios/Build/Intermediates.noindex/EditorLab.build/Debug-iphonesimulator/EditorLab-iOS.build/EditorLab-iOS.DependencyMetadataFileList --static-metadata-file-list /tmp/block-editor-modern-native-input-ios/Build/Intermediates.noindex/EditorLab.build/Debug-iphonesimulator/EditorLab-iOS.build/EditorLab-iOS.DependencyStaticMetadataFileList --swift-const-vals-list /tmp/block-editor-modern-native-input-ios/Build/Intermediates.noindex/EditorLab.build/Debug-iphonesimulator/EditorLab-iOS.build/Objects-normal/arm64/EditorLab-iOS.SwiftConstValuesFileList --swift-const-vals-list /tmp/block-editor-modern-native-input-ios/Build/Intermediates.noindex/EditorLab.build/Debug-iphonesimulator/EditorLab-iOS.build/Objects-normal/x86_64/EditorLab-iOS.SwiftConstValuesFileList --compile-time-extraction --deployment-aware-processing --no-app-shortcuts-localization
2026-10-05 23:44:09.757 appintentsmetadataprocessor[39981:18156423] Starting appintentsmetadataprocessor export
2026-10-05 23:44:09.758 appintentsmetadataprocessor[39981:18156423] warning: Metadata extraction skipped, no AppIntents.framework dependency found

CopySwiftLibs /tmp/block-editor-modern-native-input-ios/Build/Products/Debug-iphonesimulator/EditorLab-iOS.app (in target 'EditorLab-iOS' from project 'EditorLab')
    cd /Users/luca/Developer/block-editor/Examples/AppleDemo
    builtin-swiftStdLibTool --copy --verbose --scan-executable /tmp/block-editor-modern-native-input-ios/Build/Products/Debug-iphonesimulator/EditorLab-iOS.app/EditorLab-iOS.debug.dylib --scan-folder /tmp/block-editor-modern-native-input-ios/Build/Products/Debug-iphonesimulator/EditorLab-iOS.app/Frameworks --scan-folder /tmp/block-editor-modern-native-input-ios/Build/Products/Debug-iphonesimulator/EditorLab-iOS.app/PlugIns --scan-folder /tmp/block-editor-modern-native-input-ios/Build/Products/Debug-iphonesimulator/EditorLab-iOS.app/SystemExtensions --scan-folder /tmp/block-editor-modern-native-input-ios/Build/Products/Debug-iphonesimulator/EditorLab-iOS.app/Extensions --platform iphonesimulator --toolchain /var/run/com.apple.security.cryptexd/mnt/com.apple.MobileAsset.MetalToolchain-v27.1.266.1.aQZs6I/Metal.xctoolchain --toolchain /Applications/Xcode.app/Contents/Developer/Toolchains/XcodeDefault.xctoolchain --destination /tmp/block-editor-modern-native-input-ios/Build/Products/Debug-iphonesimulator/EditorLab-iOS.app/Frameworks --strip-bitcode --strip-bitcode-tool /Applications/Xcode.app/Contents/Developer/Toolchains/XcodeDefault.xctoolchain/usr/bin/bitcode_strip --emit-dependency-info /tmp/block-editor-modern-native-input-ios/Build/Intermediates.noindex/EditorLab.build/Debug-iphonesimulator/EditorLab-iOS.build/SwiftStdLibToolInputDependencies.dep --filter-for-swift-os
Ignoring --strip-bitcode because --sign was not passed

PruneExplicitPrecompiledModules /tmp/block-editor-modern-native-input-ios/Build/Intermediates.noindex/ExplicitPrecompiledModules

PruneExplicitPrecompiledModules /tmp/block-editor-modern-native-input-ios/Build/Intermediates.noindex/SwiftExplicitPrecompiledModules

PruneExplicitPrecompiledModules /tmp/block-editor-modern-native-input-ios/SDKExplicitPrecompiledModules

** BUILD SUCCEEDED **

